<?xml version="1.0" encoding="UTF-8"?>
<gpx xmlns="http://www.topografix.com/GPX/1/1" xmlns:xsi="http://www.w3.org/2001/XMLSchema-instance" xsi:schemaLocation="http://www.topografix.com/GPX/1/1 http://www.topografix.com/GPX/1/1/gpx.xsd" version="1.1" creator="OnRouteMap">
  <metadata>
    <name>entrainement_ubf_3-25261265-1790110556-419</name>
    <desc>Export GPX de l'itinéraire avec POI</desc>
  </metadata>
  <wpt lat="42.913482955364444" lon="0.6493707659616641">
    <name>La Tablée</name>
    <desc>Type: Restauration rapide, Ligne droite jusqu'à l'itinéraire: 117 m, Kilomètre d'itinéraire: 0.2 km</desc>
    <type>Restauration rapide</type>
  </wpt>
  <wpt lat="42.9131737" lon="0.6476922">
    <name>Intermarché</name>
    <desc>Type: Station-service, Ligne droite jusqu'à l'itinéraire: 258 m, Kilomètre d'itinéraire: 0.2 km</desc>
    <type>Station-service</type>
  </wpt>
  <wpt lat="42.912725" lon="0.6478569">
    <name>Intermarché Super</name>
    <desc>Type: Supermarché, Ligne droite jusqu'à l'itinéraire: 266 m, Kilomètre d'itinéraire: 0.2 km</desc>
    <type>Supermarché</type>
  </wpt>
  <wpt lat="42.91379211183722" lon="0.6449634186676861">
    <name>Cimetière de Gaud</name>
    <desc>Type: Cimetière (eau potable), Ligne droite jusqu'à l'itinéraire: 467 m, Kilomètre d'itinéraire: 0.2 km</desc>
    <type>Cimetière (eau potable)</type>
  </wpt>
  <wpt lat="42.91756320071216" lon="0.6576113889502831">
    <name>Cimetière (eau potable)</name>
    <desc>Type: Cimetière (eau potable), Ligne droite jusqu'à l'itinéraire: 51 m, Kilomètre d'itinéraire: 1.0 km</desc>
    <type>Cimetière (eau potable)</type>
  </wpt>
  <wpt lat="42.91584549835231" lon="0.693136412151408">
    <name>Cimetière (eau potable)</name>
    <desc>Type: Cimetière (eau potable), Ligne droite jusqu'à l'itinéraire: 111 m, Kilomètre d'itinéraire: 4.3 km</desc>
    <type>Cimetière (eau potable)</type>
  </wpt>
  <wpt lat="42.9146844" lon="0.6926427">
    <name>Les Délices de Saint-Béat</name>
    <desc>Type: Boulangerie, Ligne droite jusqu'à l'itinéraire: 8 m, Kilomètre d'itinéraire: 4.4 km</desc>
    <type>Boulangerie</type>
  </wpt>
  <wpt lat="42.9140316" lon="0.6928711">
    <name>Le Saint-Béat</name>
    <desc>Type: Épicerie, Ligne droite jusqu'à l'itinéraire: 11 m, Kilomètre d'itinéraire: 4.4 km</desc>
    <type>Épicerie</type>
  </wpt>
  <wpt lat="42.9139335" lon="0.6928912">
    <name>Vival</name>
    <desc>Type: Épicerie, Ligne droite jusqu'à l'itinéraire: 4 m, Kilomètre d'itinéraire: 4.4 km</desc>
    <type>Épicerie</type>
  </wpt>
  <wpt lat="42.9123061" lon="0.6918714">
    <name>Faim 2 Loups</name>
    <desc>Type: Restauration rapide, Ligne droite jusqu'à l'itinéraire: 18 m, Kilomètre d'itinéraire: 4.6 km</desc>
    <type>Restauration rapide</type>
  </wpt>
  <wpt lat="42.9092895" lon="0.6994722">
    <name>Eau potable</name>
    <desc>Type: Eau potable, Ligne droite jusqu'à l'itinéraire: 176 m, Kilomètre d'itinéraire: 5.3 km</desc>
    <type>Eau potable</type>
  </wpt>
  <wpt lat="42.9089739" lon="0.70062">
    <name>Eau potable</name>
    <desc>Type: Eau potable, Ligne droite jusqu'à l'itinéraire: 183 m, Kilomètre d'itinéraire: 5.5 km</desc>
    <type>Eau potable</type>
  </wpt>
  <wpt lat="42.9167314" lon="0.715609">
    <name>Eau potable</name>
    <desc>Type: Eau potable, Ligne droite jusqu'à l'itinéraire: 25 m, Kilomètre d'itinéraire: 6.9 km</desc>
    <type>Eau potable</type>
  </wpt>
  <wpt lat="42.916649092502105" lon="0.715737892465816">
    <name>Cimetière (eau potable)</name>
    <desc>Type: Cimetière (eau potable), Ligne droite jusqu'à l'itinéraire: 12 m, Kilomètre d'itinéraire: 7.0 km</desc>
    <type>Cimetière (eau potable)</type>
  </wpt>
  <wpt lat="42.9188323" lon="0.717821">
    <name>Toilettes</name>
    <desc>Type: Toilettes, Ligne droite jusqu'à l'itinéraire: 11 m, Kilomètre d'itinéraire: 7.3 km</desc>
    <type>Toilettes</type>
  </wpt>
  <wpt lat="42.9223056" lon="0.7184892">
    <name>Eau potable</name>
    <desc>Type: Eau potable, Ligne droite jusqu'à l'itinéraire: 128 m, Kilomètre d'itinéraire: 8.1 km</desc>
    <type>Eau potable</type>
  </wpt>
  <wpt lat="42.9203432" lon="0.7887906">
    <name>Fontaine</name>
    <desc>Type: Eau potable, Ligne droite jusqu'à l'itinéraire: 13 m, Kilomètre d'itinéraire: 18.7 km</desc>
    <type>Eau potable</type>
  </wpt>
  <wpt lat="42.9227108" lon="0.8010831">
    <name>Toilettes</name>
    <desc>Type: Toilettes, Ligne droite jusqu'à l'itinéraire: 12 m, Kilomètre d'itinéraire: 20.3 km</desc>
    <type>Toilettes</type>
  </wpt>
  <wpt lat="42.9447632" lon="0.8538974">
    <name>L'Imaginherbe</name>
    <desc>Type: Restauration rapide, Ligne droite jusqu'à l'itinéraire: 5 m, Kilomètre d'itinéraire: 29.9 km</desc>
    <type>Restauration rapide</type>
  </wpt>
  <wpt lat="42.940577" lon="0.8656004">
    <name>Toilettes</name>
    <desc>Type: Toilettes, Ligne droite jusqu'à l'itinéraire: 14 m, Kilomètre d'itinéraire: 32.2 km</desc>
    <type>Toilettes</type>
  </wpt>
  <wpt lat="42.9401233" lon="0.8667302">
    <name>Eau potable</name>
    <desc>Type: Eau potable, Ligne droite jusqu'à l'itinéraire: 9 m, Kilomètre d'itinéraire: 32.3 km</desc>
    <type>Eau potable</type>
  </wpt>
  <wpt lat="42.9404224" lon="0.8676549">
    <name>Eau potable</name>
    <desc>Type: Eau potable, Ligne droite jusqu'à l'itinéraire: 84 m, Kilomètre d'itinéraire: 32.3 km</desc>
    <type>Eau potable</type>
  </wpt>
  <wpt lat="42.93858022760595" lon="0.8652663116140705">
    <name>Cimetière (eau potable)</name>
    <desc>Type: Cimetière (eau potable), Ligne droite jusqu'à l'itinéraire: 199 m, Kilomètre d'itinéraire: 32.4 km</desc>
    <type>Cimetière (eau potable)</type>
  </wpt>
  <wpt lat="42.9354756" lon="0.8749388">
    <name>Eau potable</name>
    <desc>Type: Eau potable, Ligne droite jusqu'à l'itinéraire: 279 m, Kilomètre d'itinéraire: 33.0 km</desc>
    <type>Eau potable</type>
  </wpt>
  <wpt lat="42.92988272063666" lon="0.8948095220642547">
    <name>Cimetière de Saint-Lary</name>
    <desc>Type: Cimetière (eau potable), Ligne droite jusqu'à l'itinéraire: 30 m, Kilomètre d'itinéraire: 35.5 km</desc>
    <type>Cimetière (eau potable)</type>
  </wpt>
  <wpt lat="42.9292993" lon="0.894761">
    <name>Eau potable</name>
    <desc>Type: Eau potable, Ligne droite jusqu'à l'itinéraire: 2 m, Kilomètre d'itinéraire: 35.5 km</desc>
    <type>Eau potable</type>
  </wpt>
  <wpt lat="42.928171" lon="0.8935431">
    <name>Eau potable</name>
    <desc>Type: Eau potable, Ligne droite jusqu'à l'itinéraire: 151 m, Kilomètre d'itinéraire: 35.5 km</desc>
    <type>Eau potable</type>
  </wpt>
  <wpt lat="42.9287137" lon="0.8947413">
    <name>Eau potable</name>
    <desc>Type: Eau potable, Ligne droite jusqu'à l'itinéraire: 48 m, Kilomètre d'itinéraire: 35.6 km</desc>
    <type>Eau potable</type>
  </wpt>
  <wpt lat="42.9287979" lon="0.8953882">
    <name>Eau potable</name>
    <desc>Type: Eau potable, Ligne droite jusqu'à l'itinéraire: 16 m, Kilomètre d'itinéraire: 35.6 km</desc>
    <type>Eau potable</type>
  </wpt>
  <wpt lat="42.9284264" lon="0.89587">
    <name>Épicerie du Courdet</name>
    <desc>Type: Épicerie, Ligne droite jusqu'à l'itinéraire: 35 m, Kilomètre d'itinéraire: 35.7 km</desc>
    <type>Épicerie</type>
  </wpt>
  <wpt lat="42.9358732" lon="0.915174">
    <name>Eau potable</name>
    <desc>Type: Eau potable, Ligne droite jusqu'à l'itinéraire: 441 m, Kilomètre d'itinéraire: 37.7 km</desc>
    <type>Eau potable</type>
  </wpt>
  <wpt lat="42.9355931" lon="0.9163021">
    <name>Eau potable</name>
    <desc>Type: Eau potable, Ligne droite jusqu'à l'itinéraire: 390 m, Kilomètre d'itinéraire: 37.7 km</desc>
    <type>Eau potable</type>
  </wpt>
  <wpt lat="42.93505682876352" lon="0.917308324104276">
    <name>Cimetière (eau potable)</name>
    <desc>Type: Cimetière (eau potable), Ligne droite jusqu'à l'itinéraire: 315 m, Kilomètre d'itinéraire: 37.8 km</desc>
    <type>Cimetière (eau potable)</type>
  </wpt>
  <wpt lat="42.93087849376775" lon="0.9207393396215906">
    <name>Cimetière d'Augirein</name>
    <desc>Type: Cimetière (eau potable), Ligne droite jusqu'à l'itinéraire: 190 m, Kilomètre d'itinéraire: 38.0 km</desc>
    <type>Cimetière (eau potable)</type>
  </wpt>
  <wpt lat="42.9328896" lon="0.9348368">
    <name>Boulangerie</name>
    <desc>Type: Boulangerie, Ligne droite jusqu'à l'itinéraire: 7 m, Kilomètre d'itinéraire: 39.5 km</desc>
    <type>Boulangerie</type>
  </wpt>
  <wpt lat="42.93334027633504" lon="0.9346744786918453">
    <name>Cimetière d'Orgibet</name>
    <desc>Type: Cimetière (eau potable), Ligne droite jusqu'à l'itinéraire: 42 m, Kilomètre d'itinéraire: 39.5 km</desc>
    <type>Cimetière (eau potable)</type>
  </wpt>
  <wpt lat="42.93445890559198" lon="0.9399224518358249">
    <name>Cimetière d'Orgibet</name>
    <desc>Type: Cimetière (eau potable), Ligne droite jusqu'à l'itinéraire: 8 m, Kilomètre d'itinéraire: 40.0 km</desc>
    <type>Cimetière (eau potable)</type>
  </wpt>
  <wpt lat="42.93534829504506" lon="0.9443817777636495">
    <name>Cimetière (eau potable)</name>
    <desc>Type: Cimetière (eau potable), Ligne droite jusqu'à l'itinéraire: 6 m, Kilomètre d'itinéraire: 40.5 km</desc>
    <type>Cimetière (eau potable)</type>
  </wpt>
  <wpt lat="42.93688226211212" lon="0.9669228390834735">
    <name>Cimetière d'Illartein</name>
    <desc>Type: Cimetière (eau potable), Ligne droite jusqu'à l'itinéraire: 11 m, Kilomètre d'itinéraire: 42.6 km</desc>
    <type>Cimetière (eau potable)</type>
  </wpt>
  <wpt lat="42.9361611711604" lon="0.9756898407973572">
    <name>Cimetière d'Aucazein</name>
    <desc>Type: Cimetière (eau potable), Ligne droite jusqu'à l'itinéraire: 97 m, Kilomètre d'itinéraire: 43.3 km</desc>
    <type>Cimetière (eau potable)</type>
  </wpt>
  <wpt lat="42.93392178871883" lon="0.9930672224977676">
    <name>Cimetière (eau potable)</name>
    <desc>Type: Cimetière (eau potable), Ligne droite jusqu'à l'itinéraire: 228 m, Kilomètre d'itinéraire: 44.8 km</desc>
    <type>Cimetière (eau potable)</type>
  </wpt>
  <wpt lat="42.93257747647252" lon="0.9931639666866862">
    <name>Cimetière d'Argein</name>
    <desc>Type: Cimetière (eau potable), Ligne droite jusqu'à l'itinéraire: 124 m, Kilomètre d'itinéraire: 44.8 km</desc>
    <type>Cimetière (eau potable)</type>
  </wpt>
  <wpt lat="42.929597157810186" lon="1.0237822872619462">
    <name>Cimetière (eau potable)</name>
    <desc>Type: Cimetière (eau potable), Ligne droite jusqu'à l'itinéraire: 178 m, Kilomètre d'itinéraire: 47.8 km</desc>
    <type>Cimetière (eau potable)</type>
  </wpt>
  <wpt lat="42.94957482109951" lon="1.0463085402205605">
    <name>Cimetière (eau potable)</name>
    <desc>Type: Cimetière (eau potable), Ligne droite jusqu'à l'itinéraire: 351 m, Kilomètre d'itinéraire: 51.2 km</desc>
    <type>Cimetière (eau potable)</type>
  </wpt>
  <wpt lat="42.94639270890693" lon="1.0558009692305612">
    <name>Cimetière d'Engomer</name>
    <desc>Type: Cimetière (eau potable), Ligne droite jusqu'à l'itinéraire: 99 m, Kilomètre d'itinéraire: 51.9 km</desc>
    <type>Cimetière (eau potable)</type>
  </wpt>
  <wpt lat="42.9467665" lon="1.0582269">
    <name>Eau potable</name>
    <desc>Type: Eau potable, Ligne droite jusqu'à l'itinéraire: 118 m, Kilomètre d'itinéraire: 52.0 km</desc>
    <type>Eau potable</type>
  </wpt>
  <wpt lat="42.9484107" lon="1.0589685">
    <name>Eau potable</name>
    <desc>Type: Eau potable, Ligne droite jusqu'à l'itinéraire: 6 m, Kilomètre d'itinéraire: 52.2 km</desc>
    <type>Eau potable</type>
  </wpt>
  <wpt lat="42.9479143" lon="1.0590502">
    <name>Eau potable</name>
    <desc>Type: Eau potable, Ligne droite jusqu'à l'itinéraire: 44 m, Kilomètre d'itinéraire: 52.2 km</desc>
    <type>Eau potable</type>
  </wpt>
  <wpt lat="42.94639813832969" lon="1.0596094682009747">
    <name>Cimetière d'Engomer</name>
    <desc>Type: Cimetière (eau potable), Ligne droite jusqu'à l'itinéraire: 195 m, Kilomètre d'itinéraire: 52.3 km</desc>
    <type>Cimetière (eau potable)</type>
  </wpt>
  <wpt lat="42.9554897" lon="1.0759955">
    <name>Eau potable</name>
    <desc>Type: Eau potable, Ligne droite jusqu'à l'itinéraire: 283 m, Kilomètre d'itinéraire: 54.0 km</desc>
    <type>Eau potable</type>
  </wpt>
  <wpt lat="42.955268991060485" lon="1.0765242772555443">
    <name>Cimetière du Pouech</name>
    <desc>Type: Cimetière (eau potable), Ligne droite jusqu'à l'itinéraire: 235 m, Kilomètre d'itinéraire: 54.0 km</desc>
    <type>Cimetière (eau potable)</type>
  </wpt>
  <wpt lat="42.955968777263344" lon="1.0839076472167086">
    <name>Cimetière (eau potable)</name>
    <desc>Type: Cimetière (eau potable), Ligne droite jusqu'à l'itinéraire: 41 m, Kilomètre d'itinéraire: 54.5 km</desc>
    <type>Cimetière (eau potable)</type>
  </wpt>
  <wpt lat="42.96013049303922" lon="1.0880049273735972">
    <name>Cimetière de Moulis</name>
    <desc>Type: Cimetière (eau potable), Ligne droite jusqu'à l'itinéraire: 86 m, Kilomètre d'itinéraire: 55.1 km</desc>
    <type>Cimetière (eau potable)</type>
  </wpt>
  <wpt lat="42.96075" lon="1.0912582">
    <name>Eau potable</name>
    <desc>Type: Eau potable, Ligne droite jusqu'à l'itinéraire: 135 m, Kilomètre d'itinéraire: 55.4 km</desc>
    <type>Eau potable</type>
  </wpt>
  <wpt lat="42.9650128" lon="1.0982415">
    <name>Toilettes</name>
    <desc>Type: Toilettes, Ligne droite jusqu'à l'itinéraire: 100 m, Kilomètre d'itinéraire: 56.1 km</desc>
    <type>Toilettes</type>
  </wpt>
  <wpt lat="42.96509040087953" lon="1.1011862045616596">
    <name>Cimetière d'Aubert</name>
    <desc>Type: Cimetière (eau potable), Ligne droite jusqu'à l'itinéraire: 182 m, Kilomètre d'itinéraire: 56.4 km</desc>
    <type>Cimetière (eau potable)</type>
  </wpt>
  <wpt lat="42.97963139398158" lon="1.1267012218464507">
    <name>Cimetière de Lédar</name>
    <desc>Type: Cimetière (eau potable), Ligne droite jusqu'à l'itinéraire: 46 m, Kilomètre d'itinéraire: 59.1 km</desc>
    <type>Cimetière (eau potable)</type>
  </wpt>
  <wpt lat="42.9844714" lon="1.1361474">
    <name>L'Épicerie Relief du Monde</name>
    <desc>Type: Supermarché, Ligne droite jusqu'à l'itinéraire: 8 m, Kilomètre d'itinéraire: 60.1 km</desc>
    <type>Supermarché</type>
  </wpt>
  <wpt lat="42.9845424" lon="1.1363614">
    <name>Boulangerie</name>
    <desc>Type: Boulangerie, Ligne droite jusqu'à l'itinéraire: 7 m, Kilomètre d'itinéraire: 60.1 km</desc>
    <type>Boulangerie</type>
  </wpt>
  <wpt lat="42.9878964" lon="1.1392896">
    <name>Le Grand Panier Bio</name>
    <desc>Type: Supermarché, Ligne droite jusqu'à l'itinéraire: 226 m, Kilomètre d'itinéraire: 60.4 km</desc>
    <type>Supermarché</type>
  </wpt>
  <wpt lat="42.9890257" lon="1.1396246">
    <name>La Panetière aux Saveurs d'Antan</name>
    <desc>Type: Boulangerie, Ligne droite jusqu'à l'itinéraire: 339 m, Kilomètre d'itinéraire: 60.4 km</desc>
    <type>Boulangerie</type>
  </wpt>
  <wpt lat="42.9897861" lon="1.1397811">
    <name>Eau potable</name>
    <desc>Type: Eau potable, Ligne droite jusqu'à l'itinéraire: 421 m, Kilomètre d'itinéraire: 60.4 km</desc>
    <type>Eau potable</type>
  </wpt>
  <wpt lat="42.9857103" lon="1.1410283">
    <name>Pizzeria du Couserans</name>
    <desc>Type: Restauration rapide, Ligne droite jusqu'à l'itinéraire: 10 m, Kilomètre d'itinéraire: 60.5 km</desc>
    <type>Restauration rapide</type>
  </wpt>
  <wpt lat="42.9836309" lon="1.1428372">
    <name>Le Blé Doré</name>
    <desc>Type: Boulangerie, Ligne droite jusqu'à l'itinéraire: 233 m, Kilomètre d'itinéraire: 60.5 km</desc>
    <type>Boulangerie</type>
  </wpt>
  <wpt lat="42.9848154" lon="1.141947">
    <name>La Cuisine de Julien</name>
    <desc>Type: Restauration rapide, Ligne droite jusqu'à l'itinéraire: 83 m, Kilomètre d'itinéraire: 60.5 km</desc>
    <type>Restauration rapide</type>
  </wpt>
  <wpt lat="42.9835396" lon="1.1431828">
    <name>Allo Pizza</name>
    <desc>Type: Restauration rapide, Ligne droite jusqu'à l'itinéraire: 254 m, Kilomètre d'itinéraire: 60.6 km</desc>
    <type>Restauration rapide</type>
  </wpt>
  <wpt lat="42.9839273" lon="1.143022">
    <name>Le Chistera</name>
    <desc>Type: Restauration rapide, Ligne droite jusqu'à l'itinéraire: 210 m, Kilomètre d'itinéraire: 60.6 km</desc>
    <type>Restauration rapide</type>
  </wpt>
  <wpt lat="42.9842065" lon="1.1429754">
    <name>Toilettes</name>
    <desc>Type: Toilettes, Ligne droite jusqu'à l'itinéraire: 180 m, Kilomètre d'itinéraire: 60.6 km</desc>
    <type>Toilettes</type>
  </wpt>
  <wpt lat="42.9860288" lon="1.1426092">
    <name>Toilettes</name>
    <desc>Type: Toilettes, Ligne droite jusqu'à l'itinéraire: 14 m, Kilomètre d'itinéraire: 60.7 km</desc>
    <type>Toilettes</type>
  </wpt>
  <wpt lat="42.9854284" lon="1.1431592">
    <name>La Récolte Paysanne</name>
    <desc>Type: Épicerie, Ligne droite jusqu'à l'itinéraire: 65 m, Kilomètre d'itinéraire: 60.7 km</desc>
    <type>Épicerie</type>
  </wpt>
  <wpt lat="42.989940624383195" lon="1.1465848836452819">
    <name>Cimetière de Saint-Girons</name>
    <desc>Type: Cimetière (eau potable), Ligne droite jusqu'à l'itinéraire: 435 m, Kilomètre d'itinéraire: 60.8 km</desc>
    <type>Cimetière (eau potable)</type>
  </wpt>
  <wpt lat="42.9861538" lon="1.1443258">
    <name>Pâtisserie Boissonnot</name>
    <desc>Type: Boulangerie, Ligne droite jusqu'à l'itinéraire: 24 m, Kilomètre d'itinéraire: 60.8 km</desc>
    <type>Boulangerie</type>
  </wpt>
  <wpt lat="42.9850291" lon="1.1440579">
    <name>Pizz'Arrout</name>
    <desc>Type: Restauration rapide, Ligne droite jusqu'à l'itinéraire: 138 m, Kilomètre d'itinéraire: 60.9 km</desc>
    <type>Restauration rapide</type>
  </wpt>
  <wpt lat="42.9851229" lon="1.1442026">
    <name>La Boutique à Croustades</name>
    <desc>Type: Boulangerie, Ligne droite jusqu'à l'itinéraire: 133 m, Kilomètre d'itinéraire: 60.9 km</desc>
    <type>Boulangerie</type>
  </wpt>
  <wpt lat="42.9850599" lon="1.1442292">
    <name>Eau potable</name>
    <desc>Type: Eau potable, Ligne droite jusqu'à l'itinéraire: 140 m, Kilomètre d'itinéraire: 60.9 km</desc>
    <type>Eau potable</type>
  </wpt>
  <wpt lat="42.9848169" lon="1.1443658">
    <name>Eau potable</name>
    <desc>Type: Eau potable, Ligne droite jusqu'à l'itinéraire: 161 m, Kilomètre d'itinéraire: 60.9 km</desc>
    <type>Eau potable</type>
  </wpt>
  <wpt lat="42.9851531" lon="1.1445072">
    <name>Les Floly's</name>
    <desc>Type: Restauration rapide, Ligne droite jusqu'à l'itinéraire: 122 m, Kilomètre d'itinéraire: 60.9 km</desc>
    <type>Restauration rapide</type>
  </wpt>
  <wpt lat="42.9848496" lon="1.1452258">
    <name>Snack du Couserans</name>
    <desc>Type: Restauration rapide, Ligne droite jusqu'à l'itinéraire: 131 m, Kilomètre d'itinéraire: 60.9 km</desc>
    <type>Restauration rapide</type>
  </wpt>
  <wpt lat="42.984849" lon="1.1452941">
    <name>Maison Soum</name>
    <desc>Type: Boulangerie, Ligne droite jusqu'à l'itinéraire: 129 m, Kilomètre d'itinéraire: 61.0 km</desc>
    <type>Boulangerie</type>
  </wpt>
  <wpt lat="42.9843935" lon="1.1456039">
    <name>Le Seven</name>
    <desc>Type: Restauration rapide, Ligne droite jusqu'à l'itinéraire: 152 m, Kilomètre d'itinéraire: 61.0 km</desc>
    <type>Restauration rapide</type>
  </wpt>
  <wpt lat="42.9848759" lon="1.1457932">
    <name>Croustades Le Pistoulet</name>
    <desc>Type: Boulangerie, Ligne droite jusqu'à l'itinéraire: 111 m, Kilomètre d'itinéraire: 61.0 km</desc>
    <type>Boulangerie</type>
  </wpt>
  <wpt lat="42.9851737" lon="1.146717">
    <name>Boulangerie</name>
    <desc>Type: Boulangerie, Ligne droite jusqu'à l'itinéraire: 36 m, Kilomètre d'itinéraire: 61.1 km</desc>
    <type>Boulangerie</type>
  </wpt>
  <wpt lat="42.9849084" lon="1.1473077">
    <name>SCOP Aux Ateliers de la Liberté (Biscuiterie l'Oie Gourmande)</name>
    <desc>Type: Boulangerie, Ligne droite jusqu'à l'itinéraire: 2 m, Kilomètre d'itinéraire: 61.1 km</desc>
    <type>Boulangerie</type>
  </wpt>
  <wpt lat="42.9839971" lon="1.1455436">
    <name>Au Pain Campagnard</name>
    <desc>Type: Boulangerie, Ligne droite jusqu'à l'itinéraire: 173 m, Kilomètre d'itinéraire: 61.2 km</desc>
    <type>Boulangerie</type>
  </wpt>
  <wpt lat="42.9837128" lon="1.144732">
    <name>Jumbo</name>
    <desc>Type: Restauration rapide, Ligne droite jusqu'à l'itinéraire: 247 m, Kilomètre d'itinéraire: 61.2 km</desc>
    <type>Restauration rapide</type>
  </wpt>
  <wpt lat="42.9836737" lon="1.1479283">
    <name>Au Vieux Fournil</name>
    <desc>Type: Boulangerie, Ligne droite jusqu'à l'itinéraire: 7 m, Kilomètre d'itinéraire: 61.3 km</desc>
    <type>Boulangerie</type>
  </wpt>
  <wpt lat="42.9825721" lon="1.1469705">
    <name>Gaïa</name>
    <desc>Type: Supermarché, Ligne droite jusqu'à l'itinéraire: 125 m, Kilomètre d'itinéraire: 61.4 km</desc>
    <type>Supermarché</type>
  </wpt>
  <wpt lat="42.98187584750305" lon="1.146316413209129">
    <name>Toilettes</name>
    <desc>Type: Toilettes, Ligne droite jusqu'à l'itinéraire: 210 m, Kilomètre d'itinéraire: 61.4 km</desc>
    <type>Toilettes</type>
  </wpt>
  <wpt lat="42.9823986" lon="1.1447746">
    <name>Eau potable</name>
    <desc>Type: Eau potable, Ligne droite jusqu'à l'itinéraire: 298 m, Kilomètre d'itinéraire: 61.4 km</desc>
    <type>Eau potable</type>
  </wpt>
  <wpt lat="42.9822802" lon="1.1443486">
    <name>Toilettes</name>
    <desc>Type: Toilettes, Ligne droite jusqu'à l'itinéraire: 335 m, Kilomètre d'itinéraire: 61.4 km</desc>
    <type>Toilettes</type>
  </wpt>
  <wpt lat="42.979787145890064" lon="1.1444368458280032">
    <name>Épicerie</name>
    <desc>Type: Épicerie, Ligne droite jusqu'à l'itinéraire: 475 m, Kilomètre d'itinéraire: 61.4 km</desc>
    <type>Épicerie</type>
  </wpt>
  <wpt lat="42.979619" lon="1.1445247">
    <name>Le Relais de Guzet</name>
    <desc>Type: Station-service, Ligne droite jusqu'à l'itinéraire: 481 m, Kilomètre d'itinéraire: 61.5 km</desc>
    <type>Station-service</type>
  </wpt>
  <wpt lat="42.9822537" lon="1.149793">
    <name>Biocoop</name>
    <desc>Type: Supermarché, Ligne droite jusqu'à l'itinéraire: 37 m, Kilomètre d'itinéraire: 61.5 km</desc>
    <type>Supermarché</type>
  </wpt>
  <wpt lat="42.9812046" lon="1.1498048">
    <name>Carrefour Contact</name>
    <desc>Type: Épicerie, Ligne droite jusqu'à l'itinéraire: 35 m, Kilomètre d'itinéraire: 61.6 km</desc>
    <type>Épicerie</type>
  </wpt>
  <wpt lat="42.9735023" lon="1.1520291">
    <name>Carrefour Market</name>
    <desc>Type: Station-service, Ligne droite jusqu'à l'itinéraire: 460 m, Kilomètre d'itinéraire: 62.2 km</desc>
    <type>Station-service</type>
  </wpt>
  <wpt lat="42.9730465" lon="1.1534536">
    <name>Carrefour Market</name>
    <desc>Type: Supermarché, Ligne droite jusqu'à l'itinéraire: 460 m, Kilomètre d'itinéraire: 62.3 km</desc>
    <type>Supermarché</type>
  </wpt>
  <wpt lat="42.9686643" lon="1.1631732">
    <name>Au bon goût</name>
    <desc>Type: Boulangerie, Ligne droite jusqu'à l'itinéraire: 310 m, Kilomètre d'itinéraire: 63.5 km</desc>
    <type>Boulangerie</type>
  </wpt>
  <wpt lat="42.9584689" lon="1.1826048">
    <name>Eau potable</name>
    <desc>Type: Eau potable, Ligne droite jusqu'à l'itinéraire: 182 m, Kilomètre d'itinéraire: 65.9 km</desc>
    <type>Eau potable</type>
  </wpt>
  <wpt lat="42.95740311023476" lon="1.22855923944808">
    <name>Cimetière (eau potable)</name>
    <desc>Type: Cimetière (eau potable), Ligne droite jusqu'à l'itinéraire: 19 m, Kilomètre d'itinéraire: 69.7 km</desc>
    <type>Cimetière (eau potable)</type>
  </wpt>
  <wpt lat="42.9573191" lon="1.2289559">
    <name>Eau potable</name>
    <desc>Type: Eau potable, Ligne droite jusqu'à l'itinéraire: 4 m, Kilomètre d'itinéraire: 69.8 km</desc>
    <type>Eau potable</type>
  </wpt>
  <wpt lat="42.95324668852179" lon="1.2859058602440396">
    <name>Cimetière (eau potable)</name>
    <desc>Type: Cimetière (eau potable), Ligne droite jusqu'à l'itinéraire: 7 m, Kilomètre d'itinéraire: 75.8 km</desc>
    <type>Cimetière (eau potable)</type>
  </wpt>
  <wpt lat="42.9715154" lon="1.3887928">
    <name>Eau potable</name>
    <desc>Type: Eau potable, Ligne droite jusqu'à l'itinéraire: 2 m, Kilomètre d'itinéraire: 100.1 km</desc>
    <type>Eau potable</type>
  </wpt>
  <wpt lat="42.971756713927824" lon="1.3888156012568833">
    <name>Cimetière (eau potable)</name>
    <desc>Type: Cimetière (eau potable), Ligne droite jusqu'à l'itinéraire: 8 m, Kilomètre d'itinéraire: 100.1 km</desc>
    <type>Cimetière (eau potable)</type>
  </wpt>
  <wpt lat="42.99196514348712" lon="1.3974324026019622">
    <name>Cimetière (eau potable)</name>
    <desc>Type: Cimetière (eau potable), Ligne droite jusqu'à l'itinéraire: 33 m, Kilomètre d'itinéraire: 106.2 km</desc>
    <type>Cimetière (eau potable)</type>
  </wpt>
  <wpt lat="43.00837574197671" lon="1.4203868211978494">
    <name>Cimetière (eau potable)</name>
    <desc>Type: Cimetière (eau potable), Ligne droite jusqu'à l'itinéraire: 495 m, Kilomètre d'itinéraire: 109.5 km</desc>
    <type>Cimetière (eau potable)</type>
  </wpt>
  <wpt lat="43.023524522151334" lon="1.3871632521959405">
    <name>Cimetière civil</name>
    <desc>Type: Cimetière (eau potable), Ligne droite jusqu'à l'itinéraire: 124 m, Kilomètre d'itinéraire: 112.6 km</desc>
    <type>Cimetière (eau potable)</type>
  </wpt>
  <wpt lat="43.0380287206981" lon="1.3685996955416522">
    <name>Cimetière (eau potable)</name>
    <desc>Type: Cimetière (eau potable), Ligne droite jusqu'à l'itinéraire: 27 m, Kilomètre d'itinéraire: 116.0 km</desc>
    <type>Cimetière (eau potable)</type>
  </wpt>
  <wpt lat="43.06775749652836" lon="1.3557801705984094">
    <name>Toilettes</name>
    <desc>Type: Toilettes, Ligne droite jusqu'à l'itinéraire: 18 m, Kilomètre d'itinéraire: 122.5 km</desc>
    <type>Toilettes</type>
  </wpt>
  <wpt lat="43.067790963870635" lon="1.3552088907713622">
    <name>La Maison de la Grotte</name>
    <desc>Type: Restauration rapide, Ligne droite jusqu'à l'itinéraire: 5 m, Kilomètre d'itinéraire: 122.6 km</desc>
    <type>Restauration rapide</type>
  </wpt>
  <wpt lat="43.07838881004764" lon="1.3596879231990762">
    <name>Toilettes</name>
    <desc>Type: Toilettes, Ligne droite jusqu'à l'itinéraire: 40 m, Kilomètre d'itinéraire: 124.0 km</desc>
    <type>Toilettes</type>
  </wpt>
  <wpt lat="43.0784026" lon="1.3597151">
    <name>Eau potable</name>
    <desc>Type: Eau potable, Ligne droite jusqu'à l'itinéraire: 38 m, Kilomètre d'itinéraire: 124.0 km</desc>
    <type>Eau potable</type>
  </wpt>
  <wpt lat="43.07904" lon="1.359878">
    <name>Le Fournil de Sandra Flore</name>
    <desc>Type: Boulangerie, Ligne droite jusqu'à l'itinéraire: 50 m, Kilomètre d'itinéraire: 124.1 km</desc>
    <type>Boulangerie</type>
  </wpt>
  <wpt lat="43.0787948" lon="1.3605192">
    <name>Proxi Super</name>
    <desc>Type: Supermarché, Ligne droite jusqu'à l'itinéraire: 7 m, Kilomètre d'itinéraire: 124.1 km</desc>
    <type>Supermarché</type>
  </wpt>
  <wpt lat="43.079092" lon="1.3608288">
    <name>La mie de Puj'</name>
    <desc>Type: Boulangerie, Ligne droite jusqu'à l'itinéraire: 5 m, Kilomètre d'itinéraire: 124.1 km</desc>
    <type>Boulangerie</type>
  </wpt>
  <wpt lat="43.0796889" lon="1.3604223">
    <name>Capuche Béret</name>
    <desc>Type: Café, Ligne droite jusqu'à l'itinéraire: 63 m, Kilomètre d'itinéraire: 124.2 km</desc>
    <type>Café</type>
  </wpt>
  <wpt lat="43.0796186" lon="1.361523">
    <name>Le Bistrot</name>
    <desc>Type: Café, Ligne droite jusqu'à l'itinéraire: 13 m, Kilomètre d'itinéraire: 124.2 km</desc>
    <type>Café</type>
  </wpt>
  <wpt lat="43.0802158" lon="1.3606096">
    <name>Toilettes</name>
    <desc>Type: Toilettes, Ligne droite jusqu'à l'itinéraire: 80 m, Kilomètre d'itinéraire: 124.3 km</desc>
    <type>Toilettes</type>
  </wpt>
  <wpt lat="43.082108" lon="1.3606749">
    <name>Eau potable</name>
    <desc>Type: Eau potable, Ligne droite jusqu'à l'itinéraire: 203 m, Kilomètre d'itinéraire: 124.3 km</desc>
    <type>Eau potable</type>
  </wpt>
  <wpt lat="43.0821219" lon="1.3608999">
    <name>Toilettes</name>
    <desc>Type: Toilettes, Ligne droite jusqu'à l'itinéraire: 197 m, Kilomètre d'itinéraire: 124.3 km</desc>
    <type>Toilettes</type>
  </wpt>
  <wpt lat="43.0780305" lon="1.3685091">
    <name>Station-service</name>
    <desc>Type: Station-service, Ligne droite jusqu'à l'itinéraire: 17 m, Kilomètre d'itinéraire: 125.1 km</desc>
    <type>Station-service</type>
  </wpt>
  <wpt lat="43.0789002" lon="1.369649">
    <name>Eau potable</name>
    <desc>Type: Eau potable, Ligne droite jusqu'à l'itinéraire: 71 m, Kilomètre d'itinéraire: 125.2 km</desc>
    <type>Eau potable</type>
  </wpt>
  <wpt lat="43.0788325" lon="1.3784034">
    <name>Café</name>
    <desc>Type: Café, Ligne droite jusqu'à l'itinéraire: 107 m, Kilomètre d'itinéraire: 125.9 km</desc>
    <type>Café</type>
  </wpt>
  <wpt lat="43.0786662" lon="1.3786698">
    <name>Toilettes</name>
    <desc>Type: Toilettes, Ligne droite jusqu'à l'itinéraire: 89 m, Kilomètre d'itinéraire: 125.9 km</desc>
    <type>Toilettes</type>
  </wpt>
  <wpt lat="43.07457898005568" lon="1.4161592161568772">
    <name>Cimetière (eau potable)</name>
    <desc>Type: Cimetière (eau potable), Ligne droite jusqu'à l'itinéraire: 64 m, Kilomètre d'itinéraire: 129.3 km</desc>
    <type>Cimetière (eau potable)</type>
  </wpt>
  <wpt lat="43.08363986918403" lon="1.4359174098797285">
    <name>Cimetière (eau potable)</name>
    <desc>Type: Cimetière (eau potable), Ligne droite jusqu'à l'itinéraire: 79 m, Kilomètre d'itinéraire: 137.5 km</desc>
    <type>Cimetière (eau potable)</type>
  </wpt>
  <wpt lat="43.101989705898696" lon="1.44328826182197">
    <name>Midi Prix</name>
    <desc>Type: Épicerie, Ligne droite jusqu'à l'itinéraire: 167 m, Kilomètre d'itinéraire: 140.2 km</desc>
    <type>Épicerie</type>
  </wpt>
  <wpt lat="43.1024356" lon="1.4428248">
    <name>L'Estanquet</name>
    <desc>Type: Café, Ligne droite jusqu'à l'itinéraire: 108 m, Kilomètre d'itinéraire: 140.2 km</desc>
    <type>Café</type>
  </wpt>
  <wpt lat="43.1033456" lon="1.4431015">
    <name>Toilettes</name>
    <desc>Type: Toilettes, Ligne droite jusqu'à l'itinéraire: 124 m, Kilomètre d'itinéraire: 140.2 km</desc>
    <type>Toilettes</type>
  </wpt>
  <wpt lat="43.109536206796236" lon="1.4408233397909704">
    <name>Cimetière (eau potable)</name>
    <desc>Type: Cimetière (eau potable), Ligne droite jusqu'à l'itinéraire: 32 m, Kilomètre d'itinéraire: 141.0 km</desc>
    <type>Cimetière (eau potable)</type>
  </wpt>
  <wpt lat="43.131202666545505" lon="1.4018897315275416">
    <name>Cimetière (eau potable)</name>
    <desc>Type: Cimetière (eau potable), Ligne droite jusqu'à l'itinéraire: 86 m, Kilomètre d'itinéraire: 146.1 km</desc>
    <type>Cimetière (eau potable)</type>
  </wpt>
  <wpt lat="43.149433" lon="1.3943866">
    <name>Eau potable</name>
    <desc>Type: Eau potable, Ligne droite jusqu'à l'itinéraire: 79 m, Kilomètre d'itinéraire: 148.9 km</desc>
    <type>Eau potable</type>
  </wpt>
  <wpt lat="43.1494623" lon="1.393833">
    <name>Toilettes</name>
    <desc>Type: Toilettes, Ligne droite jusqu'à l'itinéraire: 119 m, Kilomètre d'itinéraire: 148.9 km</desc>
    <type>Toilettes</type>
  </wpt>
  <wpt lat="43.149545137802136" lon="1.3917259462674045">
    <name>Cimetière (eau potable)</name>
    <desc>Type: Cimetière (eau potable), Ligne droite jusqu'à l'itinéraire: 273 m, Kilomètre d'itinéraire: 149.0 km</desc>
    <type>Cimetière (eau potable)</type>
  </wpt>
  <wpt lat="43.1502594" lon="1.3935963">
    <name>Eau potable</name>
    <desc>Type: Eau potable, Ligne droite jusqu'à l'itinéraire: 101 m, Kilomètre d'itinéraire: 149.0 km</desc>
    <type>Eau potable</type>
  </wpt>
  <wpt lat="43.15155818960874" lon="1.3917790670003678">
    <name>Cimetière (eau potable)</name>
    <desc>Type: Cimetière (eau potable), Ligne droite jusqu'à l'itinéraire: 175 m, Kilomètre d'itinéraire: 149.1 km</desc>
    <type>Cimetière (eau potable)</type>
  </wpt>
  <wpt lat="43.151882" lon="1.3907393">
    <name>Les Ginettes</name>
    <desc>Type: Café, Ligne droite jusqu'à l'itinéraire: 264 m, Kilomètre d'itinéraire: 149.1 km</desc>
    <type>Café</type>
  </wpt>
  <wpt lat="43.1714407117779" lon="1.4104304141217967">
    <name>Total contact</name>
    <desc>Type: Station-service, Ligne droite jusqu'à l'itinéraire: 300 m, Kilomètre d'itinéraire: 151.8 km</desc>
    <type>Station-service</type>
  </wpt>
  <wpt lat="43.1741105" lon="1.4084244">
    <name>De Oliveira</name>
    <desc>Type: Boulangerie, Ligne droite jusqu'à l'itinéraire: 134 m, Kilomètre d'itinéraire: 151.9 km</desc>
    <type>Boulangerie</type>
  </wpt>
  <wpt lat="43.1743999" lon="1.4077015">
    <name>Nanie's coffee</name>
    <desc>Type: Café, Ligne droite jusqu'à l'itinéraire: 113 m, Kilomètre d'itinéraire: 152.0 km</desc>
    <type>Café</type>
  </wpt>
  <wpt lat="43.175204" lon="1.4072667">
    <name>Carrefour Express</name>
    <desc>Type: Épicerie, Ligne droite jusqu'à l'itinéraire: 124 m, Kilomètre d'itinéraire: 152.2 km</desc>
    <type>Épicerie</type>
  </wpt>
  <wpt lat="43.212368494826286" lon="1.3855352504888636">
    <name>Cimetière (eau potable)</name>
    <desc>Type: Cimetière (eau potable), Ligne droite jusqu'à l'itinéraire: 327 m, Kilomètre d'itinéraire: 156.8 km</desc>
    <type>Cimetière (eau potable)</type>
  </wpt>
  <wpt lat="43.2311473" lon="1.3759582">
    <name>Restauration rapide</name>
    <desc>Type: Restauration rapide, Ligne droite jusqu'à l'itinéraire: 8 m, Kilomètre d'itinéraire: 159.0 km</desc>
    <type>Restauration rapide</type>
  </wpt>
  <wpt lat="43.2365586" lon="1.3848252">
    <name>Eau potable</name>
    <desc>Type: Eau potable, Ligne droite jusqu'à l'itinéraire: 11 m, Kilomètre d'itinéraire: 160.9 km</desc>
    <type>Eau potable</type>
  </wpt>
  <wpt lat="43.2360208" lon="1.3806932">
    <name>Toilettes</name>
    <desc>Type: Toilettes, Ligne droite jusqu'à l'itinéraire: 299 m, Kilomètre d'itinéraire: 161.0 km</desc>
    <type>Toilettes</type>
  </wpt>
  <wpt lat="43.2385262" lon="1.3871593">
    <name>Pizzeria La Grange</name>
    <desc>Type: Restauration rapide, Ligne droite jusqu'à l'itinéraire: 6 m, Kilomètre d'itinéraire: 161.3 km</desc>
    <type>Restauration rapide</type>
  </wpt>
  <wpt lat="43.24067715254456" lon="1.389646881522763">
    <name>Cimetière (eau potable)</name>
    <desc>Type: Cimetière (eau potable), Ligne droite jusqu'à l'itinéraire: 123 m, Kilomètre d'itinéraire: 161.6 km</desc>
    <type>Cimetière (eau potable)</type>
  </wpt>
  <wpt lat="43.3470214" lon="1.4728456">
    <name>Le Fournil des Saveurs</name>
    <desc>Type: Boulangerie, Ligne droite jusqu'à l'itinéraire: 138 m, Kilomètre d'itinéraire: 178.6 km</desc>
    <type>Boulangerie</type>
  </wpt>
  <wpt lat="43.347839535973435" lon="1.4718946987660402">
    <name>Netto</name>
    <desc>Type: Station-service, Ligne droite jusqu'à l'itinéraire: 58 m, Kilomètre d'itinéraire: 178.7 km</desc>
    <type>Station-service</type>
  </wpt>
  <wpt lat="43.3482599" lon="1.471857">
    <name>Netto</name>
    <desc>Type: Supermarché, Ligne droite jusqu'à l'itinéraire: 53 m, Kilomètre d'itinéraire: 178.7 km</desc>
    <type>Supermarché</type>
  </wpt>
  <wpt lat="43.3501465" lon="1.470638">
    <name>La Panetière Aux Saveurs d'Antan</name>
    <desc>Type: Boulangerie, Ligne droite jusqu'à l'itinéraire: 102 m, Kilomètre d'itinéraire: 178.9 km</desc>
    <type>Boulangerie</type>
  </wpt>
  <wpt lat="43.3500428" lon="1.4717383">
    <name>Boulangerie</name>
    <desc>Type: Boulangerie, Ligne droite jusqu'à l'itinéraire: 16 m, Kilomètre d'itinéraire: 178.9 km</desc>
    <type>Boulangerie</type>
  </wpt>
  <wpt lat="43.3511903" lon="1.47089">
    <name>Biocoop</name>
    <desc>Type: Supermarché, Ligne droite jusqu'à l'itinéraire: 158 m, Kilomètre d'itinéraire: 178.9 km</desc>
    <type>Supermarché</type>
  </wpt>
  <wpt lat="43.3517064" lon="1.4698928">
    <name>Chez Manon</name>
    <desc>Type: Restauration rapide, Ligne droite jusqu'à l'itinéraire: 253 m, Kilomètre d'itinéraire: 178.9 km</desc>
    <type>Restauration rapide</type>
  </wpt>
  <wpt lat="43.35323946290899" lon="1.468939483097585">
    <name>Total Access</name>
    <desc>Type: Station-service, Ligne droite jusqu'à l'itinéraire: 435 m, Kilomètre d'itinéraire: 178.9 km</desc>
    <type>Station-service</type>
  </wpt>
  <wpt lat="43.3521063" lon="1.4725826">
    <name>Presutto</name>
    <desc>Type: Boulangerie, Ligne droite jusqu'à l'itinéraire: 196 m, Kilomètre d'itinéraire: 179.1 km</desc>
    <type>Boulangerie</type>
  </wpt>
  <wpt lat="43.3505174" lon="1.4735213">
    <name>Pizzeria Lorenzo</name>
    <desc>Type: Restauration rapide, Ligne droite jusqu'à l'itinéraire: 4 m, Kilomètre d'itinéraire: 179.1 km</desc>
    <type>Restauration rapide</type>
  </wpt>
  <wpt lat="43.350731589543955" lon="1.4735913519345745">
    <name>Carrefour Express</name>
    <desc>Type: Épicerie, Ligne droite jusqu'à l'itinéraire: 24 m, Kilomètre d'itinéraire: 179.1 km</desc>
    <type>Épicerie</type>
  </wpt>
  <wpt lat="43.3518998" lon="1.4735192">
    <name>Toilettes</name>
    <desc>Type: Toilettes, Ligne droite jusqu'à l'itinéraire: 146 m, Kilomètre d'itinéraire: 179.1 km</desc>
    <type>Toilettes</type>
  </wpt>
  <wpt lat="43.3516687" lon="1.4741434">
    <name>Eau potable</name>
    <desc>Type: Eau potable, Ligne droite jusqu'à l'itinéraire: 102 m, Kilomètre d'itinéraire: 179.2 km</desc>
    <type>Eau potable</type>
  </wpt>
  <wpt lat="43.35022057408573" lon="1.477499800669121">
    <name>Toilettes</name>
    <desc>Type: Toilettes, Ligne droite jusqu'à l'itinéraire: 152 m, Kilomètre d'itinéraire: 179.4 km</desc>
    <type>Toilettes</type>
  </wpt>
  <wpt lat="43.34983823370227" lon="1.4789896966384908">
    <name>Utile</name>
    <desc>Type: Épicerie, Ligne droite jusqu'à l'itinéraire: 244 m, Kilomètre d'itinéraire: 179.4 km</desc>
    <type>Épicerie</type>
  </wpt>
  <wpt lat="43.3516299" lon="1.4786184">
    <name>Planète Pizza</name>
    <desc>Type: Restauration rapide, Ligne droite jusqu'à l'itinéraire: 109 m, Kilomètre d'itinéraire: 179.4 km</desc>
    <type>Restauration rapide</type>
  </wpt>
  <wpt lat="43.3510456" lon="1.4791788">
    <name>Maison MF</name>
    <desc>Type: Boulangerie, Ligne droite jusqu'à l'itinéraire: 168 m, Kilomètre d'itinéraire: 179.4 km</desc>
    <type>Boulangerie</type>
  </wpt>
  <wpt lat="43.351961" lon="1.4786372">
    <name>Café</name>
    <desc>Type: Café, Ligne droite jusqu'à l'itinéraire: 114 m, Kilomètre d'itinéraire: 179.4 km</desc>
    <type>Café</type>
  </wpt>
  <wpt lat="43.352295" lon="1.4778598">
    <name>Petitprez Jérôme</name>
    <desc>Type: Boulangerie, Ligne droite jusqu'à l'itinéraire: 56 m, Kilomètre d'itinéraire: 179.5 km</desc>
    <type>Boulangerie</type>
  </wpt>
  <wpt lat="43.355342555617426" lon="1.4775415827777005">
    <name>Cimetière (eau potable)</name>
    <desc>Type: Cimetière (eau potable), Ligne droite jusqu'à l'itinéraire: 59 m, Kilomètre d'itinéraire: 179.8 km</desc>
    <type>Cimetière (eau potable)</type>
  </wpt>
  <wpt lat="43.426664886725845" lon="1.5091205928986628">
    <name>Cimetière (eau potable)</name>
    <desc>Type: Cimetière (eau potable), Ligne droite jusqu'à l'itinéraire: 171 m, Kilomètre d'itinéraire: 190.3 km</desc>
    <type>Cimetière (eau potable)</type>
  </wpt>
  <wpt lat="43.45647644640679" lon="1.5235349039650112">
    <name>Cimetière (eau potable)</name>
    <desc>Type: Cimetière (eau potable), Ligne droite jusqu'à l'itinéraire: 148 m, Kilomètre d'itinéraire: 194.0 km</desc>
    <type>Cimetière (eau potable)</type>
  </wpt>
  <wpt lat="43.4568044" lon="1.5230611">
    <name>Toilettes</name>
    <desc>Type: Toilettes, Ligne droite jusqu'à l'itinéraire: 124 m, Kilomètre d'itinéraire: 194.0 km</desc>
    <type>Toilettes</type>
  </wpt>
  <wpt lat="43.47768892305333" lon="1.5257609477008596">
    <name>Cimetière (eau potable)</name>
    <desc>Type: Cimetière (eau potable), Ligne droite jusqu'à l'itinéraire: 40 m, Kilomètre d'itinéraire: 196.8 km</desc>
    <type>Cimetière (eau potable)</type>
  </wpt>
  <wpt lat="43.5226940083893" lon="1.485983949887421">
    <name>Cimetière Combe d'Oly</name>
    <desc>Type: Cimetière (eau potable), Ligne droite jusqu'à l'itinéraire: 79 m, Kilomètre d'itinéraire: 206.1 km</desc>
    <type>Cimetière (eau potable)</type>
  </wpt>
  <wpt lat="43.5236609" lon="1.4892279">
    <name>Eau potable</name>
    <desc>Type: Eau potable, Ligne droite jusqu'à l'itinéraire: 132 m, Kilomètre d'itinéraire: 206.4 km</desc>
    <type>Eau potable</type>
  </wpt>
  <wpt lat="43.5231222" lon="1.4917495">
    <name>Eau potable</name>
    <desc>Type: Eau potable, Ligne droite jusqu'à l'itinéraire: 342 m, Kilomètre d'itinéraire: 206.4 km</desc>
    <type>Eau potable</type>
  </wpt>
  <trk>
    <name>entrainement_ubf_3-25261265-1790110556-419</name>
    <trkseg>
      <trkpt lat="42.91561" lon="0.65159">
        <ele>494.0</ele>
      </trkpt>
      <trkpt lat="42.91543" lon="0.6515">
        <ele>494.0</ele>
      </trkpt>
      <trkpt lat="42.91529" lon="0.65152">
        <ele>495.0</ele>
      </trkpt>
      <trkpt lat="42.91495" lon="0.65132">
        <ele>495.0</ele>
      </trkpt>
      <trkpt lat="42.91399" lon="0.6507">
        <ele>493.0</ele>
      </trkpt>
      <trkpt lat="42.91392" lon="0.65068">
        <ele>493.0</ele>
      </trkpt>
      <trkpt lat="42.91388" lon="0.65099">
        <ele>494.0</ele>
      </trkpt>
      <trkpt lat="42.91385" lon="0.6512">
        <ele>495.0</ele>
      </trkpt>
      <trkpt lat="42.91392" lon="0.65124">
        <ele>495.0</ele>
      </trkpt>
      <trkpt lat="42.91441" lon="0.6522">
        <ele>497.0</ele>
      </trkpt>
      <trkpt lat="42.91529" lon="0.65434">
        <ele>498.0</ele>
      </trkpt>
      <trkpt lat="42.91531" lon="0.65438">
        <ele>498.0</ele>
      </trkpt>
      <trkpt lat="42.91534" lon="0.65447">
        <ele>498.0</ele>
      </trkpt>
      <trkpt lat="42.91539" lon="0.65459">
        <ele>498.0</ele>
      </trkpt>
      <trkpt lat="42.91547" lon="0.65453">
        <ele>498.0</ele>
      </trkpt>
      <trkpt lat="42.91555" lon="0.6545">
        <ele>498.0</ele>
      </trkpt>
      <trkpt lat="42.91566" lon="0.65454">
        <ele>498.0</ele>
      </trkpt>
      <trkpt lat="42.9157" lon="0.65462">
        <ele>498.0</ele>
      </trkpt>
      <trkpt lat="42.91587" lon="0.65503">
        <ele>499.0</ele>
      </trkpt>
      <trkpt lat="42.9165" lon="0.65455">
        <ele>496.0</ele>
      </trkpt>
      <trkpt lat="42.91671" lon="0.65534">
        <ele>496.0</ele>
      </trkpt>
      <trkpt lat="42.91697" lon="0.65631">
        <ele>496.0</ele>
      </trkpt>
      <trkpt lat="42.91708" lon="0.6571">
        <ele>496.0</ele>
      </trkpt>
      <trkpt lat="42.9171" lon="0.65726">
        <ele>496.0</ele>
      </trkpt>
      <trkpt lat="42.91714" lon="0.65738">
        <ele>496.0</ele>
      </trkpt>
      <trkpt lat="42.91717" lon="0.65747">
        <ele>496.0</ele>
      </trkpt>
      <trkpt lat="42.91727" lon="0.65809">
        <ele>495.0</ele>
      </trkpt>
      <trkpt lat="42.91728" lon="0.65886">
        <ele>496.0</ele>
      </trkpt>
      <trkpt lat="42.91727" lon="0.65943">
        <ele>496.0</ele>
      </trkpt>
      <trkpt lat="42.91729" lon="0.65951">
        <ele>496.0</ele>
      </trkpt>
      <trkpt lat="42.91755" lon="0.66021">
        <ele>495.0</ele>
      </trkpt>
      <trkpt lat="42.91762" lon="0.66037">
        <ele>494.0</ele>
      </trkpt>
      <trkpt lat="42.91769" lon="0.66047">
        <ele>494.0</ele>
      </trkpt>
      <trkpt lat="42.91795" lon="0.66077">
        <ele>493.0</ele>
      </trkpt>
      <trkpt lat="42.91841" lon="0.66118">
        <ele>492.0</ele>
      </trkpt>
      <trkpt lat="42.91893" lon="0.6619">
        <ele>493.0</ele>
      </trkpt>
      <trkpt lat="42.91927" lon="0.66251">
        <ele>492.0</ele>
      </trkpt>
      <trkpt lat="42.91956" lon="0.6631">
        <ele>494.0</ele>
      </trkpt>
      <trkpt lat="42.91969" lon="0.66347">
        <ele>498.0</ele>
      </trkpt>
      <trkpt lat="42.91986" lon="0.66367">
        <ele>501.0</ele>
      </trkpt>
      <trkpt lat="42.92001" lon="0.66387">
        <ele>502.0</ele>
      </trkpt>
      <trkpt lat="42.92009" lon="0.66402">
        <ele>504.0</ele>
      </trkpt>
      <trkpt lat="42.92038" lon="0.6645">
        <ele>502.0</ele>
      </trkpt>
      <trkpt lat="42.92048" lon="0.66477">
        <ele>500.0</ele>
      </trkpt>
      <trkpt lat="42.92058" lon="0.6651">
        <ele>498.0</ele>
      </trkpt>
      <trkpt lat="42.92089" lon="0.66661">
        <ele>497.0</ele>
      </trkpt>
      <trkpt lat="42.92094" lon="0.66698">
        <ele>504.0</ele>
      </trkpt>
      <trkpt lat="42.92104" lon="0.66732">
        <ele>507.0</ele>
      </trkpt>
      <trkpt lat="42.92138" lon="0.66809">
        <ele>509.0</ele>
      </trkpt>
      <trkpt lat="42.92164" lon="0.66897">
        <ele>504.0</ele>
      </trkpt>
      <trkpt lat="42.92174" lon="0.6695">
        <ele>505.0</ele>
      </trkpt>
      <trkpt lat="42.92184" lon="0.6699">
        <ele>504.0</ele>
      </trkpt>
      <trkpt lat="42.92187" lon="0.67019">
        <ele>504.0</ele>
      </trkpt>
      <trkpt lat="42.92181" lon="0.67044">
        <ele>506.0</ele>
      </trkpt>
      <trkpt lat="42.9218" lon="0.67074">
        <ele>507.0</ele>
      </trkpt>
      <trkpt lat="42.9221" lon="0.6713">
        <ele>501.0</ele>
      </trkpt>
      <trkpt lat="42.92213" lon="0.67137">
        <ele>500.0</ele>
      </trkpt>
      <trkpt lat="42.92214" lon="0.67148">
        <ele>500.0</ele>
      </trkpt>
      <trkpt lat="42.92215" lon="0.67181">
        <ele>500.0</ele>
      </trkpt>
      <trkpt lat="42.92207" lon="0.67214">
        <ele>501.0</ele>
      </trkpt>
      <trkpt lat="42.92204" lon="0.67225">
        <ele>501.0</ele>
      </trkpt>
      <trkpt lat="42.92191" lon="0.67258">
        <ele>502.0</ele>
      </trkpt>
      <trkpt lat="42.92177" lon="0.67337">
        <ele>495.0</ele>
      </trkpt>
      <trkpt lat="42.92174" lon="0.67355">
        <ele>495.0</ele>
      </trkpt>
      <trkpt lat="42.9217" lon="0.67407">
        <ele>492.0</ele>
      </trkpt>
      <trkpt lat="42.92166" lon="0.67468">
        <ele>490.0</ele>
      </trkpt>
      <trkpt lat="42.92169" lon="0.67503">
        <ele>490.0</ele>
      </trkpt>
      <trkpt lat="42.92169" lon="0.67512">
        <ele>491.0</ele>
      </trkpt>
      <trkpt lat="42.92161" lon="0.6756">
        <ele>494.0</ele>
      </trkpt>
      <trkpt lat="42.92151" lon="0.67585">
        <ele>497.0</ele>
      </trkpt>
      <trkpt lat="42.92123" lon="0.67625">
        <ele>501.0</ele>
      </trkpt>
      <trkpt lat="42.92114" lon="0.67643">
        <ele>503.0</ele>
      </trkpt>
      <trkpt lat="42.9211" lon="0.67659">
        <ele>503.0</ele>
      </trkpt>
      <trkpt lat="42.92107" lon="0.67678">
        <ele>503.0</ele>
      </trkpt>
      <trkpt lat="42.92108" lon="0.67725">
        <ele>502.0</ele>
      </trkpt>
      <trkpt lat="42.92113" lon="0.6775">
        <ele>502.0</ele>
      </trkpt>
      <trkpt lat="42.9211" lon="0.67769">
        <ele>501.0</ele>
      </trkpt>
      <trkpt lat="42.92104" lon="0.67786">
        <ele>500.0</ele>
      </trkpt>
      <trkpt lat="42.92095" lon="0.67797">
        <ele>499.0</ele>
      </trkpt>
      <trkpt lat="42.92053" lon="0.67835">
        <ele>496.0</ele>
      </trkpt>
      <trkpt lat="42.92037" lon="0.67861">
        <ele>495.0</ele>
      </trkpt>
      <trkpt lat="42.9203" lon="0.67868">
        <ele>494.0</ele>
      </trkpt>
      <trkpt lat="42.92028" lon="0.67885">
        <ele>494.0</ele>
      </trkpt>
      <trkpt lat="42.91918" lon="0.68025">
        <ele>495.0</ele>
      </trkpt>
      <trkpt lat="42.91913" lon="0.68029">
        <ele>495.0</ele>
      </trkpt>
      <trkpt lat="42.91912" lon="0.6803">
        <ele>495.0</ele>
      </trkpt>
      <trkpt lat="42.91879" lon="0.68035">
        <ele>495.0</ele>
      </trkpt>
      <trkpt lat="42.9185" lon="0.68043">
        <ele>495.0</ele>
      </trkpt>
      <trkpt lat="42.91847" lon="0.68045">
        <ele>495.0</ele>
      </trkpt>
      <trkpt lat="42.91844" lon="0.68052">
        <ele>495.0</ele>
      </trkpt>
      <trkpt lat="42.9184" lon="0.6812">
        <ele>495.0</ele>
      </trkpt>
      <trkpt lat="42.91832" lon="0.68174">
        <ele>495.0</ele>
      </trkpt>
      <trkpt lat="42.91819" lon="0.68212">
        <ele>496.0</ele>
      </trkpt>
      <trkpt lat="42.91804" lon="0.68246">
        <ele>497.0</ele>
      </trkpt>
      <trkpt lat="42.91787" lon="0.6828">
        <ele>499.0</ele>
      </trkpt>
      <trkpt lat="42.91784" lon="0.68284">
        <ele>499.0</ele>
      </trkpt>
      <trkpt lat="42.9176" lon="0.6832">
        <ele>501.0</ele>
      </trkpt>
      <trkpt lat="42.91756" lon="0.68329">
        <ele>501.0</ele>
      </trkpt>
      <trkpt lat="42.91742" lon="0.68452">
        <ele>507.0</ele>
      </trkpt>
      <trkpt lat="42.91737" lon="0.68456">
        <ele>509.0</ele>
      </trkpt>
      <trkpt lat="42.91734" lon="0.68499">
        <ele>511.0</ele>
      </trkpt>
      <trkpt lat="42.91728" lon="0.68534">
        <ele>511.0</ele>
      </trkpt>
      <trkpt lat="42.91722" lon="0.68561">
        <ele>512.0</ele>
      </trkpt>
      <trkpt lat="42.91716" lon="0.68578">
        <ele>512.0</ele>
      </trkpt>
      <trkpt lat="42.91704" lon="0.68603">
        <ele>513.0</ele>
      </trkpt>
      <trkpt lat="42.91695" lon="0.68626">
        <ele>512.0</ele>
      </trkpt>
      <trkpt lat="42.91688" lon="0.68647">
        <ele>512.0</ele>
      </trkpt>
      <trkpt lat="42.91681" lon="0.68675">
        <ele>511.0</ele>
      </trkpt>
      <trkpt lat="42.91676" lon="0.68701">
        <ele>509.0</ele>
      </trkpt>
      <trkpt lat="42.91671" lon="0.68741">
        <ele>507.0</ele>
      </trkpt>
      <trkpt lat="42.91668" lon="0.68767">
        <ele>505.0</ele>
      </trkpt>
      <trkpt lat="42.91672" lon="0.68835">
        <ele>503.0</ele>
      </trkpt>
      <trkpt lat="42.91672" lon="0.68859">
        <ele>503.0</ele>
      </trkpt>
      <trkpt lat="42.91671" lon="0.68878">
        <ele>502.0</ele>
      </trkpt>
      <trkpt lat="42.91667" lon="0.68895">
        <ele>502.0</ele>
      </trkpt>
      <trkpt lat="42.91657" lon="0.68922">
        <ele>511.0</ele>
      </trkpt>
      <trkpt lat="42.9162" lon="0.69002">
        <ele>522.0</ele>
      </trkpt>
      <trkpt lat="42.91596" lon="0.69051">
        <ele>523.0</ele>
      </trkpt>
      <trkpt lat="42.91565" lon="0.6911">
        <ele>521.0</ele>
      </trkpt>
      <trkpt lat="42.9155" lon="0.69145">
        <ele>516.0</ele>
      </trkpt>
      <trkpt lat="42.91542" lon="0.69173">
        <ele>509.0</ele>
      </trkpt>
      <trkpt lat="42.91534" lon="0.69191">
        <ele>510.0</ele>
      </trkpt>
      <trkpt lat="42.91529" lon="0.69198">
        <ele>511.0</ele>
      </trkpt>
      <trkpt lat="42.91511" lon="0.69227">
        <ele>510.0</ele>
      </trkpt>
      <trkpt lat="42.91494" lon="0.6925">
        <ele>507.0</ele>
      </trkpt>
      <trkpt lat="42.91475" lon="0.69273">
        <ele>510.0</ele>
      </trkpt>
      <trkpt lat="42.91465" lon="0.69282">
        <ele>510.0</ele>
      </trkpt>
      <trkpt lat="42.91449" lon="0.69293">
        <ele>510.0</ele>
      </trkpt>
      <trkpt lat="42.91434" lon="0.693">
        <ele>510.0</ele>
      </trkpt>
      <trkpt lat="42.91426" lon="0.69302">
        <ele>510.0</ele>
      </trkpt>
      <trkpt lat="42.91419" lon="0.69304">
        <ele>509.0</ele>
      </trkpt>
      <trkpt lat="42.91405" lon="0.69304">
        <ele>509.0</ele>
      </trkpt>
      <trkpt lat="42.91393" lon="0.69302">
        <ele>508.0</ele>
      </trkpt>
      <trkpt lat="42.91375" lon="0.69294">
        <ele>507.0</ele>
      </trkpt>
      <trkpt lat="42.91355" lon="0.69286">
        <ele>507.0</ele>
      </trkpt>
      <trkpt lat="42.91342" lon="0.69279">
        <ele>506.0</ele>
      </trkpt>
      <trkpt lat="42.91334" lon="0.69273">
        <ele>506.0</ele>
      </trkpt>
      <trkpt lat="42.91325" lon="0.69263">
        <ele>506.0</ele>
      </trkpt>
      <trkpt lat="42.91306" lon="0.69242">
        <ele>507.0</ele>
      </trkpt>
      <trkpt lat="42.913" lon="0.69235">
        <ele>507.0</ele>
      </trkpt>
      <trkpt lat="42.91269" lon="0.69204">
        <ele>510.0</ele>
      </trkpt>
      <trkpt lat="42.91248" lon="0.69187">
        <ele>510.0</ele>
      </trkpt>
      <trkpt lat="42.91244" lon="0.69203">
        <ele>508.0</ele>
      </trkpt>
      <trkpt lat="42.91232" lon="0.69243">
        <ele>503.0</ele>
      </trkpt>
      <trkpt lat="42.9123" lon="0.69249">
        <ele>503.0</ele>
      </trkpt>
      <trkpt lat="42.91221" lon="0.69278">
        <ele>503.0</ele>
      </trkpt>
      <trkpt lat="42.91166" lon="0.69454">
        <ele>504.0</ele>
      </trkpt>
      <trkpt lat="42.91142" lon="0.69528">
        <ele>506.0</ele>
      </trkpt>
      <trkpt lat="42.9114" lon="0.69533">
        <ele>506.0</ele>
      </trkpt>
      <trkpt lat="42.91137" lon="0.69546">
        <ele>508.0</ele>
      </trkpt>
      <trkpt lat="42.91133" lon="0.6956">
        <ele>509.0</ele>
      </trkpt>
      <trkpt lat="42.91129" lon="0.69578">
        <ele>510.0</ele>
      </trkpt>
      <trkpt lat="42.91129" lon="0.69595">
        <ele>513.0</ele>
      </trkpt>
      <trkpt lat="42.91131" lon="0.6961">
        <ele>515.0</ele>
      </trkpt>
      <trkpt lat="42.91142" lon="0.69647">
        <ele>523.0</ele>
      </trkpt>
      <trkpt lat="42.91144" lon="0.69657">
        <ele>525.0</ele>
      </trkpt>
      <trkpt lat="42.91146" lon="0.69671">
        <ele>528.0</ele>
      </trkpt>
      <trkpt lat="42.91147" lon="0.69683">
        <ele>532.0</ele>
      </trkpt>
      <trkpt lat="42.91148" lon="0.69698">
        <ele>536.0</ele>
      </trkpt>
      <trkpt lat="42.91144" lon="0.69726">
        <ele>542.0</ele>
      </trkpt>
      <trkpt lat="42.91141" lon="0.69741">
        <ele>544.0</ele>
      </trkpt>
      <trkpt lat="42.91136" lon="0.69754">
        <ele>545.0</ele>
      </trkpt>
      <trkpt lat="42.91117" lon="0.69802">
        <ele>543.0</ele>
      </trkpt>
      <trkpt lat="42.91113" lon="0.69818">
        <ele>544.0</ele>
      </trkpt>
      <trkpt lat="42.91112" lon="0.6983">
        <ele>545.0</ele>
      </trkpt>
      <trkpt lat="42.9111" lon="0.69848">
        <ele>546.0</ele>
      </trkpt>
      <trkpt lat="42.91109" lon="0.69872">
        <ele>550.0</ele>
      </trkpt>
      <trkpt lat="42.91106" lon="0.69891">
        <ele>552.0</ele>
      </trkpt>
      <trkpt lat="42.91093" lon="0.69931">
        <ele>550.0</ele>
      </trkpt>
      <trkpt lat="42.9109" lon="0.69946">
        <ele>549.0</ele>
      </trkpt>
      <trkpt lat="42.91089" lon="0.6996">
        <ele>550.0</ele>
      </trkpt>
      <trkpt lat="42.91091" lon="0.69987">
        <ele>553.0</ele>
      </trkpt>
      <trkpt lat="42.91091" lon="0.70003">
        <ele>554.0</ele>
      </trkpt>
      <trkpt lat="42.9109" lon="0.70014">
        <ele>555.0</ele>
      </trkpt>
      <trkpt lat="42.91087" lon="0.70025">
        <ele>555.0</ele>
      </trkpt>
      <trkpt lat="42.91082" lon="0.70045">
        <ele>555.0</ele>
      </trkpt>
      <trkpt lat="42.91074" lon="0.7007">
        <ele>555.0</ele>
      </trkpt>
      <trkpt lat="42.91066" lon="0.70094">
        <ele>556.0</ele>
      </trkpt>
      <trkpt lat="42.91061" lon="0.70105">
        <ele>556.0</ele>
      </trkpt>
      <trkpt lat="42.91047" lon="0.7013">
        <ele>554.0</ele>
      </trkpt>
      <trkpt lat="42.91045" lon="0.70136">
        <ele>555.0</ele>
      </trkpt>
      <trkpt lat="42.91043" lon="0.70144">
        <ele>555.0</ele>
      </trkpt>
      <trkpt lat="42.91042" lon="0.70154">
        <ele>556.0</ele>
      </trkpt>
      <trkpt lat="42.91042" lon="0.70189">
        <ele>559.0</ele>
      </trkpt>
      <trkpt lat="42.91045" lon="0.70206">
        <ele>561.0</ele>
      </trkpt>
      <trkpt lat="42.91054" lon="0.70236">
        <ele>566.0</ele>
      </trkpt>
      <trkpt lat="42.91056" lon="0.70248">
        <ele>567.0</ele>
      </trkpt>
      <trkpt lat="42.91061" lon="0.70286">
        <ele>568.0</ele>
      </trkpt>
      <trkpt lat="42.91063" lon="0.70298">
        <ele>568.0</ele>
      </trkpt>
      <trkpt lat="42.91066" lon="0.70311">
        <ele>569.0</ele>
      </trkpt>
      <trkpt lat="42.91075" lon="0.7033">
        <ele>571.0</ele>
      </trkpt>
      <trkpt lat="42.9109" lon="0.70358">
        <ele>576.0</ele>
      </trkpt>
      <trkpt lat="42.91095" lon="0.70372">
        <ele>579.0</ele>
      </trkpt>
      <trkpt lat="42.91097" lon="0.70382">
        <ele>580.0</ele>
      </trkpt>
      <trkpt lat="42.91117" lon="0.70568">
        <ele>588.0</ele>
      </trkpt>
      <trkpt lat="42.91124" lon="0.70598">
        <ele>592.0</ele>
      </trkpt>
      <trkpt lat="42.91129" lon="0.70615">
        <ele>594.0</ele>
      </trkpt>
      <trkpt lat="42.9114" lon="0.70638">
        <ele>599.0</ele>
      </trkpt>
      <trkpt lat="42.91169" lon="0.70694">
        <ele>609.0</ele>
      </trkpt>
      <trkpt lat="42.91176" lon="0.70711">
        <ele>611.0</ele>
      </trkpt>
      <trkpt lat="42.91179" lon="0.70724">
        <ele>612.0</ele>
      </trkpt>
      <trkpt lat="42.91191" lon="0.70779">
        <ele>615.0</ele>
      </trkpt>
      <trkpt lat="42.91195" lon="0.70794">
        <ele>616.0</ele>
      </trkpt>
      <trkpt lat="42.912" lon="0.70806">
        <ele>617.0</ele>
      </trkpt>
      <trkpt lat="42.91204" lon="0.70813">
        <ele>618.0</ele>
      </trkpt>
      <trkpt lat="42.91209" lon="0.70819">
        <ele>619.0</ele>
      </trkpt>
      <trkpt lat="42.91221" lon="0.70826">
        <ele>623.0</ele>
      </trkpt>
      <trkpt lat="42.91243" lon="0.70835">
        <ele>630.0</ele>
      </trkpt>
      <trkpt lat="42.91254" lon="0.70842">
        <ele>634.0</ele>
      </trkpt>
      <trkpt lat="42.91259" lon="0.70848">
        <ele>636.0</ele>
      </trkpt>
      <trkpt lat="42.91262" lon="0.70854">
        <ele>637.0</ele>
      </trkpt>
      <trkpt lat="42.91264" lon="0.70861">
        <ele>638.0</ele>
      </trkpt>
      <trkpt lat="42.91265" lon="0.70867">
        <ele>638.0</ele>
      </trkpt>
      <trkpt lat="42.91264" lon="0.70877">
        <ele>637.0</ele>
      </trkpt>
      <trkpt lat="42.91248" lon="0.70939">
        <ele>633.0</ele>
      </trkpt>
      <trkpt lat="42.91247" lon="0.70952">
        <ele>634.0</ele>
      </trkpt>
      <trkpt lat="42.91246" lon="0.7097">
        <ele>636.0</ele>
      </trkpt>
      <trkpt lat="42.91246" lon="0.70983">
        <ele>638.0</ele>
      </trkpt>
      <trkpt lat="42.91262" lon="0.71095">
        <ele>646.0</ele>
      </trkpt>
      <trkpt lat="42.91265" lon="0.7111">
        <ele>646.0</ele>
      </trkpt>
      <trkpt lat="42.91268" lon="0.71119">
        <ele>646.0</ele>
      </trkpt>
      <trkpt lat="42.91273" lon="0.71128">
        <ele>647.0</ele>
      </trkpt>
      <trkpt lat="42.91289" lon="0.7115">
        <ele>651.0</ele>
      </trkpt>
      <trkpt lat="42.91354" lon="0.71224">
        <ele>664.0</ele>
      </trkpt>
      <trkpt lat="42.91363" lon="0.71236">
        <ele>666.0</ele>
      </trkpt>
      <trkpt lat="42.91374" lon="0.71254">
        <ele>667.0</ele>
      </trkpt>
      <trkpt lat="42.91396" lon="0.71298">
        <ele>668.0</ele>
      </trkpt>
      <trkpt lat="42.91404" lon="0.71312">
        <ele>668.0</ele>
      </trkpt>
      <trkpt lat="42.91413" lon="0.71323">
        <ele>669.0</ele>
      </trkpt>
      <trkpt lat="42.91422" lon="0.7133">
        <ele>671.0</ele>
      </trkpt>
      <trkpt lat="42.91476" lon="0.71361">
        <ele>681.0</ele>
      </trkpt>
      <trkpt lat="42.91514" lon="0.71379">
        <ele>688.0</ele>
      </trkpt>
      <trkpt lat="42.91528" lon="0.71385">
        <ele>691.0</ele>
      </trkpt>
      <trkpt lat="42.91541" lon="0.71393">
        <ele>693.0</ele>
      </trkpt>
      <trkpt lat="42.91598" lon="0.71442">
        <ele>701.0</ele>
      </trkpt>
      <trkpt lat="42.91606" lon="0.7145">
        <ele>702.0</ele>
      </trkpt>
      <trkpt lat="42.91613" lon="0.71461">
        <ele>702.0</ele>
      </trkpt>
      <trkpt lat="42.91617" lon="0.7147">
        <ele>702.0</ele>
      </trkpt>
      <trkpt lat="42.9162" lon="0.71482">
        <ele>700.0</ele>
      </trkpt>
      <trkpt lat="42.91629" lon="0.71537">
        <ele>696.0</ele>
      </trkpt>
      <trkpt lat="42.91632" lon="0.71553">
        <ele>696.0</ele>
      </trkpt>
      <trkpt lat="42.91638" lon="0.71569">
        <ele>697.0</ele>
      </trkpt>
      <trkpt lat="42.91659" lon="0.71618">
        <ele>701.0</ele>
      </trkpt>
      <trkpt lat="42.91711" lon="0.71747">
        <ele>711.0</ele>
      </trkpt>
      <trkpt lat="42.9172" lon="0.71764">
        <ele>713.0</ele>
      </trkpt>
      <trkpt lat="42.91728" lon="0.71775">
        <ele>716.0</ele>
      </trkpt>
      <trkpt lat="42.91736" lon="0.71783">
        <ele>718.0</ele>
      </trkpt>
      <trkpt lat="42.91752" lon="0.71794">
        <ele>720.0</ele>
      </trkpt>
      <trkpt lat="42.91762" lon="0.71798">
        <ele>721.0</ele>
      </trkpt>
      <trkpt lat="42.91802" lon="0.71805">
        <ele>723.0</ele>
      </trkpt>
      <trkpt lat="42.91814" lon="0.71807">
        <ele>723.0</ele>
      </trkpt>
      <trkpt lat="42.91822" lon="0.71807">
        <ele>724.0</ele>
      </trkpt>
      <trkpt lat="42.91831" lon="0.71805">
        <ele>724.0</ele>
      </trkpt>
      <trkpt lat="42.91853" lon="0.71794">
        <ele>724.0</ele>
      </trkpt>
      <trkpt lat="42.91863" lon="0.7179">
        <ele>724.0</ele>
      </trkpt>
      <trkpt lat="42.91879" lon="0.71791">
        <ele>725.0</ele>
      </trkpt>
      <trkpt lat="42.91925" lon="0.71801">
        <ele>729.0</ele>
      </trkpt>
      <trkpt lat="42.91943" lon="0.71809">
        <ele>732.0</ele>
      </trkpt>
      <trkpt lat="42.91975" lon="0.7183">
        <ele>737.0</ele>
      </trkpt>
      <trkpt lat="42.91986" lon="0.71838">
        <ele>738.0</ele>
      </trkpt>
      <trkpt lat="42.91996" lon="0.71848">
        <ele>740.0</ele>
      </trkpt>
      <trkpt lat="42.92011" lon="0.71867">
        <ele>743.0</ele>
      </trkpt>
      <trkpt lat="42.92021" lon="0.71882">
        <ele>746.0</ele>
      </trkpt>
      <trkpt lat="42.92037" lon="0.71913">
        <ele>751.0</ele>
      </trkpt>
      <trkpt lat="42.92076" lon="0.71994">
        <ele>759.0</ele>
      </trkpt>
      <trkpt lat="42.9208" lon="0.72011">
        <ele>759.0</ele>
      </trkpt>
      <trkpt lat="42.92083" lon="0.72024">
        <ele>760.0</ele>
      </trkpt>
      <trkpt lat="42.92085" lon="0.72041">
        <ele>760.0</ele>
      </trkpt>
      <trkpt lat="42.92085" lon="0.72055">
        <ele>760.0</ele>
      </trkpt>
      <trkpt lat="42.92083" lon="0.72069">
        <ele>759.0</ele>
      </trkpt>
      <trkpt lat="42.92079" lon="0.72083">
        <ele>759.0</ele>
      </trkpt>
      <trkpt lat="42.92074" lon="0.72098">
        <ele>761.0</ele>
      </trkpt>
      <trkpt lat="42.92068" lon="0.7211">
        <ele>762.0</ele>
      </trkpt>
      <trkpt lat="42.92066" lon="0.72112">
        <ele>763.0</ele>
      </trkpt>
      <trkpt lat="42.92034" lon="0.72152">
        <ele>767.0</ele>
      </trkpt>
      <trkpt lat="42.92029" lon="0.7216">
        <ele>767.0</ele>
      </trkpt>
      <trkpt lat="42.92027" lon="0.7217">
        <ele>769.0</ele>
      </trkpt>
      <trkpt lat="42.92028" lon="0.72177">
        <ele>771.0</ele>
      </trkpt>
      <trkpt lat="42.92031" lon="0.72183">
        <ele>772.0</ele>
      </trkpt>
      <trkpt lat="42.92037" lon="0.72186">
        <ele>773.0</ele>
      </trkpt>
      <trkpt lat="42.92069" lon="0.72185">
        <ele>776.0</ele>
      </trkpt>
      <trkpt lat="42.92103" lon="0.72179">
        <ele>780.0</ele>
      </trkpt>
      <trkpt lat="42.92125" lon="0.72171">
        <ele>782.0</ele>
      </trkpt>
      <trkpt lat="42.92146" lon="0.72161">
        <ele>784.0</ele>
      </trkpt>
      <trkpt lat="42.92175" lon="0.72139">
        <ele>788.0</ele>
      </trkpt>
      <trkpt lat="42.92201" lon="0.72117">
        <ele>793.0</ele>
      </trkpt>
      <trkpt lat="42.92209" lon="0.72109">
        <ele>794.0</ele>
      </trkpt>
      <trkpt lat="42.92216" lon="0.72098">
        <ele>794.0</ele>
      </trkpt>
      <trkpt lat="42.9222" lon="0.72087">
        <ele>793.0</ele>
      </trkpt>
      <trkpt lat="42.92221" lon="0.72078">
        <ele>793.0</ele>
      </trkpt>
      <trkpt lat="42.92221" lon="0.72043">
        <ele>792.0</ele>
      </trkpt>
      <trkpt lat="42.92222" lon="0.72033">
        <ele>793.0</ele>
      </trkpt>
      <trkpt lat="42.92227" lon="0.72016">
        <ele>793.0</ele>
      </trkpt>
      <trkpt lat="42.92233" lon="0.72006">
        <ele>794.0</ele>
      </trkpt>
      <trkpt lat="42.92239" lon="0.72001">
        <ele>795.0</ele>
      </trkpt>
      <trkpt lat="42.92246" lon="0.71996">
        <ele>796.0</ele>
      </trkpt>
      <trkpt lat="42.92253" lon="0.71995">
        <ele>797.0</ele>
      </trkpt>
      <trkpt lat="42.92257" lon="0.71996">
        <ele>797.0</ele>
      </trkpt>
      <trkpt lat="42.92264" lon="0.72001">
        <ele>798.0</ele>
      </trkpt>
      <trkpt lat="42.92268" lon="0.72005">
        <ele>799.0</ele>
      </trkpt>
      <trkpt lat="42.9227" lon="0.72011">
        <ele>799.0</ele>
      </trkpt>
      <trkpt lat="42.92272" lon="0.72019">
        <ele>800.0</ele>
      </trkpt>
      <trkpt lat="42.92272" lon="0.72042">
        <ele>802.0</ele>
      </trkpt>
      <trkpt lat="42.92279" lon="0.72093">
        <ele>809.0</ele>
      </trkpt>
      <trkpt lat="42.92279" lon="0.72104">
        <ele>811.0</ele>
      </trkpt>
      <trkpt lat="42.92279" lon="0.72115">
        <ele>814.0</ele>
      </trkpt>
      <trkpt lat="42.92277" lon="0.72123">
        <ele>815.0</ele>
      </trkpt>
      <trkpt lat="42.92274" lon="0.72129">
        <ele>816.0</ele>
      </trkpt>
      <trkpt lat="42.92251" lon="0.7216">
        <ele>818.0</ele>
      </trkpt>
      <trkpt lat="42.92227" lon="0.72195">
        <ele>820.0</ele>
      </trkpt>
      <trkpt lat="42.92213" lon="0.72211">
        <ele>821.0</ele>
      </trkpt>
      <trkpt lat="42.92197" lon="0.72225">
        <ele>820.0</ele>
      </trkpt>
      <trkpt lat="42.92186" lon="0.72237">
        <ele>821.0</ele>
      </trkpt>
      <trkpt lat="42.92177" lon="0.72249">
        <ele>822.0</ele>
      </trkpt>
      <trkpt lat="42.9217" lon="0.72261">
        <ele>823.0</ele>
      </trkpt>
      <trkpt lat="42.92166" lon="0.72272">
        <ele>824.0</ele>
      </trkpt>
      <trkpt lat="42.92163" lon="0.72293">
        <ele>829.0</ele>
      </trkpt>
      <trkpt lat="42.9216" lon="0.72301">
        <ele>830.0</ele>
      </trkpt>
      <trkpt lat="42.92156" lon="0.72308">
        <ele>831.0</ele>
      </trkpt>
      <trkpt lat="42.92131" lon="0.72335">
        <ele>831.0</ele>
      </trkpt>
      <trkpt lat="42.92125" lon="0.72344">
        <ele>832.0</ele>
      </trkpt>
      <trkpt lat="42.92115" lon="0.72375">
        <ele>838.0</ele>
      </trkpt>
      <trkpt lat="42.9211" lon="0.72385">
        <ele>840.0</ele>
      </trkpt>
      <trkpt lat="42.92102" lon="0.72394">
        <ele>841.0</ele>
      </trkpt>
      <trkpt lat="42.92059" lon="0.72426">
        <ele>845.0</ele>
      </trkpt>
      <trkpt lat="42.92027" lon="0.72454">
        <ele>849.0</ele>
      </trkpt>
      <trkpt lat="42.91987" lon="0.72493">
        <ele>853.0</ele>
      </trkpt>
      <trkpt lat="42.91975" lon="0.72502">
        <ele>854.0</ele>
      </trkpt>
      <trkpt lat="42.91967" lon="0.72511">
        <ele>854.0</ele>
      </trkpt>
      <trkpt lat="42.9196" lon="0.7252">
        <ele>855.0</ele>
      </trkpt>
      <trkpt lat="42.91953" lon="0.72532">
        <ele>857.0</ele>
      </trkpt>
      <trkpt lat="42.91939" lon="0.72561">
        <ele>860.0</ele>
      </trkpt>
      <trkpt lat="42.91921" lon="0.72599">
        <ele>861.0</ele>
      </trkpt>
      <trkpt lat="42.91916" lon="0.72615">
        <ele>862.0</ele>
      </trkpt>
      <trkpt lat="42.91913" lon="0.72629">
        <ele>863.0</ele>
      </trkpt>
      <trkpt lat="42.9191" lon="0.72646">
        <ele>865.0</ele>
      </trkpt>
      <trkpt lat="42.91908" lon="0.72678">
        <ele>869.0</ele>
      </trkpt>
      <trkpt lat="42.91907" lon="0.7269">
        <ele>870.0</ele>
      </trkpt>
      <trkpt lat="42.91908" lon="0.72713">
        <ele>873.0</ele>
      </trkpt>
      <trkpt lat="42.9191" lon="0.72735">
        <ele>877.0</ele>
      </trkpt>
      <trkpt lat="42.9191" lon="0.7275">
        <ele>878.0</ele>
      </trkpt>
      <trkpt lat="42.91908" lon="0.72762">
        <ele>879.0</ele>
      </trkpt>
      <trkpt lat="42.91903" lon="0.7278">
        <ele>879.0</ele>
      </trkpt>
      <trkpt lat="42.91878" lon="0.72851">
        <ele>878.0</ele>
      </trkpt>
      <trkpt lat="42.91861" lon="0.72904">
        <ele>883.0</ele>
      </trkpt>
      <trkpt lat="42.91844" lon="0.72945">
        <ele>885.0</ele>
      </trkpt>
      <trkpt lat="42.9184" lon="0.7296">
        <ele>887.0</ele>
      </trkpt>
      <trkpt lat="42.91834" lon="0.73012">
        <ele>895.0</ele>
      </trkpt>
      <trkpt lat="42.91821" lon="0.73064">
        <ele>898.0</ele>
      </trkpt>
      <trkpt lat="42.91816" lon="0.73088">
        <ele>900.0</ele>
      </trkpt>
      <trkpt lat="42.91798" lon="0.73203">
        <ele>917.0</ele>
      </trkpt>
      <trkpt lat="42.91788" lon="0.73255">
        <ele>923.0</ele>
      </trkpt>
      <trkpt lat="42.91785" lon="0.73267">
        <ele>924.0</ele>
      </trkpt>
      <trkpt lat="42.9178" lon="0.73277">
        <ele>923.0</ele>
      </trkpt>
      <trkpt lat="42.91773" lon="0.73288">
        <ele>921.0</ele>
      </trkpt>
      <trkpt lat="42.91766" lon="0.73303">
        <ele>919.0</ele>
      </trkpt>
      <trkpt lat="42.91761" lon="0.73318">
        <ele>920.0</ele>
      </trkpt>
      <trkpt lat="42.91758" lon="0.7334">
        <ele>923.0</ele>
      </trkpt>
      <trkpt lat="42.91755" lon="0.73373">
        <ele>927.0</ele>
      </trkpt>
      <trkpt lat="42.91751" lon="0.73396">
        <ele>929.0</ele>
      </trkpt>
      <trkpt lat="42.91746" lon="0.73418">
        <ele>930.0</ele>
      </trkpt>
      <trkpt lat="42.91726" lon="0.73492">
        <ele>934.0</ele>
      </trkpt>
      <trkpt lat="42.91716" lon="0.73542">
        <ele>939.0</ele>
      </trkpt>
      <trkpt lat="42.91701" lon="0.73635">
        <ele>949.0</ele>
      </trkpt>
      <trkpt lat="42.91698" lon="0.73648">
        <ele>950.0</ele>
      </trkpt>
      <trkpt lat="42.91693" lon="0.73657">
        <ele>950.0</ele>
      </trkpt>
      <trkpt lat="42.91676" lon="0.73676">
        <ele>945.0</ele>
      </trkpt>
      <trkpt lat="42.91668" lon="0.73688">
        <ele>944.0</ele>
      </trkpt>
      <trkpt lat="42.91665" lon="0.73695">
        <ele>944.0</ele>
      </trkpt>
      <trkpt lat="42.91664" lon="0.73702">
        <ele>945.0</ele>
      </trkpt>
      <trkpt lat="42.91663" lon="0.7371">
        <ele>946.0</ele>
      </trkpt>
      <trkpt lat="42.91665" lon="0.73717">
        <ele>948.0</ele>
      </trkpt>
      <trkpt lat="42.91667" lon="0.73725">
        <ele>950.0</ele>
      </trkpt>
      <trkpt lat="42.91673" lon="0.73742">
        <ele>957.0</ele>
      </trkpt>
      <trkpt lat="42.91705" lon="0.73801">
        <ele>980.0</ele>
      </trkpt>
      <trkpt lat="42.91719" lon="0.73843">
        <ele>989.0</ele>
      </trkpt>
      <trkpt lat="42.9172" lon="0.73853">
        <ele>991.0</ele>
      </trkpt>
      <trkpt lat="42.9172" lon="0.7386">
        <ele>992.0</ele>
      </trkpt>
      <trkpt lat="42.91718" lon="0.73868">
        <ele>992.0</ele>
      </trkpt>
      <trkpt lat="42.91715" lon="0.73873">
        <ele>992.0</ele>
      </trkpt>
      <trkpt lat="42.9171" lon="0.73879">
        <ele>992.0</ele>
      </trkpt>
      <trkpt lat="42.91705" lon="0.73883">
        <ele>992.0</ele>
      </trkpt>
      <trkpt lat="42.91696" lon="0.73886">
        <ele>990.0</ele>
      </trkpt>
      <trkpt lat="42.91677" lon="0.73885">
        <ele>986.0</ele>
      </trkpt>
      <trkpt lat="42.91664" lon="0.73881">
        <ele>982.0</ele>
      </trkpt>
      <trkpt lat="42.91641" lon="0.73872">
        <ele>973.0</ele>
      </trkpt>
      <trkpt lat="42.91633" lon="0.73871">
        <ele>971.0</ele>
      </trkpt>
      <trkpt lat="42.91621" lon="0.73874">
        <ele>969.0</ele>
      </trkpt>
      <trkpt lat="42.9161" lon="0.73885">
        <ele>970.0</ele>
      </trkpt>
      <trkpt lat="42.91604" lon="0.73893">
        <ele>971.0</ele>
      </trkpt>
      <trkpt lat="42.91598" lon="0.73907">
        <ele>975.0</ele>
      </trkpt>
      <trkpt lat="42.91584" lon="0.7394">
        <ele>982.0</ele>
      </trkpt>
      <trkpt lat="42.91575" lon="0.73968">
        <ele>986.0</ele>
      </trkpt>
      <trkpt lat="42.91571" lon="0.73984">
        <ele>989.0</ele>
      </trkpt>
      <trkpt lat="42.9157" lon="0.73994">
        <ele>991.0</ele>
      </trkpt>
      <trkpt lat="42.91571" lon="0.74006">
        <ele>994.0</ele>
      </trkpt>
      <trkpt lat="42.91573" lon="0.74018">
        <ele>996.0</ele>
      </trkpt>
      <trkpt lat="42.91578" lon="0.74034">
        <ele>1001.0</ele>
      </trkpt>
      <trkpt lat="42.91589" lon="0.74098">
        <ele>1015.0</ele>
      </trkpt>
      <trkpt lat="42.9159" lon="0.74113">
        <ele>1019.0</ele>
      </trkpt>
      <trkpt lat="42.9159" lon="0.74124">
        <ele>1021.0</ele>
      </trkpt>
      <trkpt lat="42.91588" lon="0.74133">
        <ele>1021.0</ele>
      </trkpt>
      <trkpt lat="42.91585" lon="0.74141">
        <ele>1021.0</ele>
      </trkpt>
      <trkpt lat="42.91581" lon="0.74149">
        <ele>1021.0</ele>
      </trkpt>
      <trkpt lat="42.91577" lon="0.74154">
        <ele>1020.0</ele>
      </trkpt>
      <trkpt lat="42.91555" lon="0.74165">
        <ele>1012.0</ele>
      </trkpt>
      <trkpt lat="42.91551" lon="0.7417">
        <ele>1011.0</ele>
      </trkpt>
      <trkpt lat="42.91546" lon="0.74177">
        <ele>1011.0</ele>
      </trkpt>
      <trkpt lat="42.9154" lon="0.7419">
        <ele>1011.0</ele>
      </trkpt>
      <trkpt lat="42.91524" lon="0.74237">
        <ele>1014.0</ele>
      </trkpt>
      <trkpt lat="42.91517" lon="0.74271">
        <ele>1017.0</ele>
      </trkpt>
      <trkpt lat="42.91505" lon="0.74341">
        <ele>1022.0</ele>
      </trkpt>
      <trkpt lat="42.91504" lon="0.74355">
        <ele>1024.0</ele>
      </trkpt>
      <trkpt lat="42.91504" lon="0.74386">
        <ele>1029.0</ele>
      </trkpt>
      <trkpt lat="42.91501" lon="0.74422">
        <ele>1033.0</ele>
      </trkpt>
      <trkpt lat="42.91499" lon="0.74434">
        <ele>1033.0</ele>
      </trkpt>
      <trkpt lat="42.91492" lon="0.74461">
        <ele>1033.0</ele>
      </trkpt>
      <trkpt lat="42.91488" lon="0.74486">
        <ele>1034.0</ele>
      </trkpt>
      <trkpt lat="42.91488" lon="0.74497">
        <ele>1035.0</ele>
      </trkpt>
      <trkpt lat="42.9149" lon="0.74517">
        <ele>1038.0</ele>
      </trkpt>
      <trkpt lat="42.9149" lon="0.74545">
        <ele>1040.0</ele>
      </trkpt>
      <trkpt lat="42.9149" lon="0.74553">
        <ele>1041.0</ele>
      </trkpt>
      <trkpt lat="42.91491" lon="0.7456">
        <ele>1042.0</ele>
      </trkpt>
      <trkpt lat="42.91492" lon="0.74563">
        <ele>1043.0</ele>
      </trkpt>
      <trkpt lat="42.91495" lon="0.74567">
        <ele>1045.0</ele>
      </trkpt>
      <trkpt lat="42.91498" lon="0.74568">
        <ele>1046.0</ele>
      </trkpt>
      <trkpt lat="42.91501" lon="0.74568">
        <ele>1047.0</ele>
      </trkpt>
      <trkpt lat="42.91504" lon="0.74565">
        <ele>1048.0</ele>
      </trkpt>
      <trkpt lat="42.91507" lon="0.74562">
        <ele>1049.0</ele>
      </trkpt>
      <trkpt lat="42.91508" lon="0.74555">
        <ele>1049.0</ele>
      </trkpt>
      <trkpt lat="42.91507" lon="0.74547">
        <ele>1048.0</ele>
      </trkpt>
      <trkpt lat="42.91507" lon="0.74525">
        <ele>1046.0</ele>
      </trkpt>
      <trkpt lat="42.91514" lon="0.74498">
        <ele>1047.0</ele>
      </trkpt>
      <trkpt lat="42.91518" lon="0.74487">
        <ele>1049.0</ele>
      </trkpt>
      <trkpt lat="42.91531" lon="0.74466">
        <ele>1054.0</ele>
      </trkpt>
      <trkpt lat="42.91534" lon="0.74457">
        <ele>1054.0</ele>
      </trkpt>
      <trkpt lat="42.91537" lon="0.74439">
        <ele>1054.0</ele>
      </trkpt>
      <trkpt lat="42.91547" lon="0.74406">
        <ele>1057.0</ele>
      </trkpt>
      <trkpt lat="42.91548" lon="0.744">
        <ele>1056.0</ele>
      </trkpt>
      <trkpt lat="42.91549" lon="0.74386">
        <ele>1055.0</ele>
      </trkpt>
      <trkpt lat="42.9155" lon="0.74382">
        <ele>1055.0</ele>
      </trkpt>
      <trkpt lat="42.91552" lon="0.7438">
        <ele>1056.0</ele>
      </trkpt>
      <trkpt lat="42.91556" lon="0.74379">
        <ele>1058.0</ele>
      </trkpt>
      <trkpt lat="42.9156" lon="0.74381">
        <ele>1061.0</ele>
      </trkpt>
      <trkpt lat="42.91561" lon="0.74385">
        <ele>1062.0</ele>
      </trkpt>
      <trkpt lat="42.91562" lon="0.74391">
        <ele>1063.0</ele>
      </trkpt>
      <trkpt lat="42.91561" lon="0.74398">
        <ele>1063.0</ele>
      </trkpt>
      <trkpt lat="42.91557" lon="0.74416">
        <ele>1063.0</ele>
      </trkpt>
      <trkpt lat="42.91556" lon="0.74428">
        <ele>1064.0</ele>
      </trkpt>
      <trkpt lat="42.91556" lon="0.74445">
        <ele>1065.0</ele>
      </trkpt>
      <trkpt lat="42.91557" lon="0.74482">
        <ele>1069.0</ele>
      </trkpt>
      <trkpt lat="42.91556" lon="0.74498">
        <ele>1070.0</ele>
      </trkpt>
      <trkpt lat="42.91553" lon="0.74524">
        <ele>1070.0</ele>
      </trkpt>
      <trkpt lat="42.91553" lon="0.74541">
        <ele>1071.0</ele>
      </trkpt>
      <trkpt lat="42.9156" lon="0.74601">
        <ele>1079.0</ele>
      </trkpt>
      <trkpt lat="42.91561" lon="0.74612">
        <ele>1081.0</ele>
      </trkpt>
      <trkpt lat="42.9156" lon="0.74621">
        <ele>1082.0</ele>
      </trkpt>
      <trkpt lat="42.91558" lon="0.74631">
        <ele>1082.0</ele>
      </trkpt>
      <trkpt lat="42.91547" lon="0.74662">
        <ele>1079.0</ele>
      </trkpt>
      <trkpt lat="42.91546" lon="0.7467">
        <ele>1079.0</ele>
      </trkpt>
      <trkpt lat="42.91544" lon="0.74714">
        <ele>1084.0</ele>
      </trkpt>
      <trkpt lat="42.91537" lon="0.74761">
        <ele>1087.0</ele>
      </trkpt>
      <trkpt lat="42.91536" lon="0.74772">
        <ele>1087.0</ele>
      </trkpt>
      <trkpt lat="42.91536" lon="0.74802">
        <ele>1091.0</ele>
      </trkpt>
      <trkpt lat="42.91535" lon="0.74814">
        <ele>1091.0</ele>
      </trkpt>
      <trkpt lat="42.91531" lon="0.74852">
        <ele>1094.0</ele>
      </trkpt>
      <trkpt lat="42.91525" lon="0.74906">
        <ele>1098.0</ele>
      </trkpt>
      <trkpt lat="42.91524" lon="0.7492">
        <ele>1099.0</ele>
      </trkpt>
      <trkpt lat="42.91525" lon="0.74931">
        <ele>1101.0</ele>
      </trkpt>
      <trkpt lat="42.91529" lon="0.7496">
        <ele>1107.0</ele>
      </trkpt>
      <trkpt lat="42.9153" lon="0.74973">
        <ele>1110.0</ele>
      </trkpt>
      <trkpt lat="42.9153" lon="0.74985">
        <ele>1111.0</ele>
      </trkpt>
      <trkpt lat="42.91528" lon="0.75008">
        <ele>1112.0</ele>
      </trkpt>
      <trkpt lat="42.91528" lon="0.75019">
        <ele>1113.0</ele>
      </trkpt>
      <trkpt lat="42.9153" lon="0.75031">
        <ele>1115.0</ele>
      </trkpt>
      <trkpt lat="42.91539" lon="0.75075">
        <ele>1122.0</ele>
      </trkpt>
      <trkpt lat="42.91542" lon="0.75095">
        <ele>1125.0</ele>
      </trkpt>
      <trkpt lat="42.91543" lon="0.75108">
        <ele>1127.0</ele>
      </trkpt>
      <trkpt lat="42.91543" lon="0.75121">
        <ele>1128.0</ele>
      </trkpt>
      <trkpt lat="42.9154" lon="0.75149">
        <ele>1130.0</ele>
      </trkpt>
      <trkpt lat="42.91537" lon="0.75164">
        <ele>1131.0</ele>
      </trkpt>
      <trkpt lat="42.91534" lon="0.7517">
        <ele>1132.0</ele>
      </trkpt>
      <trkpt lat="42.91527" lon="0.75177">
        <ele>1132.0</ele>
      </trkpt>
      <trkpt lat="42.91521" lon="0.75178">
        <ele>1131.0</ele>
      </trkpt>
      <trkpt lat="42.91499" lon="0.75179">
        <ele>1127.0</ele>
      </trkpt>
      <trkpt lat="42.9149" lon="0.75181">
        <ele>1127.0</ele>
      </trkpt>
      <trkpt lat="42.91479" lon="0.75185">
        <ele>1128.0</ele>
      </trkpt>
      <trkpt lat="42.91447" lon="0.752">
        <ele>1130.0</ele>
      </trkpt>
      <trkpt lat="42.91431" lon="0.75206">
        <ele>1131.0</ele>
      </trkpt>
      <trkpt lat="42.91415" lon="0.75211">
        <ele>1130.0</ele>
      </trkpt>
      <trkpt lat="42.91407" lon="0.75215">
        <ele>1130.0</ele>
      </trkpt>
      <trkpt lat="42.91394" lon="0.75223">
        <ele>1129.0</ele>
      </trkpt>
      <trkpt lat="42.91383" lon="0.75233">
        <ele>1130.0</ele>
      </trkpt>
      <trkpt lat="42.91373" lon="0.75245">
        <ele>1130.0</ele>
      </trkpt>
      <trkpt lat="42.91366" lon="0.75258">
        <ele>1131.0</ele>
      </trkpt>
      <trkpt lat="42.9136" lon="0.75274">
        <ele>1133.0</ele>
      </trkpt>
      <trkpt lat="42.9135" lon="0.75323">
        <ele>1139.0</ele>
      </trkpt>
      <trkpt lat="42.91341" lon="0.75356">
        <ele>1141.0</ele>
      </trkpt>
      <trkpt lat="42.91337" lon="0.75368">
        <ele>1142.0</ele>
      </trkpt>
      <trkpt lat="42.91332" lon="0.75382">
        <ele>1143.0</ele>
      </trkpt>
      <trkpt lat="42.91324" lon="0.75399">
        <ele>1145.0</ele>
      </trkpt>
      <trkpt lat="42.91323" lon="0.75403">
        <ele>1146.0</ele>
      </trkpt>
      <trkpt lat="42.91323" lon="0.75407">
        <ele>1146.0</ele>
      </trkpt>
      <trkpt lat="42.91327" lon="0.75413">
        <ele>1147.0</ele>
      </trkpt>
      <trkpt lat="42.9133" lon="0.75413">
        <ele>1147.0</ele>
      </trkpt>
      <trkpt lat="42.91334" lon="0.75412">
        <ele>1147.0</ele>
      </trkpt>
      <trkpt lat="42.91337" lon="0.75408">
        <ele>1148.0</ele>
      </trkpt>
      <trkpt lat="42.9135" lon="0.75385">
        <ele>1148.0</ele>
      </trkpt>
      <trkpt lat="42.91361" lon="0.75369">
        <ele>1149.0</ele>
      </trkpt>
      <trkpt lat="42.91401" lon="0.75313">
        <ele>1153.0</ele>
      </trkpt>
      <trkpt lat="42.91408" lon="0.75305">
        <ele>1154.0</ele>
      </trkpt>
      <trkpt lat="42.91413" lon="0.75303">
        <ele>1155.0</ele>
      </trkpt>
      <trkpt lat="42.91416" lon="0.75304">
        <ele>1156.0</ele>
      </trkpt>
      <trkpt lat="42.91419" lon="0.75306">
        <ele>1157.0</ele>
      </trkpt>
      <trkpt lat="42.91421" lon="0.7531">
        <ele>1158.0</ele>
      </trkpt>
      <trkpt lat="42.91421" lon="0.75316">
        <ele>1160.0</ele>
      </trkpt>
      <trkpt lat="42.91419" lon="0.7532">
        <ele>1160.0</ele>
      </trkpt>
      <trkpt lat="42.91409" lon="0.75338">
        <ele>1161.0</ele>
      </trkpt>
      <trkpt lat="42.91406" lon="0.75347">
        <ele>1161.0</ele>
      </trkpt>
      <trkpt lat="42.91404" lon="0.75357">
        <ele>1161.0</ele>
      </trkpt>
      <trkpt lat="42.91404" lon="0.75373">
        <ele>1163.0</ele>
      </trkpt>
      <trkpt lat="42.91405" lon="0.75406">
        <ele>1166.0</ele>
      </trkpt>
      <trkpt lat="42.91404" lon="0.75427">
        <ele>1168.0</ele>
      </trkpt>
      <trkpt lat="42.91402" lon="0.75439">
        <ele>1169.0</ele>
      </trkpt>
      <trkpt lat="42.91398" lon="0.75455">
        <ele>1170.0</ele>
      </trkpt>
      <trkpt lat="42.91393" lon="0.75467">
        <ele>1170.0</ele>
      </trkpt>
      <trkpt lat="42.91388" lon="0.75477">
        <ele>1170.0</ele>
      </trkpt>
      <trkpt lat="42.91371" lon="0.755">
        <ele>1169.0</ele>
      </trkpt>
      <trkpt lat="42.91369" lon="0.75507">
        <ele>1170.0</ele>
      </trkpt>
      <trkpt lat="42.91369" lon="0.75512">
        <ele>1171.0</ele>
      </trkpt>
      <trkpt lat="42.9137" lon="0.75516">
        <ele>1172.0</ele>
      </trkpt>
      <trkpt lat="42.91373" lon="0.7552">
        <ele>1173.0</ele>
      </trkpt>
      <trkpt lat="42.91376" lon="0.75521">
        <ele>1174.0</ele>
      </trkpt>
      <trkpt lat="42.91379" lon="0.75521">
        <ele>1174.0</ele>
      </trkpt>
      <trkpt lat="42.91384" lon="0.75519">
        <ele>1175.0</ele>
      </trkpt>
      <trkpt lat="42.91403" lon="0.75494">
        <ele>1175.0</ele>
      </trkpt>
      <trkpt lat="42.91415" lon="0.75484">
        <ele>1177.0</ele>
      </trkpt>
      <trkpt lat="42.91434" lon="0.75468">
        <ele>1178.0</ele>
      </trkpt>
      <trkpt lat="42.91442" lon="0.7546">
        <ele>1178.0</ele>
      </trkpt>
      <trkpt lat="42.91453" lon="0.75448">
        <ele>1179.0</ele>
      </trkpt>
      <trkpt lat="42.91457" lon="0.75445">
        <ele>1179.0</ele>
      </trkpt>
      <trkpt lat="42.91461" lon="0.75446">
        <ele>1180.0</ele>
      </trkpt>
      <trkpt lat="42.91466" lon="0.75452">
        <ele>1181.0</ele>
      </trkpt>
      <trkpt lat="42.91466" lon="0.75457">
        <ele>1182.0</ele>
      </trkpt>
      <trkpt lat="42.91465" lon="0.75462">
        <ele>1182.0</ele>
      </trkpt>
      <trkpt lat="42.91463" lon="0.75466">
        <ele>1182.0</ele>
      </trkpt>
      <trkpt lat="42.91456" lon="0.75472">
        <ele>1182.0</ele>
      </trkpt>
      <trkpt lat="42.91451" lon="0.75479">
        <ele>1182.0</ele>
      </trkpt>
      <trkpt lat="42.91447" lon="0.75487">
        <ele>1183.0</ele>
      </trkpt>
      <trkpt lat="42.91444" lon="0.75497">
        <ele>1183.0</ele>
      </trkpt>
      <trkpt lat="42.9144" lon="0.75517">
        <ele>1185.0</ele>
      </trkpt>
      <trkpt lat="42.91429" lon="0.75585">
        <ele>1190.0</ele>
      </trkpt>
      <trkpt lat="42.91422" lon="0.75614">
        <ele>1193.0</ele>
      </trkpt>
      <trkpt lat="42.91413" lon="0.75639">
        <ele>1196.0</ele>
      </trkpt>
      <trkpt lat="42.91402" lon="0.75659">
        <ele>1199.0</ele>
      </trkpt>
      <trkpt lat="42.91401" lon="0.75665">
        <ele>1200.0</ele>
      </trkpt>
      <trkpt lat="42.914" lon="0.7567">
        <ele>1201.0</ele>
      </trkpt>
      <trkpt lat="42.91402" lon="0.75676">
        <ele>1202.0</ele>
      </trkpt>
      <trkpt lat="42.91404" lon="0.7568">
        <ele>1203.0</ele>
      </trkpt>
      <trkpt lat="42.91408" lon="0.75682">
        <ele>1203.0</ele>
      </trkpt>
      <trkpt lat="42.91411" lon="0.75683">
        <ele>1203.0</ele>
      </trkpt>
      <trkpt lat="42.91416" lon="0.7568">
        <ele>1203.0</ele>
      </trkpt>
      <trkpt lat="42.91422" lon="0.75675">
        <ele>1203.0</ele>
      </trkpt>
      <trkpt lat="42.91447" lon="0.75644">
        <ele>1203.0</ele>
      </trkpt>
      <trkpt lat="42.9146" lon="0.75625">
        <ele>1204.0</ele>
      </trkpt>
      <trkpt lat="42.91477" lon="0.75591">
        <ele>1203.0</ele>
      </trkpt>
      <trkpt lat="42.91481" lon="0.75588">
        <ele>1203.0</ele>
      </trkpt>
      <trkpt lat="42.91485" lon="0.75587">
        <ele>1204.0</ele>
      </trkpt>
      <trkpt lat="42.91489" lon="0.75589">
        <ele>1205.0</ele>
      </trkpt>
      <trkpt lat="42.91491" lon="0.75593">
        <ele>1206.0</ele>
      </trkpt>
      <trkpt lat="42.91492" lon="0.75597">
        <ele>1207.0</ele>
      </trkpt>
      <trkpt lat="42.91493" lon="0.75602">
        <ele>1208.0</ele>
      </trkpt>
      <trkpt lat="42.91487" lon="0.75623">
        <ele>1210.0</ele>
      </trkpt>
      <trkpt lat="42.91486" lon="0.75632">
        <ele>1211.0</ele>
      </trkpt>
      <trkpt lat="42.91482" lon="0.75678">
        <ele>1217.0</ele>
      </trkpt>
      <trkpt lat="42.91479" lon="0.75689">
        <ele>1219.0</ele>
      </trkpt>
      <trkpt lat="42.91469" lon="0.75715">
        <ele>1223.0</ele>
      </trkpt>
      <trkpt lat="42.91468" lon="0.75719">
        <ele>1223.0</ele>
      </trkpt>
      <trkpt lat="42.91468" lon="0.75723">
        <ele>1224.0</ele>
      </trkpt>
      <trkpt lat="42.9147" lon="0.75726">
        <ele>1225.0</ele>
      </trkpt>
      <trkpt lat="42.91472" lon="0.75729">
        <ele>1227.0</ele>
      </trkpt>
      <trkpt lat="42.91477" lon="0.75731">
        <ele>1228.0</ele>
      </trkpt>
      <trkpt lat="42.91481" lon="0.75729">
        <ele>1229.0</ele>
      </trkpt>
      <trkpt lat="42.91486" lon="0.75725">
        <ele>1229.0</ele>
      </trkpt>
      <trkpt lat="42.9151" lon="0.75673">
        <ele>1222.0</ele>
      </trkpt>
      <trkpt lat="42.91516" lon="0.75665">
        <ele>1220.0</ele>
      </trkpt>
      <trkpt lat="42.91522" lon="0.75661">
        <ele>1220.0</ele>
      </trkpt>
      <trkpt lat="42.91528" lon="0.75659">
        <ele>1221.0</ele>
      </trkpt>
      <trkpt lat="42.91535" lon="0.75659">
        <ele>1221.0</ele>
      </trkpt>
      <trkpt lat="42.91542" lon="0.75661">
        <ele>1222.0</ele>
      </trkpt>
      <trkpt lat="42.91548" lon="0.75666">
        <ele>1224.0</ele>
      </trkpt>
      <trkpt lat="42.91555" lon="0.75673">
        <ele>1227.0</ele>
      </trkpt>
      <trkpt lat="42.91585" lon="0.75719">
        <ele>1243.0</ele>
      </trkpt>
      <trkpt lat="42.91596" lon="0.75733">
        <ele>1247.0</ele>
      </trkpt>
      <trkpt lat="42.91607" lon="0.75744">
        <ele>1249.0</ele>
      </trkpt>
      <trkpt lat="42.91616" lon="0.75752">
        <ele>1251.0</ele>
      </trkpt>
      <trkpt lat="42.91626" lon="0.75758">
        <ele>1253.0</ele>
      </trkpt>
      <trkpt lat="42.91646" lon="0.75764">
        <ele>1254.0</ele>
      </trkpt>
      <trkpt lat="42.91655" lon="0.75765">
        <ele>1254.0</ele>
      </trkpt>
      <trkpt lat="42.9167" lon="0.75763">
        <ele>1255.0</ele>
      </trkpt>
      <trkpt lat="42.91682" lon="0.75755">
        <ele>1257.0</ele>
      </trkpt>
      <trkpt lat="42.91685" lon="0.75749">
        <ele>1257.0</ele>
      </trkpt>
      <trkpt lat="42.91687" lon="0.75744">
        <ele>1258.0</ele>
      </trkpt>
      <trkpt lat="42.91687" lon="0.75738">
        <ele>1258.0</ele>
      </trkpt>
      <trkpt lat="42.91686" lon="0.7573">
        <ele>1257.0</ele>
      </trkpt>
      <trkpt lat="42.91682" lon="0.75708">
        <ele>1254.0</ele>
      </trkpt>
      <trkpt lat="42.91681" lon="0.75698">
        <ele>1254.0</ele>
      </trkpt>
      <trkpt lat="42.91681" lon="0.75654">
        <ele>1251.0</ele>
      </trkpt>
      <trkpt lat="42.9168" lon="0.75622">
        <ele>1249.0</ele>
      </trkpt>
      <trkpt lat="42.91681" lon="0.75614">
        <ele>1249.0</ele>
      </trkpt>
      <trkpt lat="42.91683" lon="0.7561">
        <ele>1250.0</ele>
      </trkpt>
      <trkpt lat="42.91687" lon="0.75609">
        <ele>1251.0</ele>
      </trkpt>
      <trkpt lat="42.9169" lon="0.75609">
        <ele>1253.0</ele>
      </trkpt>
      <trkpt lat="42.91693" lon="0.75612">
        <ele>1254.0</ele>
      </trkpt>
      <trkpt lat="42.91695" lon="0.75615">
        <ele>1256.0</ele>
      </trkpt>
      <trkpt lat="42.91697" lon="0.75621">
        <ele>1257.0</ele>
      </trkpt>
      <trkpt lat="42.91697" lon="0.75629">
        <ele>1257.0</ele>
      </trkpt>
      <trkpt lat="42.91694" lon="0.75654">
        <ele>1258.0</ele>
      </trkpt>
      <trkpt lat="42.91694" lon="0.75663">
        <ele>1259.0</ele>
      </trkpt>
      <trkpt lat="42.91696" lon="0.75684">
        <ele>1260.0</ele>
      </trkpt>
      <trkpt lat="42.917" lon="0.75696">
        <ele>1262.0</ele>
      </trkpt>
      <trkpt lat="42.91706" lon="0.75712">
        <ele>1265.0</ele>
      </trkpt>
      <trkpt lat="42.91713" lon="0.75726">
        <ele>1268.0</ele>
      </trkpt>
      <trkpt lat="42.91719" lon="0.75738">
        <ele>1271.0</ele>
      </trkpt>
      <trkpt lat="42.91741" lon="0.75775">
        <ele>1279.0</ele>
      </trkpt>
      <trkpt lat="42.91747" lon="0.75787">
        <ele>1280.0</ele>
      </trkpt>
      <trkpt lat="42.91751" lon="0.75798">
        <ele>1280.0</ele>
      </trkpt>
      <trkpt lat="42.91753" lon="0.75811">
        <ele>1280.0</ele>
      </trkpt>
      <trkpt lat="42.91754" lon="0.75839">
        <ele>1280.0</ele>
      </trkpt>
      <trkpt lat="42.91755" lon="0.75847">
        <ele>1283.0</ele>
      </trkpt>
      <trkpt lat="42.91759" lon="0.75852">
        <ele>1285.0</ele>
      </trkpt>
      <trkpt lat="42.91762" lon="0.75854">
        <ele>1287.0</ele>
      </trkpt>
      <trkpt lat="42.91766" lon="0.75855">
        <ele>1288.0</ele>
      </trkpt>
      <trkpt lat="42.9177" lon="0.75854">
        <ele>1290.0</ele>
      </trkpt>
      <trkpt lat="42.91773" lon="0.75851">
        <ele>1290.0</ele>
      </trkpt>
      <trkpt lat="42.91775" lon="0.75845">
        <ele>1289.0</ele>
      </trkpt>
      <trkpt lat="42.91775" lon="0.75839">
        <ele>1288.0</ele>
      </trkpt>
      <trkpt lat="42.91774" lon="0.75826">
        <ele>1288.0</ele>
      </trkpt>
      <trkpt lat="42.9177" lon="0.75804">
        <ele>1288.0</ele>
      </trkpt>
      <trkpt lat="42.91768" lon="0.7579">
        <ele>1289.0</ele>
      </trkpt>
      <trkpt lat="42.91763" lon="0.75777">
        <ele>1288.0</ele>
      </trkpt>
      <trkpt lat="42.91758" lon="0.75767">
        <ele>1286.0</ele>
      </trkpt>
      <trkpt lat="42.91756" lon="0.75759">
        <ele>1286.0</ele>
      </trkpt>
      <trkpt lat="42.91757" lon="0.75752">
        <ele>1287.0</ele>
      </trkpt>
      <trkpt lat="42.9176" lon="0.75748">
        <ele>1289.0</ele>
      </trkpt>
      <trkpt lat="42.91764" lon="0.75746">
        <ele>1291.0</ele>
      </trkpt>
      <trkpt lat="42.91767" lon="0.75746">
        <ele>1293.0</ele>
      </trkpt>
      <trkpt lat="42.91771" lon="0.75749">
        <ele>1295.0</ele>
      </trkpt>
      <trkpt lat="42.91773" lon="0.75753">
        <ele>1295.0</ele>
      </trkpt>
      <trkpt lat="42.91775" lon="0.75759">
        <ele>1296.0</ele>
      </trkpt>
      <trkpt lat="42.9178" lon="0.75781">
        <ele>1296.0</ele>
      </trkpt>
      <trkpt lat="42.918" lon="0.75851">
        <ele>1299.0</ele>
      </trkpt>
      <trkpt lat="42.91804" lon="0.75879">
        <ele>1303.0</ele>
      </trkpt>
      <trkpt lat="42.91804" lon="0.75905">
        <ele>1305.0</ele>
      </trkpt>
      <trkpt lat="42.91805" lon="0.75912">
        <ele>1305.0</ele>
      </trkpt>
      <trkpt lat="42.91809" lon="0.75919">
        <ele>1306.0</ele>
      </trkpt>
      <trkpt lat="42.91813" lon="0.75922">
        <ele>1307.0</ele>
      </trkpt>
      <trkpt lat="42.91817" lon="0.75922">
        <ele>1308.0</ele>
      </trkpt>
      <trkpt lat="42.9182" lon="0.7592">
        <ele>1308.0</ele>
      </trkpt>
      <trkpt lat="42.91822" lon="0.75916">
        <ele>1307.0</ele>
      </trkpt>
      <trkpt lat="42.91823" lon="0.75911">
        <ele>1307.0</ele>
      </trkpt>
      <trkpt lat="42.91824" lon="0.75905">
        <ele>1307.0</ele>
      </trkpt>
      <trkpt lat="42.91817" lon="0.75865">
        <ele>1305.0</ele>
      </trkpt>
      <trkpt lat="42.91815" lon="0.75847">
        <ele>1304.0</ele>
      </trkpt>
      <trkpt lat="42.91814" lon="0.75832">
        <ele>1303.0</ele>
      </trkpt>
      <trkpt lat="42.91815" lon="0.75812">
        <ele>1307.0</ele>
      </trkpt>
      <trkpt lat="42.91814" lon="0.758">
        <ele>1309.0</ele>
      </trkpt>
      <trkpt lat="42.91812" lon="0.75789">
        <ele>1310.0</ele>
      </trkpt>
      <trkpt lat="42.91807" lon="0.75773">
        <ele>1311.0</ele>
      </trkpt>
      <trkpt lat="42.91798" lon="0.75751">
        <ele>1309.0</ele>
      </trkpt>
      <trkpt lat="42.91774" lon="0.757">
        <ele>1298.0</ele>
      </trkpt>
      <trkpt lat="42.9177" lon="0.75688">
        <ele>1296.0</ele>
      </trkpt>
      <trkpt lat="42.91768" lon="0.7568">
        <ele>1295.0</ele>
      </trkpt>
      <trkpt lat="42.91769" lon="0.75675">
        <ele>1296.0</ele>
      </trkpt>
      <trkpt lat="42.91771" lon="0.75671">
        <ele>1297.0</ele>
      </trkpt>
      <trkpt lat="42.91774" lon="0.75668">
        <ele>1299.0</ele>
      </trkpt>
      <trkpt lat="42.91778" lon="0.75668">
        <ele>1301.0</ele>
      </trkpt>
      <trkpt lat="42.91782" lon="0.75671">
        <ele>1303.0</ele>
      </trkpt>
      <trkpt lat="42.91784" lon="0.75676">
        <ele>1304.0</ele>
      </trkpt>
      <trkpt lat="42.91789" lon="0.75695">
        <ele>1306.0</ele>
      </trkpt>
      <trkpt lat="42.91794" lon="0.75707">
        <ele>1308.0</ele>
      </trkpt>
      <trkpt lat="42.91801" lon="0.7572">
        <ele>1311.0</ele>
      </trkpt>
      <trkpt lat="42.91834" lon="0.75762">
        <ele>1327.0</ele>
      </trkpt>
      <trkpt lat="42.9185" lon="0.75785">
        <ele>1329.0</ele>
      </trkpt>
      <trkpt lat="42.91856" lon="0.75797">
        <ele>1330.0</ele>
      </trkpt>
      <trkpt lat="42.91864" lon="0.75828">
        <ele>1329.0</ele>
      </trkpt>
      <trkpt lat="42.91868" lon="0.75839">
        <ele>1330.0</ele>
      </trkpt>
      <trkpt lat="42.91873" lon="0.7585">
        <ele>1331.0</ele>
      </trkpt>
      <trkpt lat="42.91878" lon="0.75861">
        <ele>1333.0</ele>
      </trkpt>
      <trkpt lat="42.91899" lon="0.7589">
        <ele>1340.0</ele>
      </trkpt>
      <trkpt lat="42.91904" lon="0.75899">
        <ele>1341.0</ele>
      </trkpt>
      <trkpt lat="42.91906" lon="0.75907">
        <ele>1341.0</ele>
      </trkpt>
      <trkpt lat="42.91907" lon="0.75929">
        <ele>1341.0</ele>
      </trkpt>
      <trkpt lat="42.919" lon="0.75994">
        <ele>1343.0</ele>
      </trkpt>
      <trkpt lat="42.91899" lon="0.76012">
        <ele>1344.0</ele>
      </trkpt>
      <trkpt lat="42.91899" lon="0.76023">
        <ele>1346.0</ele>
      </trkpt>
      <trkpt lat="42.91902" lon="0.76048">
        <ele>1350.0</ele>
      </trkpt>
      <trkpt lat="42.91907" lon="0.76078">
        <ele>1354.0</ele>
      </trkpt>
      <trkpt lat="42.91919" lon="0.76128">
        <ele>1357.0</ele>
      </trkpt>
      <trkpt lat="42.91927" lon="0.76153">
        <ele>1359.0</ele>
      </trkpt>
      <trkpt lat="42.91935" lon="0.76178">
        <ele>1360.0</ele>
      </trkpt>
      <trkpt lat="42.91938" lon="0.76192">
        <ele>1360.0</ele>
      </trkpt>
      <trkpt lat="42.9194" lon="0.76202">
        <ele>1360.0</ele>
      </trkpt>
      <trkpt lat="42.9194" lon="0.76223">
        <ele>1359.0</ele>
      </trkpt>
      <trkpt lat="42.91926" lon="0.76336">
        <ele>1353.0</ele>
      </trkpt>
      <trkpt lat="42.91923" lon="0.76365">
        <ele>1351.0</ele>
      </trkpt>
      <trkpt lat="42.9192" lon="0.76404">
        <ele>1349.0</ele>
      </trkpt>
      <trkpt lat="42.91916" lon="0.76434">
        <ele>1347.0</ele>
      </trkpt>
      <trkpt lat="42.91911" lon="0.76472">
        <ele>1346.0</ele>
      </trkpt>
      <trkpt lat="42.91909" lon="0.76535">
        <ele>1342.0</ele>
      </trkpt>
      <trkpt lat="42.91904" lon="0.76598">
        <ele>1339.0</ele>
      </trkpt>
      <trkpt lat="42.91902" lon="0.76632">
        <ele>1338.0</ele>
      </trkpt>
      <trkpt lat="42.91904" lon="0.7667">
        <ele>1335.0</ele>
      </trkpt>
      <trkpt lat="42.91911" lon="0.7677">
        <ele>1324.0</ele>
      </trkpt>
      <trkpt lat="42.91911" lon="0.76796">
        <ele>1321.0</ele>
      </trkpt>
      <trkpt lat="42.91911" lon="0.76817">
        <ele>1319.0</ele>
      </trkpt>
      <trkpt lat="42.91909" lon="0.76831">
        <ele>1318.0</ele>
      </trkpt>
      <trkpt lat="42.91906" lon="0.76847">
        <ele>1316.0</ele>
      </trkpt>
      <trkpt lat="42.91901" lon="0.76865">
        <ele>1315.0</ele>
      </trkpt>
      <trkpt lat="42.9189" lon="0.76885">
        <ele>1314.0</ele>
      </trkpt>
      <trkpt lat="42.91885" lon="0.76892">
        <ele>1314.0</ele>
      </trkpt>
      <trkpt lat="42.91875" lon="0.76901">
        <ele>1315.0</ele>
      </trkpt>
      <trkpt lat="42.91853" lon="0.76915">
        <ele>1318.0</ele>
      </trkpt>
      <trkpt lat="42.91838" lon="0.76928">
        <ele>1318.0</ele>
      </trkpt>
      <trkpt lat="42.91824" lon="0.76943">
        <ele>1318.0</ele>
      </trkpt>
      <trkpt lat="42.91817" lon="0.76955">
        <ele>1317.0</ele>
      </trkpt>
      <trkpt lat="42.91815" lon="0.76964">
        <ele>1316.0</ele>
      </trkpt>
      <trkpt lat="42.91814" lon="0.76974">
        <ele>1314.0</ele>
      </trkpt>
      <trkpt lat="42.91815" lon="0.76985">
        <ele>1312.0</ele>
      </trkpt>
      <trkpt lat="42.91821" lon="0.77009">
        <ele>1306.0</ele>
      </trkpt>
      <trkpt lat="42.91827" lon="0.77045">
        <ele>1302.0</ele>
      </trkpt>
      <trkpt lat="42.91828" lon="0.77072">
        <ele>1299.0</ele>
      </trkpt>
      <trkpt lat="42.91828" lon="0.77098">
        <ele>1298.0</ele>
      </trkpt>
      <trkpt lat="42.91824" lon="0.77147">
        <ele>1297.0</ele>
      </trkpt>
      <trkpt lat="42.91824" lon="0.7716">
        <ele>1296.0</ele>
      </trkpt>
      <trkpt lat="42.91827" lon="0.77173">
        <ele>1295.0</ele>
      </trkpt>
      <trkpt lat="42.9183" lon="0.77182">
        <ele>1294.0</ele>
      </trkpt>
      <trkpt lat="42.91835" lon="0.77196">
        <ele>1293.0</ele>
      </trkpt>
      <trkpt lat="42.91843" lon="0.7721">
        <ele>1292.0</ele>
      </trkpt>
      <trkpt lat="42.91856" lon="0.77227">
        <ele>1289.0</ele>
      </trkpt>
      <trkpt lat="42.91872" lon="0.77246">
        <ele>1286.0</ele>
      </trkpt>
      <trkpt lat="42.91882" lon="0.77262">
        <ele>1285.0</ele>
      </trkpt>
      <trkpt lat="42.91891" lon="0.77279">
        <ele>1283.0</ele>
      </trkpt>
      <trkpt lat="42.91897" lon="0.77293">
        <ele>1281.0</ele>
      </trkpt>
      <trkpt lat="42.91901" lon="0.77309">
        <ele>1280.0</ele>
      </trkpt>
      <trkpt lat="42.91905" lon="0.77328">
        <ele>1279.0</ele>
      </trkpt>
      <trkpt lat="42.91906" lon="0.77342">
        <ele>1278.0</ele>
      </trkpt>
      <trkpt lat="42.91905" lon="0.7736">
        <ele>1277.0</ele>
      </trkpt>
      <trkpt lat="42.91903" lon="0.77375">
        <ele>1276.0</ele>
      </trkpt>
      <trkpt lat="42.91893" lon="0.77425">
        <ele>1274.0</ele>
      </trkpt>
      <trkpt lat="42.91886" lon="0.7745">
        <ele>1273.0</ele>
      </trkpt>
      <trkpt lat="42.91885" lon="0.7747">
        <ele>1271.0</ele>
      </trkpt>
      <trkpt lat="42.91887" lon="0.77482">
        <ele>1269.0</ele>
      </trkpt>
      <trkpt lat="42.91914" lon="0.7758">
        <ele>1258.0</ele>
      </trkpt>
      <trkpt lat="42.91915" lon="0.77588">
        <ele>1258.0</ele>
      </trkpt>
      <trkpt lat="42.91913" lon="0.77595">
        <ele>1257.0</ele>
      </trkpt>
      <trkpt lat="42.9191" lon="0.77599">
        <ele>1257.0</ele>
      </trkpt>
      <trkpt lat="42.91906" lon="0.77602">
        <ele>1257.0</ele>
      </trkpt>
      <trkpt lat="42.91902" lon="0.77602">
        <ele>1256.0</ele>
      </trkpt>
      <trkpt lat="42.91894" lon="0.776">
        <ele>1256.0</ele>
      </trkpt>
      <trkpt lat="42.91881" lon="0.77595">
        <ele>1256.0</ele>
      </trkpt>
      <trkpt lat="42.91855" lon="0.77586">
        <ele>1257.0</ele>
      </trkpt>
      <trkpt lat="42.91834" lon="0.77584">
        <ele>1258.0</ele>
      </trkpt>
      <trkpt lat="42.91827" lon="0.77586">
        <ele>1258.0</ele>
      </trkpt>
      <trkpt lat="42.91821" lon="0.77589">
        <ele>1257.0</ele>
      </trkpt>
      <trkpt lat="42.9182" lon="0.77592">
        <ele>1256.0</ele>
      </trkpt>
      <trkpt lat="42.91818" lon="0.77597">
        <ele>1255.0</ele>
      </trkpt>
      <trkpt lat="42.91819" lon="0.77602">
        <ele>1253.0</ele>
      </trkpt>
      <trkpt lat="42.9182" lon="0.77605">
        <ele>1252.0</ele>
      </trkpt>
      <trkpt lat="42.91824" lon="0.77609">
        <ele>1251.0</ele>
      </trkpt>
      <trkpt lat="42.91857" lon="0.77615">
        <ele>1251.0</ele>
      </trkpt>
      <trkpt lat="42.91862" lon="0.77618">
        <ele>1251.0</ele>
      </trkpt>
      <trkpt lat="42.91868" lon="0.77624">
        <ele>1250.0</ele>
      </trkpt>
      <trkpt lat="42.91883" lon="0.77661">
        <ele>1247.0</ele>
      </trkpt>
      <trkpt lat="42.91892" lon="0.77677">
        <ele>1246.0</ele>
      </trkpt>
      <trkpt lat="42.91908" lon="0.77701">
        <ele>1244.0</ele>
      </trkpt>
      <trkpt lat="42.91913" lon="0.77712">
        <ele>1243.0</ele>
      </trkpt>
      <trkpt lat="42.91938" lon="0.77798">
        <ele>1238.0</ele>
      </trkpt>
      <trkpt lat="42.91947" lon="0.77835">
        <ele>1236.0</ele>
      </trkpt>
      <trkpt lat="42.91954" lon="0.77865">
        <ele>1231.0</ele>
      </trkpt>
      <trkpt lat="42.91964" lon="0.77892">
        <ele>1230.0</ele>
      </trkpt>
      <trkpt lat="42.9198" lon="0.7792">
        <ele>1233.0</ele>
      </trkpt>
      <trkpt lat="42.91985" lon="0.77931">
        <ele>1233.0</ele>
      </trkpt>
      <trkpt lat="42.91987" lon="0.77936">
        <ele>1233.0</ele>
      </trkpt>
      <trkpt lat="42.91987" lon="0.77941">
        <ele>1231.0</ele>
      </trkpt>
      <trkpt lat="42.91986" lon="0.77945">
        <ele>1229.0</ele>
      </trkpt>
      <trkpt lat="42.91983" lon="0.77947">
        <ele>1227.0</ele>
      </trkpt>
      <trkpt lat="42.9198" lon="0.77948">
        <ele>1225.0</ele>
      </trkpt>
      <trkpt lat="42.91977" lon="0.77948">
        <ele>1223.0</ele>
      </trkpt>
      <trkpt lat="42.91974" lon="0.77946">
        <ele>1221.0</ele>
      </trkpt>
      <trkpt lat="42.91972" lon="0.7794">
        <ele>1222.0</ele>
      </trkpt>
      <trkpt lat="42.91966" lon="0.77924">
        <ele>1222.0</ele>
      </trkpt>
      <trkpt lat="42.91949" lon="0.77886">
        <ele>1221.0</ele>
      </trkpt>
      <trkpt lat="42.91942" lon="0.77872">
        <ele>1221.0</ele>
      </trkpt>
      <trkpt lat="42.91931" lon="0.77853">
        <ele>1219.0</ele>
      </trkpt>
      <trkpt lat="42.91908" lon="0.77817">
        <ele>1217.0</ele>
      </trkpt>
      <trkpt lat="42.91895" lon="0.778">
        <ele>1217.0</ele>
      </trkpt>
      <trkpt lat="42.91886" lon="0.77793">
        <ele>1215.0</ele>
      </trkpt>
      <trkpt lat="42.91879" lon="0.77789">
        <ele>1214.0</ele>
      </trkpt>
      <trkpt lat="42.9187" lon="0.77788">
        <ele>1211.0</ele>
      </trkpt>
      <trkpt lat="42.9185" lon="0.77787">
        <ele>1205.0</ele>
      </trkpt>
      <trkpt lat="42.91841" lon="0.77785">
        <ele>1202.0</ele>
      </trkpt>
      <trkpt lat="42.91822" lon="0.77776">
        <ele>1204.0</ele>
      </trkpt>
      <trkpt lat="42.91818" lon="0.77775">
        <ele>1206.0</ele>
      </trkpt>
      <trkpt lat="42.91815" lon="0.77778">
        <ele>1207.0</ele>
      </trkpt>
      <trkpt lat="42.91813" lon="0.77782">
        <ele>1207.0</ele>
      </trkpt>
      <trkpt lat="42.91813" lon="0.77787">
        <ele>1206.0</ele>
      </trkpt>
      <trkpt lat="42.91814" lon="0.77792">
        <ele>1205.0</ele>
      </trkpt>
      <trkpt lat="42.91834" lon="0.77807">
        <ele>1197.0</ele>
      </trkpt>
      <trkpt lat="42.91844" lon="0.77816">
        <ele>1198.0</ele>
      </trkpt>
      <trkpt lat="42.91871" lon="0.77847">
        <ele>1200.0</ele>
      </trkpt>
      <trkpt lat="42.91903" lon="0.77879">
        <ele>1198.0</ele>
      </trkpt>
      <trkpt lat="42.91904" lon="0.77884">
        <ele>1197.0</ele>
      </trkpt>
      <trkpt lat="42.91905" lon="0.77888">
        <ele>1196.0</ele>
      </trkpt>
      <trkpt lat="42.91904" lon="0.77892">
        <ele>1195.0</ele>
      </trkpt>
      <trkpt lat="42.91901" lon="0.77894">
        <ele>1193.0</ele>
      </trkpt>
      <trkpt lat="42.91898" lon="0.77895">
        <ele>1193.0</ele>
      </trkpt>
      <trkpt lat="42.91891" lon="0.77892">
        <ele>1193.0</ele>
      </trkpt>
      <trkpt lat="42.91879" lon="0.7788">
        <ele>1194.0</ele>
      </trkpt>
      <trkpt lat="42.91874" lon="0.77877">
        <ele>1194.0</ele>
      </trkpt>
      <trkpt lat="42.91868" lon="0.77876">
        <ele>1193.0</ele>
      </trkpt>
      <trkpt lat="42.91852" lon="0.77878">
        <ele>1190.0</ele>
      </trkpt>
      <trkpt lat="42.91846" lon="0.77877">
        <ele>1189.0</ele>
      </trkpt>
      <trkpt lat="42.91835" lon="0.77872">
        <ele>1188.0</ele>
      </trkpt>
      <trkpt lat="42.91831" lon="0.77872">
        <ele>1188.0</ele>
      </trkpt>
      <trkpt lat="42.91827" lon="0.77873">
        <ele>1189.0</ele>
      </trkpt>
      <trkpt lat="42.91824" lon="0.77878">
        <ele>1190.0</ele>
      </trkpt>
      <trkpt lat="42.91824" lon="0.77883">
        <ele>1189.0</ele>
      </trkpt>
      <trkpt lat="42.91825" lon="0.77888">
        <ele>1188.0</ele>
      </trkpt>
      <trkpt lat="42.91828" lon="0.77891">
        <ele>1186.0</ele>
      </trkpt>
      <trkpt lat="42.91846" lon="0.77897">
        <ele>1185.0</ele>
      </trkpt>
      <trkpt lat="42.91866" lon="0.77907">
        <ele>1186.0</ele>
      </trkpt>
      <trkpt lat="42.91882" lon="0.77921">
        <ele>1185.0</ele>
      </trkpt>
      <trkpt lat="42.91888" lon="0.7793">
        <ele>1184.0</ele>
      </trkpt>
      <trkpt lat="42.91892" lon="0.77939">
        <ele>1183.0</ele>
      </trkpt>
      <trkpt lat="42.91901" lon="0.7797">
        <ele>1180.0</ele>
      </trkpt>
      <trkpt lat="42.91912" lon="0.77997">
        <ele>1176.0</ele>
      </trkpt>
      <trkpt lat="42.91926" lon="0.78044">
        <ele>1171.0</ele>
      </trkpt>
      <trkpt lat="42.91932" lon="0.78057">
        <ele>1171.0</ele>
      </trkpt>
      <trkpt lat="42.91983" lon="0.7814">
        <ele>1169.0</ele>
      </trkpt>
      <trkpt lat="42.91994" lon="0.78162">
        <ele>1164.0</ele>
      </trkpt>
      <trkpt lat="42.92012" lon="0.782">
        <ele>1159.0</ele>
      </trkpt>
      <trkpt lat="42.92017" lon="0.7821">
        <ele>1158.0</ele>
      </trkpt>
      <trkpt lat="42.92023" lon="0.78219">
        <ele>1157.0</ele>
      </trkpt>
      <trkpt lat="42.92029" lon="0.78224">
        <ele>1158.0</ele>
      </trkpt>
      <trkpt lat="42.92043" lon="0.78234">
        <ele>1161.0</ele>
      </trkpt>
      <trkpt lat="42.92046" lon="0.78237">
        <ele>1161.0</ele>
      </trkpt>
      <trkpt lat="42.92048" lon="0.78241">
        <ele>1160.0</ele>
      </trkpt>
      <trkpt lat="42.92048" lon="0.78245">
        <ele>1159.0</ele>
      </trkpt>
      <trkpt lat="42.92046" lon="0.78248">
        <ele>1156.0</ele>
      </trkpt>
      <trkpt lat="42.92044" lon="0.78251">
        <ele>1154.0</ele>
      </trkpt>
      <trkpt lat="42.92038" lon="0.78252">
        <ele>1151.0</ele>
      </trkpt>
      <trkpt lat="42.92036" lon="0.78249">
        <ele>1151.0</ele>
      </trkpt>
      <trkpt lat="42.91991" lon="0.78199">
        <ele>1151.0</ele>
      </trkpt>
      <trkpt lat="42.91967" lon="0.78168">
        <ele>1154.0</ele>
      </trkpt>
      <trkpt lat="42.91959" lon="0.7816">
        <ele>1154.0</ele>
      </trkpt>
      <trkpt lat="42.91939" lon="0.78143">
        <ele>1152.0</ele>
      </trkpt>
      <trkpt lat="42.91935" lon="0.78141">
        <ele>1151.0</ele>
      </trkpt>
      <trkpt lat="42.91932" lon="0.78142">
        <ele>1150.0</ele>
      </trkpt>
      <trkpt lat="42.91929" lon="0.78145">
        <ele>1148.0</ele>
      </trkpt>
      <trkpt lat="42.91928" lon="0.78149">
        <ele>1147.0</ele>
      </trkpt>
      <trkpt lat="42.91929" lon="0.78156">
        <ele>1145.0</ele>
      </trkpt>
      <trkpt lat="42.91933" lon="0.7816">
        <ele>1146.0</ele>
      </trkpt>
      <trkpt lat="42.91945" lon="0.78167">
        <ele>1147.0</ele>
      </trkpt>
      <trkpt lat="42.91954" lon="0.78175">
        <ele>1149.0</ele>
      </trkpt>
      <trkpt lat="42.9196" lon="0.78182">
        <ele>1149.0</ele>
      </trkpt>
      <trkpt lat="42.91965" lon="0.78191">
        <ele>1148.0</ele>
      </trkpt>
      <trkpt lat="42.91974" lon="0.78212">
        <ele>1145.0</ele>
      </trkpt>
      <trkpt lat="42.91983" lon="0.78226">
        <ele>1142.0</ele>
      </trkpt>
      <trkpt lat="42.91991" lon="0.78238">
        <ele>1139.0</ele>
      </trkpt>
      <trkpt lat="42.92013" lon="0.78274">
        <ele>1132.0</ele>
      </trkpt>
      <trkpt lat="42.92046" lon="0.78338">
        <ele>1126.0</ele>
      </trkpt>
      <trkpt lat="42.9205" lon="0.78351">
        <ele>1125.0</ele>
      </trkpt>
      <trkpt lat="42.92057" lon="0.7839">
        <ele>1119.0</ele>
      </trkpt>
      <trkpt lat="42.9206" lon="0.784">
        <ele>1118.0</ele>
      </trkpt>
      <trkpt lat="42.92065" lon="0.7841">
        <ele>1118.0</ele>
      </trkpt>
      <trkpt lat="42.92083" lon="0.78436">
        <ele>1118.0</ele>
      </trkpt>
      <trkpt lat="42.92089" lon="0.78445">
        <ele>1120.0</ele>
      </trkpt>
      <trkpt lat="42.92093" lon="0.78454">
        <ele>1121.0</ele>
      </trkpt>
      <trkpt lat="42.92098" lon="0.78465">
        <ele>1122.0</ele>
      </trkpt>
      <trkpt lat="42.921" lon="0.78477">
        <ele>1120.0</ele>
      </trkpt>
      <trkpt lat="42.92102" lon="0.78498">
        <ele>1117.0</ele>
      </trkpt>
      <trkpt lat="42.92107" lon="0.78523">
        <ele>1114.0</ele>
      </trkpt>
      <trkpt lat="42.92134" lon="0.78614">
        <ele>1113.0</ele>
      </trkpt>
      <trkpt lat="42.9214" lon="0.78649">
        <ele>1110.0</ele>
      </trkpt>
      <trkpt lat="42.92143" lon="0.78665">
        <ele>1109.0</ele>
      </trkpt>
      <trkpt lat="42.92152" lon="0.78689">
        <ele>1111.0</ele>
      </trkpt>
      <trkpt lat="42.92153" lon="0.78695">
        <ele>1110.0</ele>
      </trkpt>
      <trkpt lat="42.92152" lon="0.78701">
        <ele>1108.0</ele>
      </trkpt>
      <trkpt lat="42.9215" lon="0.78704">
        <ele>1106.0</ele>
      </trkpt>
      <trkpt lat="42.92147" lon="0.78706">
        <ele>1104.0</ele>
      </trkpt>
      <trkpt lat="42.92144" lon="0.78705">
        <ele>1102.0</ele>
      </trkpt>
      <trkpt lat="42.92142" lon="0.78703">
        <ele>1101.0</ele>
      </trkpt>
      <trkpt lat="42.9214" lon="0.78699">
        <ele>1100.0</ele>
      </trkpt>
      <trkpt lat="42.92137" lon="0.78677">
        <ele>1102.0</ele>
      </trkpt>
      <trkpt lat="42.92135" lon="0.78667">
        <ele>1103.0</ele>
      </trkpt>
      <trkpt lat="42.92131" lon="0.78655">
        <ele>1102.0</ele>
      </trkpt>
      <trkpt lat="42.92113" lon="0.78608">
        <ele>1100.0</ele>
      </trkpt>
      <trkpt lat="42.92105" lon="0.78595">
        <ele>1097.0</ele>
      </trkpt>
      <trkpt lat="42.92082" lon="0.78576">
        <ele>1086.0</ele>
      </trkpt>
      <trkpt lat="42.92075" lon="0.78568">
        <ele>1086.0</ele>
      </trkpt>
      <trkpt lat="42.9207" lon="0.78562">
        <ele>1086.0</ele>
      </trkpt>
      <trkpt lat="42.92063" lon="0.78548">
        <ele>1086.0</ele>
      </trkpt>
      <trkpt lat="42.9206" lon="0.7854">
        <ele>1087.0</ele>
      </trkpt>
      <trkpt lat="42.92057" lon="0.78529">
        <ele>1088.0</ele>
      </trkpt>
      <trkpt lat="42.92054" lon="0.78525">
        <ele>1088.0</ele>
      </trkpt>
      <trkpt lat="42.92052" lon="0.78523">
        <ele>1088.0</ele>
      </trkpt>
      <trkpt lat="42.92049" lon="0.78524">
        <ele>1087.0</ele>
      </trkpt>
      <trkpt lat="42.92047" lon="0.78525">
        <ele>1086.0</ele>
      </trkpt>
      <trkpt lat="42.92045" lon="0.78529">
        <ele>1084.0</ele>
      </trkpt>
      <trkpt lat="42.92045" lon="0.78532">
        <ele>1084.0</ele>
      </trkpt>
      <trkpt lat="42.92046" lon="0.78539">
        <ele>1083.0</ele>
      </trkpt>
      <trkpt lat="42.92053" lon="0.78555">
        <ele>1082.0</ele>
      </trkpt>
      <trkpt lat="42.92069" lon="0.78585">
        <ele>1080.0</ele>
      </trkpt>
      <trkpt lat="42.9209" lon="0.78624">
        <ele>1080.0</ele>
      </trkpt>
      <trkpt lat="42.92095" lon="0.78636">
        <ele>1081.0</ele>
      </trkpt>
      <trkpt lat="42.921" lon="0.78659">
        <ele>1079.0</ele>
      </trkpt>
      <trkpt lat="42.92113" lon="0.78767">
        <ele>1069.0</ele>
      </trkpt>
      <trkpt lat="42.92117" lon="0.78786">
        <ele>1069.0</ele>
      </trkpt>
      <trkpt lat="42.92126" lon="0.78818">
        <ele>1070.0</ele>
      </trkpt>
      <trkpt lat="42.92136" lon="0.78884">
        <ele>1065.0</ele>
      </trkpt>
      <trkpt lat="42.92139" lon="0.78915">
        <ele>1061.0</ele>
      </trkpt>
      <trkpt lat="42.92142" lon="0.78976">
        <ele>1053.0</ele>
      </trkpt>
      <trkpt lat="42.92147" lon="0.79019">
        <ele>1049.0</ele>
      </trkpt>
      <trkpt lat="42.92149" lon="0.79046">
        <ele>1044.0</ele>
      </trkpt>
      <trkpt lat="42.92151" lon="0.79056">
        <ele>1044.0</ele>
      </trkpt>
      <trkpt lat="42.92155" lon="0.79063">
        <ele>1045.0</ele>
      </trkpt>
      <trkpt lat="42.92163" lon="0.79075">
        <ele>1047.0</ele>
      </trkpt>
      <trkpt lat="42.92164" lon="0.79078">
        <ele>1047.0</ele>
      </trkpt>
      <trkpt lat="42.92163" lon="0.79086">
        <ele>1045.0</ele>
      </trkpt>
      <trkpt lat="42.92161" lon="0.79088">
        <ele>1043.0</ele>
      </trkpt>
      <trkpt lat="42.92158" lon="0.7909">
        <ele>1041.0</ele>
      </trkpt>
      <trkpt lat="42.92155" lon="0.7909">
        <ele>1039.0</ele>
      </trkpt>
      <trkpt lat="42.92151" lon="0.79087">
        <ele>1037.0</ele>
      </trkpt>
      <trkpt lat="42.92142" lon="0.79063">
        <ele>1037.0</ele>
      </trkpt>
      <trkpt lat="42.9212" lon="0.79008">
        <ele>1034.0</ele>
      </trkpt>
      <trkpt lat="42.92114" lon="0.78989">
        <ele>1033.0</ele>
      </trkpt>
      <trkpt lat="42.9211" lon="0.78968">
        <ele>1034.0</ele>
      </trkpt>
      <trkpt lat="42.92107" lon="0.78939">
        <ele>1036.0</ele>
      </trkpt>
      <trkpt lat="42.92105" lon="0.78928">
        <ele>1036.0</ele>
      </trkpt>
      <trkpt lat="42.92102" lon="0.78921">
        <ele>1035.0</ele>
      </trkpt>
      <trkpt lat="42.92098" lon="0.78914">
        <ele>1033.0</ele>
      </trkpt>
      <trkpt lat="42.92092" lon="0.78908">
        <ele>1030.0</ele>
      </trkpt>
      <trkpt lat="42.92077" lon="0.78897">
        <ele>1024.0</ele>
      </trkpt>
      <trkpt lat="42.92071" lon="0.78891">
        <ele>1024.0</ele>
      </trkpt>
      <trkpt lat="42.92067" lon="0.78885">
        <ele>1023.0</ele>
      </trkpt>
      <trkpt lat="42.92064" lon="0.78877">
        <ele>1024.0</ele>
      </trkpt>
      <trkpt lat="42.92062" lon="0.78868">
        <ele>1024.0</ele>
      </trkpt>
      <trkpt lat="42.92064" lon="0.78851">
        <ele>1028.0</ele>
      </trkpt>
      <trkpt lat="42.92063" lon="0.78845">
        <ele>1028.0</ele>
      </trkpt>
      <trkpt lat="42.92062" lon="0.7884">
        <ele>1029.0</ele>
      </trkpt>
      <trkpt lat="42.92059" lon="0.78838">
        <ele>1028.0</ele>
      </trkpt>
      <trkpt lat="42.92055" lon="0.78838">
        <ele>1027.0</ele>
      </trkpt>
      <trkpt lat="42.92052" lon="0.78839">
        <ele>1026.0</ele>
      </trkpt>
      <trkpt lat="42.9205" lon="0.78842">
        <ele>1025.0</ele>
      </trkpt>
      <trkpt lat="42.92036" lon="0.78885">
        <ele>1014.0</ele>
      </trkpt>
      <trkpt lat="42.92035" lon="0.78896">
        <ele>1013.0</ele>
      </trkpt>
      <trkpt lat="42.92035" lon="0.78903">
        <ele>1012.0</ele>
      </trkpt>
      <trkpt lat="42.92037" lon="0.78914">
        <ele>1011.0</ele>
      </trkpt>
      <trkpt lat="42.92055" lon="0.78972">
        <ele>1006.0</ele>
      </trkpt>
      <trkpt lat="42.92098" lon="0.79091">
        <ele>1004.0</ele>
      </trkpt>
      <trkpt lat="42.92105" lon="0.7911">
        <ele>1004.0</ele>
      </trkpt>
      <trkpt lat="42.92108" lon="0.79128">
        <ele>1003.0</ele>
      </trkpt>
      <trkpt lat="42.9211" lon="0.79143">
        <ele>1001.0</ele>
      </trkpt>
      <trkpt lat="42.92115" lon="0.79228">
        <ele>984.0</ele>
      </trkpt>
      <trkpt lat="42.92118" lon="0.7925">
        <ele>980.0</ele>
      </trkpt>
      <trkpt lat="42.92121" lon="0.79264">
        <ele>979.0</ele>
      </trkpt>
      <trkpt lat="42.92126" lon="0.79278">
        <ele>978.0</ele>
      </trkpt>
      <trkpt lat="42.92138" lon="0.79299">
        <ele>979.0</ele>
      </trkpt>
      <trkpt lat="42.92146" lon="0.79321">
        <ele>978.0</ele>
      </trkpt>
      <trkpt lat="42.92163" lon="0.79399">
        <ele>971.0</ele>
      </trkpt>
      <trkpt lat="42.92168" lon="0.79416">
        <ele>971.0</ele>
      </trkpt>
      <trkpt lat="42.92172" lon="0.79427">
        <ele>971.0</ele>
      </trkpt>
      <trkpt lat="42.92177" lon="0.79437">
        <ele>972.0</ele>
      </trkpt>
      <trkpt lat="42.92198" lon="0.79467">
        <ele>977.0</ele>
      </trkpt>
      <trkpt lat="42.92205" lon="0.79485">
        <ele>978.0</ele>
      </trkpt>
      <trkpt lat="42.92209" lon="0.79504">
        <ele>977.0</ele>
      </trkpt>
      <trkpt lat="42.92222" lon="0.79588">
        <ele>971.0</ele>
      </trkpt>
      <trkpt lat="42.92227" lon="0.79669">
        <ele>962.0</ele>
      </trkpt>
      <trkpt lat="42.92229" lon="0.79683">
        <ele>960.0</ele>
      </trkpt>
      <trkpt lat="42.92232" lon="0.79702">
        <ele>957.0</ele>
      </trkpt>
      <trkpt lat="42.92237" lon="0.79721">
        <ele>954.0</ele>
      </trkpt>
      <trkpt lat="42.92244" lon="0.79744">
        <ele>952.0</ele>
      </trkpt>
      <trkpt lat="42.92312" lon="0.79902">
        <ele>941.0</ele>
      </trkpt>
      <trkpt lat="42.9232" lon="0.79917">
        <ele>940.0</ele>
      </trkpt>
      <trkpt lat="42.92338" lon="0.79947">
        <ele>939.0</ele>
      </trkpt>
      <trkpt lat="42.92349" lon="0.79967">
        <ele>938.0</ele>
      </trkpt>
      <trkpt lat="42.92358" lon="0.79988">
        <ele>936.0</ele>
      </trkpt>
      <trkpt lat="42.92372" lon="0.80018">
        <ele>934.0</ele>
      </trkpt>
      <trkpt lat="42.92395" lon="0.80076">
        <ele>926.0</ele>
      </trkpt>
      <trkpt lat="42.92404" lon="0.80093">
        <ele>923.0</ele>
      </trkpt>
      <trkpt lat="42.9241" lon="0.80103">
        <ele>922.0</ele>
      </trkpt>
      <trkpt lat="42.92419" lon="0.80113">
        <ele>921.0</ele>
      </trkpt>
      <trkpt lat="42.9243" lon="0.80123">
        <ele>919.0</ele>
      </trkpt>
      <trkpt lat="42.92433" lon="0.80127">
        <ele>918.0</ele>
      </trkpt>
      <trkpt lat="42.92433" lon="0.80131">
        <ele>916.0</ele>
      </trkpt>
      <trkpt lat="42.92433" lon="0.80137">
        <ele>914.0</ele>
      </trkpt>
      <trkpt lat="42.92432" lon="0.80141">
        <ele>912.0</ele>
      </trkpt>
      <trkpt lat="42.92426" lon="0.80144">
        <ele>910.0</ele>
      </trkpt>
      <trkpt lat="42.92423" lon="0.80143">
        <ele>910.0</ele>
      </trkpt>
      <trkpt lat="42.92414" lon="0.80129">
        <ele>914.0</ele>
      </trkpt>
      <trkpt lat="42.92408" lon="0.80122">
        <ele>914.0</ele>
      </trkpt>
      <trkpt lat="42.92347" lon="0.80065">
        <ele>909.0</ele>
      </trkpt>
      <trkpt lat="42.92335" lon="0.80052">
        <ele>907.0</ele>
      </trkpt>
      <trkpt lat="42.9232" lon="0.80029">
        <ele>907.0</ele>
      </trkpt>
      <trkpt lat="42.92307" lon="0.80014">
        <ele>906.0</ele>
      </trkpt>
      <trkpt lat="42.92291" lon="0.79999">
        <ele>904.0</ele>
      </trkpt>
      <trkpt lat="42.92269" lon="0.79983">
        <ele>899.0</ele>
      </trkpt>
      <trkpt lat="42.92262" lon="0.79976">
        <ele>898.0</ele>
      </trkpt>
      <trkpt lat="42.92254" lon="0.79967">
        <ele>897.0</ele>
      </trkpt>
      <trkpt lat="42.92248" lon="0.79953">
        <ele>898.0</ele>
      </trkpt>
      <trkpt lat="42.92241" lon="0.79935">
        <ele>900.0</ele>
      </trkpt>
      <trkpt lat="42.92238" lon="0.79929">
        <ele>900.0</ele>
      </trkpt>
      <trkpt lat="42.92234" lon="0.79927">
        <ele>899.0</ele>
      </trkpt>
      <trkpt lat="42.92229" lon="0.79927">
        <ele>897.0</ele>
      </trkpt>
      <trkpt lat="42.92227" lon="0.7993">
        <ele>896.0</ele>
      </trkpt>
      <trkpt lat="42.92225" lon="0.79934">
        <ele>894.0</ele>
      </trkpt>
      <trkpt lat="42.92224" lon="0.79941">
        <ele>892.0</ele>
      </trkpt>
      <trkpt lat="42.92226" lon="0.79949">
        <ele>891.0</ele>
      </trkpt>
      <trkpt lat="42.92236" lon="0.79972">
        <ele>890.0</ele>
      </trkpt>
      <trkpt lat="42.92247" lon="0.79997">
        <ele>888.0</ele>
      </trkpt>
      <trkpt lat="42.92301" lon="0.80143">
        <ele>876.0</ele>
      </trkpt>
      <trkpt lat="42.92306" lon="0.8016">
        <ele>874.0</ele>
      </trkpt>
      <trkpt lat="42.92308" lon="0.80171">
        <ele>872.0</ele>
      </trkpt>
      <trkpt lat="42.92314" lon="0.80223">
        <ele>861.0</ele>
      </trkpt>
      <trkpt lat="42.92318" lon="0.80234">
        <ele>860.0</ele>
      </trkpt>
      <trkpt lat="42.92321" lon="0.8024">
        <ele>859.0</ele>
      </trkpt>
      <trkpt lat="42.92327" lon="0.80244">
        <ele>860.0</ele>
      </trkpt>
      <trkpt lat="42.92335" lon="0.80248">
        <ele>861.0</ele>
      </trkpt>
      <trkpt lat="42.92348" lon="0.80251">
        <ele>861.0</ele>
      </trkpt>
      <trkpt lat="42.92387" lon="0.80265">
        <ele>857.0</ele>
      </trkpt>
      <trkpt lat="42.92405" lon="0.80264">
        <ele>858.0</ele>
      </trkpt>
      <trkpt lat="42.9241" lon="0.80265">
        <ele>858.0</ele>
      </trkpt>
      <trkpt lat="42.92413" lon="0.80268">
        <ele>856.0</ele>
      </trkpt>
      <trkpt lat="42.92414" lon="0.80272">
        <ele>854.0</ele>
      </trkpt>
      <trkpt lat="42.92414" lon="0.80277">
        <ele>852.0</ele>
      </trkpt>
      <trkpt lat="42.92412" lon="0.8028">
        <ele>851.0</ele>
      </trkpt>
      <trkpt lat="42.92409" lon="0.80283">
        <ele>849.0</ele>
      </trkpt>
      <trkpt lat="42.92361" lon="0.80284">
        <ele>850.0</ele>
      </trkpt>
      <trkpt lat="42.92353" lon="0.80284">
        <ele>850.0</ele>
      </trkpt>
      <trkpt lat="42.92333" lon="0.8029">
        <ele>849.0</ele>
      </trkpt>
      <trkpt lat="42.92324" lon="0.80292">
        <ele>847.0</ele>
      </trkpt>
      <trkpt lat="42.92302" lon="0.80292">
        <ele>842.0</ele>
      </trkpt>
      <trkpt lat="42.92289" lon="0.80297">
        <ele>838.0</ele>
      </trkpt>
      <trkpt lat="42.92271" lon="0.8031">
        <ele>831.0</ele>
      </trkpt>
      <trkpt lat="42.92266" lon="0.80311">
        <ele>830.0</ele>
      </trkpt>
      <trkpt lat="42.92263" lon="0.80311">
        <ele>830.0</ele>
      </trkpt>
      <trkpt lat="42.92259" lon="0.80308">
        <ele>830.0</ele>
      </trkpt>
      <trkpt lat="42.92255" lon="0.80304">
        <ele>830.0</ele>
      </trkpt>
      <trkpt lat="42.92251" lon="0.80296">
        <ele>831.0</ele>
      </trkpt>
      <trkpt lat="42.92237" lon="0.8026">
        <ele>835.0</ele>
      </trkpt>
      <trkpt lat="42.92233" lon="0.80251">
        <ele>836.0</ele>
      </trkpt>
      <trkpt lat="42.92228" lon="0.80244">
        <ele>837.0</ele>
      </trkpt>
      <trkpt lat="42.92221" lon="0.80238">
        <ele>836.0</ele>
      </trkpt>
      <trkpt lat="42.92192" lon="0.80217">
        <ele>834.0</ele>
      </trkpt>
      <trkpt lat="42.92188" lon="0.80216">
        <ele>833.0</ele>
      </trkpt>
      <trkpt lat="42.92184" lon="0.80217">
        <ele>832.0</ele>
      </trkpt>
      <trkpt lat="42.92182" lon="0.8022">
        <ele>830.0</ele>
      </trkpt>
      <trkpt lat="42.92181" lon="0.80225">
        <ele>829.0</ele>
      </trkpt>
      <trkpt lat="42.92181" lon="0.80228">
        <ele>828.0</ele>
      </trkpt>
      <trkpt lat="42.92183" lon="0.80233">
        <ele>827.0</ele>
      </trkpt>
      <trkpt lat="42.92194" lon="0.8024">
        <ele>829.0</ele>
      </trkpt>
      <trkpt lat="42.92198" lon="0.80246">
        <ele>828.0</ele>
      </trkpt>
      <trkpt lat="42.92203" lon="0.80258">
        <ele>827.0</ele>
      </trkpt>
      <trkpt lat="42.92206" lon="0.80272">
        <ele>826.0</ele>
      </trkpt>
      <trkpt lat="42.92209" lon="0.80284">
        <ele>824.0</ele>
      </trkpt>
      <trkpt lat="42.92213" lon="0.80294">
        <ele>823.0</ele>
      </trkpt>
      <trkpt lat="42.9222" lon="0.80307">
        <ele>822.0</ele>
      </trkpt>
      <trkpt lat="42.92226" lon="0.80313">
        <ele>822.0</ele>
      </trkpt>
      <trkpt lat="42.92229" lon="0.80317">
        <ele>822.0</ele>
      </trkpt>
      <trkpt lat="42.92239" lon="0.80343">
        <ele>817.0</ele>
      </trkpt>
      <trkpt lat="42.92243" lon="0.80351">
        <ele>815.0</ele>
      </trkpt>
      <trkpt lat="42.92255" lon="0.80369">
        <ele>811.0</ele>
      </trkpt>
      <trkpt lat="42.92263" lon="0.80378">
        <ele>809.0</ele>
      </trkpt>
      <trkpt lat="42.92268" lon="0.80383">
        <ele>807.0</ele>
      </trkpt>
      <trkpt lat="42.92275" lon="0.80388">
        <ele>806.0</ele>
      </trkpt>
      <trkpt lat="42.92278" lon="0.80391">
        <ele>806.0</ele>
      </trkpt>
      <trkpt lat="42.92279" lon="0.80399">
        <ele>803.0</ele>
      </trkpt>
      <trkpt lat="42.92277" lon="0.80401">
        <ele>802.0</ele>
      </trkpt>
      <trkpt lat="42.92275" lon="0.80403">
        <ele>801.0</ele>
      </trkpt>
      <trkpt lat="42.92271" lon="0.80403">
        <ele>800.0</ele>
      </trkpt>
      <trkpt lat="42.92268" lon="0.80401">
        <ele>801.0</ele>
      </trkpt>
      <trkpt lat="42.92234" lon="0.80361">
        <ele>811.0</ele>
      </trkpt>
      <trkpt lat="42.92227" lon="0.80352">
        <ele>813.0</ele>
      </trkpt>
      <trkpt lat="42.92214" lon="0.8033">
        <ele>817.0</ele>
      </trkpt>
      <trkpt lat="42.9221" lon="0.80324">
        <ele>817.0</ele>
      </trkpt>
      <trkpt lat="42.92204" lon="0.80319">
        <ele>817.0</ele>
      </trkpt>
      <trkpt lat="42.9218" lon="0.80305">
        <ele>815.0</ele>
      </trkpt>
      <trkpt lat="42.92175" lon="0.80303">
        <ele>814.0</ele>
      </trkpt>
      <trkpt lat="42.9217" lon="0.80305">
        <ele>813.0</ele>
      </trkpt>
      <trkpt lat="42.92166" lon="0.80308">
        <ele>812.0</ele>
      </trkpt>
      <trkpt lat="42.92162" lon="0.80312">
        <ele>813.0</ele>
      </trkpt>
      <trkpt lat="42.9216" lon="0.80317">
        <ele>813.0</ele>
      </trkpt>
      <trkpt lat="42.92159" lon="0.80325">
        <ele>812.0</ele>
      </trkpt>
      <trkpt lat="42.92159" lon="0.80337">
        <ele>810.0</ele>
      </trkpt>
      <trkpt lat="42.92161" lon="0.80348">
        <ele>807.0</ele>
      </trkpt>
      <trkpt lat="42.9217" lon="0.80369">
        <ele>801.0</ele>
      </trkpt>
      <trkpt lat="42.92173" lon="0.8038">
        <ele>798.0</ele>
      </trkpt>
      <trkpt lat="42.92174" lon="0.80387">
        <ele>797.0</ele>
      </trkpt>
      <trkpt lat="42.92174" lon="0.80393">
        <ele>795.0</ele>
      </trkpt>
      <trkpt lat="42.92172" lon="0.80399">
        <ele>794.0</ele>
      </trkpt>
      <trkpt lat="42.92166" lon="0.80405">
        <ele>792.0</ele>
      </trkpt>
      <trkpt lat="42.92163" lon="0.80407">
        <ele>792.0</ele>
      </trkpt>
      <trkpt lat="42.92158" lon="0.80408">
        <ele>792.0</ele>
      </trkpt>
      <trkpt lat="42.92149" lon="0.80403">
        <ele>794.0</ele>
      </trkpt>
      <trkpt lat="42.92136" lon="0.80392">
        <ele>798.0</ele>
      </trkpt>
      <trkpt lat="42.9213" lon="0.8039">
        <ele>800.0</ele>
      </trkpt>
      <trkpt lat="42.92125" lon="0.80389">
        <ele>801.0</ele>
      </trkpt>
      <trkpt lat="42.92119" lon="0.80391">
        <ele>801.0</ele>
      </trkpt>
      <trkpt lat="42.92109" lon="0.80397">
        <ele>800.0</ele>
      </trkpt>
      <trkpt lat="42.92099" lon="0.80406">
        <ele>798.0</ele>
      </trkpt>
      <trkpt lat="42.92094" lon="0.80412">
        <ele>796.0</ele>
      </trkpt>
      <trkpt lat="42.9209" lon="0.80418">
        <ele>794.0</ele>
      </trkpt>
      <trkpt lat="42.92088" lon="0.80423">
        <ele>794.0</ele>
      </trkpt>
      <trkpt lat="42.92087" lon="0.80428">
        <ele>794.0</ele>
      </trkpt>
      <trkpt lat="42.92087" lon="0.80435">
        <ele>794.0</ele>
      </trkpt>
      <trkpt lat="42.92089" lon="0.80442">
        <ele>793.0</ele>
      </trkpt>
      <trkpt lat="42.92107" lon="0.8048">
        <ele>790.0</ele>
      </trkpt>
      <trkpt lat="42.92109" lon="0.80485">
        <ele>790.0</ele>
      </trkpt>
      <trkpt lat="42.92118" lon="0.80503">
        <ele>790.0</ele>
      </trkpt>
      <trkpt lat="42.92127" lon="0.80529">
        <ele>797.0</ele>
      </trkpt>
      <trkpt lat="42.92133" lon="0.80539">
        <ele>799.0</ele>
      </trkpt>
      <trkpt lat="42.92138" lon="0.80546">
        <ele>801.0</ele>
      </trkpt>
      <trkpt lat="42.92144" lon="0.80554">
        <ele>802.0</ele>
      </trkpt>
      <trkpt lat="42.92161" lon="0.80566">
        <ele>801.0</ele>
      </trkpt>
      <trkpt lat="42.92182" lon="0.8059">
        <ele>804.0</ele>
      </trkpt>
      <trkpt lat="42.92199" lon="0.80602">
        <ele>806.0</ele>
      </trkpt>
      <trkpt lat="42.92211" lon="0.80609">
        <ele>806.0</ele>
      </trkpt>
      <trkpt lat="42.92227" lon="0.80615">
        <ele>804.0</ele>
      </trkpt>
      <trkpt lat="42.92269" lon="0.80626">
        <ele>803.0</ele>
      </trkpt>
      <trkpt lat="42.92279" lon="0.80628">
        <ele>805.0</ele>
      </trkpt>
      <trkpt lat="42.92286" lon="0.80628">
        <ele>805.0</ele>
      </trkpt>
      <trkpt lat="42.92303" lon="0.80617">
        <ele>803.0</ele>
      </trkpt>
      <trkpt lat="42.9231" lon="0.80614">
        <ele>803.0</ele>
      </trkpt>
      <trkpt lat="42.92365" lon="0.80598">
        <ele>813.0</ele>
      </trkpt>
      <trkpt lat="42.92375" lon="0.80595">
        <ele>816.0</ele>
      </trkpt>
      <trkpt lat="42.92379" lon="0.80592">
        <ele>816.0</ele>
      </trkpt>
      <trkpt lat="42.92385" lon="0.80586">
        <ele>817.0</ele>
      </trkpt>
      <trkpt lat="42.92391" lon="0.80573">
        <ele>815.0</ele>
      </trkpt>
      <trkpt lat="42.924" lon="0.80545">
        <ele>810.0</ele>
      </trkpt>
      <trkpt lat="42.92407" lon="0.80531">
        <ele>808.0</ele>
      </trkpt>
      <trkpt lat="42.92414" lon="0.8052">
        <ele>806.0</ele>
      </trkpt>
      <trkpt lat="42.9242" lon="0.80513">
        <ele>805.0</ele>
      </trkpt>
      <trkpt lat="42.92428" lon="0.80508">
        <ele>804.0</ele>
      </trkpt>
      <trkpt lat="42.92438" lon="0.80505">
        <ele>804.0</ele>
      </trkpt>
      <trkpt lat="42.92465" lon="0.8051">
        <ele>810.0</ele>
      </trkpt>
      <trkpt lat="42.9248" lon="0.8051">
        <ele>812.0</ele>
      </trkpt>
      <trkpt lat="42.92496" lon="0.80508">
        <ele>813.0</ele>
      </trkpt>
      <trkpt lat="42.92504" lon="0.80508">
        <ele>812.0</ele>
      </trkpt>
      <trkpt lat="42.92512" lon="0.80511">
        <ele>812.0</ele>
      </trkpt>
      <trkpt lat="42.92519" lon="0.80515">
        <ele>812.0</ele>
      </trkpt>
      <trkpt lat="42.92541" lon="0.80536">
        <ele>814.0</ele>
      </trkpt>
      <trkpt lat="42.92573" lon="0.80573">
        <ele>819.0</ele>
      </trkpt>
      <trkpt lat="42.92638" lon="0.80662">
        <ele>810.0</ele>
      </trkpt>
      <trkpt lat="42.92646" lon="0.80677">
        <ele>808.0</ele>
      </trkpt>
      <trkpt lat="42.92659" lon="0.80706">
        <ele>804.0</ele>
      </trkpt>
      <trkpt lat="42.92666" lon="0.80725">
        <ele>802.0</ele>
      </trkpt>
      <trkpt lat="42.92673" lon="0.80738">
        <ele>802.0</ele>
      </trkpt>
      <trkpt lat="42.92684" lon="0.80748">
        <ele>801.0</ele>
      </trkpt>
      <trkpt lat="42.92689" lon="0.8075">
        <ele>800.0</ele>
      </trkpt>
      <trkpt lat="42.92699" lon="0.80752">
        <ele>798.0</ele>
      </trkpt>
      <trkpt lat="42.92717" lon="0.80751">
        <ele>793.0</ele>
      </trkpt>
      <trkpt lat="42.92724" lon="0.80754">
        <ele>792.0</ele>
      </trkpt>
      <trkpt lat="42.92731" lon="0.8076">
        <ele>792.0</ele>
      </trkpt>
      <trkpt lat="42.92749" lon="0.80792">
        <ele>793.0</ele>
      </trkpt>
      <trkpt lat="42.92755" lon="0.80797">
        <ele>794.0</ele>
      </trkpt>
      <trkpt lat="42.92761" lon="0.80801">
        <ele>796.0</ele>
      </trkpt>
      <trkpt lat="42.92766" lon="0.80801">
        <ele>796.0</ele>
      </trkpt>
      <trkpt lat="42.92776" lon="0.80799">
        <ele>796.0</ele>
      </trkpt>
      <trkpt lat="42.9278" lon="0.80796">
        <ele>796.0</ele>
      </trkpt>
      <trkpt lat="42.92783" lon="0.8079">
        <ele>795.0</ele>
      </trkpt>
      <trkpt lat="42.92791" lon="0.80761">
        <ele>789.0</ele>
      </trkpt>
      <trkpt lat="42.92798" lon="0.80749">
        <ele>787.0</ele>
      </trkpt>
      <trkpt lat="42.92823" lon="0.8072">
        <ele>779.0</ele>
      </trkpt>
      <trkpt lat="42.92841" lon="0.80686">
        <ele>768.0</ele>
      </trkpt>
      <trkpt lat="42.92851" lon="0.80672">
        <ele>763.0</ele>
      </trkpt>
      <trkpt lat="42.92862" lon="0.80659">
        <ele>759.0</ele>
      </trkpt>
      <trkpt lat="42.92868" lon="0.80654">
        <ele>757.0</ele>
      </trkpt>
      <trkpt lat="42.92873" lon="0.80652">
        <ele>757.0</ele>
      </trkpt>
      <trkpt lat="42.92879" lon="0.80652">
        <ele>757.0</ele>
      </trkpt>
      <trkpt lat="42.92883" lon="0.80653">
        <ele>757.0</ele>
      </trkpt>
      <trkpt lat="42.9289" lon="0.80658">
        <ele>758.0</ele>
      </trkpt>
      <trkpt lat="42.92903" lon="0.80672">
        <ele>763.0</ele>
      </trkpt>
      <trkpt lat="42.92924" lon="0.80689">
        <ele>768.0</ele>
      </trkpt>
      <trkpt lat="42.92934" lon="0.80695">
        <ele>768.0</ele>
      </trkpt>
      <trkpt lat="42.92946" lon="0.80699">
        <ele>767.0</ele>
      </trkpt>
      <trkpt lat="42.92959" lon="0.807">
        <ele>765.0</ele>
      </trkpt>
      <trkpt lat="42.92978" lon="0.80694">
        <ele>759.0</ele>
      </trkpt>
      <trkpt lat="42.93" lon="0.80686">
        <ele>752.0</ele>
      </trkpt>
      <trkpt lat="42.93012" lon="0.80686">
        <ele>750.0</ele>
      </trkpt>
      <trkpt lat="42.93019" lon="0.80688">
        <ele>749.0</ele>
      </trkpt>
      <trkpt lat="42.93025" lon="0.80693">
        <ele>750.0</ele>
      </trkpt>
      <trkpt lat="42.93045" lon="0.80712">
        <ele>752.0</ele>
      </trkpt>
      <trkpt lat="42.93057" lon="0.80721">
        <ele>752.0</ele>
      </trkpt>
      <trkpt lat="42.93065" lon="0.80725">
        <ele>751.0</ele>
      </trkpt>
      <trkpt lat="42.93074" lon="0.80726">
        <ele>749.0</ele>
      </trkpt>
      <trkpt lat="42.93094" lon="0.80724">
        <ele>744.0</ele>
      </trkpt>
      <trkpt lat="42.93106" lon="0.80727">
        <ele>741.0</ele>
      </trkpt>
      <trkpt lat="42.93115" lon="0.80731">
        <ele>740.0</ele>
      </trkpt>
      <trkpt lat="42.93125" lon="0.80739">
        <ele>739.0</ele>
      </trkpt>
      <trkpt lat="42.9313" lon="0.80744">
        <ele>739.0</ele>
      </trkpt>
      <trkpt lat="42.93135" lon="0.80753">
        <ele>739.0</ele>
      </trkpt>
      <trkpt lat="42.9314" lon="0.80764">
        <ele>740.0</ele>
      </trkpt>
      <trkpt lat="42.93145" lon="0.80774">
        <ele>741.0</ele>
      </trkpt>
      <trkpt lat="42.93151" lon="0.8078">
        <ele>740.0</ele>
      </trkpt>
      <trkpt lat="42.93173" lon="0.80788">
        <ele>736.0</ele>
      </trkpt>
      <trkpt lat="42.93195" lon="0.80804">
        <ele>737.0</ele>
      </trkpt>
      <trkpt lat="42.93202" lon="0.80812">
        <ele>737.0</ele>
      </trkpt>
      <trkpt lat="42.93205" lon="0.80817">
        <ele>738.0</ele>
      </trkpt>
      <trkpt lat="42.93206" lon="0.80824">
        <ele>739.0</ele>
      </trkpt>
      <trkpt lat="42.93207" lon="0.80843">
        <ele>742.0</ele>
      </trkpt>
      <trkpt lat="42.93213" lon="0.80868">
        <ele>744.0</ele>
      </trkpt>
      <trkpt lat="42.93216" lon="0.80877">
        <ele>744.0</ele>
      </trkpt>
      <trkpt lat="42.9322" lon="0.80883">
        <ele>744.0</ele>
      </trkpt>
      <trkpt lat="42.93228" lon="0.80885">
        <ele>743.0</ele>
      </trkpt>
      <trkpt lat="42.93229" lon="0.80885">
        <ele>743.0</ele>
      </trkpt>
      <trkpt lat="42.93234" lon="0.80884">
        <ele>742.0</ele>
      </trkpt>
      <trkpt lat="42.93236" lon="0.80875">
        <ele>741.0</ele>
      </trkpt>
      <trkpt lat="42.93237" lon="0.80867">
        <ele>740.0</ele>
      </trkpt>
      <trkpt lat="42.93231" lon="0.80801">
        <ele>731.0</ele>
      </trkpt>
      <trkpt lat="42.93231" lon="0.80784">
        <ele>728.0</ele>
      </trkpt>
      <trkpt lat="42.93235" lon="0.80719">
        <ele>717.0</ele>
      </trkpt>
      <trkpt lat="42.93237" lon="0.80711">
        <ele>716.0</ele>
      </trkpt>
      <trkpt lat="42.93241" lon="0.80705">
        <ele>715.0</ele>
      </trkpt>
      <trkpt lat="42.93247" lon="0.80703">
        <ele>714.0</ele>
      </trkpt>
      <trkpt lat="42.93251" lon="0.80703">
        <ele>713.0</ele>
      </trkpt>
      <trkpt lat="42.93255" lon="0.80705">
        <ele>714.0</ele>
      </trkpt>
      <trkpt lat="42.9327" lon="0.80715">
        <ele>716.0</ele>
      </trkpt>
      <trkpt lat="42.93281" lon="0.80723">
        <ele>719.0</ele>
      </trkpt>
      <trkpt lat="42.93302" lon="0.80736">
        <ele>723.0</ele>
      </trkpt>
      <trkpt lat="42.93311" lon="0.80738">
        <ele>725.0</ele>
      </trkpt>
      <trkpt lat="42.93321" lon="0.80735">
        <ele>725.0</ele>
      </trkpt>
      <trkpt lat="42.93332" lon="0.80729">
        <ele>725.0</ele>
      </trkpt>
      <trkpt lat="42.93338" lon="0.80723">
        <ele>725.0</ele>
      </trkpt>
      <trkpt lat="42.93348" lon="0.80707">
        <ele>722.0</ele>
      </trkpt>
      <trkpt lat="42.93353" lon="0.80693">
        <ele>719.0</ele>
      </trkpt>
      <trkpt lat="42.93363" lon="0.8065">
        <ele>713.0</ele>
      </trkpt>
      <trkpt lat="42.93371" lon="0.8061">
        <ele>714.0</ele>
      </trkpt>
      <trkpt lat="42.93375" lon="0.806">
        <ele>713.0</ele>
      </trkpt>
      <trkpt lat="42.9338" lon="0.80593">
        <ele>712.0</ele>
      </trkpt>
      <trkpt lat="42.93386" lon="0.80588">
        <ele>711.0</ele>
      </trkpt>
      <trkpt lat="42.93392" lon="0.80587">
        <ele>710.0</ele>
      </trkpt>
      <trkpt lat="42.93397" lon="0.80586">
        <ele>709.0</ele>
      </trkpt>
      <trkpt lat="42.93403" lon="0.80588">
        <ele>708.0</ele>
      </trkpt>
      <trkpt lat="42.9347" lon="0.80641">
        <ele>706.0</ele>
      </trkpt>
      <trkpt lat="42.93481" lon="0.80648">
        <ele>705.0</ele>
      </trkpt>
      <trkpt lat="42.93489" lon="0.80652">
        <ele>703.0</ele>
      </trkpt>
      <trkpt lat="42.93498" lon="0.80654">
        <ele>701.0</ele>
      </trkpt>
      <trkpt lat="42.93519" lon="0.80652">
        <ele>704.0</ele>
      </trkpt>
      <trkpt lat="42.93531" lon="0.80649">
        <ele>705.0</ele>
      </trkpt>
      <trkpt lat="42.93542" lon="0.80644">
        <ele>707.0</ele>
      </trkpt>
      <trkpt lat="42.93555" lon="0.80634">
        <ele>707.0</ele>
      </trkpt>
      <trkpt lat="42.9357" lon="0.80618">
        <ele>707.0</ele>
      </trkpt>
      <trkpt lat="42.93577" lon="0.80613">
        <ele>708.0</ele>
      </trkpt>
      <trkpt lat="42.93586" lon="0.8061">
        <ele>708.0</ele>
      </trkpt>
      <trkpt lat="42.93592" lon="0.80608">
        <ele>708.0</ele>
      </trkpt>
      <trkpt lat="42.93604" lon="0.80608">
        <ele>709.0</ele>
      </trkpt>
      <trkpt lat="42.93621" lon="0.8061">
        <ele>710.0</ele>
      </trkpt>
      <trkpt lat="42.93637" lon="0.80614">
        <ele>712.0</ele>
      </trkpt>
      <trkpt lat="42.93643" lon="0.80618">
        <ele>712.0</ele>
      </trkpt>
      <trkpt lat="42.93648" lon="0.80622">
        <ele>712.0</ele>
      </trkpt>
      <trkpt lat="42.93653" lon="0.80629">
        <ele>712.0</ele>
      </trkpt>
      <trkpt lat="42.93656" lon="0.80638">
        <ele>712.0</ele>
      </trkpt>
      <trkpt lat="42.93661" lon="0.80664">
        <ele>711.0</ele>
      </trkpt>
      <trkpt lat="42.93666" lon="0.80682">
        <ele>718.0</ele>
      </trkpt>
      <trkpt lat="42.93674" lon="0.80699">
        <ele>723.0</ele>
      </trkpt>
      <trkpt lat="42.93682" lon="0.80712">
        <ele>726.0</ele>
      </trkpt>
      <trkpt lat="42.93691" lon="0.80724">
        <ele>727.0</ele>
      </trkpt>
      <trkpt lat="42.93701" lon="0.80731">
        <ele>725.0</ele>
      </trkpt>
      <trkpt lat="42.93709" lon="0.80736">
        <ele>722.0</ele>
      </trkpt>
      <trkpt lat="42.9372" lon="0.80741">
        <ele>718.0</ele>
      </trkpt>
      <trkpt lat="42.93748" lon="0.80746">
        <ele>705.0</ele>
      </trkpt>
      <trkpt lat="42.93765" lon="0.80745">
        <ele>701.0</ele>
      </trkpt>
      <trkpt lat="42.93773" lon="0.80742">
        <ele>699.0</ele>
      </trkpt>
      <trkpt lat="42.93798" lon="0.8073">
        <ele>696.0</ele>
      </trkpt>
      <trkpt lat="42.93803" lon="0.80728">
        <ele>695.0</ele>
      </trkpt>
      <trkpt lat="42.93807" lon="0.80729">
        <ele>694.0</ele>
      </trkpt>
      <trkpt lat="42.93812" lon="0.8073">
        <ele>693.0</ele>
      </trkpt>
      <trkpt lat="42.93816" lon="0.80734">
        <ele>692.0</ele>
      </trkpt>
      <trkpt lat="42.9382" lon="0.80738">
        <ele>691.0</ele>
      </trkpt>
      <trkpt lat="42.93823" lon="0.80744">
        <ele>689.0</ele>
      </trkpt>
      <trkpt lat="42.93826" lon="0.80753">
        <ele>688.0</ele>
      </trkpt>
      <trkpt lat="42.93838" lon="0.80826">
        <ele>699.0</ele>
      </trkpt>
      <trkpt lat="42.93843" lon="0.80847">
        <ele>704.0</ele>
      </trkpt>
      <trkpt lat="42.9385" lon="0.80865">
        <ele>708.0</ele>
      </trkpt>
      <trkpt lat="42.93857" lon="0.80878">
        <ele>709.0</ele>
      </trkpt>
      <trkpt lat="42.93864" lon="0.80889">
        <ele>709.0</ele>
      </trkpt>
      <trkpt lat="42.93881" lon="0.80908">
        <ele>704.0</ele>
      </trkpt>
      <trkpt lat="42.93887" lon="0.80914">
        <ele>701.0</ele>
      </trkpt>
      <trkpt lat="42.93893" lon="0.80917">
        <ele>698.0</ele>
      </trkpt>
      <trkpt lat="42.93907" lon="0.80922">
        <ele>690.0</ele>
      </trkpt>
      <trkpt lat="42.93919" lon="0.80924">
        <ele>683.0</ele>
      </trkpt>
      <trkpt lat="42.93924" lon="0.80926">
        <ele>683.0</ele>
      </trkpt>
      <trkpt lat="42.93928" lon="0.8093">
        <ele>684.0</ele>
      </trkpt>
      <trkpt lat="42.9393" lon="0.80933">
        <ele>684.0</ele>
      </trkpt>
      <trkpt lat="42.93933" lon="0.80941">
        <ele>686.0</ele>
      </trkpt>
      <trkpt lat="42.93935" lon="0.80948">
        <ele>687.0</ele>
      </trkpt>
      <trkpt lat="42.93935" lon="0.80956">
        <ele>689.0</ele>
      </trkpt>
      <trkpt lat="42.93932" lon="0.80995">
        <ele>701.0</ele>
      </trkpt>
      <trkpt lat="42.93932" lon="0.81011">
        <ele>707.0</ele>
      </trkpt>
      <trkpt lat="42.93934" lon="0.81023">
        <ele>712.0</ele>
      </trkpt>
      <trkpt lat="42.93937" lon="0.81037">
        <ele>718.0</ele>
      </trkpt>
      <trkpt lat="42.93941" lon="0.81046">
        <ele>720.0</ele>
      </trkpt>
      <trkpt lat="42.93949" lon="0.81057">
        <ele>720.0</ele>
      </trkpt>
      <trkpt lat="42.93955" lon="0.81064">
        <ele>720.0</ele>
      </trkpt>
      <trkpt lat="42.93962" lon="0.81069">
        <ele>717.0</ele>
      </trkpt>
      <trkpt lat="42.9397" lon="0.81074">
        <ele>714.0</ele>
      </trkpt>
      <trkpt lat="42.93992" lon="0.81081">
        <ele>703.0</ele>
      </trkpt>
      <trkpt lat="42.9407" lon="0.81087">
        <ele>684.0</ele>
      </trkpt>
      <trkpt lat="42.9408" lon="0.8109">
        <ele>683.0</ele>
      </trkpt>
      <trkpt lat="42.94103" lon="0.811">
        <ele>684.0</ele>
      </trkpt>
      <trkpt lat="42.9412" lon="0.81109">
        <ele>686.0</ele>
      </trkpt>
      <trkpt lat="42.9413" lon="0.81112">
        <ele>686.0</ele>
      </trkpt>
      <trkpt lat="42.94136" lon="0.81114">
        <ele>686.0</ele>
      </trkpt>
      <trkpt lat="42.94144" lon="0.81114">
        <ele>685.0</ele>
      </trkpt>
      <trkpt lat="42.94151" lon="0.81112">
        <ele>684.0</ele>
      </trkpt>
      <trkpt lat="42.94174" lon="0.811">
        <ele>677.0</ele>
      </trkpt>
      <trkpt lat="42.94179" lon="0.81099">
        <ele>676.0</ele>
      </trkpt>
      <trkpt lat="42.94195" lon="0.81102">
        <ele>676.0</ele>
      </trkpt>
      <trkpt lat="42.94202" lon="0.81106">
        <ele>677.0</ele>
      </trkpt>
      <trkpt lat="42.94208" lon="0.81112">
        <ele>679.0</ele>
      </trkpt>
      <trkpt lat="42.94223" lon="0.81131">
        <ele>683.0</ele>
      </trkpt>
      <trkpt lat="42.94231" lon="0.81138">
        <ele>684.0</ele>
      </trkpt>
      <trkpt lat="42.94239" lon="0.81142">
        <ele>684.0</ele>
      </trkpt>
      <trkpt lat="42.94292" lon="0.81168">
        <ele>680.0</ele>
      </trkpt>
      <trkpt lat="42.94321" lon="0.81181">
        <ele>679.0</ele>
      </trkpt>
      <trkpt lat="42.94376" lon="0.81202">
        <ele>672.0</ele>
      </trkpt>
      <trkpt lat="42.94387" lon="0.81209">
        <ele>670.0</ele>
      </trkpt>
      <trkpt lat="42.94395" lon="0.81217">
        <ele>670.0</ele>
      </trkpt>
      <trkpt lat="42.94403" lon="0.81227">
        <ele>670.0</ele>
      </trkpt>
      <trkpt lat="42.94408" lon="0.81237">
        <ele>670.0</ele>
      </trkpt>
      <trkpt lat="42.94413" lon="0.8125">
        <ele>670.0</ele>
      </trkpt>
      <trkpt lat="42.94415" lon="0.81261">
        <ele>673.0</ele>
      </trkpt>
      <trkpt lat="42.94418" lon="0.81282">
        <ele>678.0</ele>
      </trkpt>
      <trkpt lat="42.9442" lon="0.81294">
        <ele>681.0</ele>
      </trkpt>
      <trkpt lat="42.94428" lon="0.81312">
        <ele>683.0</ele>
      </trkpt>
      <trkpt lat="42.94444" lon="0.81328">
        <ele>682.0</ele>
      </trkpt>
      <trkpt lat="42.94458" lon="0.81349">
        <ele>685.0</ele>
      </trkpt>
      <trkpt lat="42.9447" lon="0.81357">
        <ele>685.0</ele>
      </trkpt>
      <trkpt lat="42.94485" lon="0.81364">
        <ele>684.0</ele>
      </trkpt>
      <trkpt lat="42.94491" lon="0.81366">
        <ele>683.0</ele>
      </trkpt>
      <trkpt lat="42.94498" lon="0.81366">
        <ele>681.0</ele>
      </trkpt>
      <trkpt lat="42.94557" lon="0.81358">
        <ele>673.0</ele>
      </trkpt>
      <trkpt lat="42.94566" lon="0.81356">
        <ele>671.0</ele>
      </trkpt>
      <trkpt lat="42.94603" lon="0.81342">
        <ele>661.0</ele>
      </trkpt>
      <trkpt lat="42.94609" lon="0.81341">
        <ele>660.0</ele>
      </trkpt>
      <trkpt lat="42.94614" lon="0.81341">
        <ele>660.0</ele>
      </trkpt>
      <trkpt lat="42.94619" lon="0.81345">
        <ele>660.0</ele>
      </trkpt>
      <trkpt lat="42.94623" lon="0.81349">
        <ele>661.0</ele>
      </trkpt>
      <trkpt lat="42.94627" lon="0.81355">
        <ele>663.0</ele>
      </trkpt>
      <trkpt lat="42.94653" lon="0.81415">
        <ele>675.0</ele>
      </trkpt>
      <trkpt lat="42.94661" lon="0.81424">
        <ele>676.0</ele>
      </trkpt>
      <trkpt lat="42.94668" lon="0.81427">
        <ele>675.0</ele>
      </trkpt>
      <trkpt lat="42.94675" lon="0.81426">
        <ele>673.0</ele>
      </trkpt>
      <trkpt lat="42.94688" lon="0.81419">
        <ele>667.0</ele>
      </trkpt>
      <trkpt lat="42.94697" lon="0.81418">
        <ele>665.0</ele>
      </trkpt>
      <trkpt lat="42.94711" lon="0.81421">
        <ele>662.0</ele>
      </trkpt>
      <trkpt lat="42.94763" lon="0.81459">
        <ele>663.0</ele>
      </trkpt>
      <trkpt lat="42.94778" lon="0.81472">
        <ele>663.0</ele>
      </trkpt>
      <trkpt lat="42.94791" lon="0.81492">
        <ele>661.0</ele>
      </trkpt>
      <trkpt lat="42.94803" lon="0.81514">
        <ele>661.0</ele>
      </trkpt>
      <trkpt lat="42.94813" lon="0.81539">
        <ele>662.0</ele>
      </trkpt>
      <trkpt lat="42.94838" lon="0.81608">
        <ele>668.0</ele>
      </trkpt>
      <trkpt lat="42.94843" lon="0.81618">
        <ele>671.0</ele>
      </trkpt>
      <trkpt lat="42.94848" lon="0.81624">
        <ele>672.0</ele>
      </trkpt>
      <trkpt lat="42.94856" lon="0.8163">
        <ele>673.0</ele>
      </trkpt>
      <trkpt lat="42.94869" lon="0.81635">
        <ele>672.0</ele>
      </trkpt>
      <trkpt lat="42.94887" lon="0.81643">
        <ele>671.0</ele>
      </trkpt>
      <trkpt lat="42.94902" lon="0.81641">
        <ele>666.0</ele>
      </trkpt>
      <trkpt lat="42.94926" lon="0.81623">
        <ele>657.0</ele>
      </trkpt>
      <trkpt lat="42.94937" lon="0.81618">
        <ele>655.0</ele>
      </trkpt>
      <trkpt lat="42.94946" lon="0.81617">
        <ele>655.0</ele>
      </trkpt>
      <trkpt lat="42.94957" lon="0.81619">
        <ele>655.0</ele>
      </trkpt>
      <trkpt lat="42.94999" lon="0.81636">
        <ele>658.0</ele>
      </trkpt>
      <trkpt lat="42.95005" lon="0.81641">
        <ele>659.0</ele>
      </trkpt>
      <trkpt lat="42.95011" lon="0.81647">
        <ele>660.0</ele>
      </trkpt>
      <trkpt lat="42.95038" lon="0.81736">
        <ele>681.0</ele>
      </trkpt>
      <trkpt lat="42.95056" lon="0.81801">
        <ele>685.0</ele>
      </trkpt>
      <trkpt lat="42.95058" lon="0.81812">
        <ele>686.0</ele>
      </trkpt>
      <trkpt lat="42.95057" lon="0.81819">
        <ele>687.0</ele>
      </trkpt>
      <trkpt lat="42.95054" lon="0.81828">
        <ele>688.0</ele>
      </trkpt>
      <trkpt lat="42.95049" lon="0.81834">
        <ele>689.0</ele>
      </trkpt>
      <trkpt lat="42.94996" lon="0.81871">
        <ele>700.0</ele>
      </trkpt>
      <trkpt lat="42.94987" lon="0.81873">
        <ele>702.0</ele>
      </trkpt>
      <trkpt lat="42.94978" lon="0.81875">
        <ele>704.0</ele>
      </trkpt>
      <trkpt lat="42.94944" lon="0.81875">
        <ele>711.0</ele>
      </trkpt>
      <trkpt lat="42.94936" lon="0.81877">
        <ele>712.0</ele>
      </trkpt>
      <trkpt lat="42.94928" lon="0.81882">
        <ele>713.0</ele>
      </trkpt>
      <trkpt lat="42.9491" lon="0.81898">
        <ele>716.0</ele>
      </trkpt>
      <trkpt lat="42.94887" lon="0.81913">
        <ele>726.0</ele>
      </trkpt>
      <trkpt lat="42.9488" lon="0.81924">
        <ele>729.0</ele>
      </trkpt>
      <trkpt lat="42.94866" lon="0.81953">
        <ele>735.0</ele>
      </trkpt>
      <trkpt lat="42.94863" lon="0.81963">
        <ele>736.0</ele>
      </trkpt>
      <trkpt lat="42.94861" lon="0.81978">
        <ele>736.0</ele>
      </trkpt>
      <trkpt lat="42.9486" lon="0.82066">
        <ele>740.0</ele>
      </trkpt>
      <trkpt lat="42.94858" lon="0.82118">
        <ele>744.0</ele>
      </trkpt>
      <trkpt lat="42.94863" lon="0.82157">
        <ele>746.0</ele>
      </trkpt>
      <trkpt lat="42.94865" lon="0.82208">
        <ele>749.0</ele>
      </trkpt>
      <trkpt lat="42.94861" lon="0.82241">
        <ele>752.0</ele>
      </trkpt>
      <trkpt lat="42.94862" lon="0.82257">
        <ele>752.0</ele>
      </trkpt>
      <trkpt lat="42.94869" lon="0.82279">
        <ele>753.0</ele>
      </trkpt>
      <trkpt lat="42.94867" lon="0.82288">
        <ele>754.0</ele>
      </trkpt>
      <trkpt lat="42.94864" lon="0.82292">
        <ele>754.0</ele>
      </trkpt>
      <trkpt lat="42.94843" lon="0.82309">
        <ele>754.0</ele>
      </trkpt>
      <trkpt lat="42.94836" lon="0.82317">
        <ele>753.0</ele>
      </trkpt>
      <trkpt lat="42.94832" lon="0.82323">
        <ele>753.0</ele>
      </trkpt>
      <trkpt lat="42.94829" lon="0.82331">
        <ele>755.0</ele>
      </trkpt>
      <trkpt lat="42.94821" lon="0.82361">
        <ele>760.0</ele>
      </trkpt>
      <trkpt lat="42.948" lon="0.8241">
        <ele>766.0</ele>
      </trkpt>
      <trkpt lat="42.94796" lon="0.82416">
        <ele>767.0</ele>
      </trkpt>
      <trkpt lat="42.94789" lon="0.82424">
        <ele>769.0</ele>
      </trkpt>
      <trkpt lat="42.94775" lon="0.82433">
        <ele>772.0</ele>
      </trkpt>
      <trkpt lat="42.94768" lon="0.82439">
        <ele>772.0</ele>
      </trkpt>
      <trkpt lat="42.94746" lon="0.82469">
        <ele>773.0</ele>
      </trkpt>
      <trkpt lat="42.94734" lon="0.82488">
        <ele>778.0</ele>
      </trkpt>
      <trkpt lat="42.94716" lon="0.82515">
        <ele>787.0</ele>
      </trkpt>
      <trkpt lat="42.94709" lon="0.82525">
        <ele>791.0</ele>
      </trkpt>
      <trkpt lat="42.947" lon="0.82546">
        <ele>793.0</ele>
      </trkpt>
      <trkpt lat="42.94693" lon="0.82569">
        <ele>793.0</ele>
      </trkpt>
      <trkpt lat="42.94688" lon="0.82581">
        <ele>792.0</ele>
      </trkpt>
      <trkpt lat="42.94671" lon="0.82608">
        <ele>794.0</ele>
      </trkpt>
      <trkpt lat="42.94659" lon="0.82633">
        <ele>798.0</ele>
      </trkpt>
      <trkpt lat="42.9464" lon="0.82684">
        <ele>808.0</ele>
      </trkpt>
      <trkpt lat="42.94637" lon="0.82691">
        <ele>809.0</ele>
      </trkpt>
      <trkpt lat="42.94631" lon="0.82698">
        <ele>811.0</ele>
      </trkpt>
      <trkpt lat="42.94625" lon="0.82704">
        <ele>813.0</ele>
      </trkpt>
      <trkpt lat="42.94612" lon="0.82711">
        <ele>815.0</ele>
      </trkpt>
      <trkpt lat="42.94606" lon="0.82721">
        <ele>815.0</ele>
      </trkpt>
      <trkpt lat="42.94604" lon="0.82735">
        <ele>814.0</ele>
      </trkpt>
      <trkpt lat="42.94598" lon="0.82795">
        <ele>816.0</ele>
      </trkpt>
      <trkpt lat="42.94594" lon="0.8281">
        <ele>816.0</ele>
      </trkpt>
      <trkpt lat="42.94575" lon="0.82852">
        <ele>819.0</ele>
      </trkpt>
      <trkpt lat="42.94572" lon="0.82862">
        <ele>821.0</ele>
      </trkpt>
      <trkpt lat="42.94572" lon="0.82873">
        <ele>822.0</ele>
      </trkpt>
      <trkpt lat="42.94574" lon="0.82907">
        <ele>823.0</ele>
      </trkpt>
      <trkpt lat="42.94574" lon="0.82921">
        <ele>824.0</ele>
      </trkpt>
      <trkpt lat="42.94573" lon="0.82933">
        <ele>825.0</ele>
      </trkpt>
      <trkpt lat="42.9457" lon="0.82946">
        <ele>827.0</ele>
      </trkpt>
      <trkpt lat="42.94563" lon="0.82969">
        <ele>830.0</ele>
      </trkpt>
      <trkpt lat="42.94549" lon="0.83011">
        <ele>836.0</ele>
      </trkpt>
      <trkpt lat="42.94539" lon="0.83046">
        <ele>838.0</ele>
      </trkpt>
      <trkpt lat="42.94537" lon="0.83061">
        <ele>838.0</ele>
      </trkpt>
      <trkpt lat="42.94537" lon="0.83089">
        <ele>838.0</ele>
      </trkpt>
      <trkpt lat="42.94536" lon="0.83096">
        <ele>839.0</ele>
      </trkpt>
      <trkpt lat="42.94533" lon="0.83104">
        <ele>839.0</ele>
      </trkpt>
      <trkpt lat="42.94495" lon="0.83156">
        <ele>837.0</ele>
      </trkpt>
      <trkpt lat="42.94476" lon="0.83187">
        <ele>845.0</ele>
      </trkpt>
      <trkpt lat="42.94468" lon="0.83197">
        <ele>847.0</ele>
      </trkpt>
      <trkpt lat="42.94437" lon="0.83226">
        <ele>848.0</ele>
      </trkpt>
      <trkpt lat="42.9443" lon="0.83236">
        <ele>846.0</ele>
      </trkpt>
      <trkpt lat="42.94422" lon="0.83251">
        <ele>843.0</ele>
      </trkpt>
      <trkpt lat="42.94417" lon="0.8327">
        <ele>845.0</ele>
      </trkpt>
      <trkpt lat="42.94412" lon="0.83281">
        <ele>849.0</ele>
      </trkpt>
      <trkpt lat="42.944" lon="0.83304">
        <ele>858.0</ele>
      </trkpt>
      <trkpt lat="42.94368" lon="0.83378">
        <ele>871.0</ele>
      </trkpt>
      <trkpt lat="42.94355" lon="0.83421">
        <ele>869.0</ele>
      </trkpt>
      <trkpt lat="42.9435" lon="0.83434">
        <ele>869.0</ele>
      </trkpt>
      <trkpt lat="42.94334" lon="0.83453">
        <ele>865.0</ele>
      </trkpt>
      <trkpt lat="42.94315" lon="0.83467">
        <ele>871.0</ele>
      </trkpt>
      <trkpt lat="42.94296" lon="0.83481">
        <ele>876.0</ele>
      </trkpt>
      <trkpt lat="42.94236" lon="0.83515">
        <ele>889.0</ele>
      </trkpt>
      <trkpt lat="42.94222" lon="0.83518">
        <ele>893.0</ele>
      </trkpt>
      <trkpt lat="42.94199" lon="0.83519">
        <ele>898.0</ele>
      </trkpt>
      <trkpt lat="42.94189" lon="0.83518">
        <ele>900.0</ele>
      </trkpt>
      <trkpt lat="42.94178" lon="0.83515">
        <ele>903.0</ele>
      </trkpt>
      <trkpt lat="42.94158" lon="0.83503">
        <ele>906.0</ele>
      </trkpt>
      <trkpt lat="42.94151" lon="0.835">
        <ele>907.0</ele>
      </trkpt>
      <trkpt lat="42.94149" lon="0.83501">
        <ele>907.0</ele>
      </trkpt>
      <trkpt lat="42.94146" lon="0.83505">
        <ele>908.0</ele>
      </trkpt>
      <trkpt lat="42.94147" lon="0.83512">
        <ele>908.0</ele>
      </trkpt>
      <trkpt lat="42.9415" lon="0.83518">
        <ele>908.0</ele>
      </trkpt>
      <trkpt lat="42.94169" lon="0.83543">
        <ele>906.0</ele>
      </trkpt>
      <trkpt lat="42.94176" lon="0.83549">
        <ele>904.0</ele>
      </trkpt>
      <trkpt lat="42.94185" lon="0.83555">
        <ele>903.0</ele>
      </trkpt>
      <trkpt lat="42.94206" lon="0.83565">
        <ele>900.0</ele>
      </trkpt>
      <trkpt lat="42.94225" lon="0.83572">
        <ele>898.0</ele>
      </trkpt>
      <trkpt lat="42.94238" lon="0.83574">
        <ele>896.0</ele>
      </trkpt>
      <trkpt lat="42.94254" lon="0.83573">
        <ele>894.0</ele>
      </trkpt>
      <trkpt lat="42.9427" lon="0.83573">
        <ele>891.0</ele>
      </trkpt>
      <trkpt lat="42.94274" lon="0.83574">
        <ele>890.0</ele>
      </trkpt>
      <trkpt lat="42.94279" lon="0.83579">
        <ele>890.0</ele>
      </trkpt>
      <trkpt lat="42.94282" lon="0.83586">
        <ele>891.0</ele>
      </trkpt>
      <trkpt lat="42.94284" lon="0.83596">
        <ele>894.0</ele>
      </trkpt>
      <trkpt lat="42.94285" lon="0.8363">
        <ele>904.0</ele>
      </trkpt>
      <trkpt lat="42.94287" lon="0.83663">
        <ele>912.0</ele>
      </trkpt>
      <trkpt lat="42.94295" lon="0.83704">
        <ele>918.0</ele>
      </trkpt>
      <trkpt lat="42.94313" lon="0.83751">
        <ele>920.0</ele>
      </trkpt>
      <trkpt lat="42.94329" lon="0.83787">
        <ele>913.0</ele>
      </trkpt>
      <trkpt lat="42.94334" lon="0.83803">
        <ele>912.0</ele>
      </trkpt>
      <trkpt lat="42.94335" lon="0.83813">
        <ele>912.0</ele>
      </trkpt>
      <trkpt lat="42.94335" lon="0.83822">
        <ele>912.0</ele>
      </trkpt>
      <trkpt lat="42.94334" lon="0.8383">
        <ele>913.0</ele>
      </trkpt>
      <trkpt lat="42.94332" lon="0.83836">
        <ele>914.0</ele>
      </trkpt>
      <trkpt lat="42.94328" lon="0.83844">
        <ele>916.0</ele>
      </trkpt>
      <trkpt lat="42.94322" lon="0.83849">
        <ele>919.0</ele>
      </trkpt>
      <trkpt lat="42.94285" lon="0.83868">
        <ele>933.0</ele>
      </trkpt>
      <trkpt lat="42.94261" lon="0.83882">
        <ele>940.0</ele>
      </trkpt>
      <trkpt lat="42.94253" lon="0.83889">
        <ele>942.0</ele>
      </trkpt>
      <trkpt lat="42.94249" lon="0.83894">
        <ele>943.0</ele>
      </trkpt>
      <trkpt lat="42.94247" lon="0.83901">
        <ele>943.0</ele>
      </trkpt>
      <trkpt lat="42.94247" lon="0.83906">
        <ele>942.0</ele>
      </trkpt>
      <trkpt lat="42.94248" lon="0.83911">
        <ele>941.0</ele>
      </trkpt>
      <trkpt lat="42.94251" lon="0.83915">
        <ele>939.0</ele>
      </trkpt>
      <trkpt lat="42.94258" lon="0.83921">
        <ele>938.0</ele>
      </trkpt>
      <trkpt lat="42.9429" lon="0.83938">
        <ele>934.0</ele>
      </trkpt>
      <trkpt lat="42.94298" lon="0.83945">
        <ele>933.0</ele>
      </trkpt>
      <trkpt lat="42.94306" lon="0.83955">
        <ele>933.0</ele>
      </trkpt>
      <trkpt lat="42.94311" lon="0.83963">
        <ele>934.0</ele>
      </trkpt>
      <trkpt lat="42.94329" lon="0.84017">
        <ele>942.0</ele>
      </trkpt>
      <trkpt lat="42.94344" lon="0.84049">
        <ele>948.0</ele>
      </trkpt>
      <trkpt lat="42.94363" lon="0.84077">
        <ele>950.0</ele>
      </trkpt>
      <trkpt lat="42.94379" lon="0.84093">
        <ele>949.0</ele>
      </trkpt>
      <trkpt lat="42.94387" lon="0.84103">
        <ele>948.0</ele>
      </trkpt>
      <trkpt lat="42.94403" lon="0.84149">
        <ele>952.0</ele>
      </trkpt>
      <trkpt lat="42.94407" lon="0.84171">
        <ele>955.0</ele>
      </trkpt>
      <trkpt lat="42.94406" lon="0.842">
        <ele>959.0</ele>
      </trkpt>
      <trkpt lat="42.94403" lon="0.84214">
        <ele>962.0</ele>
      </trkpt>
      <trkpt lat="42.94389" lon="0.84242">
        <ele>972.0</ele>
      </trkpt>
      <trkpt lat="42.94387" lon="0.8425">
        <ele>974.0</ele>
      </trkpt>
      <trkpt lat="42.94387" lon="0.84255">
        <ele>975.0</ele>
      </trkpt>
      <trkpt lat="42.94388" lon="0.84263">
        <ele>976.0</ele>
      </trkpt>
      <trkpt lat="42.94391" lon="0.84267">
        <ele>975.0</ele>
      </trkpt>
      <trkpt lat="42.94396" lon="0.84272">
        <ele>975.0</ele>
      </trkpt>
      <trkpt lat="42.94409" lon="0.84279">
        <ele>972.0</ele>
      </trkpt>
      <trkpt lat="42.94421" lon="0.84289">
        <ele>972.0</ele>
      </trkpt>
      <trkpt lat="42.94433" lon="0.84303">
        <ele>975.0</ele>
      </trkpt>
      <trkpt lat="42.94451" lon="0.84332">
        <ele>978.0</ele>
      </trkpt>
      <trkpt lat="42.94455" lon="0.84346">
        <ele>981.0</ele>
      </trkpt>
      <trkpt lat="42.94462" lon="0.84397">
        <ele>989.0</ele>
      </trkpt>
      <trkpt lat="42.94468" lon="0.84418">
        <ele>991.0</ele>
      </trkpt>
      <trkpt lat="42.94474" lon="0.84436">
        <ele>992.0</ele>
      </trkpt>
      <trkpt lat="42.94487" lon="0.84462">
        <ele>990.0</ele>
      </trkpt>
      <trkpt lat="42.94489" lon="0.84471">
        <ele>991.0</ele>
      </trkpt>
      <trkpt lat="42.9449" lon="0.84481">
        <ele>992.0</ele>
      </trkpt>
      <trkpt lat="42.94489" lon="0.84492">
        <ele>993.0</ele>
      </trkpt>
      <trkpt lat="42.94483" lon="0.84525">
        <ele>999.0</ele>
      </trkpt>
      <trkpt lat="42.94478" lon="0.84565">
        <ele>1004.0</ele>
      </trkpt>
      <trkpt lat="42.94474" lon="0.8458">
        <ele>1007.0</ele>
      </trkpt>
      <trkpt lat="42.94458" lon="0.84615">
        <ele>1013.0</ele>
      </trkpt>
      <trkpt lat="42.94455" lon="0.84627">
        <ele>1014.0</ele>
      </trkpt>
      <trkpt lat="42.94452" lon="0.84639">
        <ele>1015.0</ele>
      </trkpt>
      <trkpt lat="42.9445" lon="0.84657">
        <ele>1015.0</ele>
      </trkpt>
      <trkpt lat="42.94449" lon="0.84673">
        <ele>1015.0</ele>
      </trkpt>
      <trkpt lat="42.94453" lon="0.84742">
        <ele>1013.0</ele>
      </trkpt>
      <trkpt lat="42.94453" lon="0.84759">
        <ele>1013.0</ele>
      </trkpt>
      <trkpt lat="42.94449" lon="0.84802">
        <ele>1014.0</ele>
      </trkpt>
      <trkpt lat="42.94448" lon="0.84824">
        <ele>1014.0</ele>
      </trkpt>
      <trkpt lat="42.94448" lon="0.84891">
        <ele>1022.0</ele>
      </trkpt>
      <trkpt lat="42.94446" lon="0.84907">
        <ele>1023.0</ele>
      </trkpt>
      <trkpt lat="42.94441" lon="0.84937">
        <ele>1025.0</ele>
      </trkpt>
      <trkpt lat="42.94437" lon="0.84955">
        <ele>1026.0</ele>
      </trkpt>
      <trkpt lat="42.94432" lon="0.84969">
        <ele>1026.0</ele>
      </trkpt>
      <trkpt lat="42.94428" lon="0.84977">
        <ele>1026.0</ele>
      </trkpt>
      <trkpt lat="42.94423" lon="0.84984">
        <ele>1025.0</ele>
      </trkpt>
      <trkpt lat="42.94415" lon="0.8499">
        <ele>1025.0</ele>
      </trkpt>
      <trkpt lat="42.94396" lon="0.84999">
        <ele>1027.0</ele>
      </trkpt>
      <trkpt lat="42.94385" lon="0.85003">
        <ele>1028.0</ele>
      </trkpt>
      <trkpt lat="42.94375" lon="0.85003">
        <ele>1029.0</ele>
      </trkpt>
      <trkpt lat="42.94285" lon="0.84989">
        <ele>1040.0</ele>
      </trkpt>
      <trkpt lat="42.94269" lon="0.84989">
        <ele>1042.0</ele>
      </trkpt>
      <trkpt lat="42.94264" lon="0.84992">
        <ele>1043.0</ele>
      </trkpt>
      <trkpt lat="42.9426" lon="0.84996">
        <ele>1042.0</ele>
      </trkpt>
      <trkpt lat="42.94258" lon="0.85002">
        <ele>1042.0</ele>
      </trkpt>
      <trkpt lat="42.94256" lon="0.85011">
        <ele>1043.0</ele>
      </trkpt>
      <trkpt lat="42.94258" lon="0.8502">
        <ele>1043.0</ele>
      </trkpt>
      <trkpt lat="42.9426" lon="0.85029">
        <ele>1044.0</ele>
      </trkpt>
      <trkpt lat="42.94264" lon="0.85042">
        <ele>1044.0</ele>
      </trkpt>
      <trkpt lat="42.94303" lon="0.85131">
        <ele>1050.0</ele>
      </trkpt>
      <trkpt lat="42.94314" lon="0.85155">
        <ele>1051.0</ele>
      </trkpt>
      <trkpt lat="42.94325" lon="0.85173">
        <ele>1052.0</ele>
      </trkpt>
      <trkpt lat="42.94335" lon="0.8519">
        <ele>1053.0</ele>
      </trkpt>
      <trkpt lat="42.94345" lon="0.85203">
        <ele>1055.0</ele>
      </trkpt>
      <trkpt lat="42.94352" lon="0.8521">
        <ele>1056.0</ele>
      </trkpt>
      <trkpt lat="42.94361" lon="0.85216">
        <ele>1057.0</ele>
      </trkpt>
      <trkpt lat="42.94375" lon="0.85221">
        <ele>1057.0</ele>
      </trkpt>
      <trkpt lat="42.94385" lon="0.85229">
        <ele>1059.0</ele>
      </trkpt>
      <trkpt lat="42.94395" lon="0.85239">
        <ele>1060.0</ele>
      </trkpt>
      <trkpt lat="42.94429" lon="0.85295">
        <ele>1069.0</ele>
      </trkpt>
      <trkpt lat="42.94462" lon="0.85346">
        <ele>1076.0</ele>
      </trkpt>
      <trkpt lat="42.94484" lon="0.85388">
        <ele>1074.0</ele>
      </trkpt>
      <trkpt lat="42.94487" lon="0.85395">
        <ele>1073.0</ele>
      </trkpt>
      <trkpt lat="42.94495" lon="0.85412">
        <ele>1072.0</ele>
      </trkpt>
      <trkpt lat="42.94503" lon="0.85427">
        <ele>1069.0</ele>
      </trkpt>
      <trkpt lat="42.94511" lon="0.85439">
        <ele>1068.0</ele>
      </trkpt>
      <trkpt lat="42.94517" lon="0.85445">
        <ele>1068.0</ele>
      </trkpt>
      <trkpt lat="42.94565" lon="0.85477">
        <ele>1068.0</ele>
      </trkpt>
      <trkpt lat="42.94584" lon="0.85482">
        <ele>1070.0</ele>
      </trkpt>
      <trkpt lat="42.94588" lon="0.85486">
        <ele>1070.0</ele>
      </trkpt>
      <trkpt lat="42.94593" lon="0.85491">
        <ele>1071.0</ele>
      </trkpt>
      <trkpt lat="42.94595" lon="0.85498">
        <ele>1070.0</ele>
      </trkpt>
      <trkpt lat="42.94597" lon="0.85509">
        <ele>1068.0</ele>
      </trkpt>
      <trkpt lat="42.94599" lon="0.8556">
        <ele>1057.0</ele>
      </trkpt>
      <trkpt lat="42.94603" lon="0.85584">
        <ele>1054.0</ele>
      </trkpt>
      <trkpt lat="42.94607" lon="0.85602">
        <ele>1053.0</ele>
      </trkpt>
      <trkpt lat="42.94612" lon="0.85615">
        <ele>1053.0</ele>
      </trkpt>
      <trkpt lat="42.94626" lon="0.85645">
        <ele>1053.0</ele>
      </trkpt>
      <trkpt lat="42.94631" lon="0.85657">
        <ele>1053.0</ele>
      </trkpt>
      <trkpt lat="42.94633" lon="0.85666">
        <ele>1052.0</ele>
      </trkpt>
      <trkpt lat="42.94633" lon="0.85673">
        <ele>1052.0</ele>
      </trkpt>
      <trkpt lat="42.94628" lon="0.85702">
        <ele>1047.0</ele>
      </trkpt>
      <trkpt lat="42.94627" lon="0.85725">
        <ele>1044.0</ele>
      </trkpt>
      <trkpt lat="42.94628" lon="0.85753">
        <ele>1042.0</ele>
      </trkpt>
      <trkpt lat="42.94626" lon="0.85776">
        <ele>1040.0</ele>
      </trkpt>
      <trkpt lat="42.94623" lon="0.85798">
        <ele>1038.0</ele>
      </trkpt>
      <trkpt lat="42.94617" lon="0.85823">
        <ele>1035.0</ele>
      </trkpt>
      <trkpt lat="42.94613" lon="0.85844">
        <ele>1032.0</ele>
      </trkpt>
      <trkpt lat="42.94608" lon="0.85919">
        <ele>1025.0</ele>
      </trkpt>
      <trkpt lat="42.94609" lon="0.85932">
        <ele>1025.0</ele>
      </trkpt>
      <trkpt lat="42.94612" lon="0.85949">
        <ele>1025.0</ele>
      </trkpt>
      <trkpt lat="42.94623" lon="0.85981">
        <ele>1027.0</ele>
      </trkpt>
      <trkpt lat="42.94624" lon="0.85988">
        <ele>1027.0</ele>
      </trkpt>
      <trkpt lat="42.94624" lon="0.85994">
        <ele>1026.0</ele>
      </trkpt>
      <trkpt lat="42.94621" lon="0.86">
        <ele>1024.0</ele>
      </trkpt>
      <trkpt lat="42.94617" lon="0.86003">
        <ele>1022.0</ele>
      </trkpt>
      <trkpt lat="42.94613" lon="0.86005">
        <ele>1020.0</ele>
      </trkpt>
      <trkpt lat="42.9461" lon="0.86005">
        <ele>1019.0</ele>
      </trkpt>
      <trkpt lat="42.94606" lon="0.86004">
        <ele>1017.0</ele>
      </trkpt>
      <trkpt lat="42.94602" lon="0.86001">
        <ele>1016.0</ele>
      </trkpt>
      <trkpt lat="42.94599" lon="0.85992">
        <ele>1015.0</ele>
      </trkpt>
      <trkpt lat="42.94589" lon="0.85952">
        <ele>1014.0</ele>
      </trkpt>
      <trkpt lat="42.94576" lon="0.85913">
        <ele>1012.0</ele>
      </trkpt>
      <trkpt lat="42.94567" lon="0.85891">
        <ele>1011.0</ele>
      </trkpt>
      <trkpt lat="42.94543" lon="0.85845">
        <ele>1007.0</ele>
      </trkpt>
      <trkpt lat="42.94521" lon="0.85805">
        <ele>1004.0</ele>
      </trkpt>
      <trkpt lat="42.94499" lon="0.85771">
        <ele>1000.0</ele>
      </trkpt>
      <trkpt lat="42.94489" lon="0.85753">
        <ele>1001.0</ele>
      </trkpt>
      <trkpt lat="42.94483" lon="0.85737">
        <ele>1003.0</ele>
      </trkpt>
      <trkpt lat="42.94478" lon="0.85711">
        <ele>1007.0</ele>
      </trkpt>
      <trkpt lat="42.94475" lon="0.85705">
        <ele>1008.0</ele>
      </trkpt>
      <trkpt lat="42.94471" lon="0.85702">
        <ele>1008.0</ele>
      </trkpt>
      <trkpt lat="42.94466" lon="0.85701">
        <ele>1009.0</ele>
      </trkpt>
      <trkpt lat="42.9446" lon="0.85702">
        <ele>1009.0</ele>
      </trkpt>
      <trkpt lat="42.94457" lon="0.85705">
        <ele>1008.0</ele>
      </trkpt>
      <trkpt lat="42.94453" lon="0.85715">
        <ele>1006.0</ele>
      </trkpt>
      <trkpt lat="42.94452" lon="0.85723">
        <ele>1005.0</ele>
      </trkpt>
      <trkpt lat="42.94453" lon="0.85799">
        <ele>990.0</ele>
      </trkpt>
      <trkpt lat="42.94452" lon="0.85854">
        <ele>981.0</ele>
      </trkpt>
      <trkpt lat="42.94452" lon="0.85877">
        <ele>978.0</ele>
      </trkpt>
      <trkpt lat="42.94455" lon="0.85891">
        <ele>977.0</ele>
      </trkpt>
      <trkpt lat="42.9446" lon="0.85903">
        <ele>977.0</ele>
      </trkpt>
      <trkpt lat="42.94481" lon="0.85933">
        <ele>977.0</ele>
      </trkpt>
      <trkpt lat="42.94486" lon="0.85947">
        <ele>976.0</ele>
      </trkpt>
      <trkpt lat="42.94488" lon="0.85963">
        <ele>973.0</ele>
      </trkpt>
      <trkpt lat="42.94493" lon="0.86037">
        <ele>964.0</ele>
      </trkpt>
      <trkpt lat="42.94497" lon="0.8606">
        <ele>961.0</ele>
      </trkpt>
      <trkpt lat="42.94508" lon="0.86094">
        <ele>962.0</ele>
      </trkpt>
      <trkpt lat="42.94509" lon="0.86106">
        <ele>962.0</ele>
      </trkpt>
      <trkpt lat="42.94509" lon="0.86115">
        <ele>962.0</ele>
      </trkpt>
      <trkpt lat="42.94508" lon="0.86123">
        <ele>961.0</ele>
      </trkpt>
      <trkpt lat="42.94503" lon="0.86137">
        <ele>958.0</ele>
      </trkpt>
      <trkpt lat="42.94478" lon="0.86195">
        <ele>949.0</ele>
      </trkpt>
      <trkpt lat="42.94468" lon="0.8622">
        <ele>946.0</ele>
      </trkpt>
      <trkpt lat="42.94459" lon="0.86247">
        <ele>943.0</ele>
      </trkpt>
      <trkpt lat="42.94451" lon="0.86271">
        <ele>940.0</ele>
      </trkpt>
      <trkpt lat="42.94446" lon="0.86294">
        <ele>939.0</ele>
      </trkpt>
      <trkpt lat="42.94436" lon="0.8635">
        <ele>935.0</ele>
      </trkpt>
      <trkpt lat="42.94431" lon="0.86387">
        <ele>933.0</ele>
      </trkpt>
      <trkpt lat="42.94422" lon="0.86451">
        <ele>928.0</ele>
      </trkpt>
      <trkpt lat="42.94416" lon="0.86487">
        <ele>924.0</ele>
      </trkpt>
      <trkpt lat="42.94415" lon="0.86507">
        <ele>923.0</ele>
      </trkpt>
      <trkpt lat="42.94417" lon="0.86521">
        <ele>923.0</ele>
      </trkpt>
      <trkpt lat="42.94422" lon="0.86534">
        <ele>923.0</ele>
      </trkpt>
      <trkpt lat="42.9443" lon="0.86551">
        <ele>924.0</ele>
      </trkpt>
      <trkpt lat="42.94432" lon="0.86561">
        <ele>924.0</ele>
      </trkpt>
      <trkpt lat="42.94431" lon="0.86568">
        <ele>923.0</ele>
      </trkpt>
      <trkpt lat="42.94428" lon="0.86573">
        <ele>922.0</ele>
      </trkpt>
      <trkpt lat="42.94423" lon="0.86577">
        <ele>921.0</ele>
      </trkpt>
      <trkpt lat="42.94417" lon="0.86578">
        <ele>919.0</ele>
      </trkpt>
      <trkpt lat="42.94411" lon="0.86576">
        <ele>919.0</ele>
      </trkpt>
      <trkpt lat="42.94403" lon="0.86563">
        <ele>918.0</ele>
      </trkpt>
      <trkpt lat="42.94377" lon="0.86527">
        <ele>913.0</ele>
      </trkpt>
      <trkpt lat="42.94346" lon="0.86477">
        <ele>905.0</ele>
      </trkpt>
      <trkpt lat="42.94317" lon="0.86414">
        <ele>903.0</ele>
      </trkpt>
      <trkpt lat="42.94312" lon="0.86402">
        <ele>903.0</ele>
      </trkpt>
      <trkpt lat="42.94309" lon="0.86388">
        <ele>903.0</ele>
      </trkpt>
      <trkpt lat="42.94305" lon="0.86355">
        <ele>906.0</ele>
      </trkpt>
      <trkpt lat="42.94301" lon="0.86349">
        <ele>906.0</ele>
      </trkpt>
      <trkpt lat="42.94295" lon="0.86346">
        <ele>906.0</ele>
      </trkpt>
      <trkpt lat="42.94289" lon="0.86348">
        <ele>906.0</ele>
      </trkpt>
      <trkpt lat="42.94285" lon="0.86352">
        <ele>906.0</ele>
      </trkpt>
      <trkpt lat="42.94282" lon="0.86358">
        <ele>905.0</ele>
      </trkpt>
      <trkpt lat="42.94281" lon="0.86367">
        <ele>904.0</ele>
      </trkpt>
      <trkpt lat="42.94283" lon="0.86393">
        <ele>900.0</ele>
      </trkpt>
      <trkpt lat="42.94282" lon="0.86409">
        <ele>898.0</ele>
      </trkpt>
      <trkpt lat="42.9426" lon="0.86488">
        <ele>888.0</ele>
      </trkpt>
      <trkpt lat="42.94256" lon="0.86486">
        <ele>887.0</ele>
      </trkpt>
      <trkpt lat="42.94251" lon="0.86486">
        <ele>886.0</ele>
      </trkpt>
      <trkpt lat="42.94215" lon="0.86489">
        <ele>882.0</ele>
      </trkpt>
      <trkpt lat="42.94199" lon="0.86492">
        <ele>880.0</ele>
      </trkpt>
      <trkpt lat="42.94196" lon="0.86496">
        <ele>879.0</ele>
      </trkpt>
      <trkpt lat="42.94183" lon="0.86489">
        <ele>878.0</ele>
      </trkpt>
      <trkpt lat="42.94179" lon="0.86489">
        <ele>878.0</ele>
      </trkpt>
      <trkpt lat="42.94169" lon="0.8649">
        <ele>876.0</ele>
      </trkpt>
      <trkpt lat="42.94161" lon="0.86491">
        <ele>876.0</ele>
      </trkpt>
      <trkpt lat="42.94136" lon="0.86487">
        <ele>877.0</ele>
      </trkpt>
      <trkpt lat="42.94127" lon="0.86488">
        <ele>877.0</ele>
      </trkpt>
      <trkpt lat="42.94121" lon="0.8649">
        <ele>876.0</ele>
      </trkpt>
      <trkpt lat="42.94116" lon="0.86495">
        <ele>875.0</ele>
      </trkpt>
      <trkpt lat="42.94113" lon="0.86501">
        <ele>873.0</ele>
      </trkpt>
      <trkpt lat="42.94111" lon="0.86507">
        <ele>873.0</ele>
      </trkpt>
      <trkpt lat="42.94109" lon="0.86517">
        <ele>872.0</ele>
      </trkpt>
      <trkpt lat="42.94104" lon="0.86537">
        <ele>870.0</ele>
      </trkpt>
      <trkpt lat="42.94101" lon="0.86544">
        <ele>869.0</ele>
      </trkpt>
      <trkpt lat="42.94095" lon="0.86553">
        <ele>868.0</ele>
      </trkpt>
      <trkpt lat="42.94081" lon="0.86568">
        <ele>865.0</ele>
      </trkpt>
      <trkpt lat="42.94072" lon="0.86576">
        <ele>863.0</ele>
      </trkpt>
      <trkpt lat="42.94065" lon="0.86581">
        <ele>863.0</ele>
      </trkpt>
      <trkpt lat="42.94047" lon="0.86588">
        <ele>862.0</ele>
      </trkpt>
      <trkpt lat="42.94038" lon="0.86596">
        <ele>861.0</ele>
      </trkpt>
      <trkpt lat="42.94034" lon="0.86602">
        <ele>861.0</ele>
      </trkpt>
      <trkpt lat="42.94024" lon="0.86628">
        <ele>860.0</ele>
      </trkpt>
      <trkpt lat="42.94015" lon="0.8665">
        <ele>858.0</ele>
      </trkpt>
      <trkpt lat="42.94006" lon="0.86668">
        <ele>856.0</ele>
      </trkpt>
      <trkpt lat="42.93997" lon="0.86682">
        <ele>855.0</ele>
      </trkpt>
      <trkpt lat="42.93965" lon="0.86725">
        <ele>854.0</ele>
      </trkpt>
      <trkpt lat="42.93887" lon="0.86833">
        <ele>847.0</ele>
      </trkpt>
      <trkpt lat="42.93866" lon="0.86867">
        <ele>847.0</ele>
      </trkpt>
      <trkpt lat="42.93859" lon="0.86881">
        <ele>847.0</ele>
      </trkpt>
      <trkpt lat="42.93849" lon="0.8691">
        <ele>847.0</ele>
      </trkpt>
      <trkpt lat="42.93821" lon="0.87023">
        <ele>845.0</ele>
      </trkpt>
      <trkpt lat="42.93817" lon="0.87047">
        <ele>846.0</ele>
      </trkpt>
      <trkpt lat="42.93808" lon="0.87135">
        <ele>845.0</ele>
      </trkpt>
      <trkpt lat="42.93807" lon="0.87146">
        <ele>845.0</ele>
      </trkpt>
      <trkpt lat="42.93806" lon="0.87153">
        <ele>845.0</ele>
      </trkpt>
      <trkpt lat="42.93797" lon="0.87243">
        <ele>845.0</ele>
      </trkpt>
      <trkpt lat="42.93784" lon="0.87332">
        <ele>841.0</ele>
      </trkpt>
      <trkpt lat="42.93782" lon="0.8735">
        <ele>839.0</ele>
      </trkpt>
      <trkpt lat="42.93782" lon="0.87364">
        <ele>838.0</ele>
      </trkpt>
      <trkpt lat="42.93784" lon="0.87377">
        <ele>836.0</ele>
      </trkpt>
      <trkpt lat="42.93787" lon="0.87383">
        <ele>834.0</ele>
      </trkpt>
      <trkpt lat="42.93794" lon="0.87397">
        <ele>832.0</ele>
      </trkpt>
      <trkpt lat="42.93802" lon="0.87412">
        <ele>829.0</ele>
      </trkpt>
      <trkpt lat="42.9383" lon="0.87453">
        <ele>832.0</ele>
      </trkpt>
      <trkpt lat="42.9386" lon="0.87479">
        <ele>833.0</ele>
      </trkpt>
      <trkpt lat="42.93888" lon="0.87501">
        <ele>831.0</ele>
      </trkpt>
      <trkpt lat="42.93912" lon="0.8752">
        <ele>831.0</ele>
      </trkpt>
      <trkpt lat="42.93936" lon="0.87541">
        <ele>833.0</ele>
      </trkpt>
      <trkpt lat="42.93994" lon="0.87597">
        <ele>824.0</ele>
      </trkpt>
      <trkpt lat="42.94" lon="0.87604">
        <ele>823.0</ele>
      </trkpt>
      <trkpt lat="42.94005" lon="0.87613">
        <ele>823.0</ele>
      </trkpt>
      <trkpt lat="42.9401" lon="0.87626">
        <ele>824.0</ele>
      </trkpt>
      <trkpt lat="42.94015" lon="0.87648">
        <ele>824.0</ele>
      </trkpt>
      <trkpt lat="42.94024" lon="0.87694">
        <ele>825.0</ele>
      </trkpt>
      <trkpt lat="42.94027" lon="0.87726">
        <ele>826.0</ele>
      </trkpt>
      <trkpt lat="42.94031" lon="0.87819">
        <ele>823.0</ele>
      </trkpt>
      <trkpt lat="42.9404" lon="0.87905">
        <ele>816.0</ele>
      </trkpt>
      <trkpt lat="42.94041" lon="0.87934">
        <ele>814.0</ele>
      </trkpt>
      <trkpt lat="42.94041" lon="0.88008">
        <ele>811.0</ele>
      </trkpt>
      <trkpt lat="42.9404" lon="0.88024">
        <ele>809.0</ele>
      </trkpt>
      <trkpt lat="42.94035" lon="0.88042">
        <ele>807.0</ele>
      </trkpt>
      <trkpt lat="42.94027" lon="0.88063">
        <ele>806.0</ele>
      </trkpt>
      <trkpt lat="42.93978" lon="0.88182">
        <ele>794.0</ele>
      </trkpt>
      <trkpt lat="42.93969" lon="0.88208">
        <ele>791.0</ele>
      </trkpt>
      <trkpt lat="42.9396" lon="0.88237">
        <ele>787.0</ele>
      </trkpt>
      <trkpt lat="42.93952" lon="0.88253">
        <ele>785.0</ele>
      </trkpt>
      <trkpt lat="42.93943" lon="0.88265">
        <ele>785.0</ele>
      </trkpt>
      <trkpt lat="42.93923" lon="0.88288">
        <ele>783.0</ele>
      </trkpt>
      <trkpt lat="42.93907" lon="0.88302">
        <ele>781.0</ele>
      </trkpt>
      <trkpt lat="42.93898" lon="0.88307">
        <ele>781.0</ele>
      </trkpt>
      <trkpt lat="42.93844" lon="0.8833">
        <ele>778.0</ele>
      </trkpt>
      <trkpt lat="42.93829" lon="0.88341">
        <ele>778.0</ele>
      </trkpt>
      <trkpt lat="42.93819" lon="0.8835">
        <ele>780.0</ele>
      </trkpt>
      <trkpt lat="42.9381" lon="0.88362">
        <ele>780.0</ele>
      </trkpt>
      <trkpt lat="42.93802" lon="0.88376">
        <ele>780.0</ele>
      </trkpt>
      <trkpt lat="42.93781" lon="0.8842">
        <ele>772.0</ele>
      </trkpt>
      <trkpt lat="42.93775" lon="0.88431">
        <ele>770.0</ele>
      </trkpt>
      <trkpt lat="42.93768" lon="0.88439">
        <ele>769.0</ele>
      </trkpt>
      <trkpt lat="42.93761" lon="0.88444">
        <ele>768.0</ele>
      </trkpt>
      <trkpt lat="42.93744" lon="0.88451">
        <ele>766.0</ele>
      </trkpt>
      <trkpt lat="42.93724" lon="0.88457">
        <ele>767.0</ele>
      </trkpt>
      <trkpt lat="42.93701" lon="0.8847">
        <ele>765.0</ele>
      </trkpt>
      <trkpt lat="42.93684" lon="0.88483">
        <ele>763.0</ele>
      </trkpt>
      <trkpt lat="42.93655" lon="0.88511">
        <ele>758.0</ele>
      </trkpt>
      <trkpt lat="42.93644" lon="0.88517">
        <ele>758.0</ele>
      </trkpt>
      <trkpt lat="42.93587" lon="0.88539">
        <ele>752.0</ele>
      </trkpt>
      <trkpt lat="42.93568" lon="0.88546">
        <ele>752.0</ele>
      </trkpt>
      <trkpt lat="42.93554" lon="0.88553">
        <ele>752.0</ele>
      </trkpt>
      <trkpt lat="42.93547" lon="0.88559">
        <ele>752.0</ele>
      </trkpt>
      <trkpt lat="42.93539" lon="0.88573">
        <ele>752.0</ele>
      </trkpt>
      <trkpt lat="42.93536" lon="0.88582">
        <ele>751.0</ele>
      </trkpt>
      <trkpt lat="42.93534" lon="0.88591">
        <ele>752.0</ele>
      </trkpt>
      <trkpt lat="42.93536" lon="0.88671">
        <ele>755.0</ele>
      </trkpt>
      <trkpt lat="42.93534" lon="0.88692">
        <ele>756.0</ele>
      </trkpt>
      <trkpt lat="42.93531" lon="0.88708">
        <ele>755.0</ele>
      </trkpt>
      <trkpt lat="42.93527" lon="0.88722">
        <ele>754.0</ele>
      </trkpt>
      <trkpt lat="42.9352" lon="0.88734">
        <ele>751.0</ele>
      </trkpt>
      <trkpt lat="42.93511" lon="0.88747">
        <ele>746.0</ele>
      </trkpt>
      <trkpt lat="42.93499" lon="0.88756">
        <ele>742.0</ele>
      </trkpt>
      <trkpt lat="42.9347" lon="0.88772">
        <ele>746.0</ele>
      </trkpt>
      <trkpt lat="42.93433" lon="0.88797">
        <ele>742.0</ele>
      </trkpt>
      <trkpt lat="42.93414" lon="0.8881">
        <ele>736.0</ele>
      </trkpt>
      <trkpt lat="42.93408" lon="0.88817">
        <ele>735.0</ele>
      </trkpt>
      <trkpt lat="42.93404" lon="0.88826">
        <ele>733.0</ele>
      </trkpt>
      <trkpt lat="42.93401" lon="0.88834">
        <ele>732.0</ele>
      </trkpt>
      <trkpt lat="42.934" lon="0.88848">
        <ele>733.0</ele>
      </trkpt>
      <trkpt lat="42.93401" lon="0.88874">
        <ele>734.0</ele>
      </trkpt>
      <trkpt lat="42.934" lon="0.88885">
        <ele>734.0</ele>
      </trkpt>
      <trkpt lat="42.93399" lon="0.8889">
        <ele>735.0</ele>
      </trkpt>
      <trkpt lat="42.93397" lon="0.88897">
        <ele>735.0</ele>
      </trkpt>
      <trkpt lat="42.93393" lon="0.88901">
        <ele>734.0</ele>
      </trkpt>
      <trkpt lat="42.93381" lon="0.88909">
        <ele>732.0</ele>
      </trkpt>
      <trkpt lat="42.93366" lon="0.88917">
        <ele>728.0</ele>
      </trkpt>
      <trkpt lat="42.93353" lon="0.88924">
        <ele>726.0</ele>
      </trkpt>
      <trkpt lat="42.93347" lon="0.88925">
        <ele>724.0</ele>
      </trkpt>
      <trkpt lat="42.93284" lon="0.88924">
        <ele>728.0</ele>
      </trkpt>
      <trkpt lat="42.93272" lon="0.88926">
        <ele>730.0</ele>
      </trkpt>
      <trkpt lat="42.93262" lon="0.88931">
        <ele>730.0</ele>
      </trkpt>
      <trkpt lat="42.93255" lon="0.88936">
        <ele>730.0</ele>
      </trkpt>
      <trkpt lat="42.93249" lon="0.88942">
        <ele>729.0</ele>
      </trkpt>
      <trkpt lat="42.93224" lon="0.88982">
        <ele>725.0</ele>
      </trkpt>
      <trkpt lat="42.93189" lon="0.89027">
        <ele>723.0</ele>
      </trkpt>
      <trkpt lat="42.93166" lon="0.89061">
        <ele>718.0</ele>
      </trkpt>
      <trkpt lat="42.93152" lon="0.8908">
        <ele>717.0</ele>
      </trkpt>
      <trkpt lat="42.93144" lon="0.89088">
        <ele>718.0</ele>
      </trkpt>
      <trkpt lat="42.93138" lon="0.89092">
        <ele>719.0</ele>
      </trkpt>
      <trkpt lat="42.93119" lon="0.891">
        <ele>721.0</ele>
      </trkpt>
      <trkpt lat="42.93103" lon="0.89107">
        <ele>722.0</ele>
      </trkpt>
      <trkpt lat="42.93087" lon="0.89118">
        <ele>722.0</ele>
      </trkpt>
      <trkpt lat="42.93079" lon="0.89131">
        <ele>722.0</ele>
      </trkpt>
      <trkpt lat="42.93074" lon="0.89143">
        <ele>721.0</ele>
      </trkpt>
      <trkpt lat="42.93071" lon="0.89156">
        <ele>720.0</ele>
      </trkpt>
      <trkpt lat="42.93069" lon="0.89174">
        <ele>718.0</ele>
      </trkpt>
      <trkpt lat="42.9307" lon="0.89185">
        <ele>717.0</ele>
      </trkpt>
      <trkpt lat="42.93073" lon="0.89202">
        <ele>715.0</ele>
      </trkpt>
      <trkpt lat="42.93087" lon="0.89252">
        <ele>710.0</ele>
      </trkpt>
      <trkpt lat="42.93091" lon="0.89268">
        <ele>708.0</ele>
      </trkpt>
      <trkpt lat="42.93091" lon="0.89279">
        <ele>706.0</ele>
      </trkpt>
      <trkpt lat="42.93089" lon="0.8929">
        <ele>705.0</ele>
      </trkpt>
      <trkpt lat="42.93086" lon="0.893">
        <ele>703.0</ele>
      </trkpt>
      <trkpt lat="42.93058" lon="0.8936">
        <ele>702.0</ele>
      </trkpt>
      <trkpt lat="42.93054" lon="0.89368">
        <ele>701.0</ele>
      </trkpt>
      <trkpt lat="42.93043" lon="0.89392">
        <ele>700.0</ele>
      </trkpt>
      <trkpt lat="42.93032" lon="0.89408">
        <ele>697.0</ele>
      </trkpt>
      <trkpt lat="42.93016" lon="0.89427">
        <ele>695.0</ele>
      </trkpt>
      <trkpt lat="42.93006" lon="0.89434">
        <ele>694.0</ele>
      </trkpt>
      <trkpt lat="42.92953" lon="0.89464">
        <ele>689.0</ele>
      </trkpt>
      <trkpt lat="42.92921" lon="0.89478">
        <ele>684.0</ele>
      </trkpt>
      <trkpt lat="42.92917" lon="0.8948">
        <ele>683.0</ele>
      </trkpt>
      <trkpt lat="42.92915" lon="0.89483">
        <ele>683.0</ele>
      </trkpt>
      <trkpt lat="42.92909" lon="0.89498">
        <ele>683.0</ele>
      </trkpt>
      <trkpt lat="42.92904" lon="0.89504">
        <ele>684.0</ele>
      </trkpt>
      <trkpt lat="42.92891" lon="0.8952">
        <ele>687.0</ele>
      </trkpt>
      <trkpt lat="42.92885" lon="0.89532">
        <ele>688.0</ele>
      </trkpt>
      <trkpt lat="42.92868" lon="0.89599">
        <ele>693.0</ele>
      </trkpt>
      <trkpt lat="42.9286" lon="0.89628">
        <ele>696.0</ele>
      </trkpt>
      <trkpt lat="42.92858" lon="0.89641">
        <ele>697.0</ele>
      </trkpt>
      <trkpt lat="42.92858" lon="0.89652">
        <ele>698.0</ele>
      </trkpt>
      <trkpt lat="42.92861" lon="0.89668">
        <ele>697.0</ele>
      </trkpt>
      <trkpt lat="42.92875" lon="0.8971">
        <ele>696.0</ele>
      </trkpt>
      <trkpt lat="42.92882" lon="0.89729">
        <ele>695.0</ele>
      </trkpt>
      <trkpt lat="42.9289" lon="0.89745">
        <ele>693.0</ele>
      </trkpt>
      <trkpt lat="42.92899" lon="0.89759">
        <ele>691.0</ele>
      </trkpt>
      <trkpt lat="42.92913" lon="0.89775">
        <ele>687.0</ele>
      </trkpt>
      <trkpt lat="42.9292" lon="0.89785">
        <ele>688.0</ele>
      </trkpt>
      <trkpt lat="42.92926" lon="0.89799">
        <ele>691.0</ele>
      </trkpt>
      <trkpt lat="42.92931" lon="0.89816">
        <ele>694.0</ele>
      </trkpt>
      <trkpt lat="42.92936" lon="0.89847">
        <ele>697.0</ele>
      </trkpt>
      <trkpt lat="42.92946" lon="0.89926">
        <ele>701.0</ele>
      </trkpt>
      <trkpt lat="42.92948" lon="0.89952">
        <ele>701.0</ele>
      </trkpt>
      <trkpt lat="42.92947" lon="0.89978">
        <ele>700.0</ele>
      </trkpt>
      <trkpt lat="42.92942" lon="0.90042">
        <ele>696.0</ele>
      </trkpt>
      <trkpt lat="42.92942" lon="0.90115">
        <ele>693.0</ele>
      </trkpt>
      <trkpt lat="42.92942" lon="0.90127">
        <ele>693.0</ele>
      </trkpt>
      <trkpt lat="42.92936" lon="0.90158">
        <ele>689.0</ele>
      </trkpt>
      <trkpt lat="42.92933" lon="0.90167">
        <ele>688.0</ele>
      </trkpt>
      <trkpt lat="42.92927" lon="0.90179">
        <ele>686.0</ele>
      </trkpt>
      <trkpt lat="42.92913" lon="0.90206">
        <ele>683.0</ele>
      </trkpt>
      <trkpt lat="42.92905" lon="0.90223">
        <ele>685.0</ele>
      </trkpt>
      <trkpt lat="42.92895" lon="0.90251">
        <ele>686.0</ele>
      </trkpt>
      <trkpt lat="42.9289" lon="0.90267">
        <ele>686.0</ele>
      </trkpt>
      <trkpt lat="42.92886" lon="0.90285">
        <ele>686.0</ele>
      </trkpt>
      <trkpt lat="42.92884" lon="0.90307">
        <ele>686.0</ele>
      </trkpt>
      <trkpt lat="42.92885" lon="0.90334">
        <ele>685.0</ele>
      </trkpt>
      <trkpt lat="42.92888" lon="0.90353">
        <ele>684.0</ele>
      </trkpt>
      <trkpt lat="42.92892" lon="0.90367">
        <ele>683.0</ele>
      </trkpt>
      <trkpt lat="42.92897" lon="0.90379">
        <ele>682.0</ele>
      </trkpt>
      <trkpt lat="42.92905" lon="0.90392">
        <ele>679.0</ele>
      </trkpt>
      <trkpt lat="42.92917" lon="0.90407">
        <ele>674.0</ele>
      </trkpt>
      <trkpt lat="42.92927" lon="0.90417">
        <ele>674.0</ele>
      </trkpt>
      <trkpt lat="42.92962" lon="0.90447">
        <ele>677.0</ele>
      </trkpt>
      <trkpt lat="42.93002" lon="0.90489">
        <ele>677.0</ele>
      </trkpt>
      <trkpt lat="42.93009" lon="0.90499">
        <ele>678.0</ele>
      </trkpt>
      <trkpt lat="42.93011" lon="0.90507">
        <ele>679.0</ele>
      </trkpt>
      <trkpt lat="42.93011" lon="0.90517">
        <ele>680.0</ele>
      </trkpt>
      <trkpt lat="42.9301" lon="0.90528">
        <ele>681.0</ele>
      </trkpt>
      <trkpt lat="42.93002" lon="0.90544">
        <ele>681.0</ele>
      </trkpt>
      <trkpt lat="42.92979" lon="0.90584">
        <ele>680.0</ele>
      </trkpt>
      <trkpt lat="42.92951" lon="0.90625">
        <ele>677.0</ele>
      </trkpt>
      <trkpt lat="42.92941" lon="0.90643">
        <ele>675.0</ele>
      </trkpt>
      <trkpt lat="42.92937" lon="0.9066">
        <ele>675.0</ele>
      </trkpt>
      <trkpt lat="42.92933" lon="0.90676">
        <ele>673.0</ele>
      </trkpt>
      <trkpt lat="42.92932" lon="0.90693">
        <ele>672.0</ele>
      </trkpt>
      <trkpt lat="42.92934" lon="0.9071">
        <ele>672.0</ele>
      </trkpt>
      <trkpt lat="42.92937" lon="0.90727">
        <ele>672.0</ele>
      </trkpt>
      <trkpt lat="42.92944" lon="0.90746">
        <ele>674.0</ele>
      </trkpt>
      <trkpt lat="42.92951" lon="0.90758">
        <ele>676.0</ele>
      </trkpt>
      <trkpt lat="42.92964" lon="0.90775">
        <ele>679.0</ele>
      </trkpt>
      <trkpt lat="42.92969" lon="0.90783">
        <ele>680.0</ele>
      </trkpt>
      <trkpt lat="42.92971" lon="0.90791">
        <ele>680.0</ele>
      </trkpt>
      <trkpt lat="42.92971" lon="0.90803">
        <ele>679.0</ele>
      </trkpt>
      <trkpt lat="42.92969" lon="0.90821">
        <ele>677.0</ele>
      </trkpt>
      <trkpt lat="42.92962" lon="0.90851">
        <ele>675.0</ele>
      </trkpt>
      <trkpt lat="42.92946" lon="0.90899">
        <ele>675.0</ele>
      </trkpt>
      <trkpt lat="42.92918" lon="0.90964">
        <ele>674.0</ele>
      </trkpt>
      <trkpt lat="42.92886" lon="0.91025">
        <ele>672.0</ele>
      </trkpt>
      <trkpt lat="42.92882" lon="0.91041">
        <ele>671.0</ele>
      </trkpt>
      <trkpt lat="42.92881" lon="0.91058">
        <ele>671.0</ele>
      </trkpt>
      <trkpt lat="42.92883" lon="0.9108">
        <ele>672.0</ele>
      </trkpt>
      <trkpt lat="42.92889" lon="0.91107">
        <ele>673.0</ele>
      </trkpt>
      <trkpt lat="42.92893" lon="0.9114">
        <ele>672.0</ele>
      </trkpt>
      <trkpt lat="42.92899" lon="0.91227">
        <ele>668.0</ele>
      </trkpt>
      <trkpt lat="42.92904" lon="0.91247">
        <ele>667.0</ele>
      </trkpt>
      <trkpt lat="42.92916" lon="0.9128">
        <ele>665.0</ele>
      </trkpt>
      <trkpt lat="42.92921" lon="0.91297">
        <ele>666.0</ele>
      </trkpt>
      <trkpt lat="42.92924" lon="0.91316">
        <ele>665.0</ele>
      </trkpt>
      <trkpt lat="42.92926" lon="0.91336">
        <ele>664.0</ele>
      </trkpt>
      <trkpt lat="42.92925" lon="0.91429">
        <ele>656.0</ele>
      </trkpt>
      <trkpt lat="42.92927" lon="0.91445">
        <ele>655.0</ele>
      </trkpt>
      <trkpt lat="42.92932" lon="0.91464">
        <ele>654.0</ele>
      </trkpt>
      <trkpt lat="42.92938" lon="0.91477">
        <ele>653.0</ele>
      </trkpt>
      <trkpt lat="42.92973" lon="0.91527">
        <ele>652.0</ele>
      </trkpt>
      <trkpt lat="42.92984" lon="0.91542">
        <ele>651.0</ele>
      </trkpt>
      <trkpt lat="42.92992" lon="0.91551">
        <ele>650.0</ele>
      </trkpt>
      <trkpt lat="42.93002" lon="0.91558">
        <ele>649.0</ele>
      </trkpt>
      <trkpt lat="42.93018" lon="0.91567">
        <ele>647.0</ele>
      </trkpt>
      <trkpt lat="42.93034" lon="0.91572">
        <ele>646.0</ele>
      </trkpt>
      <trkpt lat="42.93096" lon="0.91583">
        <ele>641.0</ele>
      </trkpt>
      <trkpt lat="42.93122" lon="0.91591">
        <ele>641.0</ele>
      </trkpt>
      <trkpt lat="42.93162" lon="0.91606">
        <ele>640.0</ele>
      </trkpt>
      <trkpt lat="42.93172" lon="0.91612">
        <ele>641.0</ele>
      </trkpt>
      <trkpt lat="42.93186" lon="0.91624">
        <ele>646.0</ele>
      </trkpt>
      <trkpt lat="42.93195" lon="0.91634">
        <ele>648.0</ele>
      </trkpt>
      <trkpt lat="42.93202" lon="0.91645">
        <ele>649.0</ele>
      </trkpt>
      <trkpt lat="42.93208" lon="0.91656">
        <ele>650.0</ele>
      </trkpt>
      <trkpt lat="42.93212" lon="0.91668">
        <ele>651.0</ele>
      </trkpt>
      <trkpt lat="42.93215" lon="0.91681">
        <ele>651.0</ele>
      </trkpt>
      <trkpt lat="42.93216" lon="0.91697">
        <ele>651.0</ele>
      </trkpt>
      <trkpt lat="42.93211" lon="0.91762">
        <ele>646.0</ele>
      </trkpt>
      <trkpt lat="42.93211" lon="0.91784">
        <ele>645.0</ele>
      </trkpt>
      <trkpt lat="42.93213" lon="0.9181">
        <ele>644.0</ele>
      </trkpt>
      <trkpt lat="42.93216" lon="0.91829">
        <ele>643.0</ele>
      </trkpt>
      <trkpt lat="42.93235" lon="0.9192">
        <ele>642.0</ele>
      </trkpt>
      <trkpt lat="42.9324" lon="0.91938">
        <ele>642.0</ele>
      </trkpt>
      <trkpt lat="42.9326" lon="0.92009">
        <ele>643.0</ele>
      </trkpt>
      <trkpt lat="42.93265" lon="0.92028">
        <ele>644.0</ele>
      </trkpt>
      <trkpt lat="42.93266" lon="0.92045">
        <ele>643.0</ele>
      </trkpt>
      <trkpt lat="42.93267" lon="0.92076">
        <ele>641.0</ele>
      </trkpt>
      <trkpt lat="42.93265" lon="0.92124">
        <ele>639.0</ele>
      </trkpt>
      <trkpt lat="42.93262" lon="0.92176">
        <ele>636.0</ele>
      </trkpt>
      <trkpt lat="42.93258" lon="0.92203">
        <ele>636.0</ele>
      </trkpt>
      <trkpt lat="42.93246" lon="0.92275">
        <ele>634.0</ele>
      </trkpt>
      <trkpt lat="42.93238" lon="0.92311">
        <ele>634.0</ele>
      </trkpt>
      <trkpt lat="42.93226" lon="0.92355">
        <ele>634.0</ele>
      </trkpt>
      <trkpt lat="42.93221" lon="0.92383">
        <ele>636.0</ele>
      </trkpt>
      <trkpt lat="42.93199" lon="0.9253">
        <ele>643.0</ele>
      </trkpt>
      <trkpt lat="42.93184" lon="0.92645">
        <ele>641.0</ele>
      </trkpt>
      <trkpt lat="42.93181" lon="0.92667">
        <ele>640.0</ele>
      </trkpt>
      <trkpt lat="42.93183" lon="0.92683">
        <ele>641.0</ele>
      </trkpt>
      <trkpt lat="42.93186" lon="0.92696">
        <ele>642.0</ele>
      </trkpt>
      <trkpt lat="42.9319" lon="0.92709">
        <ele>643.0</ele>
      </trkpt>
      <trkpt lat="42.93199" lon="0.92728">
        <ele>645.0</ele>
      </trkpt>
      <trkpt lat="42.93203" lon="0.92739">
        <ele>646.0</ele>
      </trkpt>
      <trkpt lat="42.93203" lon="0.92747">
        <ele>646.0</ele>
      </trkpt>
      <trkpt lat="42.93202" lon="0.92755">
        <ele>646.0</ele>
      </trkpt>
      <trkpt lat="42.93197" lon="0.92766">
        <ele>646.0</ele>
      </trkpt>
      <trkpt lat="42.93194" lon="0.92772">
        <ele>647.0</ele>
      </trkpt>
      <trkpt lat="42.93159" lon="0.9281">
        <ele>646.0</ele>
      </trkpt>
      <trkpt lat="42.93135" lon="0.92834">
        <ele>646.0</ele>
      </trkpt>
      <trkpt lat="42.93117" lon="0.9285">
        <ele>646.0</ele>
      </trkpt>
      <trkpt lat="42.93105" lon="0.92857">
        <ele>645.0</ele>
      </trkpt>
      <trkpt lat="42.93083" lon="0.92863">
        <ele>643.0</ele>
      </trkpt>
      <trkpt lat="42.93059" lon="0.92866">
        <ele>642.0</ele>
      </trkpt>
      <trkpt lat="42.93044" lon="0.9287">
        <ele>642.0</ele>
      </trkpt>
      <trkpt lat="42.93027" lon="0.92879">
        <ele>642.0</ele>
      </trkpt>
      <trkpt lat="42.9301" lon="0.92889">
        <ele>643.0</ele>
      </trkpt>
      <trkpt lat="42.92995" lon="0.92902">
        <ele>643.0</ele>
      </trkpt>
      <trkpt lat="42.92985" lon="0.92917">
        <ele>644.0</ele>
      </trkpt>
      <trkpt lat="42.9298" lon="0.92931">
        <ele>644.0</ele>
      </trkpt>
      <trkpt lat="42.92976" lon="0.92953">
        <ele>644.0</ele>
      </trkpt>
      <trkpt lat="42.92976" lon="0.92972">
        <ele>644.0</ele>
      </trkpt>
      <trkpt lat="42.92982" lon="0.93002">
        <ele>646.0</ele>
      </trkpt>
      <trkpt lat="42.92993" lon="0.93027">
        <ele>648.0</ele>
      </trkpt>
      <trkpt lat="42.93038" lon="0.93102">
        <ele>651.0</ele>
      </trkpt>
      <trkpt lat="42.93082" lon="0.93178">
        <ele>650.0</ele>
      </trkpt>
      <trkpt lat="42.931" lon="0.93205">
        <ele>650.0</ele>
      </trkpt>
      <trkpt lat="42.93132" lon="0.93244">
        <ele>650.0</ele>
      </trkpt>
      <trkpt lat="42.93208" lon="0.93323">
        <ele>650.0</ele>
      </trkpt>
      <trkpt lat="42.93222" lon="0.93339">
        <ele>650.0</ele>
      </trkpt>
      <trkpt lat="42.93228" lon="0.9335">
        <ele>650.0</ele>
      </trkpt>
      <trkpt lat="42.9327" lon="0.93434">
        <ele>651.0</ele>
      </trkpt>
      <trkpt lat="42.933" lon="0.93491">
        <ele>653.0</ele>
      </trkpt>
      <trkpt lat="42.93309" lon="0.9351">
        <ele>654.0</ele>
      </trkpt>
      <trkpt lat="42.93346" lon="0.93578">
        <ele>655.0</ele>
      </trkpt>
      <trkpt lat="42.93404" lon="0.93692">
        <ele>656.0</ele>
      </trkpt>
      <trkpt lat="42.93408" lon="0.93711">
        <ele>656.0</ele>
      </trkpt>
      <trkpt lat="42.93413" lon="0.93752">
        <ele>655.0</ele>
      </trkpt>
      <trkpt lat="42.93414" lon="0.93775">
        <ele>654.0</ele>
      </trkpt>
      <trkpt lat="42.93416" lon="0.93794">
        <ele>654.0</ele>
      </trkpt>
      <trkpt lat="42.93416" lon="0.93808">
        <ele>653.0</ele>
      </trkpt>
      <trkpt lat="42.93419" lon="0.93833">
        <ele>652.0</ele>
      </trkpt>
      <trkpt lat="42.93423" lon="0.93904">
        <ele>648.0</ele>
      </trkpt>
      <trkpt lat="42.93427" lon="0.93959">
        <ele>645.0</ele>
      </trkpt>
      <trkpt lat="42.93432" lon="0.93987">
        <ele>644.0</ele>
      </trkpt>
      <trkpt lat="42.93439" lon="0.94012">
        <ele>643.0</ele>
      </trkpt>
      <trkpt lat="42.93449" lon="0.94043">
        <ele>642.0</ele>
      </trkpt>
      <trkpt lat="42.93461" lon="0.94074">
        <ele>642.0</ele>
      </trkpt>
      <trkpt lat="42.93477" lon="0.94107">
        <ele>639.0</ele>
      </trkpt>
      <trkpt lat="42.93484" lon="0.94118">
        <ele>638.0</ele>
      </trkpt>
      <trkpt lat="42.93493" lon="0.94126">
        <ele>637.0</ele>
      </trkpt>
      <trkpt lat="42.93505" lon="0.94132">
        <ele>637.0</ele>
      </trkpt>
      <trkpt lat="42.93564" lon="0.94135">
        <ele>638.0</ele>
      </trkpt>
      <trkpt lat="42.93589" lon="0.9413">
        <ele>641.0</ele>
      </trkpt>
      <trkpt lat="42.93598" lon="0.9413">
        <ele>642.0</ele>
      </trkpt>
      <trkpt lat="42.93603" lon="0.94133">
        <ele>642.0</ele>
      </trkpt>
      <trkpt lat="42.93608" lon="0.9414">
        <ele>640.0</ele>
      </trkpt>
      <trkpt lat="42.93614" lon="0.94156">
        <ele>637.0</ele>
      </trkpt>
      <trkpt lat="42.93615" lon="0.94163">
        <ele>635.0</ele>
      </trkpt>
      <trkpt lat="42.93613" lon="0.9418">
        <ele>635.0</ele>
      </trkpt>
      <trkpt lat="42.93591" lon="0.94231">
        <ele>630.0</ele>
      </trkpt>
      <trkpt lat="42.9358" lon="0.94255">
        <ele>627.0</ele>
      </trkpt>
      <trkpt lat="42.93534" lon="0.94356">
        <ele>626.0</ele>
      </trkpt>
      <trkpt lat="42.93526" lon="0.94378">
        <ele>624.0</ele>
      </trkpt>
      <trkpt lat="42.93522" lon="0.94402">
        <ele>624.0</ele>
      </trkpt>
      <trkpt lat="42.93521" lon="0.94413">
        <ele>623.0</ele>
      </trkpt>
      <trkpt lat="42.93521" lon="0.94426">
        <ele>623.0</ele>
      </trkpt>
      <trkpt lat="42.93522" lon="0.94445">
        <ele>623.0</ele>
      </trkpt>
      <trkpt lat="42.93527" lon="0.94491">
        <ele>623.0</ele>
      </trkpt>
      <trkpt lat="42.93529" lon="0.94499">
        <ele>623.0</ele>
      </trkpt>
      <trkpt lat="42.93533" lon="0.94549">
        <ele>620.0</ele>
      </trkpt>
      <trkpt lat="42.93537" lon="0.94582">
        <ele>618.0</ele>
      </trkpt>
      <trkpt lat="42.93547" lon="0.94615">
        <ele>615.0</ele>
      </trkpt>
      <trkpt lat="42.93559" lon="0.94643">
        <ele>612.0</ele>
      </trkpt>
      <trkpt lat="42.93572" lon="0.94665">
        <ele>610.0</ele>
      </trkpt>
      <trkpt lat="42.93585" lon="0.94682">
        <ele>609.0</ele>
      </trkpt>
      <trkpt lat="42.93603" lon="0.94699">
        <ele>610.0</ele>
      </trkpt>
      <trkpt lat="42.9369" lon="0.94768">
        <ele>614.0</ele>
      </trkpt>
      <trkpt lat="42.93702" lon="0.94784">
        <ele>616.0</ele>
      </trkpt>
      <trkpt lat="42.9371" lon="0.94801">
        <ele>615.0</ele>
      </trkpt>
      <trkpt lat="42.93716" lon="0.94824">
        <ele>613.0</ele>
      </trkpt>
      <trkpt lat="42.93737" lon="0.94953">
        <ele>606.0</ele>
      </trkpt>
      <trkpt lat="42.93742" lon="0.94994">
        <ele>603.0</ele>
      </trkpt>
      <trkpt lat="42.93743" lon="0.95025">
        <ele>600.0</ele>
      </trkpt>
      <trkpt lat="42.93742" lon="0.95078">
        <ele>596.0</ele>
      </trkpt>
      <trkpt lat="42.93743" lon="0.95096">
        <ele>595.0</ele>
      </trkpt>
      <trkpt lat="42.93746" lon="0.95112">
        <ele>594.0</ele>
      </trkpt>
      <trkpt lat="42.93751" lon="0.95124">
        <ele>594.0</ele>
      </trkpt>
      <trkpt lat="42.93757" lon="0.95137">
        <ele>596.0</ele>
      </trkpt>
      <trkpt lat="42.93772" lon="0.95167">
        <ele>600.0</ele>
      </trkpt>
      <trkpt lat="42.93782" lon="0.95191">
        <ele>602.0</ele>
      </trkpt>
      <trkpt lat="42.93788" lon="0.95212">
        <ele>603.0</ele>
      </trkpt>
      <trkpt lat="42.93791" lon="0.95229">
        <ele>602.0</ele>
      </trkpt>
      <trkpt lat="42.93793" lon="0.95247">
        <ele>601.0</ele>
      </trkpt>
      <trkpt lat="42.93794" lon="0.95264">
        <ele>600.0</ele>
      </trkpt>
      <trkpt lat="42.93793" lon="0.95283">
        <ele>599.0</ele>
      </trkpt>
      <trkpt lat="42.9379" lon="0.95299">
        <ele>597.0</ele>
      </trkpt>
      <trkpt lat="42.93786" lon="0.95311">
        <ele>595.0</ele>
      </trkpt>
      <trkpt lat="42.93783" lon="0.95321">
        <ele>594.0</ele>
      </trkpt>
      <trkpt lat="42.93777" lon="0.95331">
        <ele>591.0</ele>
      </trkpt>
      <trkpt lat="42.93751" lon="0.9537">
        <ele>589.0</ele>
      </trkpt>
      <trkpt lat="42.93732" lon="0.954">
        <ele>591.0</ele>
      </trkpt>
      <trkpt lat="42.93673" lon="0.95513">
        <ele>585.0</ele>
      </trkpt>
      <trkpt lat="42.93666" lon="0.95533">
        <ele>584.0</ele>
      </trkpt>
      <trkpt lat="42.93663" lon="0.95552">
        <ele>585.0</ele>
      </trkpt>
      <trkpt lat="42.93661" lon="0.95576">
        <ele>586.0</ele>
      </trkpt>
      <trkpt lat="42.93663" lon="0.95594">
        <ele>586.0</ele>
      </trkpt>
      <trkpt lat="42.93669" lon="0.95616">
        <ele>585.0</ele>
      </trkpt>
      <trkpt lat="42.93678" lon="0.95636">
        <ele>587.0</ele>
      </trkpt>
      <trkpt lat="42.93698" lon="0.95673">
        <ele>592.0</ele>
      </trkpt>
      <trkpt lat="42.93711" lon="0.957">
        <ele>595.0</ele>
      </trkpt>
      <trkpt lat="42.93719" lon="0.95719">
        <ele>596.0</ele>
      </trkpt>
      <trkpt lat="42.93723" lon="0.95741">
        <ele>596.0</ele>
      </trkpt>
      <trkpt lat="42.93726" lon="0.95769">
        <ele>596.0</ele>
      </trkpt>
      <trkpt lat="42.93726" lon="0.95813">
        <ele>595.0</ele>
      </trkpt>
      <trkpt lat="42.9372" lon="0.95882">
        <ele>590.0</ele>
      </trkpt>
      <trkpt lat="42.93718" lon="0.95936">
        <ele>587.0</ele>
      </trkpt>
      <trkpt lat="42.93717" lon="0.9615">
        <ele>577.0</ele>
      </trkpt>
      <trkpt lat="42.93715" lon="0.9617">
        <ele>576.0</ele>
      </trkpt>
      <trkpt lat="42.93711" lon="0.96185">
        <ele>575.0</ele>
      </trkpt>
      <trkpt lat="42.93702" lon="0.9621">
        <ele>574.0</ele>
      </trkpt>
      <trkpt lat="42.93693" lon="0.96226">
        <ele>572.0</ele>
      </trkpt>
      <trkpt lat="42.93683" lon="0.9624">
        <ele>570.0</ele>
      </trkpt>
      <trkpt lat="42.9367" lon="0.96252">
        <ele>568.0</ele>
      </trkpt>
      <trkpt lat="42.93647" lon="0.96268">
        <ele>569.0</ele>
      </trkpt>
      <trkpt lat="42.93622" lon="0.96283">
        <ele>572.0</ele>
      </trkpt>
      <trkpt lat="42.93617" lon="0.96289">
        <ele>573.0</ele>
      </trkpt>
      <trkpt lat="42.93615" lon="0.96293">
        <ele>573.0</ele>
      </trkpt>
      <trkpt lat="42.93615" lon="0.96297">
        <ele>573.0</ele>
      </trkpt>
      <trkpt lat="42.93618" lon="0.96306">
        <ele>573.0</ele>
      </trkpt>
      <trkpt lat="42.93632" lon="0.96319">
        <ele>571.0</ele>
      </trkpt>
      <trkpt lat="42.93651" lon="0.96348">
        <ele>569.0</ele>
      </trkpt>
      <trkpt lat="42.93662" lon="0.96371">
        <ele>568.0</ele>
      </trkpt>
      <trkpt lat="42.93668" lon="0.96391">
        <ele>567.0</ele>
      </trkpt>
      <trkpt lat="42.93675" lon="0.96423">
        <ele>567.0</ele>
      </trkpt>
      <trkpt lat="42.93687" lon="0.96485">
        <ele>568.0</ele>
      </trkpt>
      <trkpt lat="42.93691" lon="0.96519">
        <ele>567.0</ele>
      </trkpt>
      <trkpt lat="42.93692" lon="0.96529">
        <ele>567.0</ele>
      </trkpt>
      <trkpt lat="42.93696" lon="0.96581">
        <ele>567.0</ele>
      </trkpt>
      <trkpt lat="42.93696" lon="0.96614">
        <ele>568.0</ele>
      </trkpt>
      <trkpt lat="42.93702" lon="0.96685">
        <ele>568.0</ele>
      </trkpt>
      <trkpt lat="42.93703" lon="0.96724">
        <ele>568.0</ele>
      </trkpt>
      <trkpt lat="42.93703" lon="0.96745">
        <ele>568.0</ele>
      </trkpt>
      <trkpt lat="42.93696" lon="0.96788">
        <ele>566.0</ele>
      </trkpt>
      <trkpt lat="42.9365" lon="0.97011">
        <ele>557.0</ele>
      </trkpt>
      <trkpt lat="42.93593" lon="0.97296">
        <ele>553.0</ele>
      </trkpt>
      <trkpt lat="42.93589" lon="0.97318">
        <ele>553.0</ele>
      </trkpt>
      <trkpt lat="42.93576" lon="0.9738">
        <ele>553.0</ele>
      </trkpt>
      <trkpt lat="42.93572" lon="0.97404">
        <ele>553.0</ele>
      </trkpt>
      <trkpt lat="42.9357" lon="0.97408">
        <ele>553.0</ele>
      </trkpt>
      <trkpt lat="42.93569" lon="0.97416">
        <ele>553.0</ele>
      </trkpt>
      <trkpt lat="42.93567" lon="0.97423">
        <ele>553.0</ele>
      </trkpt>
      <trkpt lat="42.93566" lon="0.97429">
        <ele>553.0</ele>
      </trkpt>
      <trkpt lat="42.93564" lon="0.9744">
        <ele>553.0</ele>
      </trkpt>
      <trkpt lat="42.93561" lon="0.97455">
        <ele>553.0</ele>
      </trkpt>
      <trkpt lat="42.93547" lon="0.97503">
        <ele>554.0</ele>
      </trkpt>
      <trkpt lat="42.93517" lon="0.97608">
        <ele>557.0</ele>
      </trkpt>
      <trkpt lat="42.93514" lon="0.97618">
        <ele>557.0</ele>
      </trkpt>
      <trkpt lat="42.93509" lon="0.97627">
        <ele>558.0</ele>
      </trkpt>
      <trkpt lat="42.935" lon="0.97638">
        <ele>557.0</ele>
      </trkpt>
      <trkpt lat="42.93491" lon="0.97646">
        <ele>557.0</ele>
      </trkpt>
      <trkpt lat="42.93462" lon="0.97674">
        <ele>556.0</ele>
      </trkpt>
      <trkpt lat="42.93447" lon="0.9769">
        <ele>556.0</ele>
      </trkpt>
      <trkpt lat="42.93432" lon="0.9771">
        <ele>555.0</ele>
      </trkpt>
      <trkpt lat="42.93409" lon="0.97746">
        <ele>554.0</ele>
      </trkpt>
      <trkpt lat="42.93354" lon="0.97842">
        <ele>554.0</ele>
      </trkpt>
      <trkpt lat="42.93345" lon="0.97862">
        <ele>554.0</ele>
      </trkpt>
      <trkpt lat="42.93338" lon="0.97881">
        <ele>554.0</ele>
      </trkpt>
      <trkpt lat="42.93332" lon="0.97908">
        <ele>554.0</ele>
      </trkpt>
      <trkpt lat="42.93321" lon="0.97959">
        <ele>554.0</ele>
      </trkpt>
      <trkpt lat="42.9331" lon="0.98025">
        <ele>555.0</ele>
      </trkpt>
      <trkpt lat="42.93296" lon="0.98118">
        <ele>557.0</ele>
      </trkpt>
      <trkpt lat="42.93285" lon="0.98174">
        <ele>556.0</ele>
      </trkpt>
      <trkpt lat="42.93279" lon="0.98201">
        <ele>555.0</ele>
      </trkpt>
      <trkpt lat="42.93272" lon="0.98222">
        <ele>554.0</ele>
      </trkpt>
      <trkpt lat="42.9324" lon="0.98308">
        <ele>550.0</ele>
      </trkpt>
      <trkpt lat="42.93232" lon="0.98332">
        <ele>549.0</ele>
      </trkpt>
      <trkpt lat="42.93227" lon="0.98353">
        <ele>549.0</ele>
      </trkpt>
      <trkpt lat="42.93222" lon="0.9838">
        <ele>549.0</ele>
      </trkpt>
      <trkpt lat="42.93209" lon="0.98467">
        <ele>547.0</ele>
      </trkpt>
      <trkpt lat="42.93204" lon="0.98508">
        <ele>547.0</ele>
      </trkpt>
      <trkpt lat="42.93203" lon="0.98538">
        <ele>546.0</ele>
      </trkpt>
      <trkpt lat="42.93204" lon="0.98568">
        <ele>546.0</ele>
      </trkpt>
      <trkpt lat="42.93206" lon="0.98599">
        <ele>546.0</ele>
      </trkpt>
      <trkpt lat="42.93214" lon="0.98675">
        <ele>547.0</ele>
      </trkpt>
      <trkpt lat="42.93215" lon="0.98699">
        <ele>547.0</ele>
      </trkpt>
      <trkpt lat="42.93214" lon="0.98722">
        <ele>547.0</ele>
      </trkpt>
      <trkpt lat="42.93207" lon="0.98813">
        <ele>546.0</ele>
      </trkpt>
      <trkpt lat="42.93207" lon="0.98834">
        <ele>546.0</ele>
      </trkpt>
      <trkpt lat="42.93209" lon="0.98858">
        <ele>547.0</ele>
      </trkpt>
      <trkpt lat="42.93217" lon="0.98934">
        <ele>547.0</ele>
      </trkpt>
      <trkpt lat="42.9323" lon="0.99016">
        <ele>546.0</ele>
      </trkpt>
      <trkpt lat="42.93231" lon="0.9903">
        <ele>546.0</ele>
      </trkpt>
      <trkpt lat="42.93231" lon="0.99046">
        <ele>546.0</ele>
      </trkpt>
      <trkpt lat="42.93221" lon="0.99097">
        <ele>544.0</ele>
      </trkpt>
      <trkpt lat="42.93215" lon="0.99153">
        <ele>544.0</ele>
      </trkpt>
      <trkpt lat="42.93212" lon="0.99173">
        <ele>543.0</ele>
      </trkpt>
      <trkpt lat="42.93208" lon="0.99188">
        <ele>543.0</ele>
      </trkpt>
      <trkpt lat="42.93201" lon="0.99203">
        <ele>543.0</ele>
      </trkpt>
      <trkpt lat="42.93196" lon="0.99209">
        <ele>542.0</ele>
      </trkpt>
      <trkpt lat="42.93188" lon="0.99214">
        <ele>542.0</ele>
      </trkpt>
      <trkpt lat="42.9315" lon="0.99231">
        <ele>540.0</ele>
      </trkpt>
      <trkpt lat="42.93148" lon="0.99232">
        <ele>540.0</ele>
      </trkpt>
      <trkpt lat="42.93137" lon="0.99235">
        <ele>540.0</ele>
      </trkpt>
      <trkpt lat="42.93127" lon="0.99241">
        <ele>539.0</ele>
      </trkpt>
      <trkpt lat="42.93119" lon="0.99248">
        <ele>539.0</ele>
      </trkpt>
      <trkpt lat="42.93113" lon="0.99255">
        <ele>538.0</ele>
      </trkpt>
      <trkpt lat="42.93094" lon="0.99283">
        <ele>537.0</ele>
      </trkpt>
      <trkpt lat="42.93086" lon="0.99293">
        <ele>536.0</ele>
      </trkpt>
      <trkpt lat="42.93057" lon="0.99321">
        <ele>535.0</ele>
      </trkpt>
      <trkpt lat="42.93048" lon="0.99332">
        <ele>534.0</ele>
      </trkpt>
      <trkpt lat="42.93043" lon="0.99339">
        <ele>534.0</ele>
      </trkpt>
      <trkpt lat="42.93037" lon="0.9935">
        <ele>534.0</ele>
      </trkpt>
      <trkpt lat="42.93035" lon="0.99356">
        <ele>534.0</ele>
      </trkpt>
      <trkpt lat="42.93028" lon="0.99386">
        <ele>535.0</ele>
      </trkpt>
      <trkpt lat="42.93019" lon="0.99448">
        <ele>535.0</ele>
      </trkpt>
      <trkpt lat="42.93015" lon="0.99474">
        <ele>535.0</ele>
      </trkpt>
      <trkpt lat="42.93008" lon="0.99499">
        <ele>535.0</ele>
      </trkpt>
      <trkpt lat="42.93001" lon="0.99516">
        <ele>536.0</ele>
      </trkpt>
      <trkpt lat="42.92992" lon="0.99534">
        <ele>537.0</ele>
      </trkpt>
      <trkpt lat="42.9298" lon="0.99552">
        <ele>537.0</ele>
      </trkpt>
      <trkpt lat="42.92939" lon="0.99607">
        <ele>537.0</ele>
      </trkpt>
      <trkpt lat="42.92906" lon="0.99649">
        <ele>536.0</ele>
      </trkpt>
      <trkpt lat="42.92878" lon="0.99688">
        <ele>537.0</ele>
      </trkpt>
      <trkpt lat="42.92847" lon="0.99735">
        <ele>537.0</ele>
      </trkpt>
      <trkpt lat="42.92819" lon="0.99783">
        <ele>537.0</ele>
      </trkpt>
      <trkpt lat="42.92803" lon="0.99813">
        <ele>538.0</ele>
      </trkpt>
      <trkpt lat="42.92783" lon="0.99855">
        <ele>537.0</ele>
      </trkpt>
      <trkpt lat="42.92757" lon="0.99908">
        <ele>534.0</ele>
      </trkpt>
      <trkpt lat="42.92742" lon="0.99933">
        <ele>534.0</ele>
      </trkpt>
      <trkpt lat="42.92653" lon="1.00073">
        <ele>535.0</ele>
      </trkpt>
      <trkpt lat="42.92624" lon="1.00122">
        <ele>534.0</ele>
      </trkpt>
      <trkpt lat="42.92612" lon="1.00147">
        <ele>533.0</ele>
      </trkpt>
      <trkpt lat="42.92602" lon="1.00172">
        <ele>532.0</ele>
      </trkpt>
      <trkpt lat="42.92596" lon="1.00193">
        <ele>532.0</ele>
      </trkpt>
      <trkpt lat="42.92577" lon="1.00268">
        <ele>531.0</ele>
      </trkpt>
      <trkpt lat="42.92564" lon="1.00335">
        <ele>535.0</ele>
      </trkpt>
      <trkpt lat="42.92554" lon="1.00395">
        <ele>534.0</ele>
      </trkpt>
      <trkpt lat="42.92548" lon="1.00439">
        <ele>533.0</ele>
      </trkpt>
      <trkpt lat="42.92546" lon="1.00474">
        <ele>532.0</ele>
      </trkpt>
      <trkpt lat="42.92541" lon="1.00538">
        <ele>531.0</ele>
      </trkpt>
      <trkpt lat="42.9254" lon="1.00594">
        <ele>530.0</ele>
      </trkpt>
      <trkpt lat="42.9254" lon="1.00626">
        <ele>529.0</ele>
      </trkpt>
      <trkpt lat="42.92542" lon="1.00664">
        <ele>528.0</ele>
      </trkpt>
      <trkpt lat="42.9257" lon="1.01049">
        <ele>524.0</ele>
      </trkpt>
      <trkpt lat="42.9258" lon="1.01109">
        <ele>522.0</ele>
      </trkpt>
      <trkpt lat="42.9259" lon="1.01165">
        <ele>521.0</ele>
      </trkpt>
      <trkpt lat="42.92597" lon="1.01196">
        <ele>522.0</ele>
      </trkpt>
      <trkpt lat="42.92607" lon="1.01229">
        <ele>522.0</ele>
      </trkpt>
      <trkpt lat="42.92669" lon="1.01411">
        <ele>518.0</ele>
      </trkpt>
      <trkpt lat="42.92696" lon="1.01463">
        <ele>520.0</ele>
      </trkpt>
      <trkpt lat="42.92729" lon="1.01516">
        <ele>520.0</ele>
      </trkpt>
      <trkpt lat="42.92741" lon="1.01542">
        <ele>520.0</ele>
      </trkpt>
      <trkpt lat="42.92746" lon="1.01562">
        <ele>519.0</ele>
      </trkpt>
      <trkpt lat="42.92748" lon="1.01573">
        <ele>519.0</ele>
      </trkpt>
      <trkpt lat="42.92749" lon="1.01583">
        <ele>519.0</ele>
      </trkpt>
      <trkpt lat="42.92749" lon="1.01597">
        <ele>520.0</ele>
      </trkpt>
      <trkpt lat="42.92745" lon="1.01622">
        <ele>521.0</ele>
      </trkpt>
      <trkpt lat="42.9274" lon="1.01635">
        <ele>521.0</ele>
      </trkpt>
      <trkpt lat="42.92732" lon="1.01651">
        <ele>522.0</ele>
      </trkpt>
      <trkpt lat="42.92704" lon="1.01702">
        <ele>521.0</ele>
      </trkpt>
      <trkpt lat="42.92693" lon="1.01726">
        <ele>520.0</ele>
      </trkpt>
      <trkpt lat="42.92671" lon="1.01801">
        <ele>518.0</ele>
      </trkpt>
      <trkpt lat="42.92663" lon="1.01839">
        <ele>519.0</ele>
      </trkpt>
      <trkpt lat="42.92661" lon="1.01856">
        <ele>519.0</ele>
      </trkpt>
      <trkpt lat="42.92661" lon="1.01874">
        <ele>519.0</ele>
      </trkpt>
      <trkpt lat="42.92663" lon="1.0191">
        <ele>518.0</ele>
      </trkpt>
      <trkpt lat="42.92667" lon="1.01964">
        <ele>516.0</ele>
      </trkpt>
      <trkpt lat="42.92668" lon="1.01975">
        <ele>516.0</ele>
      </trkpt>
      <trkpt lat="42.92672" lon="1.02025">
        <ele>518.0</ele>
      </trkpt>
      <trkpt lat="42.92672" lon="1.0203">
        <ele>519.0</ele>
      </trkpt>
      <trkpt lat="42.92676" lon="1.02049">
        <ele>520.0</ele>
      </trkpt>
      <trkpt lat="42.92681" lon="1.02063">
        <ele>521.0</ele>
      </trkpt>
      <trkpt lat="42.92687" lon="1.0208">
        <ele>521.0</ele>
      </trkpt>
      <trkpt lat="42.92699" lon="1.02102">
        <ele>521.0</ele>
      </trkpt>
      <trkpt lat="42.92792" lon="1.02267">
        <ele>519.0</ele>
      </trkpt>
      <trkpt lat="42.92798" lon="1.02282">
        <ele>519.0</ele>
      </trkpt>
      <trkpt lat="42.928" lon="1.02291">
        <ele>519.0</ele>
      </trkpt>
      <trkpt lat="42.92804" lon="1.02307">
        <ele>519.0</ele>
      </trkpt>
      <trkpt lat="42.92806" lon="1.02323">
        <ele>520.0</ele>
      </trkpt>
      <trkpt lat="42.92807" lon="1.02335">
        <ele>520.0</ele>
      </trkpt>
      <trkpt lat="42.92806" lon="1.02354">
        <ele>520.0</ele>
      </trkpt>
      <trkpt lat="42.92802" lon="1.02375">
        <ele>520.0</ele>
      </trkpt>
      <trkpt lat="42.92796" lon="1.02397">
        <ele>519.0</ele>
      </trkpt>
      <trkpt lat="42.92786" lon="1.02423">
        <ele>519.0</ele>
      </trkpt>
      <trkpt lat="42.92782" lon="1.02439">
        <ele>518.0</ele>
      </trkpt>
      <trkpt lat="42.92779" lon="1.02452">
        <ele>517.0</ele>
      </trkpt>
      <trkpt lat="42.92779" lon="1.0247">
        <ele>515.0</ele>
      </trkpt>
      <trkpt lat="42.9278" lon="1.02513">
        <ele>512.0</ele>
      </trkpt>
      <trkpt lat="42.92783" lon="1.02559">
        <ele>512.0</ele>
      </trkpt>
      <trkpt lat="42.92788" lon="1.02586">
        <ele>512.0</ele>
      </trkpt>
      <trkpt lat="42.92791" lon="1.02594">
        <ele>512.0</ele>
      </trkpt>
      <trkpt lat="42.92832" lon="1.02762">
        <ele>516.0</ele>
      </trkpt>
      <trkpt lat="42.92873" lon="1.02933">
        <ele>528.0</ele>
      </trkpt>
      <trkpt lat="42.92874" lon="1.02956">
        <ele>530.0</ele>
      </trkpt>
      <trkpt lat="42.92878" lon="1.02968">
        <ele>532.0</ele>
      </trkpt>
      <trkpt lat="42.92882" lon="1.02975">
        <ele>532.0</ele>
      </trkpt>
      <trkpt lat="42.92911" lon="1.02963">
        <ele>531.0</ele>
      </trkpt>
      <trkpt lat="42.92948" lon="1.02946">
        <ele>529.0</ele>
      </trkpt>
      <trkpt lat="42.92966" lon="1.02936">
        <ele>528.0</ele>
      </trkpt>
      <trkpt lat="42.93101" lon="1.0288">
        <ele>524.0</ele>
      </trkpt>
      <trkpt lat="42.93209" lon="1.02834">
        <ele>521.0</ele>
      </trkpt>
      <trkpt lat="42.9331" lon="1.02791">
        <ele>518.0</ele>
      </trkpt>
      <trkpt lat="42.93338" lon="1.02785">
        <ele>518.0</ele>
      </trkpt>
      <trkpt lat="42.93354" lon="1.02784">
        <ele>517.0</ele>
      </trkpt>
      <trkpt lat="42.93375" lon="1.02787">
        <ele>517.0</ele>
      </trkpt>
      <trkpt lat="42.93409" lon="1.028">
        <ele>517.0</ele>
      </trkpt>
      <trkpt lat="42.93575" lon="1.02899">
        <ele>515.0</ele>
      </trkpt>
      <trkpt lat="42.93599" lon="1.02917">
        <ele>514.0</ele>
      </trkpt>
      <trkpt lat="42.93615" lon="1.02934">
        <ele>513.0</ele>
      </trkpt>
      <trkpt lat="42.93689" lon="1.03036">
        <ele>512.0</ele>
      </trkpt>
      <trkpt lat="42.93701" lon="1.03055">
        <ele>511.0</ele>
      </trkpt>
      <trkpt lat="42.93717" lon="1.03096">
        <ele>510.0</ele>
      </trkpt>
      <trkpt lat="42.9373" lon="1.03139">
        <ele>510.0</ele>
      </trkpt>
      <trkpt lat="42.93741" lon="1.03174">
        <ele>510.0</ele>
      </trkpt>
      <trkpt lat="42.93747" lon="1.03188">
        <ele>510.0</ele>
      </trkpt>
      <trkpt lat="42.93755" lon="1.03202">
        <ele>510.0</ele>
      </trkpt>
      <trkpt lat="42.93768" lon="1.03219">
        <ele>510.0</ele>
      </trkpt>
      <trkpt lat="42.93775" lon="1.03231">
        <ele>511.0</ele>
      </trkpt>
      <trkpt lat="42.93785" lon="1.03241">
        <ele>510.0</ele>
      </trkpt>
      <trkpt lat="42.93794" lon="1.03249">
        <ele>510.0</ele>
      </trkpt>
      <trkpt lat="42.93816" lon="1.03265">
        <ele>510.0</ele>
      </trkpt>
      <trkpt lat="42.93827" lon="1.03273">
        <ele>509.0</ele>
      </trkpt>
      <trkpt lat="42.93836" lon="1.03281">
        <ele>509.0</ele>
      </trkpt>
      <trkpt lat="42.93843" lon="1.03287">
        <ele>509.0</ele>
      </trkpt>
      <trkpt lat="42.9385" lon="1.03293">
        <ele>508.0</ele>
      </trkpt>
      <trkpt lat="42.93866" lon="1.03313">
        <ele>508.0</ele>
      </trkpt>
      <trkpt lat="42.93873" lon="1.03322">
        <ele>507.0</ele>
      </trkpt>
      <trkpt lat="42.93891" lon="1.03353">
        <ele>506.0</ele>
      </trkpt>
      <trkpt lat="42.93899" lon="1.03368">
        <ele>506.0</ele>
      </trkpt>
      <trkpt lat="42.93929" lon="1.03429">
        <ele>504.0</ele>
      </trkpt>
      <trkpt lat="42.93968" lon="1.03519">
        <ele>507.0</ele>
      </trkpt>
      <trkpt lat="42.93981" lon="1.03544">
        <ele>507.0</ele>
      </trkpt>
      <trkpt lat="42.93996" lon="1.0356">
        <ele>506.0</ele>
      </trkpt>
      <trkpt lat="42.94051" lon="1.03613">
        <ele>503.0</ele>
      </trkpt>
      <trkpt lat="42.9407" lon="1.03637">
        <ele>502.0</ele>
      </trkpt>
      <trkpt lat="42.94109" lon="1.03699">
        <ele>503.0</ele>
      </trkpt>
      <trkpt lat="42.94124" lon="1.03713">
        <ele>502.0</ele>
      </trkpt>
      <trkpt lat="42.94156" lon="1.03735">
        <ele>502.0</ele>
      </trkpt>
      <trkpt lat="42.94315" lon="1.03837">
        <ele>499.0</ele>
      </trkpt>
      <trkpt lat="42.9433" lon="1.03849">
        <ele>499.0</ele>
      </trkpt>
      <trkpt lat="42.94345" lon="1.03866">
        <ele>498.0</ele>
      </trkpt>
      <trkpt lat="42.94478" lon="1.04056">
        <ele>494.0</ele>
      </trkpt>
      <trkpt lat="42.94492" lon="1.0408">
        <ele>495.0</ele>
      </trkpt>
      <trkpt lat="42.94506" lon="1.04106">
        <ele>494.0</ele>
      </trkpt>
      <trkpt lat="42.94529" lon="1.04164">
        <ele>494.0</ele>
      </trkpt>
      <trkpt lat="42.94547" lon="1.04205">
        <ele>493.0</ele>
      </trkpt>
      <trkpt lat="42.94576" lon="1.04252">
        <ele>489.0</ele>
      </trkpt>
      <trkpt lat="42.94587" lon="1.04278">
        <ele>490.0</ele>
      </trkpt>
      <trkpt lat="42.94595" lon="1.04299">
        <ele>490.0</ele>
      </trkpt>
      <trkpt lat="42.94602" lon="1.04327">
        <ele>491.0</ele>
      </trkpt>
      <trkpt lat="42.94607" lon="1.04355">
        <ele>490.0</ele>
      </trkpt>
      <trkpt lat="42.94625" lon="1.04624">
        <ele>489.0</ele>
      </trkpt>
      <trkpt lat="42.94632" lon="1.04667">
        <ele>487.0</ele>
      </trkpt>
      <trkpt lat="42.94648" lon="1.04737">
        <ele>487.0</ele>
      </trkpt>
      <trkpt lat="42.94699" lon="1.0493">
        <ele>484.0</ele>
      </trkpt>
      <trkpt lat="42.94703" lon="1.04962">
        <ele>483.0</ele>
      </trkpt>
      <trkpt lat="42.94703" lon="1.04987">
        <ele>483.0</ele>
      </trkpt>
      <trkpt lat="42.94701" lon="1.0501">
        <ele>483.0</ele>
      </trkpt>
      <trkpt lat="42.94696" lon="1.05035">
        <ele>483.0</ele>
      </trkpt>
      <trkpt lat="42.94678" lon="1.05096">
        <ele>482.0</ele>
      </trkpt>
      <trkpt lat="42.94674" lon="1.05114">
        <ele>481.0</ele>
      </trkpt>
      <trkpt lat="42.9467" lon="1.05132">
        <ele>481.0</ele>
      </trkpt>
      <trkpt lat="42.94669" lon="1.05147">
        <ele>479.0</ele>
      </trkpt>
      <trkpt lat="42.94669" lon="1.05163">
        <ele>478.0</ele>
      </trkpt>
      <trkpt lat="42.9467" lon="1.05181">
        <ele>478.0</ele>
      </trkpt>
      <trkpt lat="42.94687" lon="1.05317">
        <ele>476.0</ele>
      </trkpt>
      <trkpt lat="42.94698" lon="1.05374">
        <ele>475.0</ele>
      </trkpt>
      <trkpt lat="42.9472" lon="1.05463">
        <ele>473.0</ele>
      </trkpt>
      <trkpt lat="42.94731" lon="1.05506">
        <ele>472.0</ele>
      </trkpt>
      <trkpt lat="42.94734" lon="1.05523">
        <ele>471.0</ele>
      </trkpt>
      <trkpt lat="42.94736" lon="1.05549">
        <ele>470.0</ele>
      </trkpt>
      <trkpt lat="42.9474" lon="1.05617">
        <ele>468.0</ele>
      </trkpt>
      <trkpt lat="42.94741" lon="1.05626">
        <ele>468.0</ele>
      </trkpt>
      <trkpt lat="42.94741" lon="1.05634">
        <ele>468.0</ele>
      </trkpt>
      <trkpt lat="42.94743" lon="1.05659">
        <ele>467.0</ele>
      </trkpt>
      <trkpt lat="42.94747" lon="1.05689">
        <ele>467.0</ele>
      </trkpt>
      <trkpt lat="42.94751" lon="1.05706">
        <ele>466.0</ele>
      </trkpt>
      <trkpt lat="42.94754" lon="1.05719">
        <ele>467.0</ele>
      </trkpt>
      <trkpt lat="42.94758" lon="1.05731">
        <ele>467.0</ele>
      </trkpt>
      <trkpt lat="42.94778" lon="1.05767">
        <ele>466.0</ele>
      </trkpt>
      <trkpt lat="42.94789" lon="1.05784">
        <ele>466.0</ele>
      </trkpt>
      <trkpt lat="42.94798" lon="1.05803">
        <ele>465.0</ele>
      </trkpt>
      <trkpt lat="42.94817" lon="1.05837">
        <ele>465.0</ele>
      </trkpt>
      <trkpt lat="42.94824" lon="1.05855">
        <ele>465.0</ele>
      </trkpt>
      <trkpt lat="42.94825" lon="1.05858">
        <ele>465.0</ele>
      </trkpt>
      <trkpt lat="42.94836" lon="1.059">
        <ele>466.0</ele>
      </trkpt>
      <trkpt lat="42.94835" lon="1.0591">
        <ele>466.0</ele>
      </trkpt>
      <trkpt lat="42.94818" lon="1.05997">
        <ele>464.0</ele>
      </trkpt>
      <trkpt lat="42.94813" lon="1.06013">
        <ele>464.0</ele>
      </trkpt>
      <trkpt lat="42.94809" lon="1.06029">
        <ele>464.0</ele>
      </trkpt>
      <trkpt lat="42.94801" lon="1.06059">
        <ele>463.0</ele>
      </trkpt>
      <trkpt lat="42.94794" lon="1.0609">
        <ele>462.0</ele>
      </trkpt>
      <trkpt lat="42.9479" lon="1.06113">
        <ele>462.0</ele>
      </trkpt>
      <trkpt lat="42.94774" lon="1.06176">
        <ele>461.0</ele>
      </trkpt>
      <trkpt lat="42.94773" lon="1.06187">
        <ele>461.0</ele>
      </trkpt>
      <trkpt lat="42.94772" lon="1.06197">
        <ele>461.0</ele>
      </trkpt>
      <trkpt lat="42.94774" lon="1.06212">
        <ele>461.0</ele>
      </trkpt>
      <trkpt lat="42.94777" lon="1.06226">
        <ele>461.0</ele>
      </trkpt>
      <trkpt lat="42.94784" lon="1.06256">
        <ele>461.0</ele>
      </trkpt>
      <trkpt lat="42.94787" lon="1.06269">
        <ele>461.0</ele>
      </trkpt>
      <trkpt lat="42.94792" lon="1.063">
        <ele>461.0</ele>
      </trkpt>
      <trkpt lat="42.94799" lon="1.06355">
        <ele>461.0</ele>
      </trkpt>
      <trkpt lat="42.9482" lon="1.06561">
        <ele>461.0</ele>
      </trkpt>
      <trkpt lat="42.94823" lon="1.06603">
        <ele>461.0</ele>
      </trkpt>
      <trkpt lat="42.94825" lon="1.06638">
        <ele>461.0</ele>
      </trkpt>
      <trkpt lat="42.94824" lon="1.06704">
        <ele>459.0</ele>
      </trkpt>
      <trkpt lat="42.94826" lon="1.06754">
        <ele>458.0</ele>
      </trkpt>
      <trkpt lat="42.94828" lon="1.06799">
        <ele>457.0</ele>
      </trkpt>
      <trkpt lat="42.94827" lon="1.06833">
        <ele>457.0</ele>
      </trkpt>
      <trkpt lat="42.94827" lon="1.06853">
        <ele>457.0</ele>
      </trkpt>
      <trkpt lat="42.94829" lon="1.06872">
        <ele>456.0</ele>
      </trkpt>
      <trkpt lat="42.94843" lon="1.06941">
        <ele>456.0</ele>
      </trkpt>
      <trkpt lat="42.94857" lon="1.07045">
        <ele>455.0</ele>
      </trkpt>
      <trkpt lat="42.94863" lon="1.07071">
        <ele>455.0</ele>
      </trkpt>
      <trkpt lat="42.94877" lon="1.07107">
        <ele>455.0</ele>
      </trkpt>
      <trkpt lat="42.94883" lon="1.07119">
        <ele>455.0</ele>
      </trkpt>
      <trkpt lat="42.94894" lon="1.07137">
        <ele>454.0</ele>
      </trkpt>
      <trkpt lat="42.94916" lon="1.07167">
        <ele>454.0</ele>
      </trkpt>
      <trkpt lat="42.9495" lon="1.07199">
        <ele>454.0</ele>
      </trkpt>
      <trkpt lat="42.94969" lon="1.07218">
        <ele>454.0</ele>
      </trkpt>
      <trkpt lat="42.94991" lon="1.07246">
        <ele>453.0</ele>
      </trkpt>
      <trkpt lat="42.95006" lon="1.07277">
        <ele>453.0</ele>
      </trkpt>
      <trkpt lat="42.95035" lon="1.07335">
        <ele>453.0</ele>
      </trkpt>
      <trkpt lat="42.95061" lon="1.07393">
        <ele>452.0</ele>
      </trkpt>
      <trkpt lat="42.95088" lon="1.07452">
        <ele>451.0</ele>
      </trkpt>
      <trkpt lat="42.95099" lon="1.07471">
        <ele>450.0</ele>
      </trkpt>
      <trkpt lat="42.95113" lon="1.07492">
        <ele>450.0</ele>
      </trkpt>
      <trkpt lat="42.95133" lon="1.07517">
        <ele>450.0</ele>
      </trkpt>
      <trkpt lat="42.95188" lon="1.07583">
        <ele>450.0</ele>
      </trkpt>
      <trkpt lat="42.95247" lon="1.07669">
        <ele>450.0</ele>
      </trkpt>
      <trkpt lat="42.95267" lon="1.07696">
        <ele>450.0</ele>
      </trkpt>
      <trkpt lat="42.95311" lon="1.07748">
        <ele>449.0</ele>
      </trkpt>
      <trkpt lat="42.95327" lon="1.07769">
        <ele>449.0</ele>
      </trkpt>
      <trkpt lat="42.95378" lon="1.07852">
        <ele>447.0</ele>
      </trkpt>
      <trkpt lat="42.95393" lon="1.07876">
        <ele>446.0</ele>
      </trkpt>
      <trkpt lat="42.95403" lon="1.07889">
        <ele>446.0</ele>
      </trkpt>
      <trkpt lat="42.95416" lon="1.0791">
        <ele>445.0</ele>
      </trkpt>
      <trkpt lat="42.9542" lon="1.07922">
        <ele>445.0</ele>
      </trkpt>
      <trkpt lat="42.95425" lon="1.07937">
        <ele>445.0</ele>
      </trkpt>
      <trkpt lat="42.95435" lon="1.07977">
        <ele>445.0</ele>
      </trkpt>
      <trkpt lat="42.95443" lon="1.08006">
        <ele>444.0</ele>
      </trkpt>
      <trkpt lat="42.95446" lon="1.08013">
        <ele>444.0</ele>
      </trkpt>
      <trkpt lat="42.95456" lon="1.08037">
        <ele>444.0</ele>
      </trkpt>
      <trkpt lat="42.95471" lon="1.08065">
        <ele>445.0</ele>
      </trkpt>
      <trkpt lat="42.95492" lon="1.08098">
        <ele>445.0</ele>
      </trkpt>
      <trkpt lat="42.95515" lon="1.08144">
        <ele>445.0</ele>
      </trkpt>
      <trkpt lat="42.95535" lon="1.08189">
        <ele>444.0</ele>
      </trkpt>
      <trkpt lat="42.95545" lon="1.08213">
        <ele>443.0</ele>
      </trkpt>
      <trkpt lat="42.95557" lon="1.08243">
        <ele>442.0</ele>
      </trkpt>
      <trkpt lat="42.95576" lon="1.08285">
        <ele>442.0</ele>
      </trkpt>
      <trkpt lat="42.95607" lon="1.08336">
        <ele>441.0</ele>
      </trkpt>
      <trkpt lat="42.95662" lon="1.08415">
        <ele>439.0</ele>
      </trkpt>
      <trkpt lat="42.95678" lon="1.08433">
        <ele>439.0</ele>
      </trkpt>
      <trkpt lat="42.95685" lon="1.08439">
        <ele>439.0</ele>
      </trkpt>
      <trkpt lat="42.95703" lon="1.08449">
        <ele>439.0</ele>
      </trkpt>
      <trkpt lat="42.95712" lon="1.08453">
        <ele>439.0</ele>
      </trkpt>
      <trkpt lat="42.95744" lon="1.08461">
        <ele>439.0</ele>
      </trkpt>
      <trkpt lat="42.95779" lon="1.08473">
        <ele>439.0</ele>
      </trkpt>
      <trkpt lat="42.95791" lon="1.08478">
        <ele>439.0</ele>
      </trkpt>
      <trkpt lat="42.95802" lon="1.08485">
        <ele>439.0</ele>
      </trkpt>
      <trkpt lat="42.95816" lon="1.08496">
        <ele>438.0</ele>
      </trkpt>
      <trkpt lat="42.95832" lon="1.08513">
        <ele>438.0</ele>
      </trkpt>
      <trkpt lat="42.95845" lon="1.0853">
        <ele>438.0</ele>
      </trkpt>
      <trkpt lat="42.9585" lon="1.0854">
        <ele>438.0</ele>
      </trkpt>
      <trkpt lat="42.95856" lon="1.08552">
        <ele>438.0</ele>
      </trkpt>
      <trkpt lat="42.95872" lon="1.08599">
        <ele>438.0</ele>
      </trkpt>
      <trkpt lat="42.95878" lon="1.08613">
        <ele>438.0</ele>
      </trkpt>
      <trkpt lat="42.95884" lon="1.08623">
        <ele>438.0</ele>
      </trkpt>
      <trkpt lat="42.9589" lon="1.0863">
        <ele>438.0</ele>
      </trkpt>
      <trkpt lat="42.95896" lon="1.08637">
        <ele>438.0</ele>
      </trkpt>
      <trkpt lat="42.95915" lon="1.08649">
        <ele>438.0</ele>
      </trkpt>
      <trkpt lat="42.95937" lon="1.08661">
        <ele>438.0</ele>
      </trkpt>
      <trkpt lat="42.95979" lon="1.08677">
        <ele>438.0</ele>
      </trkpt>
      <trkpt lat="42.96033" lon="1.08691">
        <ele>440.0</ele>
      </trkpt>
      <trkpt lat="42.96043" lon="1.08696">
        <ele>441.0</ele>
      </trkpt>
      <trkpt lat="42.96051" lon="1.08701">
        <ele>441.0</ele>
      </trkpt>
      <trkpt lat="42.9606" lon="1.0871">
        <ele>441.0</ele>
      </trkpt>
      <trkpt lat="42.96075" lon="1.08729">
        <ele>441.0</ele>
      </trkpt>
      <trkpt lat="42.96119" lon="1.08796">
        <ele>445.0</ele>
      </trkpt>
      <trkpt lat="42.96134" lon="1.08823">
        <ele>445.0</ele>
      </trkpt>
      <trkpt lat="42.96145" lon="1.08849">
        <ele>446.0</ele>
      </trkpt>
      <trkpt lat="42.9615" lon="1.08871">
        <ele>446.0</ele>
      </trkpt>
      <trkpt lat="42.96153" lon="1.08891">
        <ele>445.0</ele>
      </trkpt>
      <trkpt lat="42.96158" lon="1.08964">
        <ele>443.0</ele>
      </trkpt>
      <trkpt lat="42.96161" lon="1.08992">
        <ele>443.0</ele>
      </trkpt>
      <trkpt lat="42.96177" lon="1.09082">
        <ele>444.0</ele>
      </trkpt>
      <trkpt lat="42.96178" lon="1.09086">
        <ele>444.0</ele>
      </trkpt>
      <trkpt lat="42.96189" lon="1.09134">
        <ele>441.0</ele>
      </trkpt>
      <trkpt lat="42.96195" lon="1.09154">
        <ele>440.0</ele>
      </trkpt>
      <trkpt lat="42.96203" lon="1.09173">
        <ele>440.0</ele>
      </trkpt>
      <trkpt lat="42.96227" lon="1.09227">
        <ele>437.0</ele>
      </trkpt>
      <trkpt lat="42.9623" lon="1.09239">
        <ele>436.0</ele>
      </trkpt>
      <trkpt lat="42.96234" lon="1.09254">
        <ele>435.0</ele>
      </trkpt>
      <trkpt lat="42.96233" lon="1.0926">
        <ele>434.0</ele>
      </trkpt>
      <trkpt lat="42.96233" lon="1.09264">
        <ele>434.0</ele>
      </trkpt>
      <trkpt lat="42.96234" lon="1.09268">
        <ele>434.0</ele>
      </trkpt>
      <trkpt lat="42.96236" lon="1.09271">
        <ele>434.0</ele>
      </trkpt>
      <trkpt lat="42.96241" lon="1.09273">
        <ele>435.0</ele>
      </trkpt>
      <trkpt lat="42.96255" lon="1.09284">
        <ele>435.0</ele>
      </trkpt>
      <trkpt lat="42.9626" lon="1.09288">
        <ele>435.0</ele>
      </trkpt>
      <trkpt lat="42.96268" lon="1.09294">
        <ele>435.0</ele>
      </trkpt>
      <trkpt lat="42.96302" lon="1.09326">
        <ele>434.0</ele>
      </trkpt>
      <trkpt lat="42.96304" lon="1.09328">
        <ele>434.0</ele>
      </trkpt>
      <trkpt lat="42.96324" lon="1.09353">
        <ele>434.0</ele>
      </trkpt>
      <trkpt lat="42.96368" lon="1.0943">
        <ele>434.0</ele>
      </trkpt>
      <trkpt lat="42.9639" lon="1.09469">
        <ele>433.0</ele>
      </trkpt>
      <trkpt lat="42.96401" lon="1.09486">
        <ele>432.0</ele>
      </trkpt>
      <trkpt lat="42.96405" lon="1.09491">
        <ele>432.0</ele>
      </trkpt>
      <trkpt lat="42.96426" lon="1.09523">
        <ele>431.0</ele>
      </trkpt>
      <trkpt lat="42.96473" lon="1.0959">
        <ele>430.0</ele>
      </trkpt>
      <trkpt lat="42.96523" lon="1.09667">
        <ele>430.0</ele>
      </trkpt>
      <trkpt lat="42.96585" lon="1.09757">
        <ele>428.0</ele>
      </trkpt>
      <trkpt lat="42.96641" lon="1.09856">
        <ele>430.0</ele>
      </trkpt>
      <trkpt lat="42.96646" lon="1.09867">
        <ele>430.0</ele>
      </trkpt>
      <trkpt lat="42.96651" lon="1.09885">
        <ele>430.0</ele>
      </trkpt>
      <trkpt lat="42.96657" lon="1.09909">
        <ele>430.0</ele>
      </trkpt>
      <trkpt lat="42.96666" lon="1.09965">
        <ele>429.0</ele>
      </trkpt>
      <trkpt lat="42.96676" lon="1.10033">
        <ele>427.0</ele>
      </trkpt>
      <trkpt lat="42.96682" lon="1.1008">
        <ele>426.0</ele>
      </trkpt>
      <trkpt lat="42.96688" lon="1.10137">
        <ele>427.0</ele>
      </trkpt>
      <trkpt lat="42.9669" lon="1.10155">
        <ele>427.0</ele>
      </trkpt>
      <trkpt lat="42.96691" lon="1.10163">
        <ele>427.0</ele>
      </trkpt>
      <trkpt lat="42.96689" lon="1.10176">
        <ele>426.0</ele>
      </trkpt>
      <trkpt lat="42.96688" lon="1.10186">
        <ele>426.0</ele>
      </trkpt>
      <trkpt lat="42.96689" lon="1.10189">
        <ele>426.0</ele>
      </trkpt>
      <trkpt lat="42.96687" lon="1.10194">
        <ele>426.0</ele>
      </trkpt>
      <trkpt lat="42.96685" lon="1.10199">
        <ele>426.0</ele>
      </trkpt>
      <trkpt lat="42.96685" lon="1.10204">
        <ele>426.0</ele>
      </trkpt>
      <trkpt lat="42.96688" lon="1.1021">
        <ele>426.0</ele>
      </trkpt>
      <trkpt lat="42.96692" lon="1.10214">
        <ele>426.0</ele>
      </trkpt>
      <trkpt lat="42.96695" lon="1.10215">
        <ele>426.0</ele>
      </trkpt>
      <trkpt lat="42.96695" lon="1.10219">
        <ele>426.0</ele>
      </trkpt>
      <trkpt lat="42.96699" lon="1.10228">
        <ele>425.0</ele>
      </trkpt>
      <trkpt lat="42.96706" lon="1.10244">
        <ele>425.0</ele>
      </trkpt>
      <trkpt lat="42.96712" lon="1.10261">
        <ele>425.0</ele>
      </trkpt>
      <trkpt lat="42.96718" lon="1.10276">
        <ele>424.0</ele>
      </trkpt>
      <trkpt lat="42.96726" lon="1.10291">
        <ele>424.0</ele>
      </trkpt>
      <trkpt lat="42.96756" lon="1.10341">
        <ele>423.0</ele>
      </trkpt>
      <trkpt lat="42.96768" lon="1.10362">
        <ele>423.0</ele>
      </trkpt>
      <trkpt lat="42.96778" lon="1.10385">
        <ele>423.0</ele>
      </trkpt>
      <trkpt lat="42.96804" lon="1.10475">
        <ele>423.0</ele>
      </trkpt>
      <trkpt lat="42.96867" lon="1.10632">
        <ele>422.0</ele>
      </trkpt>
      <trkpt lat="42.96936" lon="1.10803">
        <ele>421.0</ele>
      </trkpt>
      <trkpt lat="42.96983" lon="1.10923">
        <ele>419.0</ele>
      </trkpt>
      <trkpt lat="42.96999" lon="1.10962">
        <ele>418.0</ele>
      </trkpt>
      <trkpt lat="42.97132" lon="1.11296">
        <ele>419.0</ele>
      </trkpt>
      <trkpt lat="42.97143" lon="1.11333">
        <ele>419.0</ele>
      </trkpt>
      <trkpt lat="42.97147" lon="1.11334">
        <ele>419.0</ele>
      </trkpt>
      <trkpt lat="42.97151" lon="1.11339">
        <ele>419.0</ele>
      </trkpt>
      <trkpt lat="42.97166" lon="1.11375">
        <ele>419.0</ele>
      </trkpt>
      <trkpt lat="42.97187" lon="1.11429">
        <ele>422.0</ele>
      </trkpt>
      <trkpt lat="42.97192" lon="1.11447">
        <ele>423.0</ele>
      </trkpt>
      <trkpt lat="42.97196" lon="1.11469">
        <ele>424.0</ele>
      </trkpt>
      <trkpt lat="42.97198" lon="1.11491">
        <ele>425.0</ele>
      </trkpt>
      <trkpt lat="42.97198" lon="1.11526">
        <ele>424.0</ele>
      </trkpt>
      <trkpt lat="42.972" lon="1.1155">
        <ele>424.0</ele>
      </trkpt>
      <trkpt lat="42.97207" lon="1.11567">
        <ele>424.0</ele>
      </trkpt>
      <trkpt lat="42.97217" lon="1.1158">
        <ele>425.0</ele>
      </trkpt>
      <trkpt lat="42.97238" lon="1.11601">
        <ele>427.0</ele>
      </trkpt>
      <trkpt lat="42.97309" lon="1.11686">
        <ele>431.0</ele>
      </trkpt>
      <trkpt lat="42.97358" lon="1.11743">
        <ele>436.0</ele>
      </trkpt>
      <trkpt lat="42.97364" lon="1.11748">
        <ele>436.0</ele>
      </trkpt>
      <trkpt lat="42.97412" lon="1.11798">
        <ele>438.0</ele>
      </trkpt>
      <trkpt lat="42.97459" lon="1.11852">
        <ele>435.0</ele>
      </trkpt>
      <trkpt lat="42.97498" lon="1.11881">
        <ele>434.0</ele>
      </trkpt>
      <trkpt lat="42.97561" lon="1.11946">
        <ele>432.0</ele>
      </trkpt>
      <trkpt lat="42.97625" lon="1.12014">
        <ele>434.0</ele>
      </trkpt>
      <trkpt lat="42.97677" lon="1.12064">
        <ele>428.0</ele>
      </trkpt>
      <trkpt lat="42.97694" lon="1.12083">
        <ele>426.0</ele>
      </trkpt>
      <trkpt lat="42.9772" lon="1.12146">
        <ele>421.0</ele>
      </trkpt>
      <trkpt lat="42.9775" lon="1.12194">
        <ele>420.0</ele>
      </trkpt>
      <trkpt lat="42.97791" lon="1.12246">
        <ele>416.0</ele>
      </trkpt>
      <trkpt lat="42.97805" lon="1.12257">
        <ele>416.0</ele>
      </trkpt>
      <trkpt lat="42.97814" lon="1.12274">
        <ele>416.0</ele>
      </trkpt>
      <trkpt lat="42.97819" lon="1.12287">
        <ele>416.0</ele>
      </trkpt>
      <trkpt lat="42.97821" lon="1.12301">
        <ele>416.0</ele>
      </trkpt>
      <trkpt lat="42.97821" lon="1.12372">
        <ele>412.0</ele>
      </trkpt>
      <trkpt lat="42.97824" lon="1.12403">
        <ele>411.0</ele>
      </trkpt>
      <trkpt lat="42.97833" lon="1.12467">
        <ele>409.0</ele>
      </trkpt>
      <trkpt lat="42.97826" lon="1.12473">
        <ele>409.0</ele>
      </trkpt>
      <trkpt lat="42.97829" lon="1.12482">
        <ele>408.0</ele>
      </trkpt>
      <trkpt lat="42.97869" lon="1.12582">
        <ele>407.0</ele>
      </trkpt>
      <trkpt lat="42.97882" lon="1.12613">
        <ele>407.0</ele>
      </trkpt>
      <trkpt lat="42.97906" lon="1.12667">
        <ele>407.0</ele>
      </trkpt>
      <trkpt lat="42.97985" lon="1.12824">
        <ele>404.0</ele>
      </trkpt>
      <trkpt lat="42.9803" lon="1.1292">
        <ele>405.0</ele>
      </trkpt>
      <trkpt lat="42.98064" lon="1.12998">
        <ele>402.0</ele>
      </trkpt>
      <trkpt lat="42.98079" lon="1.13026">
        <ele>401.0</ele>
      </trkpt>
      <trkpt lat="42.98102" lon="1.13061">
        <ele>400.0</ele>
      </trkpt>
      <trkpt lat="42.98119" lon="1.13084">
        <ele>400.0</ele>
      </trkpt>
      <trkpt lat="42.98132" lon="1.13096">
        <ele>400.0</ele>
      </trkpt>
      <trkpt lat="42.98133" lon="1.13098">
        <ele>400.0</ele>
      </trkpt>
      <trkpt lat="42.9814" lon="1.13106">
        <ele>400.0</ele>
      </trkpt>
      <trkpt lat="42.98172" lon="1.13132">
        <ele>400.0</ele>
      </trkpt>
      <trkpt lat="42.98197" lon="1.13164">
        <ele>400.0</ele>
      </trkpt>
      <trkpt lat="42.98273" lon="1.13253">
        <ele>399.0</ele>
      </trkpt>
      <trkpt lat="42.98286" lon="1.1327">
        <ele>399.0</ele>
      </trkpt>
      <trkpt lat="42.98321" lon="1.13311">
        <ele>399.0</ele>
      </trkpt>
      <trkpt lat="42.98338" lon="1.13354">
        <ele>399.0</ele>
      </trkpt>
      <trkpt lat="42.98362" lon="1.13412">
        <ele>398.0</ele>
      </trkpt>
      <trkpt lat="42.98403" lon="1.13517">
        <ele>399.0</ele>
      </trkpt>
      <trkpt lat="42.98437" lon="1.13615">
        <ele>399.0</ele>
      </trkpt>
      <trkpt lat="42.98498" lon="1.13786">
        <ele>396.0</ele>
      </trkpt>
      <trkpt lat="42.98518" lon="1.13845">
        <ele>395.0</ele>
      </trkpt>
      <trkpt lat="42.98547" lon="1.13918">
        <ele>393.0</ele>
      </trkpt>
      <trkpt lat="42.98558" lon="1.13942">
        <ele>392.0</ele>
      </trkpt>
      <trkpt lat="42.98576" lon="1.13984">
        <ele>390.0</ele>
      </trkpt>
      <trkpt lat="42.98583" lon="1.14008">
        <ele>389.0</ele>
      </trkpt>
      <trkpt lat="42.98592" lon="1.14024">
        <ele>389.0</ele>
      </trkpt>
      <trkpt lat="42.98597" lon="1.14031">
        <ele>390.0</ele>
      </trkpt>
      <trkpt lat="42.986" lon="1.14034">
        <ele>390.0</ele>
      </trkpt>
      <trkpt lat="42.98602" lon="1.14037">
        <ele>390.0</ele>
      </trkpt>
      <trkpt lat="42.98598" lon="1.14057">
        <ele>390.0</ele>
      </trkpt>
      <trkpt lat="42.98597" lon="1.14061">
        <ele>390.0</ele>
      </trkpt>
      <trkpt lat="42.9857" lon="1.14091">
        <ele>391.0</ele>
      </trkpt>
      <trkpt lat="42.98546" lon="1.14116">
        <ele>392.0</ele>
      </trkpt>
      <trkpt lat="42.98541" lon="1.1413">
        <ele>393.0</ele>
      </trkpt>
      <trkpt lat="42.9855" lon="1.14146">
        <ele>393.0</ele>
      </trkpt>
      <trkpt lat="42.98557" lon="1.14166">
        <ele>393.0</ele>
      </trkpt>
      <trkpt lat="42.98561" lon="1.14177">
        <ele>393.0</ele>
      </trkpt>
      <trkpt lat="42.9857" lon="1.14202">
        <ele>392.0</ele>
      </trkpt>
      <trkpt lat="42.98574" lon="1.14213">
        <ele>392.0</ele>
      </trkpt>
      <trkpt lat="42.98593" lon="1.14265">
        <ele>393.0</ele>
      </trkpt>
      <trkpt lat="42.98596" lon="1.14273">
        <ele>393.0</ele>
      </trkpt>
      <trkpt lat="42.9861" lon="1.14317">
        <ele>395.0</ele>
      </trkpt>
      <trkpt lat="42.98612" lon="1.14323">
        <ele>395.0</ele>
      </trkpt>
      <trkpt lat="42.98618" lon="1.14342">
        <ele>396.0</ele>
      </trkpt>
      <trkpt lat="42.98631" lon="1.1438">
        <ele>396.0</ele>
      </trkpt>
      <trkpt lat="42.98635" lon="1.1439">
        <ele>396.0</ele>
      </trkpt>
      <trkpt lat="42.98644" lon="1.14414">
        <ele>396.0</ele>
      </trkpt>
      <trkpt lat="42.98636" lon="1.1442">
        <ele>396.0</ele>
      </trkpt>
      <trkpt lat="42.98624" lon="1.14433">
        <ele>396.0</ele>
      </trkpt>
      <trkpt lat="42.98619" lon="1.14445">
        <ele>396.0</ele>
      </trkpt>
      <trkpt lat="42.98608" lon="1.14484">
        <ele>396.0</ele>
      </trkpt>
      <trkpt lat="42.98594" lon="1.14552">
        <ele>394.0</ele>
      </trkpt>
      <trkpt lat="42.98582" lon="1.14601">
        <ele>393.0</ele>
      </trkpt>
      <trkpt lat="42.98577" lon="1.14626">
        <ele>393.0</ele>
      </trkpt>
      <trkpt lat="42.98575" lon="1.14659">
        <ele>393.0</ele>
      </trkpt>
      <trkpt lat="42.98575" lon="1.1466">
        <ele>393.0</ele>
      </trkpt>
      <trkpt lat="42.9857" lon="1.14678">
        <ele>393.0</ele>
      </trkpt>
      <trkpt lat="42.98566" lon="1.14686">
        <ele>393.0</ele>
      </trkpt>
      <trkpt lat="42.98562" lon="1.14694">
        <ele>393.0</ele>
      </trkpt>
      <trkpt lat="42.98558" lon="1.14697">
        <ele>393.0</ele>
      </trkpt>
      <trkpt lat="42.98548" lon="1.14707">
        <ele>394.0</ele>
      </trkpt>
      <trkpt lat="42.98537" lon="1.14718">
        <ele>394.0</ele>
      </trkpt>
      <trkpt lat="42.98525" lon="1.14729">
        <ele>394.0</ele>
      </trkpt>
      <trkpt lat="42.9852" lon="1.14734">
        <ele>394.0</ele>
      </trkpt>
      <trkpt lat="42.98499" lon="1.14744">
        <ele>394.0</ele>
      </trkpt>
      <trkpt lat="42.9848" lon="1.14751">
        <ele>394.0</ele>
      </trkpt>
      <trkpt lat="42.98429" lon="1.14778">
        <ele>395.0</ele>
      </trkpt>
      <trkpt lat="42.98427" lon="1.14779">
        <ele>395.0</ele>
      </trkpt>
      <trkpt lat="42.9832" lon="1.14836">
        <ele>397.0</ele>
      </trkpt>
      <trkpt lat="42.98298" lon="1.1484">
        <ele>396.0</ele>
      </trkpt>
      <trkpt lat="42.98287" lon="1.14853">
        <ele>396.0</ele>
      </trkpt>
      <trkpt lat="42.98286" lon="1.14854">
        <ele>396.0</ele>
      </trkpt>
      <trkpt lat="42.98247" lon="1.149">
        <ele>396.0</ele>
      </trkpt>
      <trkpt lat="42.98243" lon="1.14904">
        <ele>396.0</ele>
      </trkpt>
      <trkpt lat="42.98217" lon="1.14934">
        <ele>396.0</ele>
      </trkpt>
      <trkpt lat="42.98179" lon="1.14979">
        <ele>396.0</ele>
      </trkpt>
      <trkpt lat="42.98157" lon="1.15005">
        <ele>396.0</ele>
      </trkpt>
      <trkpt lat="42.98147" lon="1.15018">
        <ele>396.0</ele>
      </trkpt>
      <trkpt lat="42.98128" lon="1.15044">
        <ele>396.0</ele>
      </trkpt>
      <trkpt lat="42.98126" lon="1.15048">
        <ele>396.0</ele>
      </trkpt>
      <trkpt lat="42.98123" lon="1.15046">
        <ele>396.0</ele>
      </trkpt>
      <trkpt lat="42.98117" lon="1.15045">
        <ele>396.0</ele>
      </trkpt>
      <trkpt lat="42.98111" lon="1.15048">
        <ele>396.0</ele>
      </trkpt>
      <trkpt lat="42.98109" lon="1.15052">
        <ele>396.0</ele>
      </trkpt>
      <trkpt lat="42.98107" lon="1.15056">
        <ele>396.0</ele>
      </trkpt>
      <trkpt lat="42.98107" lon="1.1506">
        <ele>396.0</ele>
      </trkpt>
      <trkpt lat="42.98108" lon="1.15068">
        <ele>396.0</ele>
      </trkpt>
      <trkpt lat="42.98079" lon="1.15099">
        <ele>396.0</ele>
      </trkpt>
      <trkpt lat="42.98043" lon="1.15135">
        <ele>397.0</ele>
      </trkpt>
      <trkpt lat="42.98013" lon="1.15168">
        <ele>398.0</ele>
      </trkpt>
      <trkpt lat="42.97964" lon="1.15221">
        <ele>398.0</ele>
      </trkpt>
      <trkpt lat="42.97914" lon="1.15272">
        <ele>398.0</ele>
      </trkpt>
      <trkpt lat="42.97885" lon="1.15301">
        <ele>398.0</ele>
      </trkpt>
      <trkpt lat="42.97862" lon="1.15323">
        <ele>398.0</ele>
      </trkpt>
      <trkpt lat="42.97755" lon="1.15433">
        <ele>400.0</ele>
      </trkpt>
      <trkpt lat="42.97734" lon="1.15457">
        <ele>400.0</ele>
      </trkpt>
      <trkpt lat="42.97704" lon="1.15497">
        <ele>401.0</ele>
      </trkpt>
      <trkpt lat="42.97701" lon="1.15502">
        <ele>401.0</ele>
      </trkpt>
      <trkpt lat="42.97702" lon="1.15514">
        <ele>401.0</ele>
      </trkpt>
      <trkpt lat="42.97694" lon="1.15534">
        <ele>402.0</ele>
      </trkpt>
      <trkpt lat="42.97679" lon="1.15579">
        <ele>403.0</ele>
      </trkpt>
      <trkpt lat="42.97665" lon="1.15629">
        <ele>404.0</ele>
      </trkpt>
      <trkpt lat="42.97628" lon="1.15831">
        <ele>411.0</ele>
      </trkpt>
      <trkpt lat="42.97612" lon="1.15913">
        <ele>411.0</ele>
      </trkpt>
      <trkpt lat="42.97596" lon="1.15961">
        <ele>410.0</ele>
      </trkpt>
      <trkpt lat="42.97567" lon="1.16051">
        <ele>408.0</ele>
      </trkpt>
      <trkpt lat="42.97557" lon="1.16077">
        <ele>407.0</ele>
      </trkpt>
      <trkpt lat="42.97542" lon="1.16104">
        <ele>405.0</ele>
      </trkpt>
      <trkpt lat="42.97539" lon="1.161">
        <ele>405.0</ele>
      </trkpt>
      <trkpt lat="42.97527" lon="1.16116">
        <ele>404.0</ele>
      </trkpt>
      <trkpt lat="42.97457" lon="1.162">
        <ele>401.0</ele>
      </trkpt>
      <trkpt lat="42.97404" lon="1.16261">
        <ele>401.0</ele>
      </trkpt>
      <trkpt lat="42.9737" lon="1.16295">
        <ele>402.0</ele>
      </trkpt>
      <trkpt lat="42.9733" lon="1.16336">
        <ele>403.0</ele>
      </trkpt>
      <trkpt lat="42.97292" lon="1.1637">
        <ele>405.0</ele>
      </trkpt>
      <trkpt lat="42.97238" lon="1.16415">
        <ele>407.0</ele>
      </trkpt>
      <trkpt lat="42.97185" lon="1.1646">
        <ele>405.0</ele>
      </trkpt>
      <trkpt lat="42.97146" lon="1.16497">
        <ele>405.0</ele>
      </trkpt>
      <trkpt lat="42.9712" lon="1.16524">
        <ele>406.0</ele>
      </trkpt>
      <trkpt lat="42.97097" lon="1.16549">
        <ele>406.0</ele>
      </trkpt>
      <trkpt lat="42.96951" lon="1.16721">
        <ele>406.0</ele>
      </trkpt>
      <trkpt lat="42.96793" lon="1.16899">
        <ele>408.0</ele>
      </trkpt>
      <trkpt lat="42.96782" lon="1.16911">
        <ele>408.0</ele>
      </trkpt>
      <trkpt lat="42.96767" lon="1.16925">
        <ele>408.0</ele>
      </trkpt>
      <trkpt lat="42.96746" lon="1.1694">
        <ele>408.0</ele>
      </trkpt>
      <trkpt lat="42.9655" lon="1.17075">
        <ele>410.0</ele>
      </trkpt>
      <trkpt lat="42.96502" lon="1.17109">
        <ele>410.0</ele>
      </trkpt>
      <trkpt lat="42.96465" lon="1.17143">
        <ele>410.0</ele>
      </trkpt>
      <trkpt lat="42.96421" lon="1.17192">
        <ele>409.0</ele>
      </trkpt>
      <trkpt lat="42.96416" lon="1.17198">
        <ele>409.0</ele>
      </trkpt>
      <trkpt lat="42.96366" lon="1.17269">
        <ele>412.0</ele>
      </trkpt>
      <trkpt lat="42.96285" lon="1.17382">
        <ele>420.0</ele>
      </trkpt>
      <trkpt lat="42.96259" lon="1.17416">
        <ele>422.0</ele>
      </trkpt>
      <trkpt lat="42.96231" lon="1.17443">
        <ele>424.0</ele>
      </trkpt>
      <trkpt lat="42.96208" lon="1.17463">
        <ele>423.0</ele>
      </trkpt>
      <trkpt lat="42.96162" lon="1.17494">
        <ele>415.0</ele>
      </trkpt>
      <trkpt lat="42.96134" lon="1.1751">
        <ele>416.0</ele>
      </trkpt>
      <trkpt lat="42.96106" lon="1.1752">
        <ele>416.0</ele>
      </trkpt>
      <trkpt lat="42.96041" lon="1.17529">
        <ele>416.0</ele>
      </trkpt>
      <trkpt lat="42.96012" lon="1.17536">
        <ele>417.0</ele>
      </trkpt>
      <trkpt lat="42.95814" lon="1.17605">
        <ele>417.0</ele>
      </trkpt>
      <trkpt lat="42.95751" lon="1.1763">
        <ele>417.0</ele>
      </trkpt>
      <trkpt lat="42.95728" lon="1.17643">
        <ele>416.0</ele>
      </trkpt>
      <trkpt lat="42.9568" lon="1.1767">
        <ele>415.0</ele>
      </trkpt>
      <trkpt lat="42.95672" lon="1.17675">
        <ele>415.0</ele>
      </trkpt>
      <trkpt lat="42.95676" lon="1.17688">
        <ele>415.0</ele>
      </trkpt>
      <trkpt lat="42.95677" lon="1.17694">
        <ele>416.0</ele>
      </trkpt>
      <trkpt lat="42.9567" lon="1.17711">
        <ele>416.0</ele>
      </trkpt>
      <trkpt lat="42.95666" lon="1.17719">
        <ele>417.0</ele>
      </trkpt>
      <trkpt lat="42.95662" lon="1.17724">
        <ele>417.0</ele>
      </trkpt>
      <trkpt lat="42.95656" lon="1.17731">
        <ele>417.0</ele>
      </trkpt>
      <trkpt lat="42.95635" lon="1.17743">
        <ele>418.0</ele>
      </trkpt>
      <trkpt lat="42.95628" lon="1.17749">
        <ele>418.0</ele>
      </trkpt>
      <trkpt lat="42.95623" lon="1.17756">
        <ele>419.0</ele>
      </trkpt>
      <trkpt lat="42.95618" lon="1.17764">
        <ele>419.0</ele>
      </trkpt>
      <trkpt lat="42.95614" lon="1.17774">
        <ele>420.0</ele>
      </trkpt>
      <trkpt lat="42.95611" lon="1.17789">
        <ele>422.0</ele>
      </trkpt>
      <trkpt lat="42.9561" lon="1.17807">
        <ele>423.0</ele>
      </trkpt>
      <trkpt lat="42.95611" lon="1.17848">
        <ele>427.0</ele>
      </trkpt>
      <trkpt lat="42.95613" lon="1.17886">
        <ele>431.0</ele>
      </trkpt>
      <trkpt lat="42.95617" lon="1.17925">
        <ele>436.0</ele>
      </trkpt>
      <trkpt lat="42.95621" lon="1.17954">
        <ele>438.0</ele>
      </trkpt>
      <trkpt lat="42.95632" lon="1.18014">
        <ele>443.0</ele>
      </trkpt>
      <trkpt lat="42.95646" lon="1.18112">
        <ele>447.0</ele>
      </trkpt>
      <trkpt lat="42.95649" lon="1.18139">
        <ele>448.0</ele>
      </trkpt>
      <trkpt lat="42.9565" lon="1.18158">
        <ele>448.0</ele>
      </trkpt>
      <trkpt lat="42.95651" lon="1.18196">
        <ele>448.0</ele>
      </trkpt>
      <trkpt lat="42.95653" lon="1.18214">
        <ele>447.0</ele>
      </trkpt>
      <trkpt lat="42.95664" lon="1.18266">
        <ele>444.0</ele>
      </trkpt>
      <trkpt lat="42.95678" lon="1.18321">
        <ele>446.0</ele>
      </trkpt>
      <trkpt lat="42.95684" lon="1.18341">
        <ele>448.0</ele>
      </trkpt>
      <trkpt lat="42.9569" lon="1.18357">
        <ele>450.0</ele>
      </trkpt>
      <trkpt lat="42.95697" lon="1.18369">
        <ele>452.0</ele>
      </trkpt>
      <trkpt lat="42.95712" lon="1.18392">
        <ele>454.0</ele>
      </trkpt>
      <trkpt lat="42.95725" lon="1.18418">
        <ele>453.0</ele>
      </trkpt>
      <trkpt lat="42.95731" lon="1.18444">
        <ele>452.0</ele>
      </trkpt>
      <trkpt lat="42.95732" lon="1.18457">
        <ele>452.0</ele>
      </trkpt>
      <trkpt lat="42.95732" lon="1.18469">
        <ele>451.0</ele>
      </trkpt>
      <trkpt lat="42.95731" lon="1.18481">
        <ele>450.0</ele>
      </trkpt>
      <trkpt lat="42.95722" lon="1.18506">
        <ele>449.0</ele>
      </trkpt>
      <trkpt lat="42.95711" lon="1.18532">
        <ele>450.0</ele>
      </trkpt>
      <trkpt lat="42.95707" lon="1.18545">
        <ele>450.0</ele>
      </trkpt>
      <trkpt lat="42.95705" lon="1.18557">
        <ele>451.0</ele>
      </trkpt>
      <trkpt lat="42.95705" lon="1.18569">
        <ele>451.0</ele>
      </trkpt>
      <trkpt lat="42.95705" lon="1.18582">
        <ele>452.0</ele>
      </trkpt>
      <trkpt lat="42.95708" lon="1.18597">
        <ele>452.0</ele>
      </trkpt>
      <trkpt lat="42.95711" lon="1.18611">
        <ele>452.0</ele>
      </trkpt>
      <trkpt lat="42.95718" lon="1.18633">
        <ele>452.0</ele>
      </trkpt>
      <trkpt lat="42.95725" lon="1.18653">
        <ele>452.0</ele>
      </trkpt>
      <trkpt lat="42.95729" lon="1.18666">
        <ele>452.0</ele>
      </trkpt>
      <trkpt lat="42.95731" lon="1.18679">
        <ele>451.0</ele>
      </trkpt>
      <trkpt lat="42.95732" lon="1.18691">
        <ele>451.0</ele>
      </trkpt>
      <trkpt lat="42.95732" lon="1.18704">
        <ele>451.0</ele>
      </trkpt>
      <trkpt lat="42.9573" lon="1.18718">
        <ele>451.0</ele>
      </trkpt>
      <trkpt lat="42.95684" lon="1.18951">
        <ele>455.0</ele>
      </trkpt>
      <trkpt lat="42.95675" lon="1.1899">
        <ele>453.0</ele>
      </trkpt>
      <trkpt lat="42.95672" lon="1.19013">
        <ele>453.0</ele>
      </trkpt>
      <trkpt lat="42.95671" lon="1.19025">
        <ele>453.0</ele>
      </trkpt>
      <trkpt lat="42.95672" lon="1.19036">
        <ele>454.0</ele>
      </trkpt>
      <trkpt lat="42.95675" lon="1.19048">
        <ele>454.0</ele>
      </trkpt>
      <trkpt lat="42.9568" lon="1.19058">
        <ele>455.0</ele>
      </trkpt>
      <trkpt lat="42.9569" lon="1.19074">
        <ele>456.0</ele>
      </trkpt>
      <trkpt lat="42.95723" lon="1.19111">
        <ele>458.0</ele>
      </trkpt>
      <trkpt lat="42.95741" lon="1.19134">
        <ele>457.0</ele>
      </trkpt>
      <trkpt lat="42.95747" lon="1.19143">
        <ele>457.0</ele>
      </trkpt>
      <trkpt lat="42.9575" lon="1.1915">
        <ele>456.0</ele>
      </trkpt>
      <trkpt lat="42.95753" lon="1.19159">
        <ele>457.0</ele>
      </trkpt>
      <trkpt lat="42.95754" lon="1.19168">
        <ele>457.0</ele>
      </trkpt>
      <trkpt lat="42.95755" lon="1.19178">
        <ele>457.0</ele>
      </trkpt>
      <trkpt lat="42.95754" lon="1.19188">
        <ele>457.0</ele>
      </trkpt>
      <trkpt lat="42.95743" lon="1.19251">
        <ele>457.0</ele>
      </trkpt>
      <trkpt lat="42.9574" lon="1.19274">
        <ele>458.0</ele>
      </trkpt>
      <trkpt lat="42.95739" lon="1.19289">
        <ele>459.0</ele>
      </trkpt>
      <trkpt lat="42.9574" lon="1.19308">
        <ele>459.0</ele>
      </trkpt>
      <trkpt lat="42.95743" lon="1.19328">
        <ele>460.0</ele>
      </trkpt>
      <trkpt lat="42.95751" lon="1.19361">
        <ele>459.0</ele>
      </trkpt>
      <trkpt lat="42.95766" lon="1.19421">
        <ele>464.0</ele>
      </trkpt>
      <trkpt lat="42.95771" lon="1.19445">
        <ele>465.0</ele>
      </trkpt>
      <trkpt lat="42.95774" lon="1.19475">
        <ele>464.0</ele>
      </trkpt>
      <trkpt lat="42.95775" lon="1.19544">
        <ele>461.0</ele>
      </trkpt>
      <trkpt lat="42.95775" lon="1.19562">
        <ele>460.0</ele>
      </trkpt>
      <trkpt lat="42.95774" lon="1.19575">
        <ele>460.0</ele>
      </trkpt>
      <trkpt lat="42.95769" lon="1.19614">
        <ele>462.0</ele>
      </trkpt>
      <trkpt lat="42.95763" lon="1.19661">
        <ele>465.0</ele>
      </trkpt>
      <trkpt lat="42.95759" lon="1.19678">
        <ele>465.0</ele>
      </trkpt>
      <trkpt lat="42.95755" lon="1.19692">
        <ele>465.0</ele>
      </trkpt>
      <trkpt lat="42.95749" lon="1.19705">
        <ele>465.0</ele>
      </trkpt>
      <trkpt lat="42.95717" lon="1.19758">
        <ele>468.0</ele>
      </trkpt>
      <trkpt lat="42.95712" lon="1.19774">
        <ele>468.0</ele>
      </trkpt>
      <trkpt lat="42.9571" lon="1.19787">
        <ele>467.0</ele>
      </trkpt>
      <trkpt lat="42.9571" lon="1.19797">
        <ele>467.0</ele>
      </trkpt>
      <trkpt lat="42.95711" lon="1.1981">
        <ele>467.0</ele>
      </trkpt>
      <trkpt lat="42.95716" lon="1.19833">
        <ele>468.0</ele>
      </trkpt>
      <trkpt lat="42.95754" lon="1.20007">
        <ele>459.0</ele>
      </trkpt>
      <trkpt lat="42.95766" lon="1.20064">
        <ele>463.0</ele>
      </trkpt>
      <trkpt lat="42.95769" lon="1.2008">
        <ele>465.0</ele>
      </trkpt>
      <trkpt lat="42.9577" lon="1.20096">
        <ele>466.0</ele>
      </trkpt>
      <trkpt lat="42.9577" lon="1.20113">
        <ele>467.0</ele>
      </trkpt>
      <trkpt lat="42.95768" lon="1.20127">
        <ele>468.0</ele>
      </trkpt>
      <trkpt lat="42.95757" lon="1.20201">
        <ele>468.0</ele>
      </trkpt>
      <trkpt lat="42.95737" lon="1.20328">
        <ele>470.0</ele>
      </trkpt>
      <trkpt lat="42.95733" lon="1.20361">
        <ele>472.0</ele>
      </trkpt>
      <trkpt lat="42.95732" lon="1.20385">
        <ele>473.0</ele>
      </trkpt>
      <trkpt lat="42.95732" lon="1.20423">
        <ele>476.0</ele>
      </trkpt>
      <trkpt lat="42.9573" lon="1.20438">
        <ele>476.0</ele>
      </trkpt>
      <trkpt lat="42.95727" lon="1.20454">
        <ele>476.0</ele>
      </trkpt>
      <trkpt lat="42.95722" lon="1.20471">
        <ele>475.0</ele>
      </trkpt>
      <trkpt lat="42.95702" lon="1.20529">
        <ele>475.0</ele>
      </trkpt>
      <trkpt lat="42.95695" lon="1.20551">
        <ele>476.0</ele>
      </trkpt>
      <trkpt lat="42.9569" lon="1.20572">
        <ele>476.0</ele>
      </trkpt>
      <trkpt lat="42.95687" lon="1.20593">
        <ele>477.0</ele>
      </trkpt>
      <trkpt lat="42.95683" lon="1.20645">
        <ele>480.0</ele>
      </trkpt>
      <trkpt lat="42.95673" lon="1.20735">
        <ele>478.0</ele>
      </trkpt>
      <trkpt lat="42.95665" lon="1.20763">
        <ele>477.0</ele>
      </trkpt>
      <trkpt lat="42.95638" lon="1.20815">
        <ele>476.0</ele>
      </trkpt>
      <trkpt lat="42.95632" lon="1.2083">
        <ele>476.0</ele>
      </trkpt>
      <trkpt lat="42.95628" lon="1.20843">
        <ele>476.0</ele>
      </trkpt>
      <trkpt lat="42.95625" lon="1.20858">
        <ele>476.0</ele>
      </trkpt>
      <trkpt lat="42.95624" lon="1.20873">
        <ele>477.0</ele>
      </trkpt>
      <trkpt lat="42.95623" lon="1.20895">
        <ele>478.0</ele>
      </trkpt>
      <trkpt lat="42.95624" lon="1.20907">
        <ele>479.0</ele>
      </trkpt>
      <trkpt lat="42.95635" lon="1.20973">
        <ele>481.0</ele>
      </trkpt>
      <trkpt lat="42.95638" lon="1.21">
        <ele>481.0</ele>
      </trkpt>
      <trkpt lat="42.95638" lon="1.21015">
        <ele>481.0</ele>
      </trkpt>
      <trkpt lat="42.95636" lon="1.21058">
        <ele>483.0</ele>
      </trkpt>
      <trkpt lat="42.95627" lon="1.21179">
        <ele>489.0</ele>
      </trkpt>
      <trkpt lat="42.95621" lon="1.21212">
        <ele>490.0</ele>
      </trkpt>
      <trkpt lat="42.95606" lon="1.21259">
        <ele>488.0</ele>
      </trkpt>
      <trkpt lat="42.95596" lon="1.213">
        <ele>485.0</ele>
      </trkpt>
      <trkpt lat="42.95594" lon="1.21311">
        <ele>484.0</ele>
      </trkpt>
      <trkpt lat="42.95593" lon="1.21324">
        <ele>484.0</ele>
      </trkpt>
      <trkpt lat="42.95593" lon="1.21336">
        <ele>484.0</ele>
      </trkpt>
      <trkpt lat="42.95595" lon="1.21348">
        <ele>485.0</ele>
      </trkpt>
      <trkpt lat="42.95639" lon="1.21502">
        <ele>498.0</ele>
      </trkpt>
      <trkpt lat="42.95646" lon="1.21531">
        <ele>498.0</ele>
      </trkpt>
      <trkpt lat="42.95651" lon="1.21553">
        <ele>497.0</ele>
      </trkpt>
      <trkpt lat="42.95653" lon="1.21573">
        <ele>496.0</ele>
      </trkpt>
      <trkpt lat="42.95659" lon="1.21702">
        <ele>495.0</ele>
      </trkpt>
      <trkpt lat="42.95663" lon="1.21756">
        <ele>496.0</ele>
      </trkpt>
      <trkpt lat="42.95673" lon="1.21947">
        <ele>492.0</ele>
      </trkpt>
      <trkpt lat="42.95678" lon="1.22079">
        <ele>498.0</ele>
      </trkpt>
      <trkpt lat="42.95679" lon="1.22093">
        <ele>498.0</ele>
      </trkpt>
      <trkpt lat="42.95683" lon="1.22109">
        <ele>499.0</ele>
      </trkpt>
      <trkpt lat="42.95704" lon="1.22163">
        <ele>506.0</ele>
      </trkpt>
      <trkpt lat="42.95709" lon="1.22176">
        <ele>507.0</ele>
      </trkpt>
      <trkpt lat="42.95712" lon="1.22187">
        <ele>508.0</ele>
      </trkpt>
      <trkpt lat="42.95714" lon="1.22205">
        <ele>508.0</ele>
      </trkpt>
      <trkpt lat="42.95723" lon="1.22287">
        <ele>508.0</ele>
      </trkpt>
      <trkpt lat="42.95724" lon="1.22312">
        <ele>508.0</ele>
      </trkpt>
      <trkpt lat="42.95724" lon="1.2233">
        <ele>508.0</ele>
      </trkpt>
      <trkpt lat="42.95722" lon="1.22347">
        <ele>508.0</ele>
      </trkpt>
      <trkpt lat="42.95719" lon="1.22361">
        <ele>508.0</ele>
      </trkpt>
      <trkpt lat="42.95706" lon="1.22447">
        <ele>508.0</ele>
      </trkpt>
      <trkpt lat="42.95699" lon="1.22484">
        <ele>509.0</ele>
      </trkpt>
      <trkpt lat="42.95694" lon="1.22502">
        <ele>508.0</ele>
      </trkpt>
      <trkpt lat="42.95686" lon="1.22526">
        <ele>505.0</ele>
      </trkpt>
      <trkpt lat="42.95655" lon="1.22648">
        <ele>503.0</ele>
      </trkpt>
      <trkpt lat="42.95654" lon="1.22657">
        <ele>503.0</ele>
      </trkpt>
      <trkpt lat="42.95654" lon="1.22666">
        <ele>503.0</ele>
      </trkpt>
      <trkpt lat="42.95654" lon="1.22675">
        <ele>504.0</ele>
      </trkpt>
      <trkpt lat="42.95656" lon="1.22683">
        <ele>504.0</ele>
      </trkpt>
      <trkpt lat="42.95663" lon="1.22702">
        <ele>505.0</ele>
      </trkpt>
      <trkpt lat="42.95685" lon="1.22743">
        <ele>509.0</ele>
      </trkpt>
      <trkpt lat="42.95702" lon="1.22779">
        <ele>513.0</ele>
      </trkpt>
      <trkpt lat="42.95707" lon="1.22793">
        <ele>514.0</ele>
      </trkpt>
      <trkpt lat="42.9571" lon="1.22802">
        <ele>515.0</ele>
      </trkpt>
      <trkpt lat="42.95718" lon="1.22846">
        <ele>518.0</ele>
      </trkpt>
      <trkpt lat="42.95721" lon="1.22857">
        <ele>517.0</ele>
      </trkpt>
      <trkpt lat="42.95728" lon="1.22878">
        <ele>516.0</ele>
      </trkpt>
      <trkpt lat="42.95732" lon="1.22886">
        <ele>515.0</ele>
      </trkpt>
      <trkpt lat="42.95738" lon="1.22897">
        <ele>514.0</ele>
      </trkpt>
      <trkpt lat="42.95741" lon="1.2291">
        <ele>514.0</ele>
      </trkpt>
      <trkpt lat="42.95745" lon="1.22955">
        <ele>512.0</ele>
      </trkpt>
      <trkpt lat="42.95753" lon="1.23032">
        <ele>509.0</ele>
      </trkpt>
      <trkpt lat="42.95761" lon="1.2311">
        <ele>509.0</ele>
      </trkpt>
      <trkpt lat="42.95762" lon="1.23122">
        <ele>509.0</ele>
      </trkpt>
      <trkpt lat="42.95761" lon="1.23134">
        <ele>508.0</ele>
      </trkpt>
      <trkpt lat="42.95758" lon="1.23145">
        <ele>507.0</ele>
      </trkpt>
      <trkpt lat="42.95754" lon="1.23154">
        <ele>506.0</ele>
      </trkpt>
      <trkpt lat="42.95747" lon="1.23166">
        <ele>506.0</ele>
      </trkpt>
      <trkpt lat="42.95716" lon="1.23209">
        <ele>518.0</ele>
      </trkpt>
      <trkpt lat="42.9571" lon="1.23219">
        <ele>520.0</ele>
      </trkpt>
      <trkpt lat="42.95706" lon="1.23233">
        <ele>521.0</ele>
      </trkpt>
      <trkpt lat="42.95704" lon="1.2325">
        <ele>523.0</ele>
      </trkpt>
      <trkpt lat="42.95705" lon="1.23259">
        <ele>523.0</ele>
      </trkpt>
      <trkpt lat="42.95708" lon="1.23274">
        <ele>523.0</ele>
      </trkpt>
      <trkpt lat="42.95734" lon="1.23359">
        <ele>519.0</ele>
      </trkpt>
      <trkpt lat="42.95737" lon="1.23373">
        <ele>518.0</ele>
      </trkpt>
      <trkpt lat="42.95738" lon="1.23382">
        <ele>517.0</ele>
      </trkpt>
      <trkpt lat="42.95738" lon="1.23394">
        <ele>517.0</ele>
      </trkpt>
      <trkpt lat="42.95736" lon="1.23408">
        <ele>518.0</ele>
      </trkpt>
      <trkpt lat="42.95731" lon="1.23433">
        <ele>520.0</ele>
      </trkpt>
      <trkpt lat="42.95731" lon="1.23448">
        <ele>520.0</ele>
      </trkpt>
      <trkpt lat="42.95736" lon="1.23495">
        <ele>519.0</ele>
      </trkpt>
      <trkpt lat="42.95749" lon="1.23599">
        <ele>518.0</ele>
      </trkpt>
      <trkpt lat="42.95752" lon="1.23638">
        <ele>521.0</ele>
      </trkpt>
      <trkpt lat="42.95753" lon="1.23697">
        <ele>524.0</ele>
      </trkpt>
      <trkpt lat="42.95752" lon="1.23724">
        <ele>526.0</ele>
      </trkpt>
      <trkpt lat="42.95749" lon="1.23752">
        <ele>527.0</ele>
      </trkpt>
      <trkpt lat="42.9575" lon="1.23765">
        <ele>527.0</ele>
      </trkpt>
      <trkpt lat="42.95756" lon="1.23813">
        <ele>526.0</ele>
      </trkpt>
      <trkpt lat="42.95757" lon="1.23831">
        <ele>526.0</ele>
      </trkpt>
      <trkpt lat="42.95757" lon="1.23847">
        <ele>527.0</ele>
      </trkpt>
      <trkpt lat="42.95755" lon="1.23872">
        <ele>529.0</ele>
      </trkpt>
      <trkpt lat="42.95756" lon="1.23882">
        <ele>529.0</ele>
      </trkpt>
      <trkpt lat="42.95758" lon="1.239">
        <ele>530.0</ele>
      </trkpt>
      <trkpt lat="42.95763" lon="1.23915">
        <ele>530.0</ele>
      </trkpt>
      <trkpt lat="42.95767" lon="1.23925">
        <ele>530.0</ele>
      </trkpt>
      <trkpt lat="42.95796" lon="1.23972">
        <ele>527.0</ele>
      </trkpt>
      <trkpt lat="42.95801" lon="1.23983">
        <ele>526.0</ele>
      </trkpt>
      <trkpt lat="42.95805" lon="1.23995">
        <ele>526.0</ele>
      </trkpt>
      <trkpt lat="42.95808" lon="1.24008">
        <ele>525.0</ele>
      </trkpt>
      <trkpt lat="42.9581" lon="1.24023">
        <ele>525.0</ele>
      </trkpt>
      <trkpt lat="42.95811" lon="1.2404">
        <ele>524.0</ele>
      </trkpt>
      <trkpt lat="42.9581" lon="1.24058">
        <ele>525.0</ele>
      </trkpt>
      <trkpt lat="42.95807" lon="1.24073">
        <ele>526.0</ele>
      </trkpt>
      <trkpt lat="42.95804" lon="1.24086">
        <ele>527.0</ele>
      </trkpt>
      <trkpt lat="42.95797" lon="1.24108">
        <ele>529.0</ele>
      </trkpt>
      <trkpt lat="42.95793" lon="1.24122">
        <ele>530.0</ele>
      </trkpt>
      <trkpt lat="42.95793" lon="1.24131">
        <ele>530.0</ele>
      </trkpt>
      <trkpt lat="42.95795" lon="1.24151">
        <ele>530.0</ele>
      </trkpt>
      <trkpt lat="42.958" lon="1.24172">
        <ele>529.0</ele>
      </trkpt>
      <trkpt lat="42.95804" lon="1.24202">
        <ele>527.0</ele>
      </trkpt>
      <trkpt lat="42.95806" lon="1.24245">
        <ele>526.0</ele>
      </trkpt>
      <trkpt lat="42.95806" lon="1.24266">
        <ele>526.0</ele>
      </trkpt>
      <trkpt lat="42.95805" lon="1.24279">
        <ele>526.0</ele>
      </trkpt>
      <trkpt lat="42.95803" lon="1.24294">
        <ele>527.0</ele>
      </trkpt>
      <trkpt lat="42.958" lon="1.24306">
        <ele>527.0</ele>
      </trkpt>
      <trkpt lat="42.95796" lon="1.24318">
        <ele>527.0</ele>
      </trkpt>
      <trkpt lat="42.9579" lon="1.24332">
        <ele>527.0</ele>
      </trkpt>
      <trkpt lat="42.95772" lon="1.24367">
        <ele>531.0</ele>
      </trkpt>
      <trkpt lat="42.95759" lon="1.24405">
        <ele>533.0</ele>
      </trkpt>
      <trkpt lat="42.95753" lon="1.24431">
        <ele>535.0</ele>
      </trkpt>
      <trkpt lat="42.95744" lon="1.2449">
        <ele>541.0</ele>
      </trkpt>
      <trkpt lat="42.95739" lon="1.24512">
        <ele>544.0</ele>
      </trkpt>
      <trkpt lat="42.95734" lon="1.24535">
        <ele>547.0</ele>
      </trkpt>
      <trkpt lat="42.95732" lon="1.24549">
        <ele>548.0</ele>
      </trkpt>
      <trkpt lat="42.95732" lon="1.24564">
        <ele>548.0</ele>
      </trkpt>
      <trkpt lat="42.95734" lon="1.24579">
        <ele>548.0</ele>
      </trkpt>
      <trkpt lat="42.95743" lon="1.24606">
        <ele>546.0</ele>
      </trkpt>
      <trkpt lat="42.95745" lon="1.24616">
        <ele>545.0</ele>
      </trkpt>
      <trkpt lat="42.95745" lon="1.24624">
        <ele>546.0</ele>
      </trkpt>
      <trkpt lat="42.95744" lon="1.24632">
        <ele>546.0</ele>
      </trkpt>
      <trkpt lat="42.95742" lon="1.24641">
        <ele>547.0</ele>
      </trkpt>
      <trkpt lat="42.95735" lon="1.24661">
        <ele>550.0</ele>
      </trkpt>
      <trkpt lat="42.95732" lon="1.24673">
        <ele>551.0</ele>
      </trkpt>
      <trkpt lat="42.9572" lon="1.24751">
        <ele>561.0</ele>
      </trkpt>
      <trkpt lat="42.95719" lon="1.24766">
        <ele>562.0</ele>
      </trkpt>
      <trkpt lat="42.9572" lon="1.24781">
        <ele>562.0</ele>
      </trkpt>
      <trkpt lat="42.95725" lon="1.2482">
        <ele>561.0</ele>
      </trkpt>
      <trkpt lat="42.95725" lon="1.24829">
        <ele>561.0</ele>
      </trkpt>
      <trkpt lat="42.95725" lon="1.24837">
        <ele>561.0</ele>
      </trkpt>
      <trkpt lat="42.95721" lon="1.24851">
        <ele>562.0</ele>
      </trkpt>
      <trkpt lat="42.95717" lon="1.24859">
        <ele>563.0</ele>
      </trkpt>
      <trkpt lat="42.95706" lon="1.24876">
        <ele>565.0</ele>
      </trkpt>
      <trkpt lat="42.95701" lon="1.24885">
        <ele>566.0</ele>
      </trkpt>
      <trkpt lat="42.95699" lon="1.24893">
        <ele>566.0</ele>
      </trkpt>
      <trkpt lat="42.95697" lon="1.24903">
        <ele>566.0</ele>
      </trkpt>
      <trkpt lat="42.95698" lon="1.24956">
        <ele>565.0</ele>
      </trkpt>
      <trkpt lat="42.95697" lon="1.24969">
        <ele>564.0</ele>
      </trkpt>
      <trkpt lat="42.95693" lon="1.24999">
        <ele>565.0</ele>
      </trkpt>
      <trkpt lat="42.95682" lon="1.25052">
        <ele>565.0</ele>
      </trkpt>
      <trkpt lat="42.95676" lon="1.25072">
        <ele>566.0</ele>
      </trkpt>
      <trkpt lat="42.95666" lon="1.25102">
        <ele>567.0</ele>
      </trkpt>
      <trkpt lat="42.95664" lon="1.25114">
        <ele>569.0</ele>
      </trkpt>
      <trkpt lat="42.95662" lon="1.25129">
        <ele>570.0</ele>
      </trkpt>
      <trkpt lat="42.95663" lon="1.25144">
        <ele>570.0</ele>
      </trkpt>
      <trkpt lat="42.95666" lon="1.25152">
        <ele>569.0</ele>
      </trkpt>
      <trkpt lat="42.9567" lon="1.25158">
        <ele>568.0</ele>
      </trkpt>
      <trkpt lat="42.95675" lon="1.25164">
        <ele>568.0</ele>
      </trkpt>
      <trkpt lat="42.95681" lon="1.25171">
        <ele>568.0</ele>
      </trkpt>
      <trkpt lat="42.95711" lon="1.25189">
        <ele>565.0</ele>
      </trkpt>
      <trkpt lat="42.95759" lon="1.25211">
        <ele>561.0</ele>
      </trkpt>
      <trkpt lat="42.95765" lon="1.25217">
        <ele>562.0</ele>
      </trkpt>
      <trkpt lat="42.95771" lon="1.2523">
        <ele>564.0</ele>
      </trkpt>
      <trkpt lat="42.95775" lon="1.2524">
        <ele>565.0</ele>
      </trkpt>
      <trkpt lat="42.95776" lon="1.25249">
        <ele>565.0</ele>
      </trkpt>
      <trkpt lat="42.95777" lon="1.25262">
        <ele>566.0</ele>
      </trkpt>
      <trkpt lat="42.95778" lon="1.25292">
        <ele>568.0</ele>
      </trkpt>
      <trkpt lat="42.95777" lon="1.25312">
        <ele>570.0</ele>
      </trkpt>
      <trkpt lat="42.95775" lon="1.25337">
        <ele>572.0</ele>
      </trkpt>
      <trkpt lat="42.95772" lon="1.25355">
        <ele>571.0</ele>
      </trkpt>
      <trkpt lat="42.95764" lon="1.254">
        <ele>569.0</ele>
      </trkpt>
      <trkpt lat="42.95758" lon="1.25451">
        <ele>568.0</ele>
      </trkpt>
      <trkpt lat="42.95753" lon="1.2547">
        <ele>567.0</ele>
      </trkpt>
      <trkpt lat="42.95747" lon="1.25481">
        <ele>568.0</ele>
      </trkpt>
      <trkpt lat="42.95736" lon="1.25499">
        <ele>574.0</ele>
      </trkpt>
      <trkpt lat="42.95727" lon="1.25519">
        <ele>580.0</ele>
      </trkpt>
      <trkpt lat="42.95722" lon="1.25534">
        <ele>583.0</ele>
      </trkpt>
      <trkpt lat="42.95718" lon="1.25551">
        <ele>586.0</ele>
      </trkpt>
      <trkpt lat="42.95716" lon="1.25567">
        <ele>587.0</ele>
      </trkpt>
      <trkpt lat="42.95717" lon="1.25577">
        <ele>587.0</ele>
      </trkpt>
      <trkpt lat="42.95719" lon="1.25591">
        <ele>585.0</ele>
      </trkpt>
      <trkpt lat="42.95723" lon="1.25603">
        <ele>583.0</ele>
      </trkpt>
      <trkpt lat="42.95731" lon="1.25623">
        <ele>579.0</ele>
      </trkpt>
      <trkpt lat="42.95738" lon="1.25634">
        <ele>575.0</ele>
      </trkpt>
      <trkpt lat="42.95757" lon="1.25657">
        <ele>569.0</ele>
      </trkpt>
      <trkpt lat="42.95771" lon="1.25677">
        <ele>571.0</ele>
      </trkpt>
      <trkpt lat="42.95778" lon="1.25689">
        <ele>571.0</ele>
      </trkpt>
      <trkpt lat="42.95784" lon="1.25706">
        <ele>570.0</ele>
      </trkpt>
      <trkpt lat="42.95788" lon="1.25729">
        <ele>568.0</ele>
      </trkpt>
      <trkpt lat="42.95789" lon="1.25741">
        <ele>568.0</ele>
      </trkpt>
      <trkpt lat="42.95786" lon="1.25765">
        <ele>567.0</ele>
      </trkpt>
      <trkpt lat="42.95774" lon="1.2581">
        <ele>568.0</ele>
      </trkpt>
      <trkpt lat="42.95761" lon="1.25851">
        <ele>568.0</ele>
      </trkpt>
      <trkpt lat="42.95755" lon="1.25872">
        <ele>566.0</ele>
      </trkpt>
      <trkpt lat="42.95754" lon="1.2588">
        <ele>566.0</ele>
      </trkpt>
      <trkpt lat="42.95737" lon="1.26049">
        <ele>563.0</ele>
      </trkpt>
      <trkpt lat="42.95733" lon="1.26076">
        <ele>564.0</ele>
      </trkpt>
      <trkpt lat="42.95726" lon="1.26112">
        <ele>567.0</ele>
      </trkpt>
      <trkpt lat="42.95721" lon="1.26132">
        <ele>570.0</ele>
      </trkpt>
      <trkpt lat="42.95719" lon="1.26159">
        <ele>572.0</ele>
      </trkpt>
      <trkpt lat="42.95721" lon="1.26184">
        <ele>572.0</ele>
      </trkpt>
      <trkpt lat="42.95734" lon="1.26261">
        <ele>570.0</ele>
      </trkpt>
      <trkpt lat="42.95738" lon="1.26276">
        <ele>568.0</ele>
      </trkpt>
      <trkpt lat="42.95748" lon="1.26301">
        <ele>565.0</ele>
      </trkpt>
      <trkpt lat="42.95751" lon="1.26315">
        <ele>564.0</ele>
      </trkpt>
      <trkpt lat="42.95752" lon="1.26327">
        <ele>565.0</ele>
      </trkpt>
      <trkpt lat="42.95752" lon="1.2634">
        <ele>565.0</ele>
      </trkpt>
      <trkpt lat="42.95751" lon="1.26352">
        <ele>566.0</ele>
      </trkpt>
      <trkpt lat="42.95749" lon="1.26363">
        <ele>567.0</ele>
      </trkpt>
      <trkpt lat="42.95741" lon="1.2638">
        <ele>571.0</ele>
      </trkpt>
      <trkpt lat="42.95737" lon="1.26392">
        <ele>573.0</ele>
      </trkpt>
      <trkpt lat="42.95734" lon="1.26407">
        <ele>575.0</ele>
      </trkpt>
      <trkpt lat="42.95735" lon="1.26437">
        <ele>579.0</ele>
      </trkpt>
      <trkpt lat="42.95736" lon="1.26454">
        <ele>581.0</ele>
      </trkpt>
      <trkpt lat="42.9574" lon="1.26473">
        <ele>583.0</ele>
      </trkpt>
      <trkpt lat="42.95745" lon="1.2649">
        <ele>583.0</ele>
      </trkpt>
      <trkpt lat="42.95765" lon="1.26546">
        <ele>588.0</ele>
      </trkpt>
      <trkpt lat="42.9577" lon="1.26569">
        <ele>590.0</ele>
      </trkpt>
      <trkpt lat="42.95771" lon="1.26579">
        <ele>591.0</ele>
      </trkpt>
      <trkpt lat="42.95771" lon="1.2659">
        <ele>591.0</ele>
      </trkpt>
      <trkpt lat="42.95756" lon="1.26707">
        <ele>593.0</ele>
      </trkpt>
      <trkpt lat="42.95754" lon="1.26723">
        <ele>593.0</ele>
      </trkpt>
      <trkpt lat="42.95754" lon="1.26746">
        <ele>593.0</ele>
      </trkpt>
      <trkpt lat="42.95759" lon="1.26797">
        <ele>593.0</ele>
      </trkpt>
      <trkpt lat="42.95759" lon="1.26811">
        <ele>592.0</ele>
      </trkpt>
      <trkpt lat="42.95751" lon="1.26888">
        <ele>588.0</ele>
      </trkpt>
      <trkpt lat="42.95751" lon="1.269">
        <ele>587.0</ele>
      </trkpt>
      <trkpt lat="42.95753" lon="1.26908">
        <ele>587.0</ele>
      </trkpt>
      <trkpt lat="42.95755" lon="1.26917">
        <ele>587.0</ele>
      </trkpt>
      <trkpt lat="42.95761" lon="1.26934">
        <ele>587.0</ele>
      </trkpt>
      <trkpt lat="42.95762" lon="1.26939">
        <ele>587.0</ele>
      </trkpt>
      <trkpt lat="42.95762" lon="1.26955">
        <ele>586.0</ele>
      </trkpt>
      <trkpt lat="42.95756" lon="1.2698">
        <ele>583.0</ele>
      </trkpt>
      <trkpt lat="42.95744" lon="1.27013">
        <ele>584.0</ele>
      </trkpt>
      <trkpt lat="42.95734" lon="1.27039">
        <ele>587.0</ele>
      </trkpt>
      <trkpt lat="42.95708" lon="1.27094">
        <ele>592.0</ele>
      </trkpt>
      <trkpt lat="42.95705" lon="1.27106">
        <ele>592.0</ele>
      </trkpt>
      <trkpt lat="42.95704" lon="1.27116">
        <ele>592.0</ele>
      </trkpt>
      <trkpt lat="42.95705" lon="1.27128">
        <ele>592.0</ele>
      </trkpt>
      <trkpt lat="42.95707" lon="1.2715">
        <ele>592.0</ele>
      </trkpt>
      <trkpt lat="42.95708" lon="1.27166">
        <ele>592.0</ele>
      </trkpt>
      <trkpt lat="42.95707" lon="1.27187">
        <ele>595.0</ele>
      </trkpt>
      <trkpt lat="42.95705" lon="1.27216">
        <ele>597.0</ele>
      </trkpt>
      <trkpt lat="42.95702" lon="1.2723">
        <ele>598.0</ele>
      </trkpt>
      <trkpt lat="42.95697" lon="1.27245">
        <ele>598.0</ele>
      </trkpt>
      <trkpt lat="42.95688" lon="1.27258">
        <ele>599.0</ele>
      </trkpt>
      <trkpt lat="42.95671" lon="1.27272">
        <ele>599.0</ele>
      </trkpt>
      <trkpt lat="42.95643" lon="1.27288">
        <ele>603.0</ele>
      </trkpt>
      <trkpt lat="42.95617" lon="1.27301">
        <ele>603.0</ele>
      </trkpt>
      <trkpt lat="42.95606" lon="1.2731">
        <ele>602.0</ele>
      </trkpt>
      <trkpt lat="42.95592" lon="1.27326">
        <ele>599.0</ele>
      </trkpt>
      <trkpt lat="42.95582" lon="1.27339">
        <ele>598.0</ele>
      </trkpt>
      <trkpt lat="42.95563" lon="1.2737">
        <ele>608.0</ele>
      </trkpt>
      <trkpt lat="42.95553" lon="1.27385">
        <ele>609.0</ele>
      </trkpt>
      <trkpt lat="42.95514" lon="1.27431">
        <ele>603.0</ele>
      </trkpt>
      <trkpt lat="42.95508" lon="1.27439">
        <ele>602.0</ele>
      </trkpt>
      <trkpt lat="42.95498" lon="1.27461">
        <ele>604.0</ele>
      </trkpt>
      <trkpt lat="42.95463" lon="1.27546">
        <ele>612.0</ele>
      </trkpt>
      <trkpt lat="42.95459" lon="1.27557">
        <ele>613.0</ele>
      </trkpt>
      <trkpt lat="42.95458" lon="1.27569">
        <ele>614.0</ele>
      </trkpt>
      <trkpt lat="42.95456" lon="1.2758">
        <ele>615.0</ele>
      </trkpt>
      <trkpt lat="42.95452" lon="1.27589">
        <ele>615.0</ele>
      </trkpt>
      <trkpt lat="42.95448" lon="1.27596">
        <ele>615.0</ele>
      </trkpt>
      <trkpt lat="42.95442" lon="1.27603">
        <ele>614.0</ele>
      </trkpt>
      <trkpt lat="42.95422" lon="1.27618">
        <ele>611.0</ele>
      </trkpt>
      <trkpt lat="42.95411" lon="1.27632">
        <ele>612.0</ele>
      </trkpt>
      <trkpt lat="42.95369" lon="1.27705">
        <ele>619.0</ele>
      </trkpt>
      <trkpt lat="42.95347" lon="1.27746">
        <ele>617.0</ele>
      </trkpt>
      <trkpt lat="42.9534" lon="1.27759">
        <ele>615.0</ele>
      </trkpt>
      <trkpt lat="42.95337" lon="1.2777">
        <ele>616.0</ele>
      </trkpt>
      <trkpt lat="42.95333" lon="1.27785">
        <ele>616.0</ele>
      </trkpt>
      <trkpt lat="42.95328" lon="1.2782">
        <ele>621.0</ele>
      </trkpt>
      <trkpt lat="42.95324" lon="1.27859">
        <ele>624.0</ele>
      </trkpt>
      <trkpt lat="42.95316" lon="1.27889">
        <ele>626.0</ele>
      </trkpt>
      <trkpt lat="42.953" lon="1.27951">
        <ele>627.0</ele>
      </trkpt>
      <trkpt lat="42.95294" lon="1.27969">
        <ele>626.0</ele>
      </trkpt>
      <trkpt lat="42.95292" lon="1.2798">
        <ele>627.0</ele>
      </trkpt>
      <trkpt lat="42.95292" lon="1.27994">
        <ele>628.0</ele>
      </trkpt>
      <trkpt lat="42.95292" lon="1.28005">
        <ele>629.0</ele>
      </trkpt>
      <trkpt lat="42.95295" lon="1.28021">
        <ele>632.0</ele>
      </trkpt>
      <trkpt lat="42.95311" lon="1.28076">
        <ele>642.0</ele>
      </trkpt>
      <trkpt lat="42.95317" lon="1.28093">
        <ele>647.0</ele>
      </trkpt>
      <trkpt lat="42.9532" lon="1.28104">
        <ele>649.0</ele>
      </trkpt>
      <trkpt lat="42.9532" lon="1.28109">
        <ele>650.0</ele>
      </trkpt>
      <trkpt lat="42.95319" lon="1.28115">
        <ele>651.0</ele>
      </trkpt>
      <trkpt lat="42.95318" lon="1.28119">
        <ele>651.0</ele>
      </trkpt>
      <trkpt lat="42.95315" lon="1.28122">
        <ele>651.0</ele>
      </trkpt>
      <trkpt lat="42.95312" lon="1.28124">
        <ele>650.0</ele>
      </trkpt>
      <trkpt lat="42.95307" lon="1.28125">
        <ele>649.0</ele>
      </trkpt>
      <trkpt lat="42.95301" lon="1.28124">
        <ele>647.0</ele>
      </trkpt>
      <trkpt lat="42.9528" lon="1.28116">
        <ele>639.0</ele>
      </trkpt>
      <trkpt lat="42.95274" lon="1.28115">
        <ele>637.0</ele>
      </trkpt>
      <trkpt lat="42.95267" lon="1.28117">
        <ele>636.0</ele>
      </trkpt>
      <trkpt lat="42.95253" lon="1.28129">
        <ele>635.0</ele>
      </trkpt>
      <trkpt lat="42.95241" lon="1.28144">
        <ele>637.0</ele>
      </trkpt>
      <trkpt lat="42.95222" lon="1.28185">
        <ele>641.0</ele>
      </trkpt>
      <trkpt lat="42.9521" lon="1.28214">
        <ele>644.0</ele>
      </trkpt>
      <trkpt lat="42.95207" lon="1.28226">
        <ele>646.0</ele>
      </trkpt>
      <trkpt lat="42.95205" lon="1.28239">
        <ele>648.0</ele>
      </trkpt>
      <trkpt lat="42.95204" lon="1.28253">
        <ele>650.0</ele>
      </trkpt>
      <trkpt lat="42.95204" lon="1.2827">
        <ele>653.0</ele>
      </trkpt>
      <trkpt lat="42.9521" lon="1.28305">
        <ele>662.0</ele>
      </trkpt>
      <trkpt lat="42.95209" lon="1.28316">
        <ele>663.0</ele>
      </trkpt>
      <trkpt lat="42.95204" lon="1.28323">
        <ele>664.0</ele>
      </trkpt>
      <trkpt lat="42.95198" lon="1.28328">
        <ele>663.0</ele>
      </trkpt>
      <trkpt lat="42.95166" lon="1.28331">
        <ele>657.0</ele>
      </trkpt>
      <trkpt lat="42.95158" lon="1.28333">
        <ele>656.0</ele>
      </trkpt>
      <trkpt lat="42.95149" lon="1.28338">
        <ele>656.0</ele>
      </trkpt>
      <trkpt lat="42.95142" lon="1.28344">
        <ele>656.0</ele>
      </trkpt>
      <trkpt lat="42.95126" lon="1.28366">
        <ele>659.0</ele>
      </trkpt>
      <trkpt lat="42.95123" lon="1.28378">
        <ele>662.0</ele>
      </trkpt>
      <trkpt lat="42.95123" lon="1.28383">
        <ele>663.0</ele>
      </trkpt>
      <trkpt lat="42.95126" lon="1.28386">
        <ele>664.0</ele>
      </trkpt>
      <trkpt lat="42.9513" lon="1.28387">
        <ele>666.0</ele>
      </trkpt>
      <trkpt lat="42.95133" lon="1.28385">
        <ele>666.0</ele>
      </trkpt>
      <trkpt lat="42.95135" lon="1.28382">
        <ele>665.0</ele>
      </trkpt>
      <trkpt lat="42.9514" lon="1.2837">
        <ele>663.0</ele>
      </trkpt>
      <trkpt lat="42.95147" lon="1.28362">
        <ele>662.0</ele>
      </trkpt>
      <trkpt lat="42.95153" lon="1.28359">
        <ele>663.0</ele>
      </trkpt>
      <trkpt lat="42.95196" lon="1.28359">
        <ele>671.0</ele>
      </trkpt>
      <trkpt lat="42.95212" lon="1.28361">
        <ele>674.0</ele>
      </trkpt>
      <trkpt lat="42.95231" lon="1.28365">
        <ele>678.0</ele>
      </trkpt>
      <trkpt lat="42.95239" lon="1.28366">
        <ele>680.0</ele>
      </trkpt>
      <trkpt lat="42.95244" lon="1.28363">
        <ele>680.0</ele>
      </trkpt>
      <trkpt lat="42.95248" lon="1.28359">
        <ele>680.0</ele>
      </trkpt>
      <trkpt lat="42.95251" lon="1.28353">
        <ele>679.0</ele>
      </trkpt>
      <trkpt lat="42.95252" lon="1.28345">
        <ele>678.0</ele>
      </trkpt>
      <trkpt lat="42.95254" lon="1.28318">
        <ele>674.0</ele>
      </trkpt>
      <trkpt lat="42.95254" lon="1.28298">
        <ele>672.0</ele>
      </trkpt>
      <trkpt lat="42.95256" lon="1.28287">
        <ele>671.0</ele>
      </trkpt>
      <trkpt lat="42.95259" lon="1.2828">
        <ele>671.0</ele>
      </trkpt>
      <trkpt lat="42.95264" lon="1.28272">
        <ele>671.0</ele>
      </trkpt>
      <trkpt lat="42.95271" lon="1.28266">
        <ele>672.0</ele>
      </trkpt>
      <trkpt lat="42.95279" lon="1.28263">
        <ele>674.0</ele>
      </trkpt>
      <trkpt lat="42.9531" lon="1.28254">
        <ele>680.0</ele>
      </trkpt>
      <trkpt lat="42.95343" lon="1.28245">
        <ele>685.0</ele>
      </trkpt>
      <trkpt lat="42.95351" lon="1.28244">
        <ele>685.0</ele>
      </trkpt>
      <trkpt lat="42.95381" lon="1.2825">
        <ele>690.0</ele>
      </trkpt>
      <trkpt lat="42.95395" lon="1.28253">
        <ele>692.0</ele>
      </trkpt>
      <trkpt lat="42.95398" lon="1.28256">
        <ele>693.0</ele>
      </trkpt>
      <trkpt lat="42.954" lon="1.28259">
        <ele>694.0</ele>
      </trkpt>
      <trkpt lat="42.954" lon="1.28263">
        <ele>695.0</ele>
      </trkpt>
      <trkpt lat="42.95399" lon="1.28267">
        <ele>696.0</ele>
      </trkpt>
      <trkpt lat="42.95395" lon="1.28272">
        <ele>696.0</ele>
      </trkpt>
      <trkpt lat="42.95391" lon="1.28273">
        <ele>696.0</ele>
      </trkpt>
      <trkpt lat="42.95379" lon="1.2827">
        <ele>694.0</ele>
      </trkpt>
      <trkpt lat="42.9537" lon="1.2827">
        <ele>693.0</ele>
      </trkpt>
      <trkpt lat="42.95361" lon="1.28273">
        <ele>693.0</ele>
      </trkpt>
      <trkpt lat="42.95353" lon="1.28278">
        <ele>694.0</ele>
      </trkpt>
      <trkpt lat="42.95343" lon="1.28286">
        <ele>695.0</ele>
      </trkpt>
      <trkpt lat="42.95335" lon="1.28301">
        <ele>697.0</ele>
      </trkpt>
      <trkpt lat="42.95324" lon="1.28326">
        <ele>700.0</ele>
      </trkpt>
      <trkpt lat="42.95318" lon="1.28342">
        <ele>701.0</ele>
      </trkpt>
      <trkpt lat="42.95316" lon="1.28355">
        <ele>702.0</ele>
      </trkpt>
      <trkpt lat="42.95315" lon="1.28367">
        <ele>704.0</ele>
      </trkpt>
      <trkpt lat="42.95317" lon="1.28381">
        <ele>707.0</ele>
      </trkpt>
      <trkpt lat="42.95319" lon="1.28394">
        <ele>709.0</ele>
      </trkpt>
      <trkpt lat="42.95319" lon="1.28403">
        <ele>711.0</ele>
      </trkpt>
      <trkpt lat="42.95319" lon="1.28418">
        <ele>713.0</ele>
      </trkpt>
      <trkpt lat="42.95315" lon="1.28456">
        <ele>720.0</ele>
      </trkpt>
      <trkpt lat="42.95309" lon="1.28473">
        <ele>722.0</ele>
      </trkpt>
      <trkpt lat="42.95305" lon="1.28485">
        <ele>724.0</ele>
      </trkpt>
      <trkpt lat="42.95297" lon="1.28494">
        <ele>725.0</ele>
      </trkpt>
      <trkpt lat="42.95288" lon="1.28502">
        <ele>725.0</ele>
      </trkpt>
      <trkpt lat="42.95268" lon="1.28515">
        <ele>724.0</ele>
      </trkpt>
      <trkpt lat="42.95246" lon="1.28534">
        <ele>723.0</ele>
      </trkpt>
      <trkpt lat="42.95217" lon="1.2856">
        <ele>717.0</ele>
      </trkpt>
      <trkpt lat="42.95213" lon="1.28565">
        <ele>716.0</ele>
      </trkpt>
      <trkpt lat="42.95211" lon="1.28571">
        <ele>716.0</ele>
      </trkpt>
      <trkpt lat="42.95213" lon="1.28577">
        <ele>717.0</ele>
      </trkpt>
      <trkpt lat="42.95217" lon="1.2858">
        <ele>719.0</ele>
      </trkpt>
      <trkpt lat="42.95223" lon="1.28578">
        <ele>721.0</ele>
      </trkpt>
      <trkpt lat="42.95231" lon="1.28573">
        <ele>723.0</ele>
      </trkpt>
      <trkpt lat="42.95243" lon="1.28568">
        <ele>726.0</ele>
      </trkpt>
      <trkpt lat="42.95271" lon="1.28561">
        <ele>731.0</ele>
      </trkpt>
      <trkpt lat="42.95305" lon="1.28562">
        <ele>737.0</ele>
      </trkpt>
      <trkpt lat="42.9532" lon="1.28557">
        <ele>739.0</ele>
      </trkpt>
      <trkpt lat="42.95338" lon="1.28549">
        <ele>742.0</ele>
      </trkpt>
      <trkpt lat="42.95342" lon="1.28548">
        <ele>743.0</ele>
      </trkpt>
      <trkpt lat="42.95345" lon="1.28549">
        <ele>744.0</ele>
      </trkpt>
      <trkpt lat="42.95347" lon="1.28552">
        <ele>745.0</ele>
      </trkpt>
      <trkpt lat="42.95348" lon="1.28554">
        <ele>746.0</ele>
      </trkpt>
      <trkpt lat="42.95348" lon="1.28558">
        <ele>747.0</ele>
      </trkpt>
      <trkpt lat="42.95347" lon="1.28562">
        <ele>747.0</ele>
      </trkpt>
      <trkpt lat="42.95345" lon="1.28564">
        <ele>747.0</ele>
      </trkpt>
      <trkpt lat="42.95339" lon="1.28567">
        <ele>745.0</ele>
      </trkpt>
      <trkpt lat="42.95305" lon="1.2858">
        <ele>740.0</ele>
      </trkpt>
      <trkpt lat="42.95299" lon="1.28585">
        <ele>740.0</ele>
      </trkpt>
      <trkpt lat="42.95293" lon="1.28592">
        <ele>739.0</ele>
      </trkpt>
      <trkpt lat="42.95289" lon="1.28607">
        <ele>739.0</ele>
      </trkpt>
      <trkpt lat="42.95289" lon="1.28619">
        <ele>740.0</ele>
      </trkpt>
      <trkpt lat="42.95293" lon="1.2865">
        <ele>742.0</ele>
      </trkpt>
      <trkpt lat="42.95301" lon="1.28679">
        <ele>745.0</ele>
      </trkpt>
      <trkpt lat="42.95327" lon="1.28747">
        <ele>755.0</ele>
      </trkpt>
      <trkpt lat="42.95331" lon="1.28764">
        <ele>757.0</ele>
      </trkpt>
      <trkpt lat="42.95333" lon="1.28776">
        <ele>759.0</ele>
      </trkpt>
      <trkpt lat="42.95331" lon="1.28797">
        <ele>761.0</ele>
      </trkpt>
      <trkpt lat="42.95324" lon="1.28838">
        <ele>762.0</ele>
      </trkpt>
      <trkpt lat="42.95324" lon="1.28852">
        <ele>763.0</ele>
      </trkpt>
      <trkpt lat="42.95325" lon="1.28869">
        <ele>764.0</ele>
      </trkpt>
      <trkpt lat="42.95327" lon="1.28883">
        <ele>766.0</ele>
      </trkpt>
      <trkpt lat="42.95335" lon="1.28912">
        <ele>772.0</ele>
      </trkpt>
      <trkpt lat="42.95338" lon="1.28925">
        <ele>774.0</ele>
      </trkpt>
      <trkpt lat="42.95339" lon="1.28943">
        <ele>774.0</ele>
      </trkpt>
      <trkpt lat="42.95338" lon="1.28975">
        <ele>774.0</ele>
      </trkpt>
      <trkpt lat="42.9534" lon="1.28983">
        <ele>775.0</ele>
      </trkpt>
      <trkpt lat="42.95345" lon="1.28994">
        <ele>778.0</ele>
      </trkpt>
      <trkpt lat="42.95363" lon="1.29026">
        <ele>788.0</ele>
      </trkpt>
      <trkpt lat="42.95368" lon="1.29037">
        <ele>791.0</ele>
      </trkpt>
      <trkpt lat="42.9537" lon="1.29048">
        <ele>792.0</ele>
      </trkpt>
      <trkpt lat="42.9537" lon="1.29057">
        <ele>791.0</ele>
      </trkpt>
      <trkpt lat="42.9537" lon="1.29065">
        <ele>791.0</ele>
      </trkpt>
      <trkpt lat="42.95367" lon="1.29072">
        <ele>789.0</ele>
      </trkpt>
      <trkpt lat="42.95355" lon="1.29089">
        <ele>783.0</ele>
      </trkpt>
      <trkpt lat="42.95351" lon="1.29097">
        <ele>783.0</ele>
      </trkpt>
      <trkpt lat="42.95349" lon="1.29106">
        <ele>783.0</ele>
      </trkpt>
      <trkpt lat="42.95347" lon="1.29115">
        <ele>784.0</ele>
      </trkpt>
      <trkpt lat="42.95348" lon="1.29129">
        <ele>787.0</ele>
      </trkpt>
      <trkpt lat="42.95351" lon="1.29152">
        <ele>792.0</ele>
      </trkpt>
      <trkpt lat="42.95352" lon="1.29163">
        <ele>794.0</ele>
      </trkpt>
      <trkpt lat="42.95351" lon="1.29173">
        <ele>796.0</ele>
      </trkpt>
      <trkpt lat="42.95349" lon="1.29179">
        <ele>797.0</ele>
      </trkpt>
      <trkpt lat="42.95344" lon="1.29187">
        <ele>796.0</ele>
      </trkpt>
      <trkpt lat="42.9532" lon="1.29208">
        <ele>793.0</ele>
      </trkpt>
      <trkpt lat="42.95308" lon="1.2922">
        <ele>793.0</ele>
      </trkpt>
      <trkpt lat="42.95296" lon="1.29234">
        <ele>793.0</ele>
      </trkpt>
      <trkpt lat="42.9524" lon="1.29312">
        <ele>798.0</ele>
      </trkpt>
      <trkpt lat="42.95229" lon="1.29332">
        <ele>801.0</ele>
      </trkpt>
      <trkpt lat="42.95222" lon="1.2935">
        <ele>799.0</ele>
      </trkpt>
      <trkpt lat="42.9522" lon="1.29358">
        <ele>799.0</ele>
      </trkpt>
      <trkpt lat="42.9522" lon="1.29369">
        <ele>799.0</ele>
      </trkpt>
      <trkpt lat="42.95221" lon="1.29385">
        <ele>799.0</ele>
      </trkpt>
      <trkpt lat="42.95223" lon="1.29393">
        <ele>800.0</ele>
      </trkpt>
      <trkpt lat="42.95234" lon="1.29418">
        <ele>804.0</ele>
      </trkpt>
      <trkpt lat="42.95238" lon="1.29432">
        <ele>805.0</ele>
      </trkpt>
      <trkpt lat="42.95241" lon="1.29455">
        <ele>807.0</ele>
      </trkpt>
      <trkpt lat="42.95241" lon="1.29469">
        <ele>807.0</ele>
      </trkpt>
      <trkpt lat="42.95236" lon="1.29495">
        <ele>805.0</ele>
      </trkpt>
      <trkpt lat="42.95232" lon="1.29511">
        <ele>804.0</ele>
      </trkpt>
      <trkpt lat="42.95217" lon="1.2954">
        <ele>801.0</ele>
      </trkpt>
      <trkpt lat="42.95213" lon="1.29548">
        <ele>801.0</ele>
      </trkpt>
      <trkpt lat="42.95211" lon="1.29555">
        <ele>801.0</ele>
      </trkpt>
      <trkpt lat="42.95211" lon="1.29564">
        <ele>801.0</ele>
      </trkpt>
      <trkpt lat="42.95213" lon="1.29576">
        <ele>803.0</ele>
      </trkpt>
      <trkpt lat="42.95218" lon="1.29591">
        <ele>805.0</ele>
      </trkpt>
      <trkpt lat="42.9522" lon="1.29605">
        <ele>805.0</ele>
      </trkpt>
      <trkpt lat="42.95222" lon="1.29618">
        <ele>805.0</ele>
      </trkpt>
      <trkpt lat="42.95222" lon="1.29634">
        <ele>805.0</ele>
      </trkpt>
      <trkpt lat="42.95215" lon="1.29672">
        <ele>801.0</ele>
      </trkpt>
      <trkpt lat="42.95214" lon="1.29686">
        <ele>801.0</ele>
      </trkpt>
      <trkpt lat="42.95216" lon="1.29704">
        <ele>801.0</ele>
      </trkpt>
      <trkpt lat="42.95221" lon="1.29734">
        <ele>802.0</ele>
      </trkpt>
      <trkpt lat="42.95223" lon="1.29742">
        <ele>802.0</ele>
      </trkpt>
      <trkpt lat="42.95227" lon="1.29749">
        <ele>803.0</ele>
      </trkpt>
      <trkpt lat="42.95235" lon="1.29758">
        <ele>806.0</ele>
      </trkpt>
      <trkpt lat="42.95251" lon="1.29769">
        <ele>811.0</ele>
      </trkpt>
      <trkpt lat="42.95257" lon="1.29776">
        <ele>813.0</ele>
      </trkpt>
      <trkpt lat="42.95259" lon="1.2978">
        <ele>814.0</ele>
      </trkpt>
      <trkpt lat="42.95259" lon="1.29785">
        <ele>815.0</ele>
      </trkpt>
      <trkpt lat="42.95257" lon="1.2979">
        <ele>814.0</ele>
      </trkpt>
      <trkpt lat="42.95253" lon="1.29794">
        <ele>813.0</ele>
      </trkpt>
      <trkpt lat="42.95237" lon="1.29799">
        <ele>810.0</ele>
      </trkpt>
      <trkpt lat="42.95223" lon="1.29805">
        <ele>808.0</ele>
      </trkpt>
      <trkpt lat="42.95212" lon="1.29812">
        <ele>806.0</ele>
      </trkpt>
      <trkpt lat="42.95192" lon="1.29847">
        <ele>808.0</ele>
      </trkpt>
      <trkpt lat="42.95184" lon="1.29856">
        <ele>808.0</ele>
      </trkpt>
      <trkpt lat="42.9516" lon="1.29876">
        <ele>805.0</ele>
      </trkpt>
      <trkpt lat="42.95157" lon="1.29882">
        <ele>805.0</ele>
      </trkpt>
      <trkpt lat="42.95155" lon="1.29887">
        <ele>805.0</ele>
      </trkpt>
      <trkpt lat="42.95157" lon="1.29894">
        <ele>806.0</ele>
      </trkpt>
      <trkpt lat="42.95161" lon="1.29899">
        <ele>808.0</ele>
      </trkpt>
      <trkpt lat="42.95163" lon="1.299">
        <ele>809.0</ele>
      </trkpt>
      <trkpt lat="42.95166" lon="1.29898">
        <ele>810.0</ele>
      </trkpt>
      <trkpt lat="42.95192" lon="1.29873">
        <ele>812.0</ele>
      </trkpt>
      <trkpt lat="42.952" lon="1.29864">
        <ele>812.0</ele>
      </trkpt>
      <trkpt lat="42.95218" lon="1.2984">
        <ele>811.0</ele>
      </trkpt>
      <trkpt lat="42.95226" lon="1.29834">
        <ele>811.0</ele>
      </trkpt>
      <trkpt lat="42.95232" lon="1.29831">
        <ele>812.0</ele>
      </trkpt>
      <trkpt lat="42.95239" lon="1.29829">
        <ele>813.0</ele>
      </trkpt>
      <trkpt lat="42.95247" lon="1.2983">
        <ele>814.0</ele>
      </trkpt>
      <trkpt lat="42.95254" lon="1.29833">
        <ele>816.0</ele>
      </trkpt>
      <trkpt lat="42.95262" lon="1.29839">
        <ele>819.0</ele>
      </trkpt>
      <trkpt lat="42.95271" lon="1.29848">
        <ele>823.0</ele>
      </trkpt>
      <trkpt lat="42.95277" lon="1.29852">
        <ele>826.0</ele>
      </trkpt>
      <trkpt lat="42.95285" lon="1.29854">
        <ele>828.0</ele>
      </trkpt>
      <trkpt lat="42.95299" lon="1.29848">
        <ele>831.0</ele>
      </trkpt>
      <trkpt lat="42.95302" lon="1.29849">
        <ele>832.0</ele>
      </trkpt>
      <trkpt lat="42.95306" lon="1.29852">
        <ele>833.0</ele>
      </trkpt>
      <trkpt lat="42.95306" lon="1.29859">
        <ele>835.0</ele>
      </trkpt>
      <trkpt lat="42.95306" lon="1.29863">
        <ele>835.0</ele>
      </trkpt>
      <trkpt lat="42.95303" lon="1.29866">
        <ele>835.0</ele>
      </trkpt>
      <trkpt lat="42.95301" lon="1.29868">
        <ele>835.0</ele>
      </trkpt>
      <trkpt lat="42.95291" lon="1.29868">
        <ele>832.0</ele>
      </trkpt>
      <trkpt lat="42.9527" lon="1.29865">
        <ele>827.0</ele>
      </trkpt>
      <trkpt lat="42.95261" lon="1.29865">
        <ele>824.0</ele>
      </trkpt>
      <trkpt lat="42.9525" lon="1.29867">
        <ele>822.0</ele>
      </trkpt>
      <trkpt lat="42.95239" lon="1.29874">
        <ele>821.0</ele>
      </trkpt>
      <trkpt lat="42.95229" lon="1.29884">
        <ele>821.0</ele>
      </trkpt>
      <trkpt lat="42.95221" lon="1.29897">
        <ele>822.0</ele>
      </trkpt>
      <trkpt lat="42.95216" lon="1.29908">
        <ele>822.0</ele>
      </trkpt>
      <trkpt lat="42.95214" lon="1.29918">
        <ele>823.0</ele>
      </trkpt>
      <trkpt lat="42.95213" lon="1.29928">
        <ele>824.0</ele>
      </trkpt>
      <trkpt lat="42.95213" lon="1.29938">
        <ele>825.0</ele>
      </trkpt>
      <trkpt lat="42.95216" lon="1.29951">
        <ele>827.0</ele>
      </trkpt>
      <trkpt lat="42.95224" lon="1.29977">
        <ele>833.0</ele>
      </trkpt>
      <trkpt lat="42.95226" lon="1.29987">
        <ele>834.0</ele>
      </trkpt>
      <trkpt lat="42.95227" lon="1.30002">
        <ele>836.0</ele>
      </trkpt>
      <trkpt lat="42.95229" lon="1.30042">
        <ele>840.0</ele>
      </trkpt>
      <trkpt lat="42.9523" lon="1.30054">
        <ele>841.0</ele>
      </trkpt>
      <trkpt lat="42.95233" lon="1.30062">
        <ele>843.0</ele>
      </trkpt>
      <trkpt lat="42.95237" lon="1.30069">
        <ele>844.0</ele>
      </trkpt>
      <trkpt lat="42.95265" lon="1.30095">
        <ele>851.0</ele>
      </trkpt>
      <trkpt lat="42.95286" lon="1.30113">
        <ele>856.0</ele>
      </trkpt>
      <trkpt lat="42.95292" lon="1.30122">
        <ele>857.0</ele>
      </trkpt>
      <trkpt lat="42.95296" lon="1.30129">
        <ele>857.0</ele>
      </trkpt>
      <trkpt lat="42.95297" lon="1.30144">
        <ele>856.0</ele>
      </trkpt>
      <trkpt lat="42.95296" lon="1.30152">
        <ele>855.0</ele>
      </trkpt>
      <trkpt lat="42.95285" lon="1.30186">
        <ele>853.0</ele>
      </trkpt>
      <trkpt lat="42.95284" lon="1.30193">
        <ele>853.0</ele>
      </trkpt>
      <trkpt lat="42.95285" lon="1.30202">
        <ele>854.0</ele>
      </trkpt>
      <trkpt lat="42.95294" lon="1.30237">
        <ele>860.0</ele>
      </trkpt>
      <trkpt lat="42.95297" lon="1.30255">
        <ele>862.0</ele>
      </trkpt>
      <trkpt lat="42.95298" lon="1.30269">
        <ele>866.0</ele>
      </trkpt>
      <trkpt lat="42.95295" lon="1.30279">
        <ele>868.0</ele>
      </trkpt>
      <trkpt lat="42.95292" lon="1.30285">
        <ele>869.0</ele>
      </trkpt>
      <trkpt lat="42.95289" lon="1.3029">
        <ele>870.0</ele>
      </trkpt>
      <trkpt lat="42.95284" lon="1.30292">
        <ele>870.0</ele>
      </trkpt>
      <trkpt lat="42.95278" lon="1.30294">
        <ele>870.0</ele>
      </trkpt>
      <trkpt lat="42.9527" lon="1.30294">
        <ele>869.0</ele>
      </trkpt>
      <trkpt lat="42.95263" lon="1.30294">
        <ele>868.0</ele>
      </trkpt>
      <trkpt lat="42.95241" lon="1.30284">
        <ele>866.0</ele>
      </trkpt>
      <trkpt lat="42.95225" lon="1.30275">
        <ele>867.0</ele>
      </trkpt>
      <trkpt lat="42.95187" lon="1.30245">
        <ele>866.0</ele>
      </trkpt>
      <trkpt lat="42.95149" lon="1.30208">
        <ele>858.0</ele>
      </trkpt>
      <trkpt lat="42.95143" lon="1.30202">
        <ele>855.0</ele>
      </trkpt>
      <trkpt lat="42.95138" lon="1.30199">
        <ele>853.0</ele>
      </trkpt>
      <trkpt lat="42.95134" lon="1.30198">
        <ele>852.0</ele>
      </trkpt>
      <trkpt lat="42.9513" lon="1.30199">
        <ele>852.0</ele>
      </trkpt>
      <trkpt lat="42.95127" lon="1.30202">
        <ele>852.0</ele>
      </trkpt>
      <trkpt lat="42.95125" lon="1.30206">
        <ele>852.0</ele>
      </trkpt>
      <trkpt lat="42.95124" lon="1.30212">
        <ele>854.0</ele>
      </trkpt>
      <trkpt lat="42.95126" lon="1.30216">
        <ele>855.0</ele>
      </trkpt>
      <trkpt lat="42.95128" lon="1.3022">
        <ele>856.0</ele>
      </trkpt>
      <trkpt lat="42.95141" lon="1.30227">
        <ele>861.0</ele>
      </trkpt>
      <trkpt lat="42.9516" lon="1.30244">
        <ele>869.0</ele>
      </trkpt>
      <trkpt lat="42.95196" lon="1.30291">
        <ele>879.0</ele>
      </trkpt>
      <trkpt lat="42.95216" lon="1.30316">
        <ele>882.0</ele>
      </trkpt>
      <trkpt lat="42.95228" lon="1.30328">
        <ele>883.0</ele>
      </trkpt>
      <trkpt lat="42.9527" lon="1.30365">
        <ele>889.0</ele>
      </trkpt>
      <trkpt lat="42.95283" lon="1.30376">
        <ele>892.0</ele>
      </trkpt>
      <trkpt lat="42.95292" lon="1.30382">
        <ele>893.0</ele>
      </trkpt>
      <trkpt lat="42.95309" lon="1.30386">
        <ele>892.0</ele>
      </trkpt>
      <trkpt lat="42.95316" lon="1.30386">
        <ele>892.0</ele>
      </trkpt>
      <trkpt lat="42.95324" lon="1.30384">
        <ele>891.0</ele>
      </trkpt>
      <trkpt lat="42.95332" lon="1.30381">
        <ele>890.0</ele>
      </trkpt>
      <trkpt lat="42.95345" lon="1.30371">
        <ele>890.0</ele>
      </trkpt>
      <trkpt lat="42.95363" lon="1.30351">
        <ele>891.0</ele>
      </trkpt>
      <trkpt lat="42.95371" lon="1.30339">
        <ele>892.0</ele>
      </trkpt>
      <trkpt lat="42.95375" lon="1.30336">
        <ele>893.0</ele>
      </trkpt>
      <trkpt lat="42.95379" lon="1.30334">
        <ele>894.0</ele>
      </trkpt>
      <trkpt lat="42.95381" lon="1.30334">
        <ele>895.0</ele>
      </trkpt>
      <trkpt lat="42.95384" lon="1.30334">
        <ele>896.0</ele>
      </trkpt>
      <trkpt lat="42.95387" lon="1.30337">
        <ele>897.0</ele>
      </trkpt>
      <trkpt lat="42.9539" lon="1.30344">
        <ele>897.0</ele>
      </trkpt>
      <trkpt lat="42.9539" lon="1.30349">
        <ele>898.0</ele>
      </trkpt>
      <trkpt lat="42.95389" lon="1.30353">
        <ele>897.0</ele>
      </trkpt>
      <trkpt lat="42.95387" lon="1.30359">
        <ele>897.0</ele>
      </trkpt>
      <trkpt lat="42.95365" lon="1.30389">
        <ele>895.0</ele>
      </trkpt>
      <trkpt lat="42.95355" lon="1.30405">
        <ele>896.0</ele>
      </trkpt>
      <trkpt lat="42.95343" lon="1.30426">
        <ele>897.0</ele>
      </trkpt>
      <trkpt lat="42.95334" lon="1.30441">
        <ele>899.0</ele>
      </trkpt>
      <trkpt lat="42.95327" lon="1.30452">
        <ele>902.0</ele>
      </trkpt>
      <trkpt lat="42.95322" lon="1.30458">
        <ele>904.0</ele>
      </trkpt>
      <trkpt lat="42.95317" lon="1.30463">
        <ele>906.0</ele>
      </trkpt>
      <trkpt lat="42.95303" lon="1.30467">
        <ele>909.0</ele>
      </trkpt>
      <trkpt lat="42.95292" lon="1.30467">
        <ele>912.0</ele>
      </trkpt>
      <trkpt lat="42.95285" lon="1.30464">
        <ele>913.0</ele>
      </trkpt>
      <trkpt lat="42.9526" lon="1.30447">
        <ele>914.0</ele>
      </trkpt>
      <trkpt lat="42.95236" lon="1.30426">
        <ele>912.0</ele>
      </trkpt>
      <trkpt lat="42.95207" lon="1.30404">
        <ele>909.0</ele>
      </trkpt>
      <trkpt lat="42.952" lon="1.304">
        <ele>909.0</ele>
      </trkpt>
      <trkpt lat="42.95191" lon="1.30397">
        <ele>909.0</ele>
      </trkpt>
      <trkpt lat="42.95175" lon="1.30399">
        <ele>912.0</ele>
      </trkpt>
      <trkpt lat="42.95163" lon="1.30407">
        <ele>913.0</ele>
      </trkpt>
      <trkpt lat="42.95156" lon="1.30416">
        <ele>913.0</ele>
      </trkpt>
      <trkpt lat="42.95147" lon="1.30432">
        <ele>912.0</ele>
      </trkpt>
      <trkpt lat="42.95136" lon="1.30465">
        <ele>914.0</ele>
      </trkpt>
      <trkpt lat="42.95132" lon="1.30486">
        <ele>916.0</ele>
      </trkpt>
      <trkpt lat="42.95133" lon="1.3052">
        <ele>923.0</ele>
      </trkpt>
      <trkpt lat="42.95133" lon="1.30535">
        <ele>926.0</ele>
      </trkpt>
      <trkpt lat="42.95131" lon="1.30546">
        <ele>927.0</ele>
      </trkpt>
      <trkpt lat="42.95129" lon="1.30553">
        <ele>928.0</ele>
      </trkpt>
      <trkpt lat="42.95124" lon="1.30562">
        <ele>928.0</ele>
      </trkpt>
      <trkpt lat="42.95115" lon="1.30573">
        <ele>927.0</ele>
      </trkpt>
      <trkpt lat="42.95088" lon="1.30603">
        <ele>924.0</ele>
      </trkpt>
      <trkpt lat="42.95084" lon="1.30609">
        <ele>924.0</ele>
      </trkpt>
      <trkpt lat="42.95082" lon="1.30614">
        <ele>924.0</ele>
      </trkpt>
      <trkpt lat="42.95081" lon="1.3062">
        <ele>925.0</ele>
      </trkpt>
      <trkpt lat="42.95082" lon="1.30625">
        <ele>926.0</ele>
      </trkpt>
      <trkpt lat="42.95083" lon="1.30627">
        <ele>927.0</ele>
      </trkpt>
      <trkpt lat="42.95087" lon="1.30629">
        <ele>928.0</ele>
      </trkpt>
      <trkpt lat="42.95092" lon="1.30628">
        <ele>930.0</ele>
      </trkpt>
      <trkpt lat="42.95096" lon="1.30624">
        <ele>930.0</ele>
      </trkpt>
      <trkpt lat="42.95111" lon="1.30608">
        <ele>932.0</ele>
      </trkpt>
      <trkpt lat="42.95135" lon="1.30587">
        <ele>936.0</ele>
      </trkpt>
      <trkpt lat="42.95144" lon="1.30576">
        <ele>937.0</ele>
      </trkpt>
      <trkpt lat="42.95158" lon="1.3055">
        <ele>937.0</ele>
      </trkpt>
      <trkpt lat="42.95166" lon="1.30539">
        <ele>938.0</ele>
      </trkpt>
      <trkpt lat="42.95174" lon="1.3053">
        <ele>937.0</ele>
      </trkpt>
      <trkpt lat="42.95183" lon="1.30524">
        <ele>936.0</ele>
      </trkpt>
      <trkpt lat="42.95189" lon="1.30522">
        <ele>935.0</ele>
      </trkpt>
      <trkpt lat="42.95197" lon="1.30521">
        <ele>935.0</ele>
      </trkpt>
      <trkpt lat="42.95202" lon="1.30524">
        <ele>935.0</ele>
      </trkpt>
      <trkpt lat="42.95206" lon="1.3053">
        <ele>936.0</ele>
      </trkpt>
      <trkpt lat="42.95217" lon="1.30556">
        <ele>940.0</ele>
      </trkpt>
      <trkpt lat="42.95227" lon="1.30584">
        <ele>944.0</ele>
      </trkpt>
      <trkpt lat="42.95233" lon="1.3061">
        <ele>947.0</ele>
      </trkpt>
      <trkpt lat="42.95234" lon="1.30618">
        <ele>948.0</ele>
      </trkpt>
      <trkpt lat="42.95232" lon="1.30628">
        <ele>950.0</ele>
      </trkpt>
      <trkpt lat="42.9523" lon="1.3063">
        <ele>950.0</ele>
      </trkpt>
      <trkpt lat="42.95225" lon="1.30631">
        <ele>951.0</ele>
      </trkpt>
      <trkpt lat="42.95222" lon="1.30628">
        <ele>950.0</ele>
      </trkpt>
      <trkpt lat="42.9522" lon="1.30624">
        <ele>950.0</ele>
      </trkpt>
      <trkpt lat="42.95217" lon="1.30609">
        <ele>948.0</ele>
      </trkpt>
      <trkpt lat="42.95215" lon="1.30598">
        <ele>947.0</ele>
      </trkpt>
      <trkpt lat="42.95211" lon="1.30592">
        <ele>946.0</ele>
      </trkpt>
      <trkpt lat="42.95208" lon="1.30589">
        <ele>945.0</ele>
      </trkpt>
      <trkpt lat="42.95204" lon="1.30588">
        <ele>945.0</ele>
      </trkpt>
      <trkpt lat="42.952" lon="1.30588">
        <ele>945.0</ele>
      </trkpt>
      <trkpt lat="42.95192" lon="1.30592">
        <ele>946.0</ele>
      </trkpt>
      <trkpt lat="42.95189" lon="1.30595">
        <ele>947.0</ele>
      </trkpt>
      <trkpt lat="42.95169" lon="1.30626">
        <ele>954.0</ele>
      </trkpt>
      <trkpt lat="42.95161" lon="1.30644">
        <ele>956.0</ele>
      </trkpt>
      <trkpt lat="42.95156" lon="1.30657">
        <ele>957.0</ele>
      </trkpt>
      <trkpt lat="42.95146" lon="1.30685">
        <ele>959.0</ele>
      </trkpt>
      <trkpt lat="42.95138" lon="1.30704">
        <ele>959.0</ele>
      </trkpt>
      <trkpt lat="42.95118" lon="1.30745">
        <ele>960.0</ele>
      </trkpt>
      <trkpt lat="42.95109" lon="1.30767">
        <ele>959.0</ele>
      </trkpt>
      <trkpt lat="42.95107" lon="1.30778">
        <ele>960.0</ele>
      </trkpt>
      <trkpt lat="42.95106" lon="1.30788">
        <ele>961.0</ele>
      </trkpt>
      <trkpt lat="42.95105" lon="1.30799">
        <ele>962.0</ele>
      </trkpt>
      <trkpt lat="42.95106" lon="1.30824">
        <ele>965.0</ele>
      </trkpt>
      <trkpt lat="42.95108" lon="1.3084">
        <ele>967.0</ele>
      </trkpt>
      <trkpt lat="42.9512" lon="1.3088">
        <ele>969.0</ele>
      </trkpt>
      <trkpt lat="42.95123" lon="1.30896">
        <ele>970.0</ele>
      </trkpt>
      <trkpt lat="42.95124" lon="1.30904">
        <ele>970.0</ele>
      </trkpt>
      <trkpt lat="42.95122" lon="1.30918">
        <ele>970.0</ele>
      </trkpt>
      <trkpt lat="42.9512" lon="1.30923">
        <ele>970.0</ele>
      </trkpt>
      <trkpt lat="42.95113" lon="1.30934">
        <ele>970.0</ele>
      </trkpt>
      <trkpt lat="42.951" lon="1.30941">
        <ele>973.0</ele>
      </trkpt>
      <trkpt lat="42.95067" lon="1.30952">
        <ele>977.0</ele>
      </trkpt>
      <trkpt lat="42.95059" lon="1.30957">
        <ele>977.0</ele>
      </trkpt>
      <trkpt lat="42.95038" lon="1.30975">
        <ele>980.0</ele>
      </trkpt>
      <trkpt lat="42.9503" lon="1.30978">
        <ele>981.0</ele>
      </trkpt>
      <trkpt lat="42.95003" lon="1.30987">
        <ele>985.0</ele>
      </trkpt>
      <trkpt lat="42.94996" lon="1.3099">
        <ele>986.0</ele>
      </trkpt>
      <trkpt lat="42.94987" lon="1.30997">
        <ele>987.0</ele>
      </trkpt>
      <trkpt lat="42.9498" lon="1.31004">
        <ele>988.0</ele>
      </trkpt>
      <trkpt lat="42.94973" lon="1.31014">
        <ele>988.0</ele>
      </trkpt>
      <trkpt lat="42.94964" lon="1.3103">
        <ele>990.0</ele>
      </trkpt>
      <trkpt lat="42.94954" lon="1.31042">
        <ele>992.0</ele>
      </trkpt>
      <trkpt lat="42.94941" lon="1.31051">
        <ele>995.0</ele>
      </trkpt>
      <trkpt lat="42.94928" lon="1.3105">
        <ele>997.0</ele>
      </trkpt>
      <trkpt lat="42.94913" lon="1.31051">
        <ele>1000.0</ele>
      </trkpt>
      <trkpt lat="42.94905" lon="1.3105">
        <ele>1002.0</ele>
      </trkpt>
      <trkpt lat="42.94895" lon="1.31047">
        <ele>1005.0</ele>
      </trkpt>
      <trkpt lat="42.9488" lon="1.31039">
        <ele>1008.0</ele>
      </trkpt>
      <trkpt lat="42.94795" lon="1.30964">
        <ele>1001.0</ele>
      </trkpt>
      <trkpt lat="42.94783" lon="1.30956">
        <ele>999.0</ele>
      </trkpt>
      <trkpt lat="42.94776" lon="1.30956">
        <ele>998.0</ele>
      </trkpt>
      <trkpt lat="42.94772" lon="1.30958">
        <ele>998.0</ele>
      </trkpt>
      <trkpt lat="42.94769" lon="1.30961">
        <ele>999.0</ele>
      </trkpt>
      <trkpt lat="42.94767" lon="1.30967">
        <ele>1000.0</ele>
      </trkpt>
      <trkpt lat="42.94765" lon="1.30982">
        <ele>1002.0</ele>
      </trkpt>
      <trkpt lat="42.94765" lon="1.30995">
        <ele>1005.0</ele>
      </trkpt>
      <trkpt lat="42.94766" lon="1.31029">
        <ele>1012.0</ele>
      </trkpt>
      <trkpt lat="42.94765" lon="1.31051">
        <ele>1017.0</ele>
      </trkpt>
      <trkpt lat="42.94762" lon="1.31074">
        <ele>1021.0</ele>
      </trkpt>
      <trkpt lat="42.94758" lon="1.311">
        <ele>1027.0</ele>
      </trkpt>
      <trkpt lat="42.94755" lon="1.31113">
        <ele>1030.0</ele>
      </trkpt>
      <trkpt lat="42.9475" lon="1.31126">
        <ele>1033.0</ele>
      </trkpt>
      <trkpt lat="42.94745" lon="1.31137">
        <ele>1034.0</ele>
      </trkpt>
      <trkpt lat="42.94707" lon="1.31188">
        <ele>1032.0</ele>
      </trkpt>
      <trkpt lat="42.94689" lon="1.31217">
        <ele>1035.0</ele>
      </trkpt>
      <trkpt lat="42.94667" lon="1.31258">
        <ele>1042.0</ele>
      </trkpt>
      <trkpt lat="42.94628" lon="1.31345">
        <ele>1052.0</ele>
      </trkpt>
      <trkpt lat="42.94616" lon="1.31365">
        <ele>1054.0</ele>
      </trkpt>
      <trkpt lat="42.94587" lon="1.31403">
        <ele>1057.0</ele>
      </trkpt>
      <trkpt lat="42.94574" lon="1.31422">
        <ele>1057.0</ele>
      </trkpt>
      <trkpt lat="42.94565" lon="1.31436">
        <ele>1057.0</ele>
      </trkpt>
      <trkpt lat="42.94553" lon="1.31462">
        <ele>1060.0</ele>
      </trkpt>
      <trkpt lat="42.9454" lon="1.31494">
        <ele>1064.0</ele>
      </trkpt>
      <trkpt lat="42.94534" lon="1.31514">
        <ele>1066.0</ele>
      </trkpt>
      <trkpt lat="42.94528" lon="1.31534">
        <ele>1069.0</ele>
      </trkpt>
      <trkpt lat="42.94522" lon="1.31564">
        <ele>1074.0</ele>
      </trkpt>
      <trkpt lat="42.94517" lon="1.31582">
        <ele>1077.0</ele>
      </trkpt>
      <trkpt lat="42.94513" lon="1.31592">
        <ele>1078.0</ele>
      </trkpt>
      <trkpt lat="42.94506" lon="1.31607">
        <ele>1080.0</ele>
      </trkpt>
      <trkpt lat="42.94499" lon="1.31619">
        <ele>1081.0</ele>
      </trkpt>
      <trkpt lat="42.94462" lon="1.31669">
        <ele>1088.0</ele>
      </trkpt>
      <trkpt lat="42.94447" lon="1.31685">
        <ele>1090.0</ele>
      </trkpt>
      <trkpt lat="42.94433" lon="1.31698">
        <ele>1091.0</ele>
      </trkpt>
      <trkpt lat="42.94417" lon="1.31709">
        <ele>1091.0</ele>
      </trkpt>
      <trkpt lat="42.94395" lon="1.31719">
        <ele>1092.0</ele>
      </trkpt>
      <trkpt lat="42.94381" lon="1.31721">
        <ele>1090.0</ele>
      </trkpt>
      <trkpt lat="42.9436" lon="1.31721">
        <ele>1087.0</ele>
      </trkpt>
      <trkpt lat="42.94354" lon="1.31725">
        <ele>1088.0</ele>
      </trkpt>
      <trkpt lat="42.94349" lon="1.31732">
        <ele>1089.0</ele>
      </trkpt>
      <trkpt lat="42.94347" lon="1.31738">
        <ele>1090.0</ele>
      </trkpt>
      <trkpt lat="42.94341" lon="1.31759">
        <ele>1095.0</ele>
      </trkpt>
      <trkpt lat="42.94338" lon="1.31769">
        <ele>1098.0</ele>
      </trkpt>
      <trkpt lat="42.9433" lon="1.31786">
        <ele>1101.0</ele>
      </trkpt>
      <trkpt lat="42.94322" lon="1.31801">
        <ele>1103.0</ele>
      </trkpt>
      <trkpt lat="42.94276" lon="1.31868">
        <ele>1108.0</ele>
      </trkpt>
      <trkpt lat="42.94246" lon="1.3191">
        <ele>1112.0</ele>
      </trkpt>
      <trkpt lat="42.94219" lon="1.31953">
        <ele>1114.0</ele>
      </trkpt>
      <trkpt lat="42.94208" lon="1.31974">
        <ele>1116.0</ele>
      </trkpt>
      <trkpt lat="42.94198" lon="1.32001">
        <ele>1120.0</ele>
      </trkpt>
      <trkpt lat="42.9419" lon="1.32026">
        <ele>1124.0</ele>
      </trkpt>
      <trkpt lat="42.9418" lon="1.3205">
        <ele>1128.0</ele>
      </trkpt>
      <trkpt lat="42.94168" lon="1.32074">
        <ele>1131.0</ele>
      </trkpt>
      <trkpt lat="42.94099" lon="1.32186">
        <ele>1141.0</ele>
      </trkpt>
      <trkpt lat="42.94052" lon="1.32273">
        <ele>1148.0</ele>
      </trkpt>
      <trkpt lat="42.94031" lon="1.32312">
        <ele>1152.0</ele>
      </trkpt>
      <trkpt lat="42.94022" lon="1.3233">
        <ele>1154.0</ele>
      </trkpt>
      <trkpt lat="42.94007" lon="1.32366">
        <ele>1159.0</ele>
      </trkpt>
      <trkpt lat="42.94" lon="1.32381">
        <ele>1162.0</ele>
      </trkpt>
      <trkpt lat="42.93993" lon="1.32391">
        <ele>1163.0</ele>
      </trkpt>
      <trkpt lat="42.93984" lon="1.32401">
        <ele>1164.0</ele>
      </trkpt>
      <trkpt lat="42.93972" lon="1.32411">
        <ele>1165.0</ele>
      </trkpt>
      <trkpt lat="42.93915" lon="1.32446">
        <ele>1168.0</ele>
      </trkpt>
      <trkpt lat="42.939" lon="1.32455">
        <ele>1169.0</ele>
      </trkpt>
      <trkpt lat="42.93875" lon="1.32465">
        <ele>1168.0</ele>
      </trkpt>
      <trkpt lat="42.93862" lon="1.32472">
        <ele>1167.0</ele>
      </trkpt>
      <trkpt lat="42.93851" lon="1.3248">
        <ele>1168.0</ele>
      </trkpt>
      <trkpt lat="42.93842" lon="1.32489">
        <ele>1170.0</ele>
      </trkpt>
      <trkpt lat="42.93833" lon="1.32501">
        <ele>1172.0</ele>
      </trkpt>
      <trkpt lat="42.93814" lon="1.32531">
        <ele>1174.0</ele>
      </trkpt>
      <trkpt lat="42.93807" lon="1.32544">
        <ele>1176.0</ele>
      </trkpt>
      <trkpt lat="42.93804" lon="1.32552">
        <ele>1177.0</ele>
      </trkpt>
      <trkpt lat="42.93798" lon="1.32583">
        <ele>1184.0</ele>
      </trkpt>
      <trkpt lat="42.93793" lon="1.32603">
        <ele>1188.0</ele>
      </trkpt>
      <trkpt lat="42.93788" lon="1.32615">
        <ele>1190.0</ele>
      </trkpt>
      <trkpt lat="42.93781" lon="1.32626">
        <ele>1191.0</ele>
      </trkpt>
      <trkpt lat="42.93769" lon="1.3264">
        <ele>1192.0</ele>
      </trkpt>
      <trkpt lat="42.93753" lon="1.32655">
        <ele>1194.0</ele>
      </trkpt>
      <trkpt lat="42.93738" lon="1.32666">
        <ele>1196.0</ele>
      </trkpt>
      <trkpt lat="42.93724" lon="1.32673">
        <ele>1198.0</ele>
      </trkpt>
      <trkpt lat="42.93704" lon="1.32677">
        <ele>1197.0</ele>
      </trkpt>
      <trkpt lat="42.93663" lon="1.32682">
        <ele>1194.0</ele>
      </trkpt>
      <trkpt lat="42.93649" lon="1.32686">
        <ele>1193.0</ele>
      </trkpt>
      <trkpt lat="42.93638" lon="1.32691">
        <ele>1194.0</ele>
      </trkpt>
      <trkpt lat="42.93625" lon="1.32699">
        <ele>1195.0</ele>
      </trkpt>
      <trkpt lat="42.93615" lon="1.32707">
        <ele>1197.0</ele>
      </trkpt>
      <trkpt lat="42.93573" lon="1.32746">
        <ele>1206.0</ele>
      </trkpt>
      <trkpt lat="42.93553" lon="1.32771">
        <ele>1212.0</ele>
      </trkpt>
      <trkpt lat="42.93545" lon="1.32784">
        <ele>1216.0</ele>
      </trkpt>
      <trkpt lat="42.93533" lon="1.32815">
        <ele>1226.0</ele>
      </trkpt>
      <trkpt lat="42.93528" lon="1.32822">
        <ele>1228.0</ele>
      </trkpt>
      <trkpt lat="42.93522" lon="1.32827">
        <ele>1229.0</ele>
      </trkpt>
      <trkpt lat="42.9351" lon="1.32832">
        <ele>1229.0</ele>
      </trkpt>
      <trkpt lat="42.93498" lon="1.32833">
        <ele>1227.0</ele>
      </trkpt>
      <trkpt lat="42.93474" lon="1.3283">
        <ele>1230.0</ele>
      </trkpt>
      <trkpt lat="42.9346" lon="1.32829">
        <ele>1231.0</ele>
      </trkpt>
      <trkpt lat="42.93433" lon="1.32831">
        <ele>1237.0</ele>
      </trkpt>
      <trkpt lat="42.93421" lon="1.32829">
        <ele>1238.0</ele>
      </trkpt>
      <trkpt lat="42.93409" lon="1.32826">
        <ele>1241.0</ele>
      </trkpt>
      <trkpt lat="42.934" lon="1.3282">
        <ele>1243.0</ele>
      </trkpt>
      <trkpt lat="42.93392" lon="1.32812">
        <ele>1243.0</ele>
      </trkpt>
      <trkpt lat="42.93382" lon="1.328">
        <ele>1244.0</ele>
      </trkpt>
      <trkpt lat="42.9337" lon="1.32779">
        <ele>1244.0</ele>
      </trkpt>
      <trkpt lat="42.93346" lon="1.32723">
        <ele>1244.0</ele>
      </trkpt>
      <trkpt lat="42.93333" lon="1.32676">
        <ele>1244.0</ele>
      </trkpt>
      <trkpt lat="42.93313" lon="1.3258">
        <ele>1232.0</ele>
      </trkpt>
      <trkpt lat="42.93307" lon="1.3256">
        <ele>1233.0</ele>
      </trkpt>
      <trkpt lat="42.93291" lon="1.32518">
        <ele>1232.0</ele>
      </trkpt>
      <trkpt lat="42.93284" lon="1.32508">
        <ele>1232.0</ele>
      </trkpt>
      <trkpt lat="42.9328" lon="1.32505">
        <ele>1231.0</ele>
      </trkpt>
      <trkpt lat="42.93275" lon="1.32514">
        <ele>1232.0</ele>
      </trkpt>
      <trkpt lat="42.93273" lon="1.32523">
        <ele>1232.0</ele>
      </trkpt>
      <trkpt lat="42.93272" lon="1.32531">
        <ele>1233.0</ele>
      </trkpt>
      <trkpt lat="42.93273" lon="1.32556">
        <ele>1234.0</ele>
      </trkpt>
      <trkpt lat="42.93281" lon="1.32609">
        <ele>1239.0</ele>
      </trkpt>
      <trkpt lat="42.93281" lon="1.32623">
        <ele>1241.0</ele>
      </trkpt>
      <trkpt lat="42.93279" lon="1.32634">
        <ele>1243.0</ele>
      </trkpt>
      <trkpt lat="42.93277" lon="1.32645">
        <ele>1245.0</ele>
      </trkpt>
      <trkpt lat="42.93267" lon="1.32677">
        <ele>1252.0</ele>
      </trkpt>
      <trkpt lat="42.93252" lon="1.32709">
        <ele>1260.0</ele>
      </trkpt>
      <trkpt lat="42.93183" lon="1.3284">
        <ele>1267.0</ele>
      </trkpt>
      <trkpt lat="42.93161" lon="1.32895">
        <ele>1271.0</ele>
      </trkpt>
      <trkpt lat="42.93153" lon="1.32928">
        <ele>1273.0</ele>
      </trkpt>
      <trkpt lat="42.93147" lon="1.32958">
        <ele>1273.0</ele>
      </trkpt>
      <trkpt lat="42.93142" lon="1.33004">
        <ele>1274.0</ele>
      </trkpt>
      <trkpt lat="42.93142" lon="1.33016">
        <ele>1273.0</ele>
      </trkpt>
      <trkpt lat="42.93144" lon="1.33026">
        <ele>1272.0</ele>
      </trkpt>
      <trkpt lat="42.93146" lon="1.33033">
        <ele>1272.0</ele>
      </trkpt>
      <trkpt lat="42.93151" lon="1.33039">
        <ele>1274.0</ele>
      </trkpt>
      <trkpt lat="42.93156" lon="1.33043">
        <ele>1275.0</ele>
      </trkpt>
      <trkpt lat="42.93164" lon="1.33044">
        <ele>1278.0</ele>
      </trkpt>
      <trkpt lat="42.93194" lon="1.33038">
        <ele>1289.0</ele>
      </trkpt>
      <trkpt lat="42.93206" lon="1.33037">
        <ele>1293.0</ele>
      </trkpt>
      <trkpt lat="42.93216" lon="1.33041">
        <ele>1296.0</ele>
      </trkpt>
      <trkpt lat="42.93222" lon="1.33048">
        <ele>1297.0</ele>
      </trkpt>
      <trkpt lat="42.93226" lon="1.33056">
        <ele>1298.0</ele>
      </trkpt>
      <trkpt lat="42.93242" lon="1.33102">
        <ele>1299.0</ele>
      </trkpt>
      <trkpt lat="42.93247" lon="1.33128">
        <ele>1300.0</ele>
      </trkpt>
      <trkpt lat="42.93246" lon="1.33153">
        <ele>1298.0</ele>
      </trkpt>
      <trkpt lat="42.93243" lon="1.33174">
        <ele>1296.0</ele>
      </trkpt>
      <trkpt lat="42.93237" lon="1.33203">
        <ele>1295.0</ele>
      </trkpt>
      <trkpt lat="42.93226" lon="1.33244">
        <ele>1292.0</ele>
      </trkpt>
      <trkpt lat="42.93188" lon="1.33357">
        <ele>1281.0</ele>
      </trkpt>
      <trkpt lat="42.93187" lon="1.33365">
        <ele>1281.0</ele>
      </trkpt>
      <trkpt lat="42.93187" lon="1.33372">
        <ele>1281.0</ele>
      </trkpt>
      <trkpt lat="42.93189" lon="1.33379">
        <ele>1281.0</ele>
      </trkpt>
      <trkpt lat="42.93192" lon="1.33386">
        <ele>1283.0</ele>
      </trkpt>
      <trkpt lat="42.93234" lon="1.33437">
        <ele>1298.0</ele>
      </trkpt>
      <trkpt lat="42.93255" lon="1.33457">
        <ele>1305.0</ele>
      </trkpt>
      <trkpt lat="42.93259" lon="1.33465">
        <ele>1305.0</ele>
      </trkpt>
      <trkpt lat="42.93262" lon="1.33478">
        <ele>1305.0</ele>
      </trkpt>
      <trkpt lat="42.93261" lon="1.33524">
        <ele>1300.0</ele>
      </trkpt>
      <trkpt lat="42.93272" lon="1.33588">
        <ele>1302.0</ele>
      </trkpt>
      <trkpt lat="42.93274" lon="1.33641">
        <ele>1304.0</ele>
      </trkpt>
      <trkpt lat="42.93273" lon="1.33658">
        <ele>1303.0</ele>
      </trkpt>
      <trkpt lat="42.93262" lon="1.33697">
        <ele>1299.0</ele>
      </trkpt>
      <trkpt lat="42.9326" lon="1.33714">
        <ele>1298.0</ele>
      </trkpt>
      <trkpt lat="42.9326" lon="1.33747">
        <ele>1299.0</ele>
      </trkpt>
      <trkpt lat="42.93257" lon="1.33765">
        <ele>1299.0</ele>
      </trkpt>
      <trkpt lat="42.93241" lon="1.33819">
        <ele>1298.0</ele>
      </trkpt>
      <trkpt lat="42.93239" lon="1.33839">
        <ele>1299.0</ele>
      </trkpt>
      <trkpt lat="42.9324" lon="1.33856">
        <ele>1300.0</ele>
      </trkpt>
      <trkpt lat="42.93236" lon="1.33874">
        <ele>1300.0</ele>
      </trkpt>
      <trkpt lat="42.93219" lon="1.3392">
        <ele>1299.0</ele>
      </trkpt>
      <trkpt lat="42.93214" lon="1.33944">
        <ele>1300.0</ele>
      </trkpt>
      <trkpt lat="42.93211" lon="1.33965">
        <ele>1301.0</ele>
      </trkpt>
      <trkpt lat="42.93204" lon="1.33988">
        <ele>1302.0</ele>
      </trkpt>
      <trkpt lat="42.93197" lon="1.33996">
        <ele>1302.0</ele>
      </trkpt>
      <trkpt lat="42.9319" lon="1.33999">
        <ele>1302.0</ele>
      </trkpt>
      <trkpt lat="42.93166" lon="1.33999">
        <ele>1298.0</ele>
      </trkpt>
      <trkpt lat="42.93154" lon="1.34007">
        <ele>1294.0</ele>
      </trkpt>
      <trkpt lat="42.93149" lon="1.34013">
        <ele>1293.0</ele>
      </trkpt>
      <trkpt lat="42.93128" lon="1.34055">
        <ele>1290.0</ele>
      </trkpt>
      <trkpt lat="42.93125" lon="1.34072">
        <ele>1291.0</ele>
      </trkpt>
      <trkpt lat="42.93134" lon="1.34125">
        <ele>1295.0</ele>
      </trkpt>
      <trkpt lat="42.93135" lon="1.34152">
        <ele>1295.0</ele>
      </trkpt>
      <trkpt lat="42.93138" lon="1.34161">
        <ele>1295.0</ele>
      </trkpt>
      <trkpt lat="42.93143" lon="1.34169">
        <ele>1296.0</ele>
      </trkpt>
      <trkpt lat="42.93166" lon="1.34184">
        <ele>1296.0</ele>
      </trkpt>
      <trkpt lat="42.93172" lon="1.34191">
        <ele>1294.0</ele>
      </trkpt>
      <trkpt lat="42.93174" lon="1.34196">
        <ele>1294.0</ele>
      </trkpt>
      <trkpt lat="42.93176" lon="1.34208">
        <ele>1292.0</ele>
      </trkpt>
      <trkpt lat="42.93176" lon="1.34216">
        <ele>1292.0</ele>
      </trkpt>
      <trkpt lat="42.93173" lon="1.34234">
        <ele>1291.0</ele>
      </trkpt>
      <trkpt lat="42.93167" lon="1.34256">
        <ele>1292.0</ele>
      </trkpt>
      <trkpt lat="42.93163" lon="1.34271">
        <ele>1294.0</ele>
      </trkpt>
      <trkpt lat="42.9316" lon="1.34278">
        <ele>1295.0</ele>
      </trkpt>
      <trkpt lat="42.93156" lon="1.34288">
        <ele>1296.0</ele>
      </trkpt>
      <trkpt lat="42.93147" lon="1.34297">
        <ele>1297.0</ele>
      </trkpt>
      <trkpt lat="42.93137" lon="1.34303">
        <ele>1299.0</ele>
      </trkpt>
      <trkpt lat="42.93121" lon="1.34306">
        <ele>1301.0</ele>
      </trkpt>
      <trkpt lat="42.93108" lon="1.34305">
        <ele>1303.0</ele>
      </trkpt>
      <trkpt lat="42.9309" lon="1.34295">
        <ele>1304.0</ele>
      </trkpt>
      <trkpt lat="42.93058" lon="1.34263">
        <ele>1298.0</ele>
      </trkpt>
      <trkpt lat="42.93051" lon="1.34259">
        <ele>1296.0</ele>
      </trkpt>
      <trkpt lat="42.93043" lon="1.34256">
        <ele>1294.0</ele>
      </trkpt>
      <trkpt lat="42.93036" lon="1.34257">
        <ele>1293.0</ele>
      </trkpt>
      <trkpt lat="42.9303" lon="1.3426">
        <ele>1292.0</ele>
      </trkpt>
      <trkpt lat="42.93025" lon="1.34267">
        <ele>1291.0</ele>
      </trkpt>
      <trkpt lat="42.93021" lon="1.34275">
        <ele>1290.0</ele>
      </trkpt>
      <trkpt lat="42.93019" lon="1.34284">
        <ele>1290.0</ele>
      </trkpt>
      <trkpt lat="42.93019" lon="1.34293">
        <ele>1291.0</ele>
      </trkpt>
      <trkpt lat="42.93024" lon="1.34336">
        <ele>1294.0</ele>
      </trkpt>
      <trkpt lat="42.93025" lon="1.3437">
        <ele>1299.0</ele>
      </trkpt>
      <trkpt lat="42.93024" lon="1.34404">
        <ele>1304.0</ele>
      </trkpt>
      <trkpt lat="42.93021" lon="1.34427">
        <ele>1307.0</ele>
      </trkpt>
      <trkpt lat="42.93016" lon="1.34451">
        <ele>1312.0</ele>
      </trkpt>
      <trkpt lat="42.93008" lon="1.34476">
        <ele>1318.0</ele>
      </trkpt>
      <trkpt lat="42.93" lon="1.34493">
        <ele>1322.0</ele>
      </trkpt>
      <trkpt lat="42.9293" lon="1.3461">
        <ele>1327.0</ele>
      </trkpt>
      <trkpt lat="42.92921" lon="1.34633">
        <ele>1328.0</ele>
      </trkpt>
      <trkpt lat="42.92915" lon="1.34658">
        <ele>1330.0</ele>
      </trkpt>
      <trkpt lat="42.92914" lon="1.34677">
        <ele>1330.0</ele>
      </trkpt>
      <trkpt lat="42.92917" lon="1.3469">
        <ele>1330.0</ele>
      </trkpt>
      <trkpt lat="42.92923" lon="1.34698">
        <ele>1331.0</ele>
      </trkpt>
      <trkpt lat="42.92956" lon="1.34719">
        <ele>1338.0</ele>
      </trkpt>
      <trkpt lat="42.92963" lon="1.34728">
        <ele>1340.0</ele>
      </trkpt>
      <trkpt lat="42.92968" lon="1.34741">
        <ele>1341.0</ele>
      </trkpt>
      <trkpt lat="42.92981" lon="1.34885">
        <ele>1350.0</ele>
      </trkpt>
      <trkpt lat="42.92981" lon="1.34903">
        <ele>1352.0</ele>
      </trkpt>
      <trkpt lat="42.92978" lon="1.34924">
        <ele>1352.0</ele>
      </trkpt>
      <trkpt lat="42.92975" lon="1.34944">
        <ele>1355.0</ele>
      </trkpt>
      <trkpt lat="42.92956" lon="1.35026">
        <ele>1361.0</ele>
      </trkpt>
      <trkpt lat="42.92948" lon="1.35068">
        <ele>1366.0</ele>
      </trkpt>
      <trkpt lat="42.92929" lon="1.35141">
        <ele>1367.0</ele>
      </trkpt>
      <trkpt lat="42.92927" lon="1.35166">
        <ele>1369.0</ele>
      </trkpt>
      <trkpt lat="42.92949" lon="1.35271">
        <ele>1383.0</ele>
      </trkpt>
      <trkpt lat="42.92952" lon="1.35306">
        <ele>1385.0</ele>
      </trkpt>
      <trkpt lat="42.92952" lon="1.35344">
        <ele>1387.0</ele>
      </trkpt>
      <trkpt lat="42.9295" lon="1.35372">
        <ele>1389.0</ele>
      </trkpt>
      <trkpt lat="42.92943" lon="1.35422">
        <ele>1391.0</ele>
      </trkpt>
      <trkpt lat="42.92933" lon="1.35473">
        <ele>1394.0</ele>
      </trkpt>
      <trkpt lat="42.92916" lon="1.35535">
        <ele>1395.0</ele>
      </trkpt>
      <trkpt lat="42.92913" lon="1.35551">
        <ele>1396.0</ele>
      </trkpt>
      <trkpt lat="42.92913" lon="1.35567">
        <ele>1398.0</ele>
      </trkpt>
      <trkpt lat="42.92918" lon="1.35625">
        <ele>1405.0</ele>
      </trkpt>
      <trkpt lat="42.92918" lon="1.35647">
        <ele>1408.0</ele>
      </trkpt>
      <trkpt lat="42.92914" lon="1.35666">
        <ele>1408.0</ele>
      </trkpt>
      <trkpt lat="42.92898" lon="1.35704">
        <ele>1411.0</ele>
      </trkpt>
      <trkpt lat="42.92886" lon="1.35725">
        <ele>1412.0</ele>
      </trkpt>
      <trkpt lat="42.92852" lon="1.35771">
        <ele>1416.0</ele>
      </trkpt>
      <trkpt lat="42.92826" lon="1.35797">
        <ele>1417.0</ele>
      </trkpt>
      <trkpt lat="42.92819" lon="1.35805">
        <ele>1417.0</ele>
      </trkpt>
      <trkpt lat="42.92819" lon="1.3581">
        <ele>1418.0</ele>
      </trkpt>
      <trkpt lat="42.92819" lon="1.35814">
        <ele>1419.0</ele>
      </trkpt>
      <trkpt lat="42.92821" lon="1.35817">
        <ele>1420.0</ele>
      </trkpt>
      <trkpt lat="42.92823" lon="1.35819">
        <ele>1421.0</ele>
      </trkpt>
      <trkpt lat="42.92832" lon="1.35815">
        <ele>1422.0</ele>
      </trkpt>
      <trkpt lat="42.92929" lon="1.35747">
        <ele>1424.0</ele>
      </trkpt>
      <trkpt lat="42.92947" lon="1.35733">
        <ele>1424.0</ele>
      </trkpt>
      <trkpt lat="42.9296" lon="1.3572">
        <ele>1425.0</ele>
      </trkpt>
      <trkpt lat="42.92976" lon="1.35701">
        <ele>1427.0</ele>
      </trkpt>
      <trkpt lat="42.9298" lon="1.35697">
        <ele>1427.0</ele>
      </trkpt>
      <trkpt lat="42.92983" lon="1.35696">
        <ele>1428.0</ele>
      </trkpt>
      <trkpt lat="42.92988" lon="1.35696">
        <ele>1429.0</ele>
      </trkpt>
      <trkpt lat="42.92991" lon="1.35699">
        <ele>1430.0</ele>
      </trkpt>
      <trkpt lat="42.92993" lon="1.35704">
        <ele>1430.0</ele>
      </trkpt>
      <trkpt lat="42.92993" lon="1.35708">
        <ele>1430.0</ele>
      </trkpt>
      <trkpt lat="42.92993" lon="1.35714">
        <ele>1430.0</ele>
      </trkpt>
      <trkpt lat="42.9299" lon="1.35723">
        <ele>1429.0</ele>
      </trkpt>
      <trkpt lat="42.92974" lon="1.35758">
        <ele>1427.0</ele>
      </trkpt>
      <trkpt lat="42.92955" lon="1.35808">
        <ele>1430.0</ele>
      </trkpt>
      <trkpt lat="42.92946" lon="1.35835">
        <ele>1433.0</ele>
      </trkpt>
      <trkpt lat="42.92939" lon="1.35858">
        <ele>1436.0</ele>
      </trkpt>
      <trkpt lat="42.92932" lon="1.35887">
        <ele>1440.0</ele>
      </trkpt>
      <trkpt lat="42.92929" lon="1.35901">
        <ele>1442.0</ele>
      </trkpt>
      <trkpt lat="42.92928" lon="1.35916">
        <ele>1443.0</ele>
      </trkpt>
      <trkpt lat="42.92928" lon="1.35931">
        <ele>1445.0</ele>
      </trkpt>
      <trkpt lat="42.9293" lon="1.3595">
        <ele>1447.0</ele>
      </trkpt>
      <trkpt lat="42.92936" lon="1.35986">
        <ele>1449.0</ele>
      </trkpt>
      <trkpt lat="42.92941" lon="1.36007">
        <ele>1449.0</ele>
      </trkpt>
      <trkpt lat="42.92947" lon="1.36027">
        <ele>1449.0</ele>
      </trkpt>
      <trkpt lat="42.92981" lon="1.36097">
        <ele>1443.0</ele>
      </trkpt>
      <trkpt lat="42.93005" lon="1.36165">
        <ele>1439.0</ele>
      </trkpt>
      <trkpt lat="42.9303" lon="1.36283">
        <ele>1435.0</ele>
      </trkpt>
      <trkpt lat="42.93037" lon="1.36357">
        <ele>1433.0</ele>
      </trkpt>
      <trkpt lat="42.93036" lon="1.3643">
        <ele>1432.0</ele>
      </trkpt>
      <trkpt lat="42.93039" lon="1.36473">
        <ele>1430.0</ele>
      </trkpt>
      <trkpt lat="42.93062" lon="1.36583">
        <ele>1424.0</ele>
      </trkpt>
      <trkpt lat="42.93105" lon="1.36688">
        <ele>1416.0</ele>
      </trkpt>
      <trkpt lat="42.93133" lon="1.36772">
        <ele>1412.0</ele>
      </trkpt>
      <trkpt lat="42.93138" lon="1.36804">
        <ele>1411.0</ele>
      </trkpt>
      <trkpt lat="42.93141" lon="1.36831">
        <ele>1410.0</ele>
      </trkpt>
      <trkpt lat="42.93141" lon="1.36855">
        <ele>1408.0</ele>
      </trkpt>
      <trkpt lat="42.93137" lon="1.36881">
        <ele>1405.0</ele>
      </trkpt>
      <trkpt lat="42.9313" lon="1.36894">
        <ele>1404.0</ele>
      </trkpt>
      <trkpt lat="42.93123" lon="1.36901">
        <ele>1403.0</ele>
      </trkpt>
      <trkpt lat="42.93112" lon="1.369">
        <ele>1404.0</ele>
      </trkpt>
      <trkpt lat="42.93097" lon="1.36891">
        <ele>1405.0</ele>
      </trkpt>
      <trkpt lat="42.93081" lon="1.36885">
        <ele>1407.0</ele>
      </trkpt>
      <trkpt lat="42.93071" lon="1.36884">
        <ele>1408.0</ele>
      </trkpt>
      <trkpt lat="42.93062" lon="1.36884">
        <ele>1409.0</ele>
      </trkpt>
      <trkpt lat="42.9303" lon="1.369">
        <ele>1408.0</ele>
      </trkpt>
      <trkpt lat="42.92985" lon="1.36933">
        <ele>1405.0</ele>
      </trkpt>
      <trkpt lat="42.92974" lon="1.36943">
        <ele>1405.0</ele>
      </trkpt>
      <trkpt lat="42.9296" lon="1.36962">
        <ele>1404.0</ele>
      </trkpt>
      <trkpt lat="42.92953" lon="1.3697">
        <ele>1403.0</ele>
      </trkpt>
      <trkpt lat="42.92937" lon="1.36984">
        <ele>1403.0</ele>
      </trkpt>
      <trkpt lat="42.92918" lon="1.36997">
        <ele>1403.0</ele>
      </trkpt>
      <trkpt lat="42.92905" lon="1.37014">
        <ele>1401.0</ele>
      </trkpt>
      <trkpt lat="42.9289" lon="1.37036">
        <ele>1397.0</ele>
      </trkpt>
      <trkpt lat="42.9281" lon="1.37097">
        <ele>1390.0</ele>
      </trkpt>
      <trkpt lat="42.92793" lon="1.37106">
        <ele>1389.0</ele>
      </trkpt>
      <trkpt lat="42.92759" lon="1.37115">
        <ele>1390.0</ele>
      </trkpt>
      <trkpt lat="42.92738" lon="1.37124">
        <ele>1390.0</ele>
      </trkpt>
      <trkpt lat="42.92689" lon="1.37148">
        <ele>1389.0</ele>
      </trkpt>
      <trkpt lat="42.92669" lon="1.37162">
        <ele>1388.0</ele>
      </trkpt>
      <trkpt lat="42.92647" lon="1.37182">
        <ele>1385.0</ele>
      </trkpt>
      <trkpt lat="42.92578" lon="1.37263">
        <ele>1378.0</ele>
      </trkpt>
      <trkpt lat="42.92547" lon="1.37306">
        <ele>1373.0</ele>
      </trkpt>
      <trkpt lat="42.9254" lon="1.37348">
        <ele>1371.0</ele>
      </trkpt>
      <trkpt lat="42.92536" lon="1.37386">
        <ele>1366.0</ele>
      </trkpt>
      <trkpt lat="42.92532" lon="1.37401">
        <ele>1364.0</ele>
      </trkpt>
      <trkpt lat="42.92528" lon="1.37414">
        <ele>1363.0</ele>
      </trkpt>
      <trkpt lat="42.92522" lon="1.37421">
        <ele>1363.0</ele>
      </trkpt>
      <trkpt lat="42.92516" lon="1.37424">
        <ele>1364.0</ele>
      </trkpt>
      <trkpt lat="42.92509" lon="1.37425">
        <ele>1365.0</ele>
      </trkpt>
      <trkpt lat="42.92482" lon="1.37413">
        <ele>1367.0</ele>
      </trkpt>
      <trkpt lat="42.92434" lon="1.37398">
        <ele>1362.0</ele>
      </trkpt>
      <trkpt lat="42.92413" lon="1.37392">
        <ele>1359.0</ele>
      </trkpt>
      <trkpt lat="42.92337" lon="1.37375">
        <ele>1355.0</ele>
      </trkpt>
      <trkpt lat="42.92317" lon="1.37373">
        <ele>1353.0</ele>
      </trkpt>
      <trkpt lat="42.92297" lon="1.37374">
        <ele>1352.0</ele>
      </trkpt>
      <trkpt lat="42.92266" lon="1.37386">
        <ele>1353.0</ele>
      </trkpt>
      <trkpt lat="42.92246" lon="1.37396">
        <ele>1353.0</ele>
      </trkpt>
      <trkpt lat="42.92227" lon="1.37413">
        <ele>1351.0</ele>
      </trkpt>
      <trkpt lat="42.92211" lon="1.37431">
        <ele>1348.0</ele>
      </trkpt>
      <trkpt lat="42.92183" lon="1.37491">
        <ele>1349.0</ele>
      </trkpt>
      <trkpt lat="42.92144" lon="1.37586">
        <ele>1346.0</ele>
      </trkpt>
      <trkpt lat="42.92125" lon="1.37624">
        <ele>1343.0</ele>
      </trkpt>
      <trkpt lat="42.92109" lon="1.37643">
        <ele>1344.0</ele>
      </trkpt>
      <trkpt lat="42.92102" lon="1.3765">
        <ele>1345.0</ele>
      </trkpt>
      <trkpt lat="42.92086" lon="1.37664">
        <ele>1349.0</ele>
      </trkpt>
      <trkpt lat="42.92064" lon="1.37681">
        <ele>1346.0</ele>
      </trkpt>
      <trkpt lat="42.92045" lon="1.37704">
        <ele>1344.0</ele>
      </trkpt>
      <trkpt lat="42.92028" lon="1.37729">
        <ele>1345.0</ele>
      </trkpt>
      <trkpt lat="42.92009" lon="1.37762">
        <ele>1347.0</ele>
      </trkpt>
      <trkpt lat="42.91987" lon="1.37823">
        <ele>1351.0</ele>
      </trkpt>
      <trkpt lat="42.91972" lon="1.37849">
        <ele>1351.0</ele>
      </trkpt>
      <trkpt lat="42.91948" lon="1.3788">
        <ele>1352.0</ele>
      </trkpt>
      <trkpt lat="42.91926" lon="1.37909">
        <ele>1355.0</ele>
      </trkpt>
      <trkpt lat="42.9191" lon="1.37942">
        <ele>1356.0</ele>
      </trkpt>
      <trkpt lat="42.91902" lon="1.37961">
        <ele>1354.0</ele>
      </trkpt>
      <trkpt lat="42.91897" lon="1.37984">
        <ele>1353.0</ele>
      </trkpt>
      <trkpt lat="42.91896" lon="1.38006">
        <ele>1354.0</ele>
      </trkpt>
      <trkpt lat="42.91898" lon="1.38042">
        <ele>1355.0</ele>
      </trkpt>
      <trkpt lat="42.91902" lon="1.38077">
        <ele>1356.0</ele>
      </trkpt>
      <trkpt lat="42.91901" lon="1.38102">
        <ele>1355.0</ele>
      </trkpt>
      <trkpt lat="42.91898" lon="1.38139">
        <ele>1353.0</ele>
      </trkpt>
      <trkpt lat="42.91898" lon="1.38164">
        <ele>1353.0</ele>
      </trkpt>
      <trkpt lat="42.91901" lon="1.38196">
        <ele>1351.0</ele>
      </trkpt>
      <trkpt lat="42.91907" lon="1.38233">
        <ele>1349.0</ele>
      </trkpt>
      <trkpt lat="42.91912" lon="1.38335">
        <ele>1344.0</ele>
      </trkpt>
      <trkpt lat="42.91914" lon="1.38438">
        <ele>1347.0</ele>
      </trkpt>
      <trkpt lat="42.91915" lon="1.38489">
        <ele>1349.0</ele>
      </trkpt>
      <trkpt lat="42.91917" lon="1.38637">
        <ele>1363.0</ele>
      </trkpt>
      <trkpt lat="42.91915" lon="1.38669">
        <ele>1364.0</ele>
      </trkpt>
      <trkpt lat="42.91911" lon="1.38692">
        <ele>1365.0</ele>
      </trkpt>
      <trkpt lat="42.91905" lon="1.38711">
        <ele>1365.0</ele>
      </trkpt>
      <trkpt lat="42.91868" lon="1.38798">
        <ele>1360.0</ele>
      </trkpt>
      <trkpt lat="42.91862" lon="1.38819">
        <ele>1361.0</ele>
      </trkpt>
      <trkpt lat="42.91854" lon="1.38852">
        <ele>1362.0</ele>
      </trkpt>
      <trkpt lat="42.91842" lon="1.38905">
        <ele>1363.0</ele>
      </trkpt>
      <trkpt lat="42.9184" lon="1.38908">
        <ele>1364.0</ele>
      </trkpt>
      <trkpt lat="42.91834" lon="1.3891">
        <ele>1365.0</ele>
      </trkpt>
      <trkpt lat="42.91838" lon="1.38927">
        <ele>1365.0</ele>
      </trkpt>
      <trkpt lat="42.91852" lon="1.38978">
        <ele>1366.0</ele>
      </trkpt>
      <trkpt lat="42.91854" lon="1.39">
        <ele>1367.0</ele>
      </trkpt>
      <trkpt lat="42.91854" lon="1.39009">
        <ele>1367.0</ele>
      </trkpt>
      <trkpt lat="42.91852" lon="1.39018">
        <ele>1369.0</ele>
      </trkpt>
      <trkpt lat="42.9185" lon="1.39029">
        <ele>1370.0</ele>
      </trkpt>
      <trkpt lat="42.91842" lon="1.39056">
        <ele>1375.0</ele>
      </trkpt>
      <trkpt lat="42.91839" lon="1.39076">
        <ele>1377.0</ele>
      </trkpt>
      <trkpt lat="42.9184" lon="1.39097">
        <ele>1378.0</ele>
      </trkpt>
      <trkpt lat="42.91842" lon="1.3911">
        <ele>1378.0</ele>
      </trkpt>
      <trkpt lat="42.91861" lon="1.39157">
        <ele>1372.0</ele>
      </trkpt>
      <trkpt lat="42.91865" lon="1.39169">
        <ele>1371.0</ele>
      </trkpt>
      <trkpt lat="42.91868" lon="1.39184">
        <ele>1370.0</ele>
      </trkpt>
      <trkpt lat="42.9187" lon="1.392">
        <ele>1370.0</ele>
      </trkpt>
      <trkpt lat="42.9187" lon="1.39217">
        <ele>1371.0</ele>
      </trkpt>
      <trkpt lat="42.9187" lon="1.39266">
        <ele>1372.0</ele>
      </trkpt>
      <trkpt lat="42.91869" lon="1.393">
        <ele>1373.0</ele>
      </trkpt>
      <trkpt lat="42.91866" lon="1.3933">
        <ele>1374.0</ele>
      </trkpt>
      <trkpt lat="42.91862" lon="1.3936">
        <ele>1373.0</ele>
      </trkpt>
      <trkpt lat="42.91854" lon="1.39412">
        <ele>1370.0</ele>
      </trkpt>
      <trkpt lat="42.91851" lon="1.39423">
        <ele>1369.0</ele>
      </trkpt>
      <trkpt lat="42.91846" lon="1.39436">
        <ele>1368.0</ele>
      </trkpt>
      <trkpt lat="42.9184" lon="1.39445">
        <ele>1368.0</ele>
      </trkpt>
      <trkpt lat="42.91817" lon="1.39474">
        <ele>1373.0</ele>
      </trkpt>
      <trkpt lat="42.91806" lon="1.39489">
        <ele>1375.0</ele>
      </trkpt>
      <trkpt lat="42.918" lon="1.395">
        <ele>1377.0</ele>
      </trkpt>
      <trkpt lat="42.91795" lon="1.39513">
        <ele>1377.0</ele>
      </trkpt>
      <trkpt lat="42.91787" lon="1.39547">
        <ele>1375.0</ele>
      </trkpt>
      <trkpt lat="42.91783" lon="1.39565">
        <ele>1373.0</ele>
      </trkpt>
      <trkpt lat="42.9177" lon="1.39609">
        <ele>1375.0</ele>
      </trkpt>
      <trkpt lat="42.91766" lon="1.39627">
        <ele>1376.0</ele>
      </trkpt>
      <trkpt lat="42.91765" lon="1.39645">
        <ele>1374.0</ele>
      </trkpt>
      <trkpt lat="42.91764" lon="1.39671">
        <ele>1373.0</ele>
      </trkpt>
      <trkpt lat="42.91769" lon="1.39701">
        <ele>1371.0</ele>
      </trkpt>
      <trkpt lat="42.91772" lon="1.39733">
        <ele>1371.0</ele>
      </trkpt>
      <trkpt lat="42.91775" lon="1.3975">
        <ele>1370.0</ele>
      </trkpt>
      <trkpt lat="42.9178" lon="1.3977">
        <ele>1371.0</ele>
      </trkpt>
      <trkpt lat="42.91786" lon="1.39788">
        <ele>1371.0</ele>
      </trkpt>
      <trkpt lat="42.91806" lon="1.39832">
        <ele>1368.0</ele>
      </trkpt>
      <trkpt lat="42.91873" lon="1.39956">
        <ele>1359.0</ele>
      </trkpt>
      <trkpt lat="42.91881" lon="1.39972">
        <ele>1358.0</ele>
      </trkpt>
      <trkpt lat="42.91885" lon="1.39982">
        <ele>1358.0</ele>
      </trkpt>
      <trkpt lat="42.91889" lon="1.39998">
        <ele>1359.0</ele>
      </trkpt>
      <trkpt lat="42.91895" lon="1.40048">
        <ele>1362.0</ele>
      </trkpt>
      <trkpt lat="42.919" lon="1.40073">
        <ele>1362.0</ele>
      </trkpt>
      <trkpt lat="42.91905" lon="1.40091">
        <ele>1362.0</ele>
      </trkpt>
      <trkpt lat="42.91909" lon="1.40105">
        <ele>1361.0</ele>
      </trkpt>
      <trkpt lat="42.91948" lon="1.40206">
        <ele>1359.0</ele>
      </trkpt>
      <trkpt lat="42.91964" lon="1.40242">
        <ele>1359.0</ele>
      </trkpt>
      <trkpt lat="42.9197" lon="1.40256">
        <ele>1359.0</ele>
      </trkpt>
      <trkpt lat="42.91981" lon="1.40273">
        <ele>1356.0</ele>
      </trkpt>
      <trkpt lat="42.92014" lon="1.40315">
        <ele>1352.0</ele>
      </trkpt>
      <trkpt lat="42.92026" lon="1.40338">
        <ele>1355.0</ele>
      </trkpt>
      <trkpt lat="42.92035" lon="1.40359">
        <ele>1359.0</ele>
      </trkpt>
      <trkpt lat="42.92039" lon="1.40366">
        <ele>1360.0</ele>
      </trkpt>
      <trkpt lat="42.92043" lon="1.40369">
        <ele>1361.0</ele>
      </trkpt>
      <trkpt lat="42.92047" lon="1.40372">
        <ele>1361.0</ele>
      </trkpt>
      <trkpt lat="42.92054" lon="1.40375">
        <ele>1360.0</ele>
      </trkpt>
      <trkpt lat="42.92062" lon="1.40375">
        <ele>1359.0</ele>
      </trkpt>
      <trkpt lat="42.92088" lon="1.40371">
        <ele>1354.0</ele>
      </trkpt>
      <trkpt lat="42.92104" lon="1.40365">
        <ele>1356.0</ele>
      </trkpt>
      <trkpt lat="42.9211" lon="1.40361">
        <ele>1356.0</ele>
      </trkpt>
      <trkpt lat="42.92118" lon="1.40354">
        <ele>1356.0</ele>
      </trkpt>
      <trkpt lat="42.9213" lon="1.40337">
        <ele>1353.0</ele>
      </trkpt>
      <trkpt lat="42.92138" lon="1.40324">
        <ele>1351.0</ele>
      </trkpt>
      <trkpt lat="42.92142" lon="1.40316">
        <ele>1350.0</ele>
      </trkpt>
      <trkpt lat="42.92154" lon="1.40281">
        <ele>1344.0</ele>
      </trkpt>
      <trkpt lat="42.9216" lon="1.40269">
        <ele>1343.0</ele>
      </trkpt>
      <trkpt lat="42.92165" lon="1.40259">
        <ele>1342.0</ele>
      </trkpt>
      <trkpt lat="42.92227" lon="1.40167">
        <ele>1327.0</ele>
      </trkpt>
      <trkpt lat="42.92234" lon="1.40158">
        <ele>1326.0</ele>
      </trkpt>
      <trkpt lat="42.92239" lon="1.40154">
        <ele>1326.0</ele>
      </trkpt>
      <trkpt lat="42.92244" lon="1.40152">
        <ele>1327.0</ele>
      </trkpt>
      <trkpt lat="42.92248" lon="1.40152">
        <ele>1328.0</ele>
      </trkpt>
      <trkpt lat="42.92255" lon="1.40155">
        <ele>1328.0</ele>
      </trkpt>
      <trkpt lat="42.92257" lon="1.40152">
        <ele>1326.0</ele>
      </trkpt>
      <trkpt lat="42.92261" lon="1.40152">
        <ele>1325.0</ele>
      </trkpt>
      <trkpt lat="42.92265" lon="1.40157">
        <ele>1325.0</ele>
      </trkpt>
      <trkpt lat="42.92267" lon="1.40162">
        <ele>1325.0</ele>
      </trkpt>
      <trkpt lat="42.92276" lon="1.40187">
        <ele>1328.0</ele>
      </trkpt>
      <trkpt lat="42.92285" lon="1.40208">
        <ele>1330.0</ele>
      </trkpt>
      <trkpt lat="42.92293" lon="1.40223">
        <ele>1330.0</ele>
      </trkpt>
      <trkpt lat="42.92313" lon="1.40258">
        <ele>1330.0</ele>
      </trkpt>
      <trkpt lat="42.92331" lon="1.40285">
        <ele>1331.0</ele>
      </trkpt>
      <trkpt lat="42.92344" lon="1.40304">
        <ele>1330.0</ele>
      </trkpt>
      <trkpt lat="42.92354" lon="1.40316">
        <ele>1330.0</ele>
      </trkpt>
      <trkpt lat="42.92384" lon="1.40345">
        <ele>1326.0</ele>
      </trkpt>
      <trkpt lat="42.92401" lon="1.40358">
        <ele>1323.0</ele>
      </trkpt>
      <trkpt lat="42.9244" lon="1.40381">
        <ele>1312.0</ele>
      </trkpt>
      <trkpt lat="42.92452" lon="1.40391">
        <ele>1309.0</ele>
      </trkpt>
      <trkpt lat="42.92459" lon="1.404">
        <ele>1308.0</ele>
      </trkpt>
      <trkpt lat="42.92468" lon="1.40414">
        <ele>1308.0</ele>
      </trkpt>
      <trkpt lat="42.92477" lon="1.40435">
        <ele>1309.0</ele>
      </trkpt>
      <trkpt lat="42.92484" lon="1.40448">
        <ele>1309.0</ele>
      </trkpt>
      <trkpt lat="42.92494" lon="1.40462">
        <ele>1307.0</ele>
      </trkpt>
      <trkpt lat="42.92516" lon="1.4049">
        <ele>1308.0</ele>
      </trkpt>
      <trkpt lat="42.92531" lon="1.40511">
        <ele>1314.0</ele>
      </trkpt>
      <trkpt lat="42.92538" lon="1.40514">
        <ele>1314.0</ele>
      </trkpt>
      <trkpt lat="42.92541" lon="1.40513">
        <ele>1314.0</ele>
      </trkpt>
      <trkpt lat="42.92545" lon="1.40511">
        <ele>1312.0</ele>
      </trkpt>
      <trkpt lat="42.9256" lon="1.40496">
        <ele>1304.0</ele>
      </trkpt>
      <trkpt lat="42.92567" lon="1.4049">
        <ele>1300.0</ele>
      </trkpt>
      <trkpt lat="42.92603" lon="1.40471">
        <ele>1293.0</ele>
      </trkpt>
      <trkpt lat="42.92623" lon="1.40457">
        <ele>1291.0</ele>
      </trkpt>
      <trkpt lat="42.92632" lon="1.40448">
        <ele>1288.0</ele>
      </trkpt>
      <trkpt lat="42.92639" lon="1.40438">
        <ele>1285.0</ele>
      </trkpt>
      <trkpt lat="42.92661" lon="1.40405">
        <ele>1273.0</ele>
      </trkpt>
      <trkpt lat="42.92668" lon="1.40399">
        <ele>1272.0</ele>
      </trkpt>
      <trkpt lat="42.92678" lon="1.40395">
        <ele>1270.0</ele>
      </trkpt>
      <trkpt lat="42.92691" lon="1.40394">
        <ele>1270.0</ele>
      </trkpt>
      <trkpt lat="42.92707" lon="1.40395">
        <ele>1271.0</ele>
      </trkpt>
      <trkpt lat="42.92757" lon="1.40406">
        <ele>1275.0</ele>
      </trkpt>
      <trkpt lat="42.92774" lon="1.40408">
        <ele>1274.0</ele>
      </trkpt>
      <trkpt lat="42.92807" lon="1.40408">
        <ele>1269.0</ele>
      </trkpt>
      <trkpt lat="42.92846" lon="1.40405">
        <ele>1261.0</ele>
      </trkpt>
      <trkpt lat="42.92885" lon="1.40405">
        <ele>1255.0</ele>
      </trkpt>
      <trkpt lat="42.92909" lon="1.40408">
        <ele>1252.0</ele>
      </trkpt>
      <trkpt lat="42.92917" lon="1.4041">
        <ele>1252.0</ele>
      </trkpt>
      <trkpt lat="42.92926" lon="1.40413">
        <ele>1251.0</ele>
      </trkpt>
      <trkpt lat="42.92935" lon="1.40419">
        <ele>1252.0</ele>
      </trkpt>
      <trkpt lat="42.92941" lon="1.40425">
        <ele>1252.0</ele>
      </trkpt>
      <trkpt lat="42.92948" lon="1.40433">
        <ele>1253.0</ele>
      </trkpt>
      <trkpt lat="42.92952" lon="1.40443">
        <ele>1255.0</ele>
      </trkpt>
      <trkpt lat="42.92955" lon="1.40454">
        <ele>1258.0</ele>
      </trkpt>
      <trkpt lat="42.92958" lon="1.40458">
        <ele>1258.0</ele>
      </trkpt>
      <trkpt lat="42.9296" lon="1.40461">
        <ele>1259.0</ele>
      </trkpt>
      <trkpt lat="42.92967" lon="1.40463">
        <ele>1259.0</ele>
      </trkpt>
      <trkpt lat="42.92973" lon="1.40462">
        <ele>1258.0</ele>
      </trkpt>
      <trkpt lat="42.93001" lon="1.40448">
        <ele>1250.0</ele>
      </trkpt>
      <trkpt lat="42.93014" lon="1.40436">
        <ele>1245.0</ele>
      </trkpt>
      <trkpt lat="42.93031" lon="1.40413">
        <ele>1238.0</ele>
      </trkpt>
      <trkpt lat="42.93039" lon="1.40409">
        <ele>1237.0</ele>
      </trkpt>
      <trkpt lat="42.93046" lon="1.40409">
        <ele>1236.0</ele>
      </trkpt>
      <trkpt lat="42.93065" lon="1.4042">
        <ele>1238.0</ele>
      </trkpt>
      <trkpt lat="42.93094" lon="1.40433">
        <ele>1239.0</ele>
      </trkpt>
      <trkpt lat="42.93156" lon="1.40457">
        <ele>1234.0</ele>
      </trkpt>
      <trkpt lat="42.93171" lon="1.4046">
        <ele>1232.0</ele>
      </trkpt>
      <trkpt lat="42.93223" lon="1.40476">
        <ele>1234.0</ele>
      </trkpt>
      <trkpt lat="42.9323" lon="1.40475">
        <ele>1233.0</ele>
      </trkpt>
      <trkpt lat="42.93235" lon="1.40473">
        <ele>1232.0</ele>
      </trkpt>
      <trkpt lat="42.93239" lon="1.4047">
        <ele>1231.0</ele>
      </trkpt>
      <trkpt lat="42.93256" lon="1.40447">
        <ele>1221.0</ele>
      </trkpt>
      <trkpt lat="42.93271" lon="1.40428">
        <ele>1216.0</ele>
      </trkpt>
      <trkpt lat="42.93283" lon="1.40416">
        <ele>1214.0</ele>
      </trkpt>
      <trkpt lat="42.93299" lon="1.40402">
        <ele>1212.0</ele>
      </trkpt>
      <trkpt lat="42.93311" lon="1.40395">
        <ele>1212.0</ele>
      </trkpt>
      <trkpt lat="42.93327" lon="1.40389">
        <ele>1214.0</ele>
      </trkpt>
      <trkpt lat="42.93352" lon="1.40382">
        <ele>1220.0</ele>
      </trkpt>
      <trkpt lat="42.93358" lon="1.40376">
        <ele>1220.0</ele>
      </trkpt>
      <trkpt lat="42.93362" lon="1.40371">
        <ele>1220.0</ele>
      </trkpt>
      <trkpt lat="42.93364" lon="1.40363">
        <ele>1218.0</ele>
      </trkpt>
      <trkpt lat="42.93365" lon="1.40352">
        <ele>1214.0</ele>
      </trkpt>
      <trkpt lat="42.93366" lon="1.40337">
        <ele>1209.0</ele>
      </trkpt>
      <trkpt lat="42.93364" lon="1.40308">
        <ele>1200.0</ele>
      </trkpt>
      <trkpt lat="42.93365" lon="1.40294">
        <ele>1196.0</ele>
      </trkpt>
      <trkpt lat="42.93367" lon="1.40283">
        <ele>1193.0</ele>
      </trkpt>
      <trkpt lat="42.93373" lon="1.40269">
        <ele>1192.0</ele>
      </trkpt>
      <trkpt lat="42.93379" lon="1.4026">
        <ele>1192.0</ele>
      </trkpt>
      <trkpt lat="42.93394" lon="1.40242">
        <ele>1193.0</ele>
      </trkpt>
      <trkpt lat="42.93458" lon="1.40171">
        <ele>1188.0</ele>
      </trkpt>
      <trkpt lat="42.93468" lon="1.40156">
        <ele>1185.0</ele>
      </trkpt>
      <trkpt lat="42.93476" lon="1.40143">
        <ele>1183.0</ele>
      </trkpt>
      <trkpt lat="42.93501" lon="1.40093">
        <ele>1175.0</ele>
      </trkpt>
      <trkpt lat="42.93507" lon="1.40086">
        <ele>1172.0</ele>
      </trkpt>
      <trkpt lat="42.93513" lon="1.40081">
        <ele>1171.0</ele>
      </trkpt>
      <trkpt lat="42.93518" lon="1.40079">
        <ele>1170.0</ele>
      </trkpt>
      <trkpt lat="42.93523" lon="1.40079">
        <ele>1170.0</ele>
      </trkpt>
      <trkpt lat="42.93535" lon="1.40083">
        <ele>1170.0</ele>
      </trkpt>
      <trkpt lat="42.9356" lon="1.40099">
        <ele>1173.0</ele>
      </trkpt>
      <trkpt lat="42.93582" lon="1.40114">
        <ele>1177.0</ele>
      </trkpt>
      <trkpt lat="42.93616" lon="1.40129">
        <ele>1172.0</ele>
      </trkpt>
      <trkpt lat="42.9366" lon="1.40149">
        <ele>1168.0</ele>
      </trkpt>
      <trkpt lat="42.93708" lon="1.40176">
        <ele>1162.0</ele>
      </trkpt>
      <trkpt lat="42.93722" lon="1.40187">
        <ele>1160.0</ele>
      </trkpt>
      <trkpt lat="42.93737" lon="1.40202">
        <ele>1159.0</ele>
      </trkpt>
      <trkpt lat="42.93744" lon="1.40212">
        <ele>1159.0</ele>
      </trkpt>
      <trkpt lat="42.93751" lon="1.40226">
        <ele>1160.0</ele>
      </trkpt>
      <trkpt lat="42.93774" lon="1.40278">
        <ele>1160.0</ele>
      </trkpt>
      <trkpt lat="42.93795" lon="1.40322">
        <ele>1159.0</ele>
      </trkpt>
      <trkpt lat="42.93807" lon="1.40351">
        <ele>1162.0</ele>
      </trkpt>
      <trkpt lat="42.93809" lon="1.40355">
        <ele>1162.0</ele>
      </trkpt>
      <trkpt lat="42.93817" lon="1.40359">
        <ele>1160.0</ele>
      </trkpt>
      <trkpt lat="42.93822" lon="1.40359">
        <ele>1158.0</ele>
      </trkpt>
      <trkpt lat="42.93848" lon="1.40356">
        <ele>1151.0</ele>
      </trkpt>
      <trkpt lat="42.93869" lon="1.40358">
        <ele>1150.0</ele>
      </trkpt>
      <trkpt lat="42.93875" lon="1.40359">
        <ele>1150.0</ele>
      </trkpt>
      <trkpt lat="42.93896" lon="1.40368">
        <ele>1152.0</ele>
      </trkpt>
      <trkpt lat="42.939" lon="1.40367">
        <ele>1151.0</ele>
      </trkpt>
      <trkpt lat="42.93913" lon="1.40359">
        <ele>1147.0</ele>
      </trkpt>
      <trkpt lat="42.93925" lon="1.40349">
        <ele>1145.0</ele>
      </trkpt>
      <trkpt lat="42.93936" lon="1.40338">
        <ele>1144.0</ele>
      </trkpt>
      <trkpt lat="42.9394" lon="1.40331">
        <ele>1142.0</ele>
      </trkpt>
      <trkpt lat="42.93945" lon="1.40321">
        <ele>1140.0</ele>
      </trkpt>
      <trkpt lat="42.9395" lon="1.40309">
        <ele>1137.0</ele>
      </trkpt>
      <trkpt lat="42.93966" lon="1.40254">
        <ele>1122.0</ele>
      </trkpt>
      <trkpt lat="42.93972" lon="1.40247">
        <ele>1121.0</ele>
      </trkpt>
      <trkpt lat="42.93978" lon="1.40242">
        <ele>1121.0</ele>
      </trkpt>
      <trkpt lat="42.93986" lon="1.40236">
        <ele>1121.0</ele>
      </trkpt>
      <trkpt lat="42.94002" lon="1.4023">
        <ele>1122.0</ele>
      </trkpt>
      <trkpt lat="42.9402" lon="1.40227">
        <ele>1120.0</ele>
      </trkpt>
      <trkpt lat="42.94028" lon="1.40227">
        <ele>1119.0</ele>
      </trkpt>
      <trkpt lat="42.94043" lon="1.40229">
        <ele>1118.0</ele>
      </trkpt>
      <trkpt lat="42.94057" lon="1.40237">
        <ele>1119.0</ele>
      </trkpt>
      <trkpt lat="42.94064" lon="1.40243">
        <ele>1121.0</ele>
      </trkpt>
      <trkpt lat="42.94068" lon="1.40244">
        <ele>1121.0</ele>
      </trkpt>
      <trkpt lat="42.94071" lon="1.40245">
        <ele>1121.0</ele>
      </trkpt>
      <trkpt lat="42.94075" lon="1.40242">
        <ele>1119.0</ele>
      </trkpt>
      <trkpt lat="42.94076" lon="1.40238">
        <ele>1118.0</ele>
      </trkpt>
      <trkpt lat="42.94076" lon="1.40235">
        <ele>1117.0</ele>
      </trkpt>
      <trkpt lat="42.94075" lon="1.40231">
        <ele>1116.0</ele>
      </trkpt>
      <trkpt lat="42.94073" lon="1.40228">
        <ele>1115.0</ele>
      </trkpt>
      <trkpt lat="42.94068" lon="1.40224">
        <ele>1115.0</ele>
      </trkpt>
      <trkpt lat="42.94046" lon="1.40207">
        <ele>1111.0</ele>
      </trkpt>
      <trkpt lat="42.94033" lon="1.40198">
        <ele>1110.0</ele>
      </trkpt>
      <trkpt lat="42.94023" lon="1.40193">
        <ele>1109.0</ele>
      </trkpt>
      <trkpt lat="42.94006" lon="1.40186">
        <ele>1109.0</ele>
      </trkpt>
      <trkpt lat="42.93997" lon="1.40184">
        <ele>1108.0</ele>
      </trkpt>
      <trkpt lat="42.9399" lon="1.40184">
        <ele>1107.0</ele>
      </trkpt>
      <trkpt lat="42.93975" lon="1.40188">
        <ele>1105.0</ele>
      </trkpt>
      <trkpt lat="42.9396" lon="1.40195">
        <ele>1105.0</ele>
      </trkpt>
      <trkpt lat="42.93957" lon="1.40195">
        <ele>1104.0</ele>
      </trkpt>
      <trkpt lat="42.93953" lon="1.40193">
        <ele>1103.0</ele>
      </trkpt>
      <trkpt lat="42.93952" lon="1.40187">
        <ele>1101.0</ele>
      </trkpt>
      <trkpt lat="42.93953" lon="1.40182">
        <ele>1100.0</ele>
      </trkpt>
      <trkpt lat="42.93954" lon="1.40179">
        <ele>1099.0</ele>
      </trkpt>
      <trkpt lat="42.93962" lon="1.40173">
        <ele>1099.0</ele>
      </trkpt>
      <trkpt lat="42.93989" lon="1.40161">
        <ele>1100.0</ele>
      </trkpt>
      <trkpt lat="42.94003" lon="1.40156">
        <ele>1100.0</ele>
      </trkpt>
      <trkpt lat="42.94021" lon="1.40154">
        <ele>1098.0</ele>
      </trkpt>
      <trkpt lat="42.94039" lon="1.40154">
        <ele>1096.0</ele>
      </trkpt>
      <trkpt lat="42.94064" lon="1.4016">
        <ele>1096.0</ele>
      </trkpt>
      <trkpt lat="42.94074" lon="1.40165">
        <ele>1096.0</ele>
      </trkpt>
      <trkpt lat="42.94088" lon="1.40174">
        <ele>1097.0</ele>
      </trkpt>
      <trkpt lat="42.9411" lon="1.40195">
        <ele>1098.0</ele>
      </trkpt>
      <trkpt lat="42.94151" lon="1.40237">
        <ele>1100.0</ele>
      </trkpt>
      <trkpt lat="42.94162" lon="1.40247">
        <ele>1100.0</ele>
      </trkpt>
      <trkpt lat="42.94173" lon="1.40253">
        <ele>1102.0</ele>
      </trkpt>
      <trkpt lat="42.94178" lon="1.40255">
        <ele>1103.0</ele>
      </trkpt>
      <trkpt lat="42.94184" lon="1.40255">
        <ele>1104.0</ele>
      </trkpt>
      <trkpt lat="42.9419" lon="1.40254">
        <ele>1104.0</ele>
      </trkpt>
      <trkpt lat="42.94197" lon="1.4025">
        <ele>1104.0</ele>
      </trkpt>
      <trkpt lat="42.94202" lon="1.40246">
        <ele>1104.0</ele>
      </trkpt>
      <trkpt lat="42.94206" lon="1.4024">
        <ele>1104.0</ele>
      </trkpt>
      <trkpt lat="42.9421" lon="1.40227">
        <ele>1102.0</ele>
      </trkpt>
      <trkpt lat="42.9421" lon="1.40217">
        <ele>1100.0</ele>
      </trkpt>
      <trkpt lat="42.94206" lon="1.40183">
        <ele>1093.0</ele>
      </trkpt>
      <trkpt lat="42.94205" lon="1.40167">
        <ele>1089.0</ele>
      </trkpt>
      <trkpt lat="42.94206" lon="1.40152">
        <ele>1086.0</ele>
      </trkpt>
      <trkpt lat="42.9421" lon="1.40111">
        <ele>1079.0</ele>
      </trkpt>
      <trkpt lat="42.94214" lon="1.40093">
        <ele>1076.0</ele>
      </trkpt>
      <trkpt lat="42.94222" lon="1.40069">
        <ele>1074.0</ele>
      </trkpt>
      <trkpt lat="42.94226" lon="1.40058">
        <ele>1073.0</ele>
      </trkpt>
      <trkpt lat="42.94253" lon="1.40009">
        <ele>1075.0</ele>
      </trkpt>
      <trkpt lat="42.94256" lon="1.39996">
        <ele>1076.0</ele>
      </trkpt>
      <trkpt lat="42.94256" lon="1.3999">
        <ele>1076.0</ele>
      </trkpt>
      <trkpt lat="42.94255" lon="1.39982">
        <ele>1076.0</ele>
      </trkpt>
      <trkpt lat="42.9425" lon="1.39969">
        <ele>1073.0</ele>
      </trkpt>
      <trkpt lat="42.94241" lon="1.39954">
        <ele>1070.0</ele>
      </trkpt>
      <trkpt lat="42.94229" lon="1.39927">
        <ele>1065.0</ele>
      </trkpt>
      <trkpt lat="42.94203" lon="1.3984">
        <ele>1061.0</ele>
      </trkpt>
      <trkpt lat="42.94191" lon="1.39808">
        <ele>1057.0</ele>
      </trkpt>
      <trkpt lat="42.9418" lon="1.39787">
        <ele>1053.0</ele>
      </trkpt>
      <trkpt lat="42.94171" lon="1.39773">
        <ele>1049.0</ele>
      </trkpt>
      <trkpt lat="42.9416" lon="1.39761">
        <ele>1045.0</ele>
      </trkpt>
      <trkpt lat="42.94137" lon="1.39739">
        <ele>1035.0</ele>
      </trkpt>
      <trkpt lat="42.94132" lon="1.39731">
        <ele>1033.0</ele>
      </trkpt>
      <trkpt lat="42.9413" lon="1.39723">
        <ele>1032.0</ele>
      </trkpt>
      <trkpt lat="42.94129" lon="1.39714">
        <ele>1031.0</ele>
      </trkpt>
      <trkpt lat="42.94129" lon="1.39705">
        <ele>1030.0</ele>
      </trkpt>
      <trkpt lat="42.94131" lon="1.39695">
        <ele>1031.0</ele>
      </trkpt>
      <trkpt lat="42.94142" lon="1.39655">
        <ele>1032.0</ele>
      </trkpt>
      <trkpt lat="42.94156" lon="1.39626">
        <ele>1031.0</ele>
      </trkpt>
      <trkpt lat="42.94161" lon="1.39616">
        <ele>1031.0</ele>
      </trkpt>
      <trkpt lat="42.94171" lon="1.39603">
        <ele>1032.0</ele>
      </trkpt>
      <trkpt lat="42.94189" lon="1.39582">
        <ele>1032.0</ele>
      </trkpt>
      <trkpt lat="42.94203" lon="1.39568">
        <ele>1031.0</ele>
      </trkpt>
      <trkpt lat="42.94225" lon="1.3955">
        <ele>1031.0</ele>
      </trkpt>
      <trkpt lat="42.94277" lon="1.39511">
        <ele>1035.0</ele>
      </trkpt>
      <trkpt lat="42.94282" lon="1.39506">
        <ele>1036.0</ele>
      </trkpt>
      <trkpt lat="42.94285" lon="1.395">
        <ele>1035.0</ele>
      </trkpt>
      <trkpt lat="42.94287" lon="1.39489">
        <ele>1034.0</ele>
      </trkpt>
      <trkpt lat="42.94287" lon="1.3948">
        <ele>1032.0</ele>
      </trkpt>
      <trkpt lat="42.94281" lon="1.39426">
        <ele>1019.0</ele>
      </trkpt>
      <trkpt lat="42.94281" lon="1.39413">
        <ele>1017.0</ele>
      </trkpt>
      <trkpt lat="42.94284" lon="1.39391">
        <ele>1012.0</ele>
      </trkpt>
      <trkpt lat="42.94287" lon="1.39379">
        <ele>1011.0</ele>
      </trkpt>
      <trkpt lat="42.94299" lon="1.39346">
        <ele>1010.0</ele>
      </trkpt>
      <trkpt lat="42.94309" lon="1.39305">
        <ele>1004.0</ele>
      </trkpt>
      <trkpt lat="42.94318" lon="1.3928">
        <ele>1001.0</ele>
      </trkpt>
      <trkpt lat="42.94345" lon="1.39228">
        <ele>999.0</ele>
      </trkpt>
      <trkpt lat="42.94366" lon="1.39191">
        <ele>999.0</ele>
      </trkpt>
      <trkpt lat="42.94398" lon="1.39145">
        <ele>1000.0</ele>
      </trkpt>
      <trkpt lat="42.9443" lon="1.39091">
        <ele>1001.0</ele>
      </trkpt>
      <trkpt lat="42.94442" lon="1.39065">
        <ele>1002.0</ele>
      </trkpt>
      <trkpt lat="42.94444" lon="1.39058">
        <ele>1001.0</ele>
      </trkpt>
      <trkpt lat="42.94443" lon="1.39054">
        <ele>1000.0</ele>
      </trkpt>
      <trkpt lat="42.94442" lon="1.3905">
        <ele>999.0</ele>
      </trkpt>
      <trkpt lat="42.94431" lon="1.39031">
        <ele>992.0</ele>
      </trkpt>
      <trkpt lat="42.9443" lon="1.39025">
        <ele>990.0</ele>
      </trkpt>
      <trkpt lat="42.9443" lon="1.39019">
        <ele>989.0</ele>
      </trkpt>
      <trkpt lat="42.94431" lon="1.39012">
        <ele>989.0</ele>
      </trkpt>
      <trkpt lat="42.94433" lon="1.39004">
        <ele>988.0</ele>
      </trkpt>
      <trkpt lat="42.94438" lon="1.38993">
        <ele>988.0</ele>
      </trkpt>
      <trkpt lat="42.94446" lon="1.38979">
        <ele>988.0</ele>
      </trkpt>
      <trkpt lat="42.94462" lon="1.38956">
        <ele>990.0</ele>
      </trkpt>
      <trkpt lat="42.94468" lon="1.38946">
        <ele>991.0</ele>
      </trkpt>
      <trkpt lat="42.9447" lon="1.38941">
        <ele>990.0</ele>
      </trkpt>
      <trkpt lat="42.94472" lon="1.38932">
        <ele>989.0</ele>
      </trkpt>
      <trkpt lat="42.94472" lon="1.38924">
        <ele>988.0</ele>
      </trkpt>
      <trkpt lat="42.94471" lon="1.3889">
        <ele>978.0</ele>
      </trkpt>
      <trkpt lat="42.94472" lon="1.38879">
        <ele>975.0</ele>
      </trkpt>
      <trkpt lat="42.94475" lon="1.38865">
        <ele>973.0</ele>
      </trkpt>
      <trkpt lat="42.94496" lon="1.38801">
        <ele>965.0</ele>
      </trkpt>
      <trkpt lat="42.94502" lon="1.38785">
        <ele>964.0</ele>
      </trkpt>
      <trkpt lat="42.94509" lon="1.3877">
        <ele>962.0</ele>
      </trkpt>
      <trkpt lat="42.94523" lon="1.38748">
        <ele>961.0</ele>
      </trkpt>
      <trkpt lat="42.94535" lon="1.38736">
        <ele>962.0</ele>
      </trkpt>
      <trkpt lat="42.94566" lon="1.38706">
        <ele>961.0</ele>
      </trkpt>
      <trkpt lat="42.94592" lon="1.38683">
        <ele>958.0</ele>
      </trkpt>
      <trkpt lat="42.94609" lon="1.38669">
        <ele>954.0</ele>
      </trkpt>
      <trkpt lat="42.94618" lon="1.38664">
        <ele>953.0</ele>
      </trkpt>
      <trkpt lat="42.94625" lon="1.38661">
        <ele>953.0</ele>
      </trkpt>
      <trkpt lat="42.94652" lon="1.38657">
        <ele>954.0</ele>
      </trkpt>
      <trkpt lat="42.94677" lon="1.38656">
        <ele>955.0</ele>
      </trkpt>
      <trkpt lat="42.94701" lon="1.38657">
        <ele>953.0</ele>
      </trkpt>
      <trkpt lat="42.9472" lon="1.3866">
        <ele>953.0</ele>
      </trkpt>
      <trkpt lat="42.94727" lon="1.38662">
        <ele>954.0</ele>
      </trkpt>
      <trkpt lat="42.94745" lon="1.38674">
        <ele>958.0</ele>
      </trkpt>
      <trkpt lat="42.94753" lon="1.38676">
        <ele>958.0</ele>
      </trkpt>
      <trkpt lat="42.94779" lon="1.38681">
        <ele>955.0</ele>
      </trkpt>
      <trkpt lat="42.94828" lon="1.38697">
        <ele>952.0</ele>
      </trkpt>
      <trkpt lat="42.94837" lon="1.38699">
        <ele>951.0</ele>
      </trkpt>
      <trkpt lat="42.94862" lon="1.387">
        <ele>950.0</ele>
      </trkpt>
      <trkpt lat="42.94888" lon="1.38697">
        <ele>947.0</ele>
      </trkpt>
      <trkpt lat="42.94901" lon="1.38693">
        <ele>945.0</ele>
      </trkpt>
      <trkpt lat="42.94921" lon="1.38684">
        <ele>941.0</ele>
      </trkpt>
      <trkpt lat="42.9498" lon="1.38649">
        <ele>931.0</ele>
      </trkpt>
      <trkpt lat="42.94992" lon="1.38647">
        <ele>931.0</ele>
      </trkpt>
      <trkpt lat="42.94998" lon="1.38648">
        <ele>932.0</ele>
      </trkpt>
      <trkpt lat="42.95002" lon="1.38652">
        <ele>932.0</ele>
      </trkpt>
      <trkpt lat="42.95007" lon="1.38657">
        <ele>931.0</ele>
      </trkpt>
      <trkpt lat="42.9501" lon="1.38664">
        <ele>931.0</ele>
      </trkpt>
      <trkpt lat="42.95016" lon="1.38687">
        <ele>932.0</ele>
      </trkpt>
      <trkpt lat="42.95025" lon="1.38736">
        <ele>934.0</ele>
      </trkpt>
      <trkpt lat="42.95034" lon="1.38781">
        <ele>934.0</ele>
      </trkpt>
      <trkpt lat="42.95037" lon="1.38808">
        <ele>934.0</ele>
      </trkpt>
      <trkpt lat="42.95046" lon="1.3887">
        <ele>933.0</ele>
      </trkpt>
      <trkpt lat="42.95056" lon="1.38923">
        <ele>930.0</ele>
      </trkpt>
      <trkpt lat="42.95058" lon="1.38936">
        <ele>929.0</ele>
      </trkpt>
      <trkpt lat="42.95059" lon="1.38951">
        <ele>928.0</ele>
      </trkpt>
      <trkpt lat="42.95059" lon="1.3896">
        <ele>928.0</ele>
      </trkpt>
      <trkpt lat="42.95057" lon="1.38975">
        <ele>929.0</ele>
      </trkpt>
      <trkpt lat="42.95047" lon="1.39007">
        <ele>935.0</ele>
      </trkpt>
      <trkpt lat="42.95045" lon="1.39018">
        <ele>937.0</ele>
      </trkpt>
      <trkpt lat="42.95044" lon="1.39033">
        <ele>939.0</ele>
      </trkpt>
      <trkpt lat="42.95045" lon="1.39039">
        <ele>939.0</ele>
      </trkpt>
      <trkpt lat="42.95047" lon="1.39047">
        <ele>939.0</ele>
      </trkpt>
      <trkpt lat="42.95054" lon="1.39065">
        <ele>938.0</ele>
      </trkpt>
      <trkpt lat="42.95059" lon="1.39073">
        <ele>937.0</ele>
      </trkpt>
      <trkpt lat="42.95066" lon="1.39083">
        <ele>935.0</ele>
      </trkpt>
      <trkpt lat="42.95077" lon="1.39094">
        <ele>931.0</ele>
      </trkpt>
      <trkpt lat="42.95081" lon="1.39096">
        <ele>930.0</ele>
      </trkpt>
      <trkpt lat="42.95087" lon="1.39097">
        <ele>929.0</ele>
      </trkpt>
      <trkpt lat="42.9509" lon="1.39096">
        <ele>930.0</ele>
      </trkpt>
      <trkpt lat="42.95093" lon="1.39092">
        <ele>930.0</ele>
      </trkpt>
      <trkpt lat="42.95095" lon="1.39088">
        <ele>929.0</ele>
      </trkpt>
      <trkpt lat="42.95096" lon="1.39082">
        <ele>929.0</ele>
      </trkpt>
      <trkpt lat="42.95098" lon="1.39068">
        <ele>926.0</ele>
      </trkpt>
      <trkpt lat="42.95102" lon="1.39054">
        <ele>924.0</ele>
      </trkpt>
      <trkpt lat="42.9514" lon="1.38994">
        <ele>917.0</ele>
      </trkpt>
      <trkpt lat="42.95148" lon="1.3898">
        <ele>915.0</ele>
      </trkpt>
      <trkpt lat="42.95153" lon="1.38969">
        <ele>914.0</ele>
      </trkpt>
      <trkpt lat="42.95157" lon="1.38951">
        <ele>910.0</ele>
      </trkpt>
      <trkpt lat="42.95158" lon="1.38943">
        <ele>909.0</ele>
      </trkpt>
      <trkpt lat="42.95158" lon="1.38935">
        <ele>907.0</ele>
      </trkpt>
      <trkpt lat="42.95155" lon="1.38911">
        <ele>903.0</ele>
      </trkpt>
      <trkpt lat="42.95158" lon="1.389">
        <ele>901.0</ele>
      </trkpt>
      <trkpt lat="42.95161" lon="1.38896">
        <ele>899.0</ele>
      </trkpt>
      <trkpt lat="42.95166" lon="1.3889">
        <ele>897.0</ele>
      </trkpt>
      <trkpt lat="42.95172" lon="1.38885">
        <ele>898.0</ele>
      </trkpt>
      <trkpt lat="42.9518" lon="1.38881">
        <ele>899.0</ele>
      </trkpt>
      <trkpt lat="42.952" lon="1.38873">
        <ele>902.0</ele>
      </trkpt>
      <trkpt lat="42.95213" lon="1.38863">
        <ele>903.0</ele>
      </trkpt>
      <trkpt lat="42.95229" lon="1.38838">
        <ele>900.0</ele>
      </trkpt>
      <trkpt lat="42.95247" lon="1.38798">
        <ele>892.0</ele>
      </trkpt>
      <trkpt lat="42.95271" lon="1.38753">
        <ele>889.0</ele>
      </trkpt>
      <trkpt lat="42.95284" lon="1.38731">
        <ele>888.0</ele>
      </trkpt>
      <trkpt lat="42.95301" lon="1.38709">
        <ele>887.0</ele>
      </trkpt>
      <trkpt lat="42.95313" lon="1.38694">
        <ele>887.0</ele>
      </trkpt>
      <trkpt lat="42.95327" lon="1.38681">
        <ele>888.0</ele>
      </trkpt>
      <trkpt lat="42.95348" lon="1.38658">
        <ele>888.0</ele>
      </trkpt>
      <trkpt lat="42.9541" lon="1.38578">
        <ele>881.0</ele>
      </trkpt>
      <trkpt lat="42.95423" lon="1.38563">
        <ele>878.0</ele>
      </trkpt>
      <trkpt lat="42.95437" lon="1.38548">
        <ele>874.0</ele>
      </trkpt>
      <trkpt lat="42.95451" lon="1.38541">
        <ele>872.0</ele>
      </trkpt>
      <trkpt lat="42.95456" lon="1.38541">
        <ele>873.0</ele>
      </trkpt>
      <trkpt lat="42.95461" lon="1.38542">
        <ele>873.0</ele>
      </trkpt>
      <trkpt lat="42.95466" lon="1.38544">
        <ele>874.0</ele>
      </trkpt>
      <trkpt lat="42.95473" lon="1.38551">
        <ele>876.0</ele>
      </trkpt>
      <trkpt lat="42.95484" lon="1.38564">
        <ele>880.0</ele>
      </trkpt>
      <trkpt lat="42.95508" lon="1.38588">
        <ele>885.0</ele>
      </trkpt>
      <trkpt lat="42.95523" lon="1.38602">
        <ele>884.0</ele>
      </trkpt>
      <trkpt lat="42.95588" lon="1.38657">
        <ele>879.0</ele>
      </trkpt>
      <trkpt lat="42.95614" lon="1.38681">
        <ele>876.0</ele>
      </trkpt>
      <trkpt lat="42.95619" lon="1.38688">
        <ele>875.0</ele>
      </trkpt>
      <trkpt lat="42.95634" lon="1.38718">
        <ele>877.0</ele>
      </trkpt>
      <trkpt lat="42.95644" lon="1.38734">
        <ele>877.0</ele>
      </trkpt>
      <trkpt lat="42.95657" lon="1.38749">
        <ele>874.0</ele>
      </trkpt>
      <trkpt lat="42.95667" lon="1.38759">
        <ele>873.0</ele>
      </trkpt>
      <trkpt lat="42.95706" lon="1.38792">
        <ele>869.0</ele>
      </trkpt>
      <trkpt lat="42.95727" lon="1.38805">
        <ele>865.0</ele>
      </trkpt>
      <trkpt lat="42.95751" lon="1.38822">
        <ele>861.0</ele>
      </trkpt>
      <trkpt lat="42.95761" lon="1.38833">
        <ele>860.0</ele>
      </trkpt>
      <trkpt lat="42.95769" lon="1.38844">
        <ele>859.0</ele>
      </trkpt>
      <trkpt lat="42.95776" lon="1.38857">
        <ele>859.0</ele>
      </trkpt>
      <trkpt lat="42.95785" lon="1.38878">
        <ele>858.0</ele>
      </trkpt>
      <trkpt lat="42.95804" lon="1.38935">
        <ele>857.0</ele>
      </trkpt>
      <trkpt lat="42.95826" lon="1.39032">
        <ele>845.0</ele>
      </trkpt>
      <trkpt lat="42.95827" lon="1.39045">
        <ele>844.0</ele>
      </trkpt>
      <trkpt lat="42.95828" lon="1.39055">
        <ele>842.0</ele>
      </trkpt>
      <trkpt lat="42.95825" lon="1.39069">
        <ele>843.0</ele>
      </trkpt>
      <trkpt lat="42.95823" lon="1.39079">
        <ele>844.0</ele>
      </trkpt>
      <trkpt lat="42.95794" lon="1.39166">
        <ele>859.0</ele>
      </trkpt>
      <trkpt lat="42.95793" lon="1.39173">
        <ele>861.0</ele>
      </trkpt>
      <trkpt lat="42.95794" lon="1.39179">
        <ele>862.0</ele>
      </trkpt>
      <trkpt lat="42.95796" lon="1.39185">
        <ele>862.0</ele>
      </trkpt>
      <trkpt lat="42.958" lon="1.3919">
        <ele>861.0</ele>
      </trkpt>
      <trkpt lat="42.95808" lon="1.39195">
        <ele>857.0</ele>
      </trkpt>
      <trkpt lat="42.95824" lon="1.39204">
        <ele>851.0</ele>
      </trkpt>
      <trkpt lat="42.95839" lon="1.3921">
        <ele>847.0</ele>
      </trkpt>
      <trkpt lat="42.95855" lon="1.39214">
        <ele>845.0</ele>
      </trkpt>
      <trkpt lat="42.95875" lon="1.39216">
        <ele>842.0</ele>
      </trkpt>
      <trkpt lat="42.95917" lon="1.39216">
        <ele>834.0</ele>
      </trkpt>
      <trkpt lat="42.9595" lon="1.39209">
        <ele>829.0</ele>
      </trkpt>
      <trkpt lat="42.95999" lon="1.39194">
        <ele>820.0</ele>
      </trkpt>
      <trkpt lat="42.96014" lon="1.39189">
        <ele>817.0</ele>
      </trkpt>
      <trkpt lat="42.96052" lon="1.39169">
        <ele>806.0</ele>
      </trkpt>
      <trkpt lat="42.96058" lon="1.39167">
        <ele>805.0</ele>
      </trkpt>
      <trkpt lat="42.96063" lon="1.39168">
        <ele>805.0</ele>
      </trkpt>
      <trkpt lat="42.96067" lon="1.3917">
        <ele>805.0</ele>
      </trkpt>
      <trkpt lat="42.96072" lon="1.39176">
        <ele>807.0</ele>
      </trkpt>
      <trkpt lat="42.96108" lon="1.39233">
        <ele>814.0</ele>
      </trkpt>
      <trkpt lat="42.9613" lon="1.39256">
        <ele>813.0</ele>
      </trkpt>
      <trkpt lat="42.96146" lon="1.39269">
        <ele>810.0</ele>
      </trkpt>
      <trkpt lat="42.96161" lon="1.39277">
        <ele>806.0</ele>
      </trkpt>
      <trkpt lat="42.96185" lon="1.39283">
        <ele>803.0</ele>
      </trkpt>
      <trkpt lat="42.96195" lon="1.39283">
        <ele>801.0</ele>
      </trkpt>
      <trkpt lat="42.96215" lon="1.39281">
        <ele>798.0</ele>
      </trkpt>
      <trkpt lat="42.96219" lon="1.39274">
        <ele>797.0</ele>
      </trkpt>
      <trkpt lat="42.96226" lon="1.39253">
        <ele>795.0</ele>
      </trkpt>
      <trkpt lat="42.96236" lon="1.39198">
        <ele>786.0</ele>
      </trkpt>
      <trkpt lat="42.9624" lon="1.39181">
        <ele>784.0</ele>
      </trkpt>
      <trkpt lat="42.96245" lon="1.39168">
        <ele>783.0</ele>
      </trkpt>
      <trkpt lat="42.96253" lon="1.39155">
        <ele>780.0</ele>
      </trkpt>
      <trkpt lat="42.96268" lon="1.39133">
        <ele>775.0</ele>
      </trkpt>
      <trkpt lat="42.96273" lon="1.3913">
        <ele>774.0</ele>
      </trkpt>
      <trkpt lat="42.96281" lon="1.39128">
        <ele>774.0</ele>
      </trkpt>
      <trkpt lat="42.96285" lon="1.39129">
        <ele>774.0</ele>
      </trkpt>
      <trkpt lat="42.96303" lon="1.39137">
        <ele>775.0</ele>
      </trkpt>
      <trkpt lat="42.96315" lon="1.3914">
        <ele>776.0</ele>
      </trkpt>
      <trkpt lat="42.96321" lon="1.39141">
        <ele>776.0</ele>
      </trkpt>
      <trkpt lat="42.96336" lon="1.39138">
        <ele>776.0</ele>
      </trkpt>
      <trkpt lat="42.96345" lon="1.39134">
        <ele>776.0</ele>
      </trkpt>
      <trkpt lat="42.9635" lon="1.39131">
        <ele>777.0</ele>
      </trkpt>
      <trkpt lat="42.96354" lon="1.39126">
        <ele>777.0</ele>
      </trkpt>
      <trkpt lat="42.96358" lon="1.39119">
        <ele>776.0</ele>
      </trkpt>
      <trkpt lat="42.9636" lon="1.3911">
        <ele>776.0</ele>
      </trkpt>
      <trkpt lat="42.96364" lon="1.39076">
        <ele>772.0</ele>
      </trkpt>
      <trkpt lat="42.96365" lon="1.39059">
        <ele>769.0</ele>
      </trkpt>
      <trkpt lat="42.96366" lon="1.39044">
        <ele>767.0</ele>
      </trkpt>
      <trkpt lat="42.96363" lon="1.38997">
        <ele>760.0</ele>
      </trkpt>
      <trkpt lat="42.96363" lon="1.38992">
        <ele>759.0</ele>
      </trkpt>
      <trkpt lat="42.96365" lon="1.38988">
        <ele>759.0</ele>
      </trkpt>
      <trkpt lat="42.96367" lon="1.38985">
        <ele>759.0</ele>
      </trkpt>
      <trkpt lat="42.96373" lon="1.38982">
        <ele>759.0</ele>
      </trkpt>
      <trkpt lat="42.96397" lon="1.38975">
        <ele>762.0</ele>
      </trkpt>
      <trkpt lat="42.96424" lon="1.38961">
        <ele>763.0</ele>
      </trkpt>
      <trkpt lat="42.9645" lon="1.38942">
        <ele>761.0</ele>
      </trkpt>
      <trkpt lat="42.9653" lon="1.38875">
        <ele>752.0</ele>
      </trkpt>
      <trkpt lat="42.96585" lon="1.38833">
        <ele>744.0</ele>
      </trkpt>
      <trkpt lat="42.96615" lon="1.38808">
        <ele>742.0</ele>
      </trkpt>
      <trkpt lat="42.96648" lon="1.38778">
        <ele>738.0</ele>
      </trkpt>
      <trkpt lat="42.9667" lon="1.38767">
        <ele>737.0</ele>
      </trkpt>
      <trkpt lat="42.96678" lon="1.38761">
        <ele>735.0</ele>
      </trkpt>
      <trkpt lat="42.96742" lon="1.38722">
        <ele>728.0</ele>
      </trkpt>
      <trkpt lat="42.96756" lon="1.38715">
        <ele>726.0</ele>
      </trkpt>
      <trkpt lat="42.96768" lon="1.38713">
        <ele>725.0</ele>
      </trkpt>
      <trkpt lat="42.96789" lon="1.38711">
        <ele>725.0</ele>
      </trkpt>
      <trkpt lat="42.96808" lon="1.38705">
        <ele>723.0</ele>
      </trkpt>
      <trkpt lat="42.96816" lon="1.38701">
        <ele>722.0</ele>
      </trkpt>
      <trkpt lat="42.96826" lon="1.38695">
        <ele>721.0</ele>
      </trkpt>
      <trkpt lat="42.96847" lon="1.38678">
        <ele>716.0</ele>
      </trkpt>
      <trkpt lat="42.96857" lon="1.38667">
        <ele>713.0</ele>
      </trkpt>
      <trkpt lat="42.96865" lon="1.38657">
        <ele>711.0</ele>
      </trkpt>
      <trkpt lat="42.96876" lon="1.38642">
        <ele>709.0</ele>
      </trkpt>
      <trkpt lat="42.96886" lon="1.38633">
        <ele>707.0</ele>
      </trkpt>
      <trkpt lat="42.96896" lon="1.3863">
        <ele>707.0</ele>
      </trkpt>
      <trkpt lat="42.96907" lon="1.3863">
        <ele>707.0</ele>
      </trkpt>
      <trkpt lat="42.96912" lon="1.38632">
        <ele>708.0</ele>
      </trkpt>
      <trkpt lat="42.96916" lon="1.38635">
        <ele>708.0</ele>
      </trkpt>
      <trkpt lat="42.96925" lon="1.38644">
        <ele>707.0</ele>
      </trkpt>
      <trkpt lat="42.96933" lon="1.38657">
        <ele>707.0</ele>
      </trkpt>
      <trkpt lat="42.9694" lon="1.38669">
        <ele>706.0</ele>
      </trkpt>
      <trkpt lat="42.96942" lon="1.38675">
        <ele>706.0</ele>
      </trkpt>
      <trkpt lat="42.96944" lon="1.38682">
        <ele>705.0</ele>
      </trkpt>
      <trkpt lat="42.96944" lon="1.38688">
        <ele>705.0</ele>
      </trkpt>
      <trkpt lat="42.96942" lon="1.3871">
        <ele>707.0</ele>
      </trkpt>
      <trkpt lat="42.96937" lon="1.3874">
        <ele>709.0</ele>
      </trkpt>
      <trkpt lat="42.96938" lon="1.38751">
        <ele>709.0</ele>
      </trkpt>
      <trkpt lat="42.9694" lon="1.38758">
        <ele>709.0</ele>
      </trkpt>
      <trkpt lat="42.9695" lon="1.38776">
        <ele>708.0</ele>
      </trkpt>
      <trkpt lat="42.96959" lon="1.38789">
        <ele>707.0</ele>
      </trkpt>
      <trkpt lat="42.96965" lon="1.38796">
        <ele>706.0</ele>
      </trkpt>
      <trkpt lat="42.9698" lon="1.38807">
        <ele>703.0</ele>
      </trkpt>
      <trkpt lat="42.97" lon="1.3882">
        <ele>699.0</ele>
      </trkpt>
      <trkpt lat="42.97036" lon="1.3885">
        <ele>695.0</ele>
      </trkpt>
      <trkpt lat="42.97052" lon="1.38859">
        <ele>694.0</ele>
      </trkpt>
      <trkpt lat="42.97068" lon="1.38865">
        <ele>691.0</ele>
      </trkpt>
      <trkpt lat="42.97081" lon="1.38868">
        <ele>689.0</ele>
      </trkpt>
      <trkpt lat="42.97098" lon="1.38874">
        <ele>687.0</ele>
      </trkpt>
      <trkpt lat="42.97132" lon="1.38891">
        <ele>685.0</ele>
      </trkpt>
      <trkpt lat="42.97135" lon="1.38891">
        <ele>684.0</ele>
      </trkpt>
      <trkpt lat="42.97145" lon="1.38887">
        <ele>682.0</ele>
      </trkpt>
      <trkpt lat="42.97192" lon="1.38856">
        <ele>671.0</ele>
      </trkpt>
      <trkpt lat="42.97197" lon="1.38854">
        <ele>670.0</ele>
      </trkpt>
      <trkpt lat="42.97202" lon="1.38853">
        <ele>669.0</ele>
      </trkpt>
      <trkpt lat="42.97206" lon="1.38854">
        <ele>669.0</ele>
      </trkpt>
      <trkpt lat="42.97209" lon="1.38856">
        <ele>668.0</ele>
      </trkpt>
      <trkpt lat="42.97211" lon="1.3886">
        <ele>668.0</ele>
      </trkpt>
      <trkpt lat="42.97214" lon="1.38865">
        <ele>668.0</ele>
      </trkpt>
      <trkpt lat="42.97215" lon="1.38872">
        <ele>668.0</ele>
      </trkpt>
      <trkpt lat="42.97215" lon="1.38886">
        <ele>668.0</ele>
      </trkpt>
      <trkpt lat="42.97195" lon="1.38958">
        <ele>672.0</ele>
      </trkpt>
      <trkpt lat="42.97192" lon="1.38966">
        <ele>672.0</ele>
      </trkpt>
      <trkpt lat="42.9718" lon="1.38987">
        <ele>674.0</ele>
      </trkpt>
      <trkpt lat="42.97179" lon="1.38993">
        <ele>674.0</ele>
      </trkpt>
      <trkpt lat="42.97178" lon="1.38998">
        <ele>673.0</ele>
      </trkpt>
      <trkpt lat="42.97178" lon="1.3901">
        <ele>674.0</ele>
      </trkpt>
      <trkpt lat="42.97181" lon="1.39018">
        <ele>674.0</ele>
      </trkpt>
      <trkpt lat="42.97186" lon="1.39032">
        <ele>673.0</ele>
      </trkpt>
      <trkpt lat="42.97194" lon="1.39047">
        <ele>673.0</ele>
      </trkpt>
      <trkpt lat="42.97206" lon="1.39065">
        <ele>673.0</ele>
      </trkpt>
      <trkpt lat="42.97211" lon="1.39071">
        <ele>672.0</ele>
      </trkpt>
      <trkpt lat="42.9722" lon="1.39076">
        <ele>672.0</ele>
      </trkpt>
      <trkpt lat="42.9723" lon="1.39078">
        <ele>671.0</ele>
      </trkpt>
      <trkpt lat="42.97235" lon="1.39078">
        <ele>670.0</ele>
      </trkpt>
      <trkpt lat="42.97241" lon="1.39075">
        <ele>669.0</ele>
      </trkpt>
      <trkpt lat="42.97252" lon="1.39067">
        <ele>666.0</ele>
      </trkpt>
      <trkpt lat="42.97274" lon="1.39039">
        <ele>660.0</ele>
      </trkpt>
      <trkpt lat="42.97283" lon="1.3903">
        <ele>658.0</ele>
      </trkpt>
      <trkpt lat="42.9729" lon="1.39024">
        <ele>656.0</ele>
      </trkpt>
      <trkpt lat="42.97296" lon="1.3902">
        <ele>655.0</ele>
      </trkpt>
      <trkpt lat="42.97311" lon="1.39014">
        <ele>652.0</ele>
      </trkpt>
      <trkpt lat="42.97323" lon="1.39013">
        <ele>651.0</ele>
      </trkpt>
      <trkpt lat="42.97329" lon="1.39014">
        <ele>651.0</ele>
      </trkpt>
      <trkpt lat="42.9735" lon="1.39022">
        <ele>649.0</ele>
      </trkpt>
      <trkpt lat="42.9736" lon="1.39029">
        <ele>648.0</ele>
      </trkpt>
      <trkpt lat="42.97365" lon="1.39035">
        <ele>648.0</ele>
      </trkpt>
      <trkpt lat="42.97369" lon="1.39041">
        <ele>648.0</ele>
      </trkpt>
      <trkpt lat="42.97374" lon="1.39051">
        <ele>649.0</ele>
      </trkpt>
      <trkpt lat="42.97376" lon="1.39061">
        <ele>650.0</ele>
      </trkpt>
      <trkpt lat="42.97378" lon="1.39077">
        <ele>652.0</ele>
      </trkpt>
      <trkpt lat="42.97374" lon="1.39109">
        <ele>658.0</ele>
      </trkpt>
      <trkpt lat="42.97374" lon="1.39119">
        <ele>660.0</ele>
      </trkpt>
      <trkpt lat="42.97375" lon="1.39125">
        <ele>660.0</ele>
      </trkpt>
      <trkpt lat="42.97377" lon="1.39131">
        <ele>661.0</ele>
      </trkpt>
      <trkpt lat="42.97383" lon="1.39138">
        <ele>660.0</ele>
      </trkpt>
      <trkpt lat="42.97429" lon="1.39183">
        <ele>649.0</ele>
      </trkpt>
      <trkpt lat="42.9744" lon="1.39196">
        <ele>646.0</ele>
      </trkpt>
      <trkpt lat="42.97446" lon="1.39204">
        <ele>644.0</ele>
      </trkpt>
      <trkpt lat="42.97465" lon="1.39245">
        <ele>640.0</ele>
      </trkpt>
      <trkpt lat="42.97477" lon="1.39277">
        <ele>638.0</ele>
      </trkpt>
      <trkpt lat="42.97491" lon="1.39321">
        <ele>636.0</ele>
      </trkpt>
      <trkpt lat="42.97506" lon="1.39365">
        <ele>630.0</ele>
      </trkpt>
      <trkpt lat="42.97515" lon="1.394">
        <ele>627.0</ele>
      </trkpt>
      <trkpt lat="42.97522" lon="1.39434">
        <ele>624.0</ele>
      </trkpt>
      <trkpt lat="42.97524" lon="1.39448">
        <ele>623.0</ele>
      </trkpt>
      <trkpt lat="42.97525" lon="1.39469">
        <ele>622.0</ele>
      </trkpt>
      <trkpt lat="42.97525" lon="1.39492">
        <ele>623.0</ele>
      </trkpt>
      <trkpt lat="42.97522" lon="1.39513">
        <ele>622.0</ele>
      </trkpt>
      <trkpt lat="42.9752" lon="1.39523">
        <ele>621.0</ele>
      </trkpt>
      <trkpt lat="42.97516" lon="1.39532">
        <ele>621.0</ele>
      </trkpt>
      <trkpt lat="42.97514" lon="1.39539">
        <ele>620.0</ele>
      </trkpt>
      <trkpt lat="42.97513" lon="1.39545">
        <ele>619.0</ele>
      </trkpt>
      <trkpt lat="42.97514" lon="1.39551">
        <ele>617.0</ele>
      </trkpt>
      <trkpt lat="42.97516" lon="1.39555">
        <ele>615.0</ele>
      </trkpt>
      <trkpt lat="42.97521" lon="1.39558">
        <ele>612.0</ele>
      </trkpt>
      <trkpt lat="42.97523" lon="1.39558">
        <ele>611.0</ele>
      </trkpt>
      <trkpt lat="42.97526" lon="1.39557">
        <ele>610.0</ele>
      </trkpt>
      <trkpt lat="42.97527" lon="1.39556">
        <ele>610.0</ele>
      </trkpt>
      <trkpt lat="42.97529" lon="1.39552">
        <ele>610.0</ele>
      </trkpt>
      <trkpt lat="42.97531" lon="1.39542">
        <ele>611.0</ele>
      </trkpt>
      <trkpt lat="42.97533" lon="1.39512">
        <ele>616.0</ele>
      </trkpt>
      <trkpt lat="42.9754" lon="1.39463">
        <ele>613.0</ele>
      </trkpt>
      <trkpt lat="42.97542" lon="1.39443">
        <ele>611.0</ele>
      </trkpt>
      <trkpt lat="42.97543" lon="1.39406">
        <ele>610.0</ele>
      </trkpt>
      <trkpt lat="42.97542" lon="1.3935">
        <ele>607.0</ele>
      </trkpt>
      <trkpt lat="42.97539" lon="1.39327">
        <ele>607.0</ele>
      </trkpt>
      <trkpt lat="42.97535" lon="1.39303">
        <ele>607.0</ele>
      </trkpt>
      <trkpt lat="42.97524" lon="1.39249">
        <ele>606.0</ele>
      </trkpt>
      <trkpt lat="42.97515" lon="1.39189">
        <ele>604.0</ele>
      </trkpt>
      <trkpt lat="42.97507" lon="1.39123">
        <ele>602.0</ele>
      </trkpt>
      <trkpt lat="42.97506" lon="1.39094">
        <ele>600.0</ele>
      </trkpt>
      <trkpt lat="42.97505" lon="1.39046">
        <ele>600.0</ele>
      </trkpt>
      <trkpt lat="42.97506" lon="1.39022">
        <ele>599.0</ele>
      </trkpt>
      <trkpt lat="42.97511" lon="1.38999">
        <ele>595.0</ele>
      </trkpt>
      <trkpt lat="42.9752" lon="1.38976">
        <ele>590.0</ele>
      </trkpt>
      <trkpt lat="42.97525" lon="1.38957">
        <ele>587.0</ele>
      </trkpt>
      <trkpt lat="42.97526" lon="1.38946">
        <ele>586.0</ele>
      </trkpt>
      <trkpt lat="42.97528" lon="1.38923">
        <ele>585.0</ele>
      </trkpt>
      <trkpt lat="42.97528" lon="1.38869">
        <ele>585.0</ele>
      </trkpt>
      <trkpt lat="42.97526" lon="1.38759">
        <ele>580.0</ele>
      </trkpt>
      <trkpt lat="42.97527" lon="1.38708">
        <ele>575.0</ele>
      </trkpt>
      <trkpt lat="42.97526" lon="1.38698">
        <ele>575.0</ele>
      </trkpt>
      <trkpt lat="42.97524" lon="1.38688">
        <ele>575.0</ele>
      </trkpt>
      <trkpt lat="42.97514" lon="1.3866">
        <ele>580.0</ele>
      </trkpt>
      <trkpt lat="42.97512" lon="1.38652">
        <ele>580.0</ele>
      </trkpt>
      <trkpt lat="42.97512" lon="1.38646">
        <ele>579.0</ele>
      </trkpt>
      <trkpt lat="42.97514" lon="1.38636">
        <ele>577.0</ele>
      </trkpt>
      <trkpt lat="42.97516" lon="1.38633">
        <ele>575.0</ele>
      </trkpt>
      <trkpt lat="42.97518" lon="1.38632">
        <ele>574.0</ele>
      </trkpt>
      <trkpt lat="42.9752" lon="1.38631">
        <ele>572.0</ele>
      </trkpt>
      <trkpt lat="42.97525" lon="1.38636">
        <ele>569.0</ele>
      </trkpt>
      <trkpt lat="42.97529" lon="1.38648">
        <ele>568.0</ele>
      </trkpt>
      <trkpt lat="42.97564" lon="1.38859">
        <ele>556.0</ele>
      </trkpt>
      <trkpt lat="42.97576" lon="1.38921">
        <ele>550.0</ele>
      </trkpt>
      <trkpt lat="42.97579" lon="1.38953">
        <ele>548.0</ele>
      </trkpt>
      <trkpt lat="42.9758" lon="1.38973">
        <ele>547.0</ele>
      </trkpt>
      <trkpt lat="42.97579" lon="1.39011">
        <ele>548.0</ele>
      </trkpt>
      <trkpt lat="42.9758" lon="1.39021">
        <ele>548.0</ele>
      </trkpt>
      <trkpt lat="42.97585" lon="1.39042">
        <ele>546.0</ele>
      </trkpt>
      <trkpt lat="42.97612" lon="1.39117">
        <ele>537.0</ele>
      </trkpt>
      <trkpt lat="42.97621" lon="1.39139">
        <ele>534.0</ele>
      </trkpt>
      <trkpt lat="42.97632" lon="1.3916">
        <ele>531.0</ele>
      </trkpt>
      <trkpt lat="42.9766" lon="1.39206">
        <ele>521.0</ele>
      </trkpt>
      <trkpt lat="42.97678" lon="1.3924">
        <ele>516.0</ele>
      </trkpt>
      <trkpt lat="42.97727" lon="1.39349">
        <ele>509.0</ele>
      </trkpt>
      <trkpt lat="42.97744" lon="1.39396">
        <ele>507.0</ele>
      </trkpt>
      <trkpt lat="42.97753" lon="1.39412">
        <ele>506.0</ele>
      </trkpt>
      <trkpt lat="42.97761" lon="1.39431">
        <ele>505.0</ele>
      </trkpt>
      <trkpt lat="42.97767" lon="1.39452">
        <ele>504.0</ele>
      </trkpt>
      <trkpt lat="42.97771" lon="1.3947">
        <ele>503.0</ele>
      </trkpt>
      <trkpt lat="42.97778" lon="1.39512">
        <ele>501.0</ele>
      </trkpt>
      <trkpt lat="42.97788" lon="1.39556">
        <ele>500.0</ele>
      </trkpt>
      <trkpt lat="42.97802" lon="1.39597">
        <ele>497.0</ele>
      </trkpt>
      <trkpt lat="42.97809" lon="1.39617">
        <ele>494.0</ele>
      </trkpt>
      <trkpt lat="42.97816" lon="1.39631">
        <ele>493.0</ele>
      </trkpt>
      <trkpt lat="42.9782" lon="1.39636">
        <ele>492.0</ele>
      </trkpt>
      <trkpt lat="42.97829" lon="1.39646">
        <ele>490.0</ele>
      </trkpt>
      <trkpt lat="42.97845" lon="1.39657">
        <ele>489.0</ele>
      </trkpt>
      <trkpt lat="42.97857" lon="1.39664">
        <ele>489.0</ele>
      </trkpt>
      <trkpt lat="42.97863" lon="1.39667">
        <ele>489.0</ele>
      </trkpt>
      <trkpt lat="42.9787" lon="1.39668">
        <ele>489.0</ele>
      </trkpt>
      <trkpt lat="42.97878" lon="1.39668">
        <ele>488.0</ele>
      </trkpt>
      <trkpt lat="42.97933" lon="1.3966">
        <ele>493.0</ele>
      </trkpt>
      <trkpt lat="42.97938" lon="1.39662">
        <ele>494.0</ele>
      </trkpt>
      <trkpt lat="42.97944" lon="1.39669">
        <ele>496.0</ele>
      </trkpt>
      <trkpt lat="42.97957" lon="1.39696">
        <ele>498.0</ele>
      </trkpt>
      <trkpt lat="42.97967" lon="1.39722">
        <ele>499.0</ele>
      </trkpt>
      <trkpt lat="42.97976" lon="1.39747">
        <ele>499.0</ele>
      </trkpt>
      <trkpt lat="42.97978" lon="1.39764">
        <ele>498.0</ele>
      </trkpt>
      <trkpt lat="42.97979" lon="1.39775">
        <ele>497.0</ele>
      </trkpt>
      <trkpt lat="42.97978" lon="1.39812">
        <ele>494.0</ele>
      </trkpt>
      <trkpt lat="42.97978" lon="1.3983">
        <ele>492.0</ele>
      </trkpt>
      <trkpt lat="42.9798" lon="1.39845">
        <ele>492.0</ele>
      </trkpt>
      <trkpt lat="42.97985" lon="1.39864">
        <ele>492.0</ele>
      </trkpt>
      <trkpt lat="42.9799" lon="1.39887">
        <ele>492.0</ele>
      </trkpt>
      <trkpt lat="42.97993" lon="1.39925">
        <ele>492.0</ele>
      </trkpt>
      <trkpt lat="42.97996" lon="1.3994">
        <ele>492.0</ele>
      </trkpt>
      <trkpt lat="42.97998" lon="1.39952">
        <ele>492.0</ele>
      </trkpt>
      <trkpt lat="42.98004" lon="1.39966">
        <ele>493.0</ele>
      </trkpt>
      <trkpt lat="42.98013" lon="1.39981">
        <ele>495.0</ele>
      </trkpt>
      <trkpt lat="42.98047" lon="1.4005">
        <ele>499.0</ele>
      </trkpt>
      <trkpt lat="42.98081" lon="1.40105">
        <ele>491.0</ele>
      </trkpt>
      <trkpt lat="42.98132" lon="1.40168">
        <ele>495.0</ele>
      </trkpt>
      <trkpt lat="42.98167" lon="1.40204">
        <ele>494.0</ele>
      </trkpt>
      <trkpt lat="42.9819" lon="1.40218">
        <ele>499.0</ele>
      </trkpt>
      <trkpt lat="42.98228" lon="1.40244">
        <ele>499.0</ele>
      </trkpt>
      <trkpt lat="42.98264" lon="1.40293">
        <ele>498.0</ele>
      </trkpt>
      <trkpt lat="42.98305" lon="1.40336">
        <ele>494.0</ele>
      </trkpt>
      <trkpt lat="42.98328" lon="1.40355">
        <ele>494.0</ele>
      </trkpt>
      <trkpt lat="42.98378" lon="1.40376">
        <ele>494.0</ele>
      </trkpt>
      <trkpt lat="42.9842" lon="1.40397">
        <ele>489.0</ele>
      </trkpt>
      <trkpt lat="42.98451" lon="1.40417">
        <ele>484.0</ele>
      </trkpt>
      <trkpt lat="42.98479" lon="1.40431">
        <ele>484.0</ele>
      </trkpt>
      <trkpt lat="42.98529" lon="1.40449">
        <ele>486.0</ele>
      </trkpt>
      <trkpt lat="42.98546" lon="1.40459">
        <ele>487.0</ele>
      </trkpt>
      <trkpt lat="42.98571" lon="1.40484">
        <ele>484.0</ele>
      </trkpt>
      <trkpt lat="42.98619" lon="1.40538">
        <ele>480.0</ele>
      </trkpt>
      <trkpt lat="42.98636" lon="1.40559">
        <ele>478.0</ele>
      </trkpt>
      <trkpt lat="42.98675" lon="1.40506">
        <ele>493.0</ele>
      </trkpt>
      <trkpt lat="42.98698" lon="1.4048">
        <ele>498.0</ele>
      </trkpt>
      <trkpt lat="42.98704" lon="1.40478">
        <ele>498.0</ele>
      </trkpt>
      <trkpt lat="42.98708" lon="1.40481">
        <ele>498.0</ele>
      </trkpt>
      <trkpt lat="42.9871" lon="1.40487">
        <ele>497.0</ele>
      </trkpt>
      <trkpt lat="42.9871" lon="1.40494">
        <ele>496.0</ele>
      </trkpt>
      <trkpt lat="42.98706" lon="1.40511">
        <ele>495.0</ele>
      </trkpt>
      <trkpt lat="42.98701" lon="1.40526">
        <ele>493.0</ele>
      </trkpt>
      <trkpt lat="42.98688" lon="1.40547">
        <ele>489.0</ele>
      </trkpt>
      <trkpt lat="42.9868" lon="1.40559">
        <ele>485.0</ele>
      </trkpt>
      <trkpt lat="42.98677" lon="1.40572">
        <ele>483.0</ele>
      </trkpt>
      <trkpt lat="42.98677" lon="1.40584">
        <ele>481.0</ele>
      </trkpt>
      <trkpt lat="42.98681" lon="1.40597">
        <ele>481.0</ele>
      </trkpt>
      <trkpt lat="42.98697" lon="1.40633">
        <ele>484.0</ele>
      </trkpt>
      <trkpt lat="42.98704" lon="1.40657">
        <ele>485.0</ele>
      </trkpt>
      <trkpt lat="42.98708" lon="1.40682">
        <ele>485.0</ele>
      </trkpt>
      <trkpt lat="42.98714" lon="1.40757">
        <ele>485.0</ele>
      </trkpt>
      <trkpt lat="42.98716" lon="1.40763">
        <ele>485.0</ele>
      </trkpt>
      <trkpt lat="42.9872" lon="1.40763">
        <ele>486.0</ele>
      </trkpt>
      <trkpt lat="42.98723" lon="1.40761">
        <ele>487.0</ele>
      </trkpt>
      <trkpt lat="42.98724" lon="1.40755">
        <ele>488.0</ele>
      </trkpt>
      <trkpt lat="42.98722" lon="1.40742">
        <ele>488.0</ele>
      </trkpt>
      <trkpt lat="42.98722" lon="1.40727">
        <ele>488.0</ele>
      </trkpt>
      <trkpt lat="42.98724" lon="1.40709">
        <ele>489.0</ele>
      </trkpt>
      <trkpt lat="42.98728" lon="1.40695">
        <ele>491.0</ele>
      </trkpt>
      <trkpt lat="42.98738" lon="1.40677">
        <ele>495.0</ele>
      </trkpt>
      <trkpt lat="42.98744" lon="1.40662">
        <ele>497.0</ele>
      </trkpt>
      <trkpt lat="42.98745" lon="1.4065">
        <ele>498.0</ele>
      </trkpt>
      <trkpt lat="42.98744" lon="1.40626">
        <ele>499.0</ele>
      </trkpt>
      <trkpt lat="42.98744" lon="1.40606">
        <ele>499.0</ele>
      </trkpt>
      <trkpt lat="42.98748" lon="1.40584">
        <ele>501.0</ele>
      </trkpt>
      <trkpt lat="42.98756" lon="1.40559">
        <ele>503.0</ele>
      </trkpt>
      <trkpt lat="42.98772" lon="1.40538">
        <ele>508.0</ele>
      </trkpt>
      <trkpt lat="42.9878" lon="1.40522">
        <ele>510.0</ele>
      </trkpt>
      <trkpt lat="42.98782" lon="1.40506">
        <ele>510.0</ele>
      </trkpt>
      <trkpt lat="42.98779" lon="1.4048">
        <ele>509.0</ele>
      </trkpt>
      <trkpt lat="42.98782" lon="1.4046">
        <ele>509.0</ele>
      </trkpt>
      <trkpt lat="42.9881" lon="1.40373">
        <ele>514.0</ele>
      </trkpt>
      <trkpt lat="42.98818" lon="1.40358">
        <ele>515.0</ele>
      </trkpt>
      <trkpt lat="42.98821" lon="1.40354">
        <ele>515.0</ele>
      </trkpt>
      <trkpt lat="42.98826" lon="1.40353">
        <ele>516.0</ele>
      </trkpt>
      <trkpt lat="42.98829" lon="1.40356">
        <ele>517.0</ele>
      </trkpt>
      <trkpt lat="42.9883" lon="1.4036">
        <ele>518.0</ele>
      </trkpt>
      <trkpt lat="42.98829" lon="1.40366">
        <ele>518.0</ele>
      </trkpt>
      <trkpt lat="42.98817" lon="1.40389">
        <ele>517.0</ele>
      </trkpt>
      <trkpt lat="42.98814" lon="1.40404">
        <ele>518.0</ele>
      </trkpt>
      <trkpt lat="42.98813" lon="1.40425">
        <ele>519.0</ele>
      </trkpt>
      <trkpt lat="42.98813" lon="1.40445">
        <ele>520.0</ele>
      </trkpt>
      <trkpt lat="42.98816" lon="1.40464">
        <ele>521.0</ele>
      </trkpt>
      <trkpt lat="42.98829" lon="1.405">
        <ele>527.0</ele>
      </trkpt>
      <trkpt lat="42.98833" lon="1.40524">
        <ele>530.0</ele>
      </trkpt>
      <trkpt lat="42.98833" lon="1.40534">
        <ele>531.0</ele>
      </trkpt>
      <trkpt lat="42.98825" lon="1.40559">
        <ele>529.0</ele>
      </trkpt>
      <trkpt lat="42.98824" lon="1.40573">
        <ele>529.0</ele>
      </trkpt>
      <trkpt lat="42.98824" lon="1.406">
        <ele>529.0</ele>
      </trkpt>
      <trkpt lat="42.98831" lon="1.40652">
        <ele>530.0</ele>
      </trkpt>
      <trkpt lat="42.98837" lon="1.40678">
        <ele>532.0</ele>
      </trkpt>
      <trkpt lat="42.98855" lon="1.4073">
        <ele>537.0</ele>
      </trkpt>
      <trkpt lat="42.98862" lon="1.40773">
        <ele>538.0</ele>
      </trkpt>
      <trkpt lat="42.98864" lon="1.4078">
        <ele>539.0</ele>
      </trkpt>
      <trkpt lat="42.98869" lon="1.4078">
        <ele>541.0</ele>
      </trkpt>
      <trkpt lat="42.98872" lon="1.40776">
        <ele>542.0</ele>
      </trkpt>
      <trkpt lat="42.98872" lon="1.40766">
        <ele>542.0</ele>
      </trkpt>
      <trkpt lat="42.98869" lon="1.40733">
        <ele>542.0</ele>
      </trkpt>
      <trkpt lat="42.9887" lon="1.407">
        <ele>544.0</ele>
      </trkpt>
      <trkpt lat="42.98873" lon="1.40665">
        <ele>547.0</ele>
      </trkpt>
      <trkpt lat="42.98881" lon="1.40609">
        <ele>550.0</ele>
      </trkpt>
      <trkpt lat="42.98892" lon="1.40514">
        <ele>551.0</ele>
      </trkpt>
      <trkpt lat="42.98897" lon="1.40488">
        <ele>551.0</ele>
      </trkpt>
      <trkpt lat="42.9891" lon="1.40463">
        <ele>552.0</ele>
      </trkpt>
      <trkpt lat="42.98929" lon="1.40453">
        <ele>557.0</ele>
      </trkpt>
      <trkpt lat="42.98943" lon="1.40458">
        <ele>561.0</ele>
      </trkpt>
      <trkpt lat="42.98987" lon="1.4051">
        <ele>577.0</ele>
      </trkpt>
      <trkpt lat="42.98998" lon="1.40513">
        <ele>580.0</ele>
      </trkpt>
      <trkpt lat="42.99004" lon="1.40506">
        <ele>581.0</ele>
      </trkpt>
      <trkpt lat="42.99007" lon="1.40495">
        <ele>581.0</ele>
      </trkpt>
      <trkpt lat="42.99009" lon="1.40479">
        <ele>581.0</ele>
      </trkpt>
      <trkpt lat="42.99007" lon="1.40429">
        <ele>577.0</ele>
      </trkpt>
      <trkpt lat="42.99009" lon="1.40414">
        <ele>577.0</ele>
      </trkpt>
      <trkpt lat="42.99022" lon="1.40385">
        <ele>583.0</ele>
      </trkpt>
      <trkpt lat="42.99023" lon="1.40371">
        <ele>583.0</ele>
      </trkpt>
      <trkpt lat="42.99021" lon="1.40353">
        <ele>583.0</ele>
      </trkpt>
      <trkpt lat="42.99012" lon="1.40317">
        <ele>580.0</ele>
      </trkpt>
      <trkpt lat="42.99013" lon="1.403">
        <ele>581.0</ele>
      </trkpt>
      <trkpt lat="42.99019" lon="1.40273">
        <ele>583.0</ele>
      </trkpt>
      <trkpt lat="42.99037" lon="1.40228">
        <ele>589.0</ele>
      </trkpt>
      <trkpt lat="42.99041" lon="1.40213">
        <ele>590.0</ele>
      </trkpt>
      <trkpt lat="42.99041" lon="1.40203">
        <ele>590.0</ele>
      </trkpt>
      <trkpt lat="42.99032" lon="1.40115">
        <ele>590.0</ele>
      </trkpt>
      <trkpt lat="42.99031" lon="1.40074">
        <ele>591.0</ele>
      </trkpt>
      <trkpt lat="42.99031" lon="1.40042">
        <ele>591.0</ele>
      </trkpt>
      <trkpt lat="42.99036" lon="1.40025">
        <ele>592.0</ele>
      </trkpt>
      <trkpt lat="42.99043" lon="1.40013">
        <ele>594.0</ele>
      </trkpt>
      <trkpt lat="42.99062" lon="1.40004">
        <ele>598.0</ele>
      </trkpt>
      <trkpt lat="42.99072" lon="1.39996">
        <ele>600.0</ele>
      </trkpt>
      <trkpt lat="42.99082" lon="1.39981">
        <ele>601.0</ele>
      </trkpt>
      <trkpt lat="42.99117" lon="1.39916">
        <ele>595.0</ele>
      </trkpt>
      <trkpt lat="42.99125" lon="1.39896">
        <ele>595.0</ele>
      </trkpt>
      <trkpt lat="42.99131" lon="1.39873">
        <ele>596.0</ele>
      </trkpt>
      <trkpt lat="42.99136" lon="1.3986">
        <ele>597.0</ele>
      </trkpt>
      <trkpt lat="42.99153" lon="1.39835">
        <ele>601.0</ele>
      </trkpt>
      <trkpt lat="42.99159" lon="1.39821">
        <ele>602.0</ele>
      </trkpt>
      <trkpt lat="42.99168" lon="1.39777">
        <ele>603.0</ele>
      </trkpt>
      <trkpt lat="42.99172" lon="1.39766">
        <ele>603.0</ele>
      </trkpt>
      <trkpt lat="42.99176" lon="1.39811">
        <ele>602.0</ele>
      </trkpt>
      <trkpt lat="42.99176" lon="1.39824">
        <ele>602.0</ele>
      </trkpt>
      <trkpt lat="42.99172" lon="1.39842">
        <ele>601.0</ele>
      </trkpt>
      <trkpt lat="42.99169" lon="1.39849">
        <ele>601.0</ele>
      </trkpt>
      <trkpt lat="42.99155" lon="1.39863">
        <ele>599.0</ele>
      </trkpt>
      <trkpt lat="42.9915" lon="1.39869">
        <ele>598.0</ele>
      </trkpt>
      <trkpt lat="42.99147" lon="1.39878">
        <ele>597.0</ele>
      </trkpt>
      <trkpt lat="42.99145" lon="1.3989">
        <ele>597.0</ele>
      </trkpt>
      <trkpt lat="42.99148" lon="1.39957">
        <ele>594.0</ele>
      </trkpt>
      <trkpt lat="42.99148" lon="1.39971">
        <ele>594.0</ele>
      </trkpt>
      <trkpt lat="42.99145" lon="1.39987">
        <ele>594.0</ele>
      </trkpt>
      <trkpt lat="42.99141" lon="1.40002">
        <ele>594.0</ele>
      </trkpt>
      <trkpt lat="42.99141" lon="1.4001">
        <ele>594.0</ele>
      </trkpt>
      <trkpt lat="42.99142" lon="1.40025">
        <ele>593.0</ele>
      </trkpt>
      <trkpt lat="42.9915" lon="1.40059">
        <ele>590.0</ele>
      </trkpt>
      <trkpt lat="42.99152" lon="1.40071">
        <ele>589.0</ele>
      </trkpt>
      <trkpt lat="42.9915" lon="1.40082">
        <ele>588.0</ele>
      </trkpt>
      <trkpt lat="42.99147" lon="1.40089">
        <ele>589.0</ele>
      </trkpt>
      <trkpt lat="42.99133" lon="1.40112">
        <ele>592.0</ele>
      </trkpt>
      <trkpt lat="42.99129" lon="1.4012">
        <ele>593.0</ele>
      </trkpt>
      <trkpt lat="42.99128" lon="1.40129">
        <ele>593.0</ele>
      </trkpt>
      <trkpt lat="42.9913" lon="1.40142">
        <ele>592.0</ele>
      </trkpt>
      <trkpt lat="42.99159" lon="1.40184">
        <ele>586.0</ele>
      </trkpt>
      <trkpt lat="42.99177" lon="1.40219">
        <ele>583.0</ele>
      </trkpt>
      <trkpt lat="42.99179" lon="1.40231">
        <ele>584.0</ele>
      </trkpt>
      <trkpt lat="42.99179" lon="1.4025">
        <ele>585.0</ele>
      </trkpt>
      <trkpt lat="42.99176" lon="1.40333">
        <ele>591.0</ele>
      </trkpt>
      <trkpt lat="42.99181" lon="1.40339">
        <ele>590.0</ele>
      </trkpt>
      <trkpt lat="42.99189" lon="1.40345">
        <ele>589.0</ele>
      </trkpt>
      <trkpt lat="42.99197" lon="1.40345">
        <ele>587.0</ele>
      </trkpt>
      <trkpt lat="42.99213" lon="1.40334">
        <ele>581.0</ele>
      </trkpt>
      <trkpt lat="42.9923" lon="1.40323">
        <ele>576.0</ele>
      </trkpt>
      <trkpt lat="42.9925" lon="1.40315">
        <ele>569.0</ele>
      </trkpt>
      <trkpt lat="42.99276" lon="1.40305">
        <ele>562.0</ele>
      </trkpt>
      <trkpt lat="42.99293" lon="1.403">
        <ele>558.0</ele>
      </trkpt>
      <trkpt lat="42.993" lon="1.403">
        <ele>557.0</ele>
      </trkpt>
      <trkpt lat="42.99308" lon="1.40305">
        <ele>556.0</ele>
      </trkpt>
      <trkpt lat="42.99315" lon="1.40311">
        <ele>556.0</ele>
      </trkpt>
      <trkpt lat="42.99321" lon="1.40324">
        <ele>557.0</ele>
      </trkpt>
      <trkpt lat="42.99329" lon="1.40355">
        <ele>562.0</ele>
      </trkpt>
      <trkpt lat="42.99351" lon="1.40389">
        <ele>567.0</ele>
      </trkpt>
      <trkpt lat="42.99359" lon="1.40408">
        <ele>571.0</ele>
      </trkpt>
      <trkpt lat="42.99367" lon="1.40412">
        <ele>571.0</ele>
      </trkpt>
      <trkpt lat="42.99372" lon="1.40407">
        <ele>569.0</ele>
      </trkpt>
      <trkpt lat="42.99373" lon="1.40382">
        <ele>565.0</ele>
      </trkpt>
      <trkpt lat="42.99372" lon="1.40349">
        <ele>559.0</ele>
      </trkpt>
      <trkpt lat="42.99374" lon="1.40303">
        <ele>550.0</ele>
      </trkpt>
      <trkpt lat="42.99377" lon="1.40289">
        <ele>547.0</ele>
      </trkpt>
      <trkpt lat="42.99382" lon="1.40281">
        <ele>546.0</ele>
      </trkpt>
      <trkpt lat="42.99388" lon="1.40272">
        <ele>544.0</ele>
      </trkpt>
      <trkpt lat="42.99395" lon="1.40269">
        <ele>543.0</ele>
      </trkpt>
      <trkpt lat="42.99405" lon="1.40267">
        <ele>543.0</ele>
      </trkpt>
      <trkpt lat="42.9948" lon="1.40261">
        <ele>539.0</ele>
      </trkpt>
      <trkpt lat="42.99557" lon="1.40249">
        <ele>527.0</ele>
      </trkpt>
      <trkpt lat="42.99583" lon="1.40246">
        <ele>523.0</ele>
      </trkpt>
      <trkpt lat="42.99601" lon="1.40247">
        <ele>520.0</ele>
      </trkpt>
      <trkpt lat="42.99609" lon="1.40249">
        <ele>518.0</ele>
      </trkpt>
      <trkpt lat="42.99617" lon="1.40254">
        <ele>518.0</ele>
      </trkpt>
      <trkpt lat="42.99623" lon="1.40261">
        <ele>518.0</ele>
      </trkpt>
      <trkpt lat="42.99628" lon="1.40268">
        <ele>520.0</ele>
      </trkpt>
      <trkpt lat="42.99634" lon="1.40292">
        <ele>526.0</ele>
      </trkpt>
      <trkpt lat="42.99637" lon="1.40297">
        <ele>527.0</ele>
      </trkpt>
      <trkpt lat="42.99641" lon="1.40301">
        <ele>527.0</ele>
      </trkpt>
      <trkpt lat="42.99647" lon="1.40301">
        <ele>527.0</ele>
      </trkpt>
      <trkpt lat="42.99652" lon="1.40299">
        <ele>525.0</ele>
      </trkpt>
      <trkpt lat="42.99661" lon="1.40293">
        <ele>522.0</ele>
      </trkpt>
      <trkpt lat="42.9968" lon="1.40277">
        <ele>516.0</ele>
      </trkpt>
      <trkpt lat="42.99687" lon="1.40274">
        <ele>514.0</ele>
      </trkpt>
      <trkpt lat="42.99699" lon="1.40271">
        <ele>513.0</ele>
      </trkpt>
      <trkpt lat="42.99721" lon="1.40269">
        <ele>512.0</ele>
      </trkpt>
      <trkpt lat="42.99748" lon="1.40267">
        <ele>510.0</ele>
      </trkpt>
      <trkpt lat="42.99789" lon="1.4027">
        <ele>506.0</ele>
      </trkpt>
      <trkpt lat="42.99804" lon="1.40268">
        <ele>503.0</ele>
      </trkpt>
      <trkpt lat="42.99826" lon="1.40265">
        <ele>498.0</ele>
      </trkpt>
      <trkpt lat="42.99833" lon="1.40266">
        <ele>498.0</ele>
      </trkpt>
      <trkpt lat="42.99859" lon="1.40279">
        <ele>500.0</ele>
      </trkpt>
      <trkpt lat="42.99864" lon="1.40279">
        <ele>499.0</ele>
      </trkpt>
      <trkpt lat="42.99871" lon="1.40278">
        <ele>498.0</ele>
      </trkpt>
      <trkpt lat="42.99897" lon="1.40265">
        <ele>491.0</ele>
      </trkpt>
      <trkpt lat="42.99907" lon="1.40264">
        <ele>489.0</ele>
      </trkpt>
      <trkpt lat="42.99917" lon="1.40266">
        <ele>489.0</ele>
      </trkpt>
      <trkpt lat="42.99929" lon="1.40271">
        <ele>488.0</ele>
      </trkpt>
      <trkpt lat="42.99942" lon="1.4028">
        <ele>488.0</ele>
      </trkpt>
      <trkpt lat="42.99969" lon="1.40302">
        <ele>487.0</ele>
      </trkpt>
      <trkpt lat="43.00006" lon="1.40326">
        <ele>481.0</ele>
      </trkpt>
      <trkpt lat="43.00017" lon="1.40335">
        <ele>478.0</ele>
      </trkpt>
      <trkpt lat="43.00027" lon="1.40348">
        <ele>477.0</ele>
      </trkpt>
      <trkpt lat="43.00056" lon="1.40412">
        <ele>476.0</ele>
      </trkpt>
      <trkpt lat="43.0007" lon="1.4045">
        <ele>474.0</ele>
      </trkpt>
      <trkpt lat="43.0008" lon="1.40484">
        <ele>475.0</ele>
      </trkpt>
      <trkpt lat="43.00095" lon="1.40527">
        <ele>470.0</ele>
      </trkpt>
      <trkpt lat="43.00102" lon="1.4055">
        <ele>467.0</ele>
      </trkpt>
      <trkpt lat="43.00105" lon="1.40569">
        <ele>465.0</ele>
      </trkpt>
      <trkpt lat="43.00108" lon="1.40601">
        <ele>461.0</ele>
      </trkpt>
      <trkpt lat="43.00109" lon="1.40638">
        <ele>456.0</ele>
      </trkpt>
      <trkpt lat="43.00107" lon="1.40652">
        <ele>455.0</ele>
      </trkpt>
      <trkpt lat="43.00104" lon="1.40663">
        <ele>455.0</ele>
      </trkpt>
      <trkpt lat="43.00099" lon="1.40672">
        <ele>456.0</ele>
      </trkpt>
      <trkpt lat="43.00094" lon="1.40677">
        <ele>457.0</ele>
      </trkpt>
      <trkpt lat="43.0008" lon="1.40685">
        <ele>461.0</ele>
      </trkpt>
      <trkpt lat="43.00062" lon="1.40693">
        <ele>464.0</ele>
      </trkpt>
      <trkpt lat="43.00027" lon="1.40701">
        <ele>471.0</ele>
      </trkpt>
      <trkpt lat="43.00018" lon="1.40704">
        <ele>473.0</ele>
      </trkpt>
      <trkpt lat="43.00013" lon="1.40711">
        <ele>473.0</ele>
      </trkpt>
      <trkpt lat="43.00011" lon="1.40719">
        <ele>472.0</ele>
      </trkpt>
      <trkpt lat="43.00013" lon="1.40729">
        <ele>469.0</ele>
      </trkpt>
      <trkpt lat="43.00016" lon="1.40735">
        <ele>468.0</ele>
      </trkpt>
      <trkpt lat="43.00023" lon="1.4074">
        <ele>465.0</ele>
      </trkpt>
      <trkpt lat="43.00058" lon="1.40743">
        <ele>458.0</ele>
      </trkpt>
      <trkpt lat="43.00076" lon="1.40746">
        <ele>454.0</ele>
      </trkpt>
      <trkpt lat="43.00092" lon="1.40751">
        <ele>450.0</ele>
      </trkpt>
      <trkpt lat="43.00136" lon="1.40784">
        <ele>440.0</ele>
      </trkpt>
      <trkpt lat="43.00164" lon="1.4082">
        <ele>432.0</ele>
      </trkpt>
      <trkpt lat="43.00192" lon="1.40873">
        <ele>429.0</ele>
      </trkpt>
      <trkpt lat="43.00261" lon="1.40979">
        <ele>421.0</ele>
      </trkpt>
      <trkpt lat="43.00309" lon="1.41043">
        <ele>418.0</ele>
      </trkpt>
      <trkpt lat="43.00366" lon="1.411">
        <ele>414.0</ele>
      </trkpt>
      <trkpt lat="43.00407" lon="1.41143">
        <ele>412.0</ele>
      </trkpt>
      <trkpt lat="43.00478" lon="1.41236">
        <ele>410.0</ele>
      </trkpt>
      <trkpt lat="43.00556" lon="1.41302">
        <ele>409.0</ele>
      </trkpt>
      <trkpt lat="43.00609" lon="1.41349">
        <ele>407.0</ele>
      </trkpt>
      <trkpt lat="43.00634" lon="1.41366">
        <ele>406.0</ele>
      </trkpt>
      <trkpt lat="43.00651" lon="1.41372">
        <ele>406.0</ele>
      </trkpt>
      <trkpt lat="43.00667" lon="1.41374">
        <ele>404.0</ele>
      </trkpt>
      <trkpt lat="43.00682" lon="1.41373">
        <ele>404.0</ele>
      </trkpt>
      <trkpt lat="43.0079" lon="1.41354">
        <ele>402.0</ele>
      </trkpt>
      <trkpt lat="43.00806" lon="1.41354">
        <ele>402.0</ele>
      </trkpt>
      <trkpt lat="43.00835" lon="1.41359">
        <ele>402.0</ele>
      </trkpt>
      <trkpt lat="43.00841" lon="1.41358">
        <ele>402.0</ele>
      </trkpt>
      <trkpt lat="43.00868" lon="1.41368">
        <ele>401.0</ele>
      </trkpt>
      <trkpt lat="43.00888" lon="1.41376">
        <ele>400.0</ele>
      </trkpt>
      <trkpt lat="43.00904" lon="1.41395">
        <ele>400.0</ele>
      </trkpt>
      <trkpt lat="43.00917" lon="1.41414">
        <ele>400.0</ele>
      </trkpt>
      <trkpt lat="43.00936" lon="1.41444">
        <ele>399.0</ele>
      </trkpt>
      <trkpt lat="43.00939" lon="1.41447">
        <ele>399.0</ele>
      </trkpt>
      <trkpt lat="43.00945" lon="1.41443">
        <ele>399.0</ele>
      </trkpt>
      <trkpt lat="43.00952" lon="1.41439">
        <ele>399.0</ele>
      </trkpt>
      <trkpt lat="43.00974" lon="1.41394">
        <ele>398.0</ele>
      </trkpt>
      <trkpt lat="43.00989" lon="1.41363">
        <ele>397.0</ele>
      </trkpt>
      <trkpt lat="43.01" lon="1.41336">
        <ele>397.0</ele>
      </trkpt>
      <trkpt lat="43.01023" lon="1.41291">
        <ele>396.0</ele>
      </trkpt>
      <trkpt lat="43.01282" lon="1.4077">
        <ele>392.0</ele>
      </trkpt>
      <trkpt lat="43.01322" lon="1.40698">
        <ele>391.0</ele>
      </trkpt>
      <trkpt lat="43.01345" lon="1.40664">
        <ele>390.0</ele>
      </trkpt>
      <trkpt lat="43.01378" lon="1.4063">
        <ele>390.0</ele>
      </trkpt>
      <trkpt lat="43.01401" lon="1.40611">
        <ele>388.0</ele>
      </trkpt>
      <trkpt lat="43.01431" lon="1.40593">
        <ele>387.0</ele>
      </trkpt>
      <trkpt lat="43.01514" lon="1.40554">
        <ele>386.0</ele>
      </trkpt>
      <trkpt lat="43.01541" lon="1.40539">
        <ele>386.0</ele>
      </trkpt>
      <trkpt lat="43.01562" lon="1.40526">
        <ele>386.0</ele>
      </trkpt>
      <trkpt lat="43.01594" lon="1.40499">
        <ele>386.0</ele>
      </trkpt>
      <trkpt lat="43.01617" lon="1.40475">
        <ele>385.0</ele>
      </trkpt>
      <trkpt lat="43.01633" lon="1.40454">
        <ele>385.0</ele>
      </trkpt>
      <trkpt lat="43.01649" lon="1.4043">
        <ele>384.0</ele>
      </trkpt>
      <trkpt lat="43.01664" lon="1.40403">
        <ele>384.0</ele>
      </trkpt>
      <trkpt lat="43.01676" lon="1.40377">
        <ele>385.0</ele>
      </trkpt>
      <trkpt lat="43.01686" lon="1.40352">
        <ele>386.0</ele>
      </trkpt>
      <trkpt lat="43.01697" lon="1.40319">
        <ele>386.0</ele>
      </trkpt>
      <trkpt lat="43.01706" lon="1.40281">
        <ele>386.0</ele>
      </trkpt>
      <trkpt lat="43.01713" lon="1.40233">
        <ele>385.0</ele>
      </trkpt>
      <trkpt lat="43.01717" lon="1.40195">
        <ele>384.0</ele>
      </trkpt>
      <trkpt lat="43.01722" lon="1.40125">
        <ele>382.0</ele>
      </trkpt>
      <trkpt lat="43.01726" lon="1.40082">
        <ele>381.0</ele>
      </trkpt>
      <trkpt lat="43.01737" lon="1.39917">
        <ele>378.0</ele>
      </trkpt>
      <trkpt lat="43.01764" lon="1.39553">
        <ele>377.0</ele>
      </trkpt>
      <trkpt lat="43.01777" lon="1.39369">
        <ele>373.0</ele>
      </trkpt>
      <trkpt lat="43.01782" lon="1.39369">
        <ele>373.0</ele>
      </trkpt>
      <trkpt lat="43.01828" lon="1.39349">
        <ele>371.0</ele>
      </trkpt>
      <trkpt lat="43.021" lon="1.39241">
        <ele>372.0</ele>
      </trkpt>
      <trkpt lat="43.02115" lon="1.39239">
        <ele>372.0</ele>
      </trkpt>
      <trkpt lat="43.02129" lon="1.39243">
        <ele>373.0</ele>
      </trkpt>
      <trkpt lat="43.02147" lon="1.39253">
        <ele>373.0</ele>
      </trkpt>
      <trkpt lat="43.02162" lon="1.39259">
        <ele>374.0</ele>
      </trkpt>
      <trkpt lat="43.02171" lon="1.39263">
        <ele>374.0</ele>
      </trkpt>
      <trkpt lat="43.02179" lon="1.39262">
        <ele>375.0</ele>
      </trkpt>
      <trkpt lat="43.02192" lon="1.39258">
        <ele>375.0</ele>
      </trkpt>
      <trkpt lat="43.02217" lon="1.39241">
        <ele>376.0</ele>
      </trkpt>
      <trkpt lat="43.02233" lon="1.39232">
        <ele>377.0</ele>
      </trkpt>
      <trkpt lat="43.02249" lon="1.39219">
        <ele>378.0</ele>
      </trkpt>
      <trkpt lat="43.02257" lon="1.39209">
        <ele>379.0</ele>
      </trkpt>
      <trkpt lat="43.02262" lon="1.39191">
        <ele>379.0</ele>
      </trkpt>
      <trkpt lat="43.02264" lon="1.39175">
        <ele>379.0</ele>
      </trkpt>
      <trkpt lat="43.02265" lon="1.39131">
        <ele>381.0</ele>
      </trkpt>
      <trkpt lat="43.02262" lon="1.39048">
        <ele>383.0</ele>
      </trkpt>
      <trkpt lat="43.02264" lon="1.39013">
        <ele>385.0</ele>
      </trkpt>
      <trkpt lat="43.02264" lon="1.38989">
        <ele>386.0</ele>
      </trkpt>
      <trkpt lat="43.02259" lon="1.38965">
        <ele>387.0</ele>
      </trkpt>
      <trkpt lat="43.02226" lon="1.38895">
        <ele>389.0</ele>
      </trkpt>
      <trkpt lat="43.02214" lon="1.38865">
        <ele>390.0</ele>
      </trkpt>
      <trkpt lat="43.02208" lon="1.38843">
        <ele>391.0</ele>
      </trkpt>
      <trkpt lat="43.02207" lon="1.38806">
        <ele>394.0</ele>
      </trkpt>
      <trkpt lat="43.02208" lon="1.38777">
        <ele>396.0</ele>
      </trkpt>
      <trkpt lat="43.02211" lon="1.38753">
        <ele>398.0</ele>
      </trkpt>
      <trkpt lat="43.02216" lon="1.38733">
        <ele>400.0</ele>
      </trkpt>
      <trkpt lat="43.02234" lon="1.38685">
        <ele>406.0</ele>
      </trkpt>
      <trkpt lat="43.02276" lon="1.38571">
        <ele>410.0</ele>
      </trkpt>
      <trkpt lat="43.02278" lon="1.38566">
        <ele>411.0</ele>
      </trkpt>
      <trkpt lat="43.0229" lon="1.38538">
        <ele>412.0</ele>
      </trkpt>
      <trkpt lat="43.02297" lon="1.38529">
        <ele>412.0</ele>
      </trkpt>
      <trkpt lat="43.02303" lon="1.38521">
        <ele>412.0</ele>
      </trkpt>
      <trkpt lat="43.02316" lon="1.38514">
        <ele>412.0</ele>
      </trkpt>
      <trkpt lat="43.0233" lon="1.38511">
        <ele>412.0</ele>
      </trkpt>
      <trkpt lat="43.02342" lon="1.38513">
        <ele>412.0</ele>
      </trkpt>
      <trkpt lat="43.02384" lon="1.38529">
        <ele>410.0</ele>
      </trkpt>
      <trkpt lat="43.02404" lon="1.38535">
        <ele>409.0</ele>
      </trkpt>
      <trkpt lat="43.02413" lon="1.38535">
        <ele>409.0</ele>
      </trkpt>
      <trkpt lat="43.02421" lon="1.38532">
        <ele>409.0</ele>
      </trkpt>
      <trkpt lat="43.02443" lon="1.38513">
        <ele>411.0</ele>
      </trkpt>
      <trkpt lat="43.02451" lon="1.38502">
        <ele>411.0</ele>
      </trkpt>
      <trkpt lat="43.02457" lon="1.38488">
        <ele>412.0</ele>
      </trkpt>
      <trkpt lat="43.02461" lon="1.38474">
        <ele>412.0</ele>
      </trkpt>
      <trkpt lat="43.02473" lon="1.38417">
        <ele>413.0</ele>
      </trkpt>
      <trkpt lat="43.02481" lon="1.38369">
        <ele>415.0</ele>
      </trkpt>
      <trkpt lat="43.02497" lon="1.38289">
        <ele>416.0</ele>
      </trkpt>
      <trkpt lat="43.02502" lon="1.38257">
        <ele>415.0</ele>
      </trkpt>
      <trkpt lat="43.02503" lon="1.3824">
        <ele>415.0</ele>
      </trkpt>
      <trkpt lat="43.02507" lon="1.38223">
        <ele>415.0</ele>
      </trkpt>
      <trkpt lat="43.0251" lon="1.38216">
        <ele>415.0</ele>
      </trkpt>
      <trkpt lat="43.02513" lon="1.38211">
        <ele>415.0</ele>
      </trkpt>
      <trkpt lat="43.02519" lon="1.38204">
        <ele>416.0</ele>
      </trkpt>
      <trkpt lat="43.02556" lon="1.38175">
        <ele>419.0</ele>
      </trkpt>
      <trkpt lat="43.02611" lon="1.38131">
        <ele>423.0</ele>
      </trkpt>
      <trkpt lat="43.02617" lon="1.38124">
        <ele>423.0</ele>
      </trkpt>
      <trkpt lat="43.02622" lon="1.38119">
        <ele>423.0</ele>
      </trkpt>
      <trkpt lat="43.02659" lon="1.38067">
        <ele>427.0</ele>
      </trkpt>
      <trkpt lat="43.0267" lon="1.38047">
        <ele>428.0</ele>
      </trkpt>
      <trkpt lat="43.02676" lon="1.38031">
        <ele>428.0</ele>
      </trkpt>
      <trkpt lat="43.02678" lon="1.38018">
        <ele>429.0</ele>
      </trkpt>
      <trkpt lat="43.02686" lon="1.37951">
        <ele>429.0</ele>
      </trkpt>
      <trkpt lat="43.0269" lon="1.37938">
        <ele>429.0</ele>
      </trkpt>
      <trkpt lat="43.02694" lon="1.37931">
        <ele>430.0</ele>
      </trkpt>
      <trkpt lat="43.027" lon="1.37927">
        <ele>430.0</ele>
      </trkpt>
      <trkpt lat="43.02725" lon="1.3792">
        <ele>433.0</ele>
      </trkpt>
      <trkpt lat="43.02743" lon="1.37913">
        <ele>434.0</ele>
      </trkpt>
      <trkpt lat="43.02785" lon="1.37883">
        <ele>439.0</ele>
      </trkpt>
      <trkpt lat="43.02806" lon="1.37867">
        <ele>442.0</ele>
      </trkpt>
      <trkpt lat="43.02817" lon="1.37858">
        <ele>444.0</ele>
      </trkpt>
      <trkpt lat="43.02845" lon="1.37813">
        <ele>450.0</ele>
      </trkpt>
      <trkpt lat="43.02851" lon="1.37799">
        <ele>452.0</ele>
      </trkpt>
      <trkpt lat="43.02853" lon="1.37786">
        <ele>454.0</ele>
      </trkpt>
      <trkpt lat="43.02852" lon="1.37777">
        <ele>454.0</ele>
      </trkpt>
      <trkpt lat="43.02847" lon="1.37769">
        <ele>453.0</ele>
      </trkpt>
      <trkpt lat="43.02838" lon="1.37761">
        <ele>452.0</ele>
      </trkpt>
      <trkpt lat="43.02831" lon="1.37753">
        <ele>451.0</ele>
      </trkpt>
      <trkpt lat="43.02828" lon="1.37743">
        <ele>452.0</ele>
      </trkpt>
      <trkpt lat="43.0283" lon="1.3771">
        <ele>456.0</ele>
      </trkpt>
      <trkpt lat="43.02828" lon="1.3769">
        <ele>458.0</ele>
      </trkpt>
      <trkpt lat="43.02829" lon="1.37679">
        <ele>459.0</ele>
      </trkpt>
      <trkpt lat="43.02832" lon="1.37672">
        <ele>461.0</ele>
      </trkpt>
      <trkpt lat="43.02837" lon="1.37671">
        <ele>462.0</ele>
      </trkpt>
      <trkpt lat="43.02843" lon="1.37674">
        <ele>463.0</ele>
      </trkpt>
      <trkpt lat="43.02854" lon="1.37698">
        <ele>462.0</ele>
      </trkpt>
      <trkpt lat="43.02866" lon="1.37714">
        <ele>463.0</ele>
      </trkpt>
      <trkpt lat="43.02882" lon="1.37724">
        <ele>464.0</ele>
      </trkpt>
      <trkpt lat="43.02899" lon="1.3773">
        <ele>467.0</ele>
      </trkpt>
      <trkpt lat="43.02914" lon="1.37731">
        <ele>470.0</ele>
      </trkpt>
      <trkpt lat="43.02928" lon="1.37729">
        <ele>472.0</ele>
      </trkpt>
      <trkpt lat="43.02934" lon="1.37725">
        <ele>473.0</ele>
      </trkpt>
      <trkpt lat="43.02936" lon="1.3772">
        <ele>474.0</ele>
      </trkpt>
      <trkpt lat="43.02935" lon="1.37714">
        <ele>475.0</ele>
      </trkpt>
      <trkpt lat="43.02928" lon="1.37708">
        <ele>474.0</ele>
      </trkpt>
      <trkpt lat="43.02916" lon="1.37703">
        <ele>474.0</ele>
      </trkpt>
      <trkpt lat="43.02906" lon="1.37696">
        <ele>472.0</ele>
      </trkpt>
      <trkpt lat="43.02899" lon="1.37684">
        <ele>473.0</ele>
      </trkpt>
      <trkpt lat="43.02893" lon="1.37669">
        <ele>473.0</ele>
      </trkpt>
      <trkpt lat="43.0289" lon="1.37651">
        <ele>473.0</ele>
      </trkpt>
      <trkpt lat="43.02891" lon="1.37639">
        <ele>473.0</ele>
      </trkpt>
      <trkpt lat="43.02895" lon="1.37623">
        <ele>474.0</ele>
      </trkpt>
      <trkpt lat="43.02903" lon="1.37605">
        <ele>476.0</ele>
      </trkpt>
      <trkpt lat="43.02915" lon="1.37587">
        <ele>480.0</ele>
      </trkpt>
      <trkpt lat="43.02931" lon="1.37559">
        <ele>481.0</ele>
      </trkpt>
      <trkpt lat="43.02951" lon="1.37511">
        <ele>483.0</ele>
      </trkpt>
      <trkpt lat="43.02973" lon="1.37468">
        <ele>487.0</ele>
      </trkpt>
      <trkpt lat="43.02992" lon="1.37439">
        <ele>490.0</ele>
      </trkpt>
      <trkpt lat="43.0302" lon="1.37405">
        <ele>495.0</ele>
      </trkpt>
      <trkpt lat="43.03094" lon="1.37294">
        <ele>507.0</ele>
      </trkpt>
      <trkpt lat="43.03142" lon="1.37226">
        <ele>513.0</ele>
      </trkpt>
      <trkpt lat="43.03153" lon="1.37214">
        <ele>514.0</ele>
      </trkpt>
      <trkpt lat="43.03165" lon="1.37212">
        <ele>514.0</ele>
      </trkpt>
      <trkpt lat="43.03176" lon="1.37214">
        <ele>512.0</ele>
      </trkpt>
      <trkpt lat="43.03185" lon="1.37214">
        <ele>510.0</ele>
      </trkpt>
      <trkpt lat="43.03192" lon="1.37209">
        <ele>508.0</ele>
      </trkpt>
      <trkpt lat="43.03193" lon="1.37198">
        <ele>508.0</ele>
      </trkpt>
      <trkpt lat="43.03194" lon="1.37169">
        <ele>507.0</ele>
      </trkpt>
      <trkpt lat="43.03198" lon="1.37135">
        <ele>507.0</ele>
      </trkpt>
      <trkpt lat="43.03205" lon="1.37079">
        <ele>505.0</ele>
      </trkpt>
      <trkpt lat="43.03205" lon="1.37059">
        <ele>505.0</ele>
      </trkpt>
      <trkpt lat="43.03204" lon="1.37045">
        <ele>506.0</ele>
      </trkpt>
      <trkpt lat="43.03202" lon="1.37032">
        <ele>507.0</ele>
      </trkpt>
      <trkpt lat="43.03203" lon="1.37026">
        <ele>506.0</ele>
      </trkpt>
      <trkpt lat="43.03205" lon="1.37023">
        <ele>505.0</ele>
      </trkpt>
      <trkpt lat="43.03208" lon="1.37022">
        <ele>504.0</ele>
      </trkpt>
      <trkpt lat="43.03212" lon="1.37023">
        <ele>502.0</ele>
      </trkpt>
      <trkpt lat="43.03215" lon="1.37029">
        <ele>501.0</ele>
      </trkpt>
      <trkpt lat="43.03223" lon="1.37067">
        <ele>498.0</ele>
      </trkpt>
      <trkpt lat="43.03233" lon="1.37089">
        <ele>494.0</ele>
      </trkpt>
      <trkpt lat="43.03237" lon="1.37096">
        <ele>493.0</ele>
      </trkpt>
      <trkpt lat="43.03244" lon="1.37101">
        <ele>490.0</ele>
      </trkpt>
      <trkpt lat="43.03252" lon="1.37101">
        <ele>488.0</ele>
      </trkpt>
      <trkpt lat="43.03266" lon="1.37094">
        <ele>488.0</ele>
      </trkpt>
      <trkpt lat="43.03288" lon="1.37087">
        <ele>488.0</ele>
      </trkpt>
      <trkpt lat="43.03307" lon="1.37088">
        <ele>488.0</ele>
      </trkpt>
      <trkpt lat="43.03355" lon="1.37103">
        <ele>490.0</ele>
      </trkpt>
      <trkpt lat="43.03376" lon="1.37108">
        <ele>492.0</ele>
      </trkpt>
      <trkpt lat="43.03396" lon="1.37106">
        <ele>494.0</ele>
      </trkpt>
      <trkpt lat="43.03415" lon="1.37099">
        <ele>496.0</ele>
      </trkpt>
      <trkpt lat="43.03437" lon="1.37083">
        <ele>500.0</ele>
      </trkpt>
      <trkpt lat="43.03452" lon="1.37061">
        <ele>502.0</ele>
      </trkpt>
      <trkpt lat="43.03468" lon="1.37023">
        <ele>505.0</ele>
      </trkpt>
      <trkpt lat="43.03485" lon="1.36979">
        <ele>510.0</ele>
      </trkpt>
      <trkpt lat="43.03501" lon="1.36913">
        <ele>513.0</ele>
      </trkpt>
      <trkpt lat="43.03525" lon="1.36803">
        <ele>520.0</ele>
      </trkpt>
      <trkpt lat="43.03541" lon="1.36722">
        <ele>525.0</ele>
      </trkpt>
      <trkpt lat="43.03557" lon="1.36616">
        <ele>531.0</ele>
      </trkpt>
      <trkpt lat="43.03566" lon="1.36576">
        <ele>534.0</ele>
      </trkpt>
      <trkpt lat="43.03573" lon="1.36553">
        <ele>535.0</ele>
      </trkpt>
      <trkpt lat="43.0359" lon="1.36515">
        <ele>537.0</ele>
      </trkpt>
      <trkpt lat="43.03595" lon="1.36512">
        <ele>537.0</ele>
      </trkpt>
      <trkpt lat="43.03611" lon="1.36506">
        <ele>537.0</ele>
      </trkpt>
      <trkpt lat="43.03616" lon="1.36508">
        <ele>538.0</ele>
      </trkpt>
      <trkpt lat="43.03617" lon="1.36513">
        <ele>538.0</ele>
      </trkpt>
      <trkpt lat="43.03616" lon="1.36518">
        <ele>539.0</ele>
      </trkpt>
      <trkpt lat="43.03608" lon="1.36531">
        <ele>539.0</ele>
      </trkpt>
      <trkpt lat="43.03606" lon="1.36538">
        <ele>539.0</ele>
      </trkpt>
      <trkpt lat="43.03602" lon="1.3656">
        <ele>540.0</ele>
      </trkpt>
      <trkpt lat="43.03602" lon="1.36566">
        <ele>540.0</ele>
      </trkpt>
      <trkpt lat="43.03603" lon="1.36572">
        <ele>541.0</ele>
      </trkpt>
      <trkpt lat="43.03605" lon="1.36574">
        <ele>541.0</ele>
      </trkpt>
      <trkpt lat="43.03608" lon="1.36574">
        <ele>542.0</ele>
      </trkpt>
      <trkpt lat="43.03611" lon="1.36571">
        <ele>542.0</ele>
      </trkpt>
      <trkpt lat="43.03615" lon="1.36562">
        <ele>542.0</ele>
      </trkpt>
      <trkpt lat="43.03621" lon="1.36555">
        <ele>542.0</ele>
      </trkpt>
      <trkpt lat="43.03625" lon="1.36551">
        <ele>542.0</ele>
      </trkpt>
      <trkpt lat="43.03628" lon="1.36548">
        <ele>542.0</ele>
      </trkpt>
      <trkpt lat="43.03637" lon="1.36548">
        <ele>543.0</ele>
      </trkpt>
      <trkpt lat="43.03642" lon="1.36549">
        <ele>543.0</ele>
      </trkpt>
      <trkpt lat="43.03648" lon="1.36553">
        <ele>544.0</ele>
      </trkpt>
      <trkpt lat="43.03651" lon="1.36559">
        <ele>545.0</ele>
      </trkpt>
      <trkpt lat="43.03655" lon="1.36569">
        <ele>547.0</ele>
      </trkpt>
      <trkpt lat="43.03656" lon="1.36586">
        <ele>549.0</ele>
      </trkpt>
      <trkpt lat="43.03654" lon="1.36601">
        <ele>550.0</ele>
      </trkpt>
      <trkpt lat="43.03651" lon="1.36614">
        <ele>551.0</ele>
      </trkpt>
      <trkpt lat="43.03651" lon="1.36627">
        <ele>552.0</ele>
      </trkpt>
      <trkpt lat="43.03653" lon="1.36641">
        <ele>554.0</ele>
      </trkpt>
      <trkpt lat="43.0366" lon="1.36669">
        <ele>558.0</ele>
      </trkpt>
      <trkpt lat="43.03673" lon="1.36726">
        <ele>562.0</ele>
      </trkpt>
      <trkpt lat="43.03678" lon="1.36756">
        <ele>564.0</ele>
      </trkpt>
      <trkpt lat="43.0368" lon="1.36762">
        <ele>564.0</ele>
      </trkpt>
      <trkpt lat="43.03684" lon="1.36764">
        <ele>565.0</ele>
      </trkpt>
      <trkpt lat="43.03689" lon="1.36762">
        <ele>566.0</ele>
      </trkpt>
      <trkpt lat="43.03699" lon="1.3675">
        <ele>566.0</ele>
      </trkpt>
      <trkpt lat="43.03704" lon="1.36749">
        <ele>567.0</ele>
      </trkpt>
      <trkpt lat="43.03708" lon="1.36752">
        <ele>568.0</ele>
      </trkpt>
      <trkpt lat="43.03727" lon="1.36784">
        <ele>572.0</ele>
      </trkpt>
      <trkpt lat="43.03749" lon="1.36815">
        <ele>576.0</ele>
      </trkpt>
      <trkpt lat="43.03779" lon="1.36855">
        <ele>577.0</ele>
      </trkpt>
      <trkpt lat="43.03812" lon="1.36903">
        <ele>577.0</ele>
      </trkpt>
      <trkpt lat="43.03821" lon="1.3692">
        <ele>577.0</ele>
      </trkpt>
      <trkpt lat="43.03833" lon="1.36943">
        <ele>577.0</ele>
      </trkpt>
      <trkpt lat="43.03851" lon="1.36995">
        <ele>576.0</ele>
      </trkpt>
      <trkpt lat="43.03861" lon="1.37036">
        <ele>578.0</ele>
      </trkpt>
      <trkpt lat="43.03866" lon="1.37048">
        <ele>578.0</ele>
      </trkpt>
      <trkpt lat="43.03889" lon="1.3719">
        <ele>581.0</ele>
      </trkpt>
      <trkpt lat="43.03896" lon="1.37219">
        <ele>582.0</ele>
      </trkpt>
      <trkpt lat="43.03899" lon="1.37245">
        <ele>583.0</ele>
      </trkpt>
      <trkpt lat="43.03895" lon="1.37308">
        <ele>582.0</ele>
      </trkpt>
      <trkpt lat="43.03892" lon="1.37352">
        <ele>580.0</ele>
      </trkpt>
      <trkpt lat="43.03891" lon="1.37366">
        <ele>579.0</ele>
      </trkpt>
      <trkpt lat="43.03893" lon="1.37393">
        <ele>577.0</ele>
      </trkpt>
      <trkpt lat="43.03895" lon="1.37413">
        <ele>577.0</ele>
      </trkpt>
      <trkpt lat="43.03903" lon="1.37426">
        <ele>577.0</ele>
      </trkpt>
      <trkpt lat="43.03915" lon="1.37432">
        <ele>579.0</ele>
      </trkpt>
      <trkpt lat="43.03931" lon="1.37433">
        <ele>578.0</ele>
      </trkpt>
      <trkpt lat="43.0395" lon="1.37427">
        <ele>578.0</ele>
      </trkpt>
      <trkpt lat="43.03981" lon="1.37411">
        <ele>578.0</ele>
      </trkpt>
      <trkpt lat="43.04028" lon="1.37399">
        <ele>573.0</ele>
      </trkpt>
      <trkpt lat="43.04039" lon="1.37392">
        <ele>572.0</ele>
      </trkpt>
      <trkpt lat="43.04049" lon="1.37381">
        <ele>571.0</ele>
      </trkpt>
      <trkpt lat="43.04058" lon="1.37359">
        <ele>570.0</ele>
      </trkpt>
      <trkpt lat="43.04098" lon="1.37238">
        <ele>571.0</ele>
      </trkpt>
      <trkpt lat="43.04116" lon="1.37191">
        <ele>568.0</ele>
      </trkpt>
      <trkpt lat="43.04122" lon="1.37167">
        <ele>569.0</ele>
      </trkpt>
      <trkpt lat="43.04124" lon="1.37129">
        <ele>572.0</ele>
      </trkpt>
      <trkpt lat="43.04127" lon="1.37114">
        <ele>572.0</ele>
      </trkpt>
      <trkpt lat="43.04141" lon="1.3708">
        <ele>572.0</ele>
      </trkpt>
      <trkpt lat="43.04154" lon="1.3706">
        <ele>572.0</ele>
      </trkpt>
      <trkpt lat="43.04172" lon="1.37047">
        <ele>569.0</ele>
      </trkpt>
      <trkpt lat="43.042" lon="1.37037">
        <ele>562.0</ele>
      </trkpt>
      <trkpt lat="43.04229" lon="1.37028">
        <ele>554.0</ele>
      </trkpt>
      <trkpt lat="43.04247" lon="1.37016">
        <ele>551.0</ele>
      </trkpt>
      <trkpt lat="43.04257" lon="1.36999">
        <ele>550.0</ele>
      </trkpt>
      <trkpt lat="43.04261" lon="1.36982">
        <ele>549.0</ele>
      </trkpt>
      <trkpt lat="43.04261" lon="1.36964">
        <ele>548.0</ele>
      </trkpt>
      <trkpt lat="43.04258" lon="1.36946">
        <ele>549.0</ele>
      </trkpt>
      <trkpt lat="43.04252" lon="1.36926">
        <ele>551.0</ele>
      </trkpt>
      <trkpt lat="43.04242" lon="1.36904">
        <ele>554.0</ele>
      </trkpt>
      <trkpt lat="43.04237" lon="1.36878">
        <ele>553.0</ele>
      </trkpt>
      <trkpt lat="43.04236" lon="1.36821">
        <ele>548.0</ele>
      </trkpt>
      <trkpt lat="43.04234" lon="1.36788">
        <ele>545.0</ele>
      </trkpt>
      <trkpt lat="43.04228" lon="1.36768">
        <ele>545.0</ele>
      </trkpt>
      <trkpt lat="43.04216" lon="1.36744">
        <ele>548.0</ele>
      </trkpt>
      <trkpt lat="43.04205" lon="1.36717">
        <ele>553.0</ele>
      </trkpt>
      <trkpt lat="43.04204" lon="1.36695">
        <ele>554.0</ele>
      </trkpt>
      <trkpt lat="43.0421" lon="1.36675">
        <ele>552.0</ele>
      </trkpt>
      <trkpt lat="43.04219" lon="1.36662">
        <ele>548.0</ele>
      </trkpt>
      <trkpt lat="43.04249" lon="1.36632">
        <ele>539.0</ele>
      </trkpt>
      <trkpt lat="43.04265" lon="1.36614">
        <ele>536.0</ele>
      </trkpt>
      <trkpt lat="43.04273" lon="1.36602">
        <ele>534.0</ele>
      </trkpt>
      <trkpt lat="43.04284" lon="1.36582">
        <ele>532.0</ele>
      </trkpt>
      <trkpt lat="43.04332" lon="1.36477">
        <ele>524.0</ele>
      </trkpt>
      <trkpt lat="43.04374" lon="1.36386">
        <ele>517.0</ele>
      </trkpt>
      <trkpt lat="43.04401" lon="1.36315">
        <ele>510.0</ele>
      </trkpt>
      <trkpt lat="43.04433" lon="1.36213">
        <ele>499.0</ele>
      </trkpt>
      <trkpt lat="43.04457" lon="1.36158">
        <ele>497.0</ele>
      </trkpt>
      <trkpt lat="43.04486" lon="1.36082">
        <ele>492.0</ele>
      </trkpt>
      <trkpt lat="43.04501" lon="1.36039">
        <ele>488.0</ele>
      </trkpt>
      <trkpt lat="43.04549" lon="1.35971">
        <ele>484.0</ele>
      </trkpt>
      <trkpt lat="43.04567" lon="1.35938">
        <ele>481.0</ele>
      </trkpt>
      <trkpt lat="43.04583" lon="1.35913">
        <ele>479.0</ele>
      </trkpt>
      <trkpt lat="43.04601" lon="1.35892">
        <ele>474.0</ele>
      </trkpt>
      <trkpt lat="43.04618" lon="1.35883">
        <ele>471.0</ele>
      </trkpt>
      <trkpt lat="43.04641" lon="1.35877">
        <ele>470.0</ele>
      </trkpt>
      <trkpt lat="43.04675" lon="1.3588">
        <ele>470.0</ele>
      </trkpt>
      <trkpt lat="43.04725" lon="1.3588">
        <ele>463.0</ele>
      </trkpt>
      <trkpt lat="43.0474" lon="1.35885">
        <ele>462.0</ele>
      </trkpt>
      <trkpt lat="43.04754" lon="1.35896">
        <ele>462.0</ele>
      </trkpt>
      <trkpt lat="43.04771" lon="1.35916">
        <ele>462.0</ele>
      </trkpt>
      <trkpt lat="43.04783" lon="1.35934">
        <ele>459.0</ele>
      </trkpt>
      <trkpt lat="43.04784" lon="1.35944">
        <ele>459.0</ele>
      </trkpt>
      <trkpt lat="43.0478" lon="1.35965">
        <ele>461.0</ele>
      </trkpt>
      <trkpt lat="43.04767" lon="1.35985">
        <ele>465.0</ele>
      </trkpt>
      <trkpt lat="43.04764" lon="1.35996">
        <ele>467.0</ele>
      </trkpt>
      <trkpt lat="43.04763" lon="1.36013">
        <ele>466.0</ele>
      </trkpt>
      <trkpt lat="43.04771" lon="1.36064">
        <ele>458.0</ele>
      </trkpt>
      <trkpt lat="43.04771" lon="1.3608">
        <ele>457.0</ele>
      </trkpt>
      <trkpt lat="43.04768" lon="1.36093">
        <ele>456.0</ele>
      </trkpt>
      <trkpt lat="43.04761" lon="1.36104">
        <ele>456.0</ele>
      </trkpt>
      <trkpt lat="43.04748" lon="1.36114">
        <ele>458.0</ele>
      </trkpt>
      <trkpt lat="43.0472" lon="1.36126">
        <ele>464.0</ele>
      </trkpt>
      <trkpt lat="43.04702" lon="1.36149">
        <ele>465.0</ele>
      </trkpt>
      <trkpt lat="43.04698" lon="1.36158">
        <ele>464.0</ele>
      </trkpt>
      <trkpt lat="43.047" lon="1.36166">
        <ele>462.0</ele>
      </trkpt>
      <trkpt lat="43.04705" lon="1.36168">
        <ele>460.0</ele>
      </trkpt>
      <trkpt lat="43.04719" lon="1.36154">
        <ele>459.0</ele>
      </trkpt>
      <trkpt lat="43.04733" lon="1.36149">
        <ele>455.0</ele>
      </trkpt>
      <trkpt lat="43.04772" lon="1.36147">
        <ele>446.0</ele>
      </trkpt>
      <trkpt lat="43.04782" lon="1.36145">
        <ele>444.0</ele>
      </trkpt>
      <trkpt lat="43.04797" lon="1.36135">
        <ele>441.0</ele>
      </trkpt>
      <trkpt lat="43.04817" lon="1.36116">
        <ele>439.0</ele>
      </trkpt>
      <trkpt lat="43.04836" lon="1.3609">
        <ele>437.0</ele>
      </trkpt>
      <trkpt lat="43.04838" lon="1.3608">
        <ele>437.0</ele>
      </trkpt>
      <trkpt lat="43.0484" lon="1.36027">
        <ele>439.0</ele>
      </trkpt>
      <trkpt lat="43.04844" lon="1.36014">
        <ele>439.0</ele>
      </trkpt>
      <trkpt lat="43.04851" lon="1.36006">
        <ele>437.0</ele>
      </trkpt>
      <trkpt lat="43.04861" lon="1.36001">
        <ele>435.0</ele>
      </trkpt>
      <trkpt lat="43.04892" lon="1.35994">
        <ele>427.0</ele>
      </trkpt>
      <trkpt lat="43.04901" lon="1.3599">
        <ele>424.0</ele>
      </trkpt>
      <trkpt lat="43.0491" lon="1.35979">
        <ele>422.0</ele>
      </trkpt>
      <trkpt lat="43.04928" lon="1.35939">
        <ele>419.0</ele>
      </trkpt>
      <trkpt lat="43.04939" lon="1.35902">
        <ele>417.0</ele>
      </trkpt>
      <trkpt lat="43.04948" lon="1.35862">
        <ele>414.0</ele>
      </trkpt>
      <trkpt lat="43.0495" lon="1.35817">
        <ele>412.0</ele>
      </trkpt>
      <trkpt lat="43.04948" lon="1.35788">
        <ele>409.0</ele>
      </trkpt>
      <trkpt lat="43.04943" lon="1.35767">
        <ele>408.0</ele>
      </trkpt>
      <trkpt lat="43.04935" lon="1.35748">
        <ele>407.0</ele>
      </trkpt>
      <trkpt lat="43.04926" lon="1.35739">
        <ele>407.0</ele>
      </trkpt>
      <trkpt lat="43.04905" lon="1.35731">
        <ele>409.0</ele>
      </trkpt>
      <trkpt lat="43.0489" lon="1.35722">
        <ele>409.0</ele>
      </trkpt>
      <trkpt lat="43.04878" lon="1.35708">
        <ele>407.0</ele>
      </trkpt>
      <trkpt lat="43.04871" lon="1.35694">
        <ele>404.0</ele>
      </trkpt>
      <trkpt lat="43.04862" lon="1.35669">
        <ele>398.0</ele>
      </trkpt>
      <trkpt lat="43.04856" lon="1.3566">
        <ele>398.0</ele>
      </trkpt>
      <trkpt lat="43.04838" lon="1.35651">
        <ele>398.0</ele>
      </trkpt>
      <trkpt lat="43.04827" lon="1.35649">
        <ele>399.0</ele>
      </trkpt>
      <trkpt lat="43.04816" lon="1.35651">
        <ele>400.0</ele>
      </trkpt>
      <trkpt lat="43.04799" lon="1.35658">
        <ele>401.0</ele>
      </trkpt>
      <trkpt lat="43.0479" lon="1.35659">
        <ele>402.0</ele>
      </trkpt>
      <trkpt lat="43.04784" lon="1.35656">
        <ele>402.0</ele>
      </trkpt>
      <trkpt lat="43.04773" lon="1.35633">
        <ele>400.0</ele>
      </trkpt>
      <trkpt lat="43.04762" lon="1.35626">
        <ele>400.0</ele>
      </trkpt>
      <trkpt lat="43.04704" lon="1.35605">
        <ele>403.0</ele>
      </trkpt>
      <trkpt lat="43.04701" lon="1.35597">
        <ele>403.0</ele>
      </trkpt>
      <trkpt lat="43.04704" lon="1.35587">
        <ele>403.0</ele>
      </trkpt>
      <trkpt lat="43.04712" lon="1.35584">
        <ele>402.0</ele>
      </trkpt>
      <trkpt lat="43.04775" lon="1.3558">
        <ele>398.0</ele>
      </trkpt>
      <trkpt lat="43.04828" lon="1.35578">
        <ele>396.0</ele>
      </trkpt>
      <trkpt lat="43.0488" lon="1.35577">
        <ele>390.0</ele>
      </trkpt>
      <trkpt lat="43.04905" lon="1.35583">
        <ele>385.0</ele>
      </trkpt>
      <trkpt lat="43.04934" lon="1.35596">
        <ele>384.0</ele>
      </trkpt>
      <trkpt lat="43.04984" lon="1.35596">
        <ele>379.0</ele>
      </trkpt>
      <trkpt lat="43.04993" lon="1.35597">
        <ele>378.0</ele>
      </trkpt>
      <trkpt lat="43.05027" lon="1.35602">
        <ele>374.0</ele>
      </trkpt>
      <trkpt lat="43.05052" lon="1.35607">
        <ele>370.0</ele>
      </trkpt>
      <trkpt lat="43.05094" lon="1.35622">
        <ele>364.0</ele>
      </trkpt>
      <trkpt lat="43.05117" lon="1.35627">
        <ele>361.0</ele>
      </trkpt>
      <trkpt lat="43.0514" lon="1.35629">
        <ele>359.0</ele>
      </trkpt>
      <trkpt lat="43.05155" lon="1.35628">
        <ele>358.0</ele>
      </trkpt>
      <trkpt lat="43.0517" lon="1.35622">
        <ele>356.0</ele>
      </trkpt>
      <trkpt lat="43.05183" lon="1.35607">
        <ele>356.0</ele>
      </trkpt>
      <trkpt lat="43.05194" lon="1.35582">
        <ele>355.0</ele>
      </trkpt>
      <trkpt lat="43.05205" lon="1.35554">
        <ele>355.0</ele>
      </trkpt>
      <trkpt lat="43.05211" lon="1.35534">
        <ele>354.0</ele>
      </trkpt>
      <trkpt lat="43.05217" lon="1.35504">
        <ele>354.0</ele>
      </trkpt>
      <trkpt lat="43.05245" lon="1.35266">
        <ele>348.0</ele>
      </trkpt>
      <trkpt lat="43.0525" lon="1.35235">
        <ele>348.0</ele>
      </trkpt>
      <trkpt lat="43.05256" lon="1.35209">
        <ele>349.0</ele>
      </trkpt>
      <trkpt lat="43.05268" lon="1.35179">
        <ele>349.0</ele>
      </trkpt>
      <trkpt lat="43.05282" lon="1.35152">
        <ele>349.0</ele>
      </trkpt>
      <trkpt lat="43.05334" lon="1.35073">
        <ele>344.0</ele>
      </trkpt>
      <trkpt lat="43.05364" lon="1.3503">
        <ele>343.0</ele>
      </trkpt>
      <trkpt lat="43.05388" lon="1.35008">
        <ele>342.0</ele>
      </trkpt>
      <trkpt lat="43.05474" lon="1.34944">
        <ele>344.0</ele>
      </trkpt>
      <trkpt lat="43.05509" lon="1.34922">
        <ele>344.0</ele>
      </trkpt>
      <trkpt lat="43.05563" lon="1.34894">
        <ele>342.0</ele>
      </trkpt>
      <trkpt lat="43.05584" lon="1.34891">
        <ele>340.0</ele>
      </trkpt>
      <trkpt lat="43.05597" lon="1.34891">
        <ele>340.0</ele>
      </trkpt>
      <trkpt lat="43.05701" lon="1.34909">
        <ele>337.0</ele>
      </trkpt>
      <trkpt lat="43.05721" lon="1.34909">
        <ele>337.0</ele>
      </trkpt>
      <trkpt lat="43.05747" lon="1.34896">
        <ele>336.0</ele>
      </trkpt>
      <trkpt lat="43.05772" lon="1.34885">
        <ele>334.0</ele>
      </trkpt>
      <trkpt lat="43.05802" lon="1.3487">
        <ele>333.0</ele>
      </trkpt>
      <trkpt lat="43.0585" lon="1.3483">
        <ele>331.0</ele>
      </trkpt>
      <trkpt lat="43.05882" lon="1.34815">
        <ele>332.0</ele>
      </trkpt>
      <trkpt lat="43.05908" lon="1.34806">
        <ele>332.0</ele>
      </trkpt>
      <trkpt lat="43.05918" lon="1.34807">
        <ele>333.0</ele>
      </trkpt>
      <trkpt lat="43.05926" lon="1.3481">
        <ele>333.0</ele>
      </trkpt>
      <trkpt lat="43.06008" lon="1.34897">
        <ele>331.0</ele>
      </trkpt>
      <trkpt lat="43.06088" lon="1.34987">
        <ele>329.0</ele>
      </trkpt>
      <trkpt lat="43.06096" lon="1.34995">
        <ele>329.0</ele>
      </trkpt>
      <trkpt lat="43.06101" lon="1.35">
        <ele>329.0</ele>
      </trkpt>
      <trkpt lat="43.06107" lon="1.34999">
        <ele>330.0</ele>
      </trkpt>
      <trkpt lat="43.06207" lon="1.34941">
        <ele>336.0</ele>
      </trkpt>
      <trkpt lat="43.06217" lon="1.3493">
        <ele>337.0</ele>
      </trkpt>
      <trkpt lat="43.06226" lon="1.34917">
        <ele>337.0</ele>
      </trkpt>
      <trkpt lat="43.06243" lon="1.3488">
        <ele>335.0</ele>
      </trkpt>
      <trkpt lat="43.06271" lon="1.34838">
        <ele>332.0</ele>
      </trkpt>
      <trkpt lat="43.06279" lon="1.34829">
        <ele>332.0</ele>
      </trkpt>
      <trkpt lat="43.06288" lon="1.34827">
        <ele>332.0</ele>
      </trkpt>
      <trkpt lat="43.06295" lon="1.34833">
        <ele>332.0</ele>
      </trkpt>
      <trkpt lat="43.063" lon="1.34844">
        <ele>333.0</ele>
      </trkpt>
      <trkpt lat="43.06312" lon="1.3488">
        <ele>334.0</ele>
      </trkpt>
      <trkpt lat="43.06346" lon="1.34951">
        <ele>342.0</ele>
      </trkpt>
      <trkpt lat="43.06396" lon="1.35074">
        <ele>341.0</ele>
      </trkpt>
      <trkpt lat="43.064" lon="1.35072">
        <ele>339.0</ele>
      </trkpt>
      <trkpt lat="43.06424" lon="1.35057">
        <ele>334.0</ele>
      </trkpt>
      <trkpt lat="43.06463" lon="1.35032">
        <ele>345.0</ele>
      </trkpt>
      <trkpt lat="43.06469" lon="1.35051">
        <ele>344.0</ele>
      </trkpt>
      <trkpt lat="43.0649" lon="1.35129">
        <ele>340.0</ele>
      </trkpt>
      <trkpt lat="43.06494" lon="1.35141">
        <ele>339.0</ele>
      </trkpt>
      <trkpt lat="43.06505" lon="1.35179">
        <ele>338.0</ele>
      </trkpt>
      <trkpt lat="43.06517" lon="1.35213">
        <ele>340.0</ele>
      </trkpt>
      <trkpt lat="43.06525" lon="1.3523">
        <ele>341.0</ele>
      </trkpt>
      <trkpt lat="43.0664" lon="1.35442">
        <ele>334.0</ele>
      </trkpt>
      <trkpt lat="43.0666" lon="1.35479">
        <ele>331.0</ele>
      </trkpt>
      <trkpt lat="43.06677" lon="1.3551">
        <ele>329.0</ele>
      </trkpt>
      <trkpt lat="43.06687" lon="1.35526">
        <ele>330.0</ele>
      </trkpt>
      <trkpt lat="43.06697" lon="1.35536">
        <ele>331.0</ele>
      </trkpt>
      <trkpt lat="43.06702" lon="1.35541">
        <ele>331.0</ele>
      </trkpt>
      <trkpt lat="43.06727" lon="1.35555">
        <ele>332.0</ele>
      </trkpt>
      <trkpt lat="43.06746" lon="1.35562">
        <ele>332.0</ele>
      </trkpt>
      <trkpt lat="43.06755" lon="1.35563">
        <ele>333.0</ele>
      </trkpt>
      <trkpt lat="43.0676" lon="1.35563">
        <ele>335.0</ele>
      </trkpt>
      <trkpt lat="43.06771" lon="1.3556">
        <ele>338.0</ele>
      </trkpt>
      <trkpt lat="43.06778" lon="1.35556">
        <ele>341.0</ele>
      </trkpt>
      <trkpt lat="43.06787" lon="1.35546">
        <ele>344.0</ele>
      </trkpt>
      <trkpt lat="43.06792" lon="1.35538">
        <ele>347.0</ele>
      </trkpt>
      <trkpt lat="43.06796" lon="1.35527">
        <ele>350.0</ele>
      </trkpt>
      <trkpt lat="43.06798" lon="1.35509">
        <ele>353.0</ele>
      </trkpt>
      <trkpt lat="43.06798" lon="1.35502">
        <ele>354.0</ele>
      </trkpt>
      <trkpt lat="43.06794" lon="1.35467">
        <ele>371.0</ele>
      </trkpt>
      <trkpt lat="43.06795" lon="1.35458">
        <ele>376.0</ele>
      </trkpt>
      <trkpt lat="43.06796" lon="1.35452">
        <ele>380.0</ele>
      </trkpt>
      <trkpt lat="43.06799" lon="1.35446">
        <ele>385.0</ele>
      </trkpt>
      <trkpt lat="43.06807" lon="1.35437">
        <ele>395.0</ele>
      </trkpt>
      <trkpt lat="43.06819" lon="1.3543">
        <ele>407.0</ele>
      </trkpt>
      <trkpt lat="43.06826" lon="1.35428">
        <ele>412.0</ele>
      </trkpt>
      <trkpt lat="43.06831" lon="1.35429">
        <ele>415.0</ele>
      </trkpt>
      <trkpt lat="43.0684" lon="1.35432">
        <ele>415.0</ele>
      </trkpt>
      <trkpt lat="43.06861" lon="1.35454">
        <ele>408.0</ele>
      </trkpt>
      <trkpt lat="43.06933" lon="1.35532">
        <ele>403.0</ele>
      </trkpt>
      <trkpt lat="43.06941" lon="1.35536">
        <ele>403.0</ele>
      </trkpt>
      <trkpt lat="43.06947" lon="1.35535">
        <ele>404.0</ele>
      </trkpt>
      <trkpt lat="43.06952" lon="1.35533">
        <ele>405.0</ele>
      </trkpt>
      <trkpt lat="43.06956" lon="1.35528">
        <ele>407.0</ele>
      </trkpt>
      <trkpt lat="43.06965" lon="1.35512">
        <ele>413.0</ele>
      </trkpt>
      <trkpt lat="43.0698" lon="1.35491">
        <ele>420.0</ele>
      </trkpt>
      <trkpt lat="43.06992" lon="1.35478">
        <ele>425.0</ele>
      </trkpt>
      <trkpt lat="43.07005" lon="1.35466">
        <ele>428.0</ele>
      </trkpt>
      <trkpt lat="43.07016" lon="1.35461">
        <ele>430.0</ele>
      </trkpt>
      <trkpt lat="43.07028" lon="1.35459">
        <ele>431.0</ele>
      </trkpt>
      <trkpt lat="43.07039" lon="1.35459">
        <ele>431.0</ele>
      </trkpt>
      <trkpt lat="43.07046" lon="1.35462">
        <ele>430.0</ele>
      </trkpt>
      <trkpt lat="43.07054" lon="1.35467">
        <ele>429.0</ele>
      </trkpt>
      <trkpt lat="43.07064" lon="1.35479">
        <ele>427.0</ele>
      </trkpt>
      <trkpt lat="43.07075" lon="1.35494">
        <ele>423.0</ele>
      </trkpt>
      <trkpt lat="43.07085" lon="1.35514">
        <ele>413.0</ele>
      </trkpt>
      <trkpt lat="43.07087" lon="1.35517">
        <ele>411.0</ele>
      </trkpt>
      <trkpt lat="43.07096" lon="1.35527">
        <ele>404.0</ele>
      </trkpt>
      <trkpt lat="43.07098" lon="1.35531">
        <ele>401.0</ele>
      </trkpt>
      <trkpt lat="43.071" lon="1.35537">
        <ele>397.0</ele>
      </trkpt>
      <trkpt lat="43.07103" lon="1.35562">
        <ele>379.0</ele>
      </trkpt>
      <trkpt lat="43.07105" lon="1.35592">
        <ele>362.0</ele>
      </trkpt>
      <trkpt lat="43.07107" lon="1.35607">
        <ele>358.0</ele>
      </trkpt>
      <trkpt lat="43.0711" lon="1.35622">
        <ele>353.0</ele>
      </trkpt>
      <trkpt lat="43.07115" lon="1.35633">
        <ele>348.0</ele>
      </trkpt>
      <trkpt lat="43.0712" lon="1.35639">
        <ele>344.0</ele>
      </trkpt>
      <trkpt lat="43.07126" lon="1.35644">
        <ele>341.0</ele>
      </trkpt>
      <trkpt lat="43.07135" lon="1.35648">
        <ele>336.0</ele>
      </trkpt>
      <trkpt lat="43.07144" lon="1.35651">
        <ele>331.0</ele>
      </trkpt>
      <trkpt lat="43.07179" lon="1.35653">
        <ele>319.0</ele>
      </trkpt>
      <trkpt lat="43.072" lon="1.35656">
        <ele>315.0</ele>
      </trkpt>
      <trkpt lat="43.07223" lon="1.35657">
        <ele>312.0</ele>
      </trkpt>
      <trkpt lat="43.07226" lon="1.35657">
        <ele>312.0</ele>
      </trkpt>
      <trkpt lat="43.07251" lon="1.35661">
        <ele>309.0</ele>
      </trkpt>
      <trkpt lat="43.07279" lon="1.35666">
        <ele>307.0</ele>
      </trkpt>
      <trkpt lat="43.07288" lon="1.3567">
        <ele>307.0</ele>
      </trkpt>
      <trkpt lat="43.07296" lon="1.35677">
        <ele>308.0</ele>
      </trkpt>
      <trkpt lat="43.07309" lon="1.3569">
        <ele>310.0</ele>
      </trkpt>
      <trkpt lat="43.07334" lon="1.35727">
        <ele>314.0</ele>
      </trkpt>
      <trkpt lat="43.07352" lon="1.35744">
        <ele>313.0</ele>
      </trkpt>
      <trkpt lat="43.07415" lon="1.35796">
        <ele>311.0</ele>
      </trkpt>
      <trkpt lat="43.07456" lon="1.35825">
        <ele>309.0</ele>
      </trkpt>
      <trkpt lat="43.07506" lon="1.35865">
        <ele>305.0</ele>
      </trkpt>
      <trkpt lat="43.07522" lon="1.35882">
        <ele>306.0</ele>
      </trkpt>
      <trkpt lat="43.07532" lon="1.35895">
        <ele>307.0</ele>
      </trkpt>
      <trkpt lat="43.07566" lon="1.3594">
        <ele>307.0</ele>
      </trkpt>
      <trkpt lat="43.07586" lon="1.35954">
        <ele>304.0</ele>
      </trkpt>
      <trkpt lat="43.07595" lon="1.35957">
        <ele>304.0</ele>
      </trkpt>
      <trkpt lat="43.07622" lon="1.35964">
        <ele>301.0</ele>
      </trkpt>
      <trkpt lat="43.07641" lon="1.35968">
        <ele>300.0</ele>
      </trkpt>
      <trkpt lat="43.07654" lon="1.35969">
        <ele>298.0</ele>
      </trkpt>
      <trkpt lat="43.07699" lon="1.3598">
        <ele>296.0</ele>
      </trkpt>
      <trkpt lat="43.07742" lon="1.35991">
        <ele>295.0</ele>
      </trkpt>
      <trkpt lat="43.07762" lon="1.36">
        <ele>294.0</ele>
      </trkpt>
      <trkpt lat="43.07815" lon="1.36013">
        <ele>291.0</ele>
      </trkpt>
      <trkpt lat="43.07842" lon="1.36019">
        <ele>290.0</ele>
      </trkpt>
      <trkpt lat="43.0785" lon="1.3602">
        <ele>290.0</ele>
      </trkpt>
      <trkpt lat="43.07861" lon="1.36023">
        <ele>290.0</ele>
      </trkpt>
      <trkpt lat="43.07867" lon="1.36026">
        <ele>290.0</ele>
      </trkpt>
      <trkpt lat="43.07873" lon="1.36032">
        <ele>290.0</ele>
      </trkpt>
      <trkpt lat="43.07875" lon="1.36035">
        <ele>291.0</ele>
      </trkpt>
      <trkpt lat="43.07879" lon="1.36039">
        <ele>291.0</ele>
      </trkpt>
      <trkpt lat="43.07908" lon="1.36071">
        <ele>290.0</ele>
      </trkpt>
      <trkpt lat="43.07934" lon="1.361">
        <ele>290.0</ele>
      </trkpt>
      <trkpt lat="43.07942" lon="1.3611">
        <ele>289.0</ele>
      </trkpt>
      <trkpt lat="43.07961" lon="1.36135">
        <ele>289.0</ele>
      </trkpt>
      <trkpt lat="43.07965" lon="1.36138">
        <ele>289.0</ele>
      </trkpt>
      <trkpt lat="43.07974" lon="1.36145">
        <ele>289.0</ele>
      </trkpt>
      <trkpt lat="43.08047" lon="1.36178">
        <ele>288.0</ele>
      </trkpt>
      <trkpt lat="43.08053" lon="1.36188">
        <ele>288.0</ele>
      </trkpt>
      <trkpt lat="43.08062" lon="1.36211">
        <ele>288.0</ele>
      </trkpt>
      <trkpt lat="43.08073" lon="1.36259">
        <ele>287.0</ele>
      </trkpt>
      <trkpt lat="43.08081" lon="1.36292">
        <ele>287.0</ele>
      </trkpt>
      <trkpt lat="43.08092" lon="1.36342">
        <ele>286.0</ele>
      </trkpt>
      <trkpt lat="43.08094" lon="1.36377">
        <ele>286.0</ele>
      </trkpt>
      <trkpt lat="43.08094" lon="1.36395">
        <ele>286.0</ele>
      </trkpt>
      <trkpt lat="43.08091" lon="1.36418">
        <ele>286.0</ele>
      </trkpt>
      <trkpt lat="43.08082" lon="1.36453">
        <ele>286.0</ele>
      </trkpt>
      <trkpt lat="43.0807" lon="1.36492">
        <ele>287.0</ele>
      </trkpt>
      <trkpt lat="43.08058" lon="1.36526">
        <ele>287.0</ele>
      </trkpt>
      <trkpt lat="43.08051" lon="1.36543">
        <ele>287.0</ele>
      </trkpt>
      <trkpt lat="43.08042" lon="1.36559">
        <ele>286.0</ele>
      </trkpt>
      <trkpt lat="43.0803" lon="1.36574">
        <ele>286.0</ele>
      </trkpt>
      <trkpt lat="43.08016" lon="1.36585">
        <ele>285.0</ele>
      </trkpt>
      <trkpt lat="43.08" lon="1.36592">
        <ele>285.0</ele>
      </trkpt>
      <trkpt lat="43.07952" lon="1.36605">
        <ele>288.0</ele>
      </trkpt>
      <trkpt lat="43.07891" lon="1.36622">
        <ele>291.0</ele>
      </trkpt>
      <trkpt lat="43.07872" lon="1.36629">
        <ele>293.0</ele>
      </trkpt>
      <trkpt lat="43.07858" lon="1.36639">
        <ele>293.0</ele>
      </trkpt>
      <trkpt lat="43.07848" lon="1.3665">
        <ele>294.0</ele>
      </trkpt>
      <trkpt lat="43.0784" lon="1.36662">
        <ele>294.0</ele>
      </trkpt>
      <trkpt lat="43.07834" lon="1.36681">
        <ele>293.0</ele>
      </trkpt>
      <trkpt lat="43.07827" lon="1.36705">
        <ele>292.0</ele>
      </trkpt>
      <trkpt lat="43.07817" lon="1.36749">
        <ele>290.0</ele>
      </trkpt>
      <trkpt lat="43.07813" lon="1.36767">
        <ele>290.0</ele>
      </trkpt>
      <trkpt lat="43.07811" lon="1.36783">
        <ele>291.0</ele>
      </trkpt>
      <trkpt lat="43.07811" lon="1.36813">
        <ele>290.0</ele>
      </trkpt>
      <trkpt lat="43.07818" lon="1.36875">
        <ele>289.0</ele>
      </trkpt>
      <trkpt lat="43.07824" lon="1.3692">
        <ele>287.0</ele>
      </trkpt>
      <trkpt lat="43.07825" lon="1.36938">
        <ele>287.0</ele>
      </trkpt>
      <trkpt lat="43.07826" lon="1.36974">
        <ele>286.0</ele>
      </trkpt>
      <trkpt lat="43.07825" lon="1.36998">
        <ele>287.0</ele>
      </trkpt>
      <trkpt lat="43.07823" lon="1.37032">
        <ele>287.0</ele>
      </trkpt>
      <trkpt lat="43.07821" lon="1.37053">
        <ele>288.0</ele>
      </trkpt>
      <trkpt lat="43.07816" lon="1.37088">
        <ele>290.0</ele>
      </trkpt>
      <trkpt lat="43.07814" lon="1.37104">
        <ele>290.0</ele>
      </trkpt>
      <trkpt lat="43.07813" lon="1.37131">
        <ele>291.0</ele>
      </trkpt>
      <trkpt lat="43.07815" lon="1.37193">
        <ele>290.0</ele>
      </trkpt>
      <trkpt lat="43.07816" lon="1.37249">
        <ele>289.0</ele>
      </trkpt>
      <trkpt lat="43.07816" lon="1.37266">
        <ele>289.0</ele>
      </trkpt>
      <trkpt lat="43.07814" lon="1.37285">
        <ele>289.0</ele>
      </trkpt>
      <trkpt lat="43.07803" lon="1.3738">
        <ele>293.0</ele>
      </trkpt>
      <trkpt lat="43.078" lon="1.37418">
        <ele>295.0</ele>
      </trkpt>
      <trkpt lat="43.07799" lon="1.37491">
        <ele>299.0</ele>
      </trkpt>
      <trkpt lat="43.07797" lon="1.37519">
        <ele>300.0</ele>
      </trkpt>
      <trkpt lat="43.07788" lon="1.37562">
        <ele>303.0</ele>
      </trkpt>
      <trkpt lat="43.07785" lon="1.37588">
        <ele>305.0</ele>
      </trkpt>
      <trkpt lat="43.07784" lon="1.37656">
        <ele>305.0</ele>
      </trkpt>
      <trkpt lat="43.07786" lon="1.37707">
        <ele>304.0</ele>
      </trkpt>
      <trkpt lat="43.07789" lon="1.37718">
        <ele>303.0</ele>
      </trkpt>
      <trkpt lat="43.07792" lon="1.37725">
        <ele>302.0</ele>
      </trkpt>
      <trkpt lat="43.07787" lon="1.37739">
        <ele>304.0</ele>
      </trkpt>
      <trkpt lat="43.07785" lon="1.37747">
        <ele>304.0</ele>
      </trkpt>
      <trkpt lat="43.07786" lon="1.37843">
        <ele>299.0</ele>
      </trkpt>
      <trkpt lat="43.07786" lon="1.37872">
        <ele>296.0</ele>
      </trkpt>
      <trkpt lat="43.07785" lon="1.37888">
        <ele>294.0</ele>
      </trkpt>
      <trkpt lat="43.07781" lon="1.37902">
        <ele>294.0</ele>
      </trkpt>
      <trkpt lat="43.07778" lon="1.3791">
        <ele>294.0</ele>
      </trkpt>
      <trkpt lat="43.07761" lon="1.37925">
        <ele>295.0</ele>
      </trkpt>
      <trkpt lat="43.07742" lon="1.37941">
        <ele>297.0</ele>
      </trkpt>
      <trkpt lat="43.07734" lon="1.37952">
        <ele>297.0</ele>
      </trkpt>
      <trkpt lat="43.07729" lon="1.37966">
        <ele>296.0</ele>
      </trkpt>
      <trkpt lat="43.07727" lon="1.37987">
        <ele>294.0</ele>
      </trkpt>
      <trkpt lat="43.07728" lon="1.38001">
        <ele>292.0</ele>
      </trkpt>
      <trkpt lat="43.07733" lon="1.38013">
        <ele>292.0</ele>
      </trkpt>
      <trkpt lat="43.07744" lon="1.38031">
        <ele>290.0</ele>
      </trkpt>
      <trkpt lat="43.07752" lon="1.38051">
        <ele>290.0</ele>
      </trkpt>
      <trkpt lat="43.07757" lon="1.38068">
        <ele>291.0</ele>
      </trkpt>
      <trkpt lat="43.07758" lon="1.38078">
        <ele>292.0</ele>
      </trkpt>
      <trkpt lat="43.07758" lon="1.38092">
        <ele>293.0</ele>
      </trkpt>
      <trkpt lat="43.07754" lon="1.38114">
        <ele>294.0</ele>
      </trkpt>
      <trkpt lat="43.07752" lon="1.38125">
        <ele>294.0</ele>
      </trkpt>
      <trkpt lat="43.07753" lon="1.38142">
        <ele>295.0</ele>
      </trkpt>
      <trkpt lat="43.07755" lon="1.38157">
        <ele>297.0</ele>
      </trkpt>
      <trkpt lat="43.07762" lon="1.38183">
        <ele>300.0</ele>
      </trkpt>
      <trkpt lat="43.07765" lon="1.38203">
        <ele>302.0</ele>
      </trkpt>
      <trkpt lat="43.07767" lon="1.3825">
        <ele>304.0</ele>
      </trkpt>
      <trkpt lat="43.07765" lon="1.38283">
        <ele>302.0</ele>
      </trkpt>
      <trkpt lat="43.07764" lon="1.38302">
        <ele>302.0</ele>
      </trkpt>
      <trkpt lat="43.07765" lon="1.38318">
        <ele>302.0</ele>
      </trkpt>
      <trkpt lat="43.07769" lon="1.38332">
        <ele>303.0</ele>
      </trkpt>
      <trkpt lat="43.07776" lon="1.38345">
        <ele>305.0</ele>
      </trkpt>
      <trkpt lat="43.07793" lon="1.3837">
        <ele>308.0</ele>
      </trkpt>
      <trkpt lat="43.07796" lon="1.38379">
        <ele>308.0</ele>
      </trkpt>
      <trkpt lat="43.07797" lon="1.38393">
        <ele>307.0</ele>
      </trkpt>
      <trkpt lat="43.07794" lon="1.38408">
        <ele>305.0</ele>
      </trkpt>
      <trkpt lat="43.0779" lon="1.38421">
        <ele>304.0</ele>
      </trkpt>
      <trkpt lat="43.07762" lon="1.38466">
        <ele>302.0</ele>
      </trkpt>
      <trkpt lat="43.07744" lon="1.38502">
        <ele>302.0</ele>
      </trkpt>
      <trkpt lat="43.07732" lon="1.3852">
        <ele>306.0</ele>
      </trkpt>
      <trkpt lat="43.0769" lon="1.38573">
        <ele>309.0</ele>
      </trkpt>
      <trkpt lat="43.07682" lon="1.38588">
        <ele>308.0</ele>
      </trkpt>
      <trkpt lat="43.07674" lon="1.38607">
        <ele>308.0</ele>
      </trkpt>
      <trkpt lat="43.0766" lon="1.38658">
        <ele>307.0</ele>
      </trkpt>
      <trkpt lat="43.07625" lon="1.38777">
        <ele>314.0</ele>
      </trkpt>
      <trkpt lat="43.07616" lon="1.38808">
        <ele>313.0</ele>
      </trkpt>
      <trkpt lat="43.07609" lon="1.38874">
        <ele>312.0</ele>
      </trkpt>
      <trkpt lat="43.076" lon="1.38916">
        <ele>309.0</ele>
      </trkpt>
      <trkpt lat="43.07599" lon="1.38931">
        <ele>308.0</ele>
      </trkpt>
      <trkpt lat="43.07602" lon="1.38944">
        <ele>309.0</ele>
      </trkpt>
      <trkpt lat="43.07617" lon="1.38972">
        <ele>313.0</ele>
      </trkpt>
      <trkpt lat="43.07621" lon="1.38983">
        <ele>314.0</ele>
      </trkpt>
      <trkpt lat="43.07626" lon="1.39016">
        <ele>313.0</ele>
      </trkpt>
      <trkpt lat="43.07633" lon="1.39053">
        <ele>312.0</ele>
      </trkpt>
      <trkpt lat="43.07644" lon="1.39092">
        <ele>311.0</ele>
      </trkpt>
      <trkpt lat="43.07646" lon="1.39102">
        <ele>311.0</ele>
      </trkpt>
      <trkpt lat="43.07645" lon="1.39111">
        <ele>311.0</ele>
      </trkpt>
      <trkpt lat="43.07643" lon="1.39119">
        <ele>311.0</ele>
      </trkpt>
      <trkpt lat="43.07636" lon="1.39132">
        <ele>311.0</ele>
      </trkpt>
      <trkpt lat="43.07625" lon="1.39156">
        <ele>310.0</ele>
      </trkpt>
      <trkpt lat="43.07622" lon="1.39166">
        <ele>310.0</ele>
      </trkpt>
      <trkpt lat="43.07619" lon="1.39178">
        <ele>311.0</ele>
      </trkpt>
      <trkpt lat="43.07618" lon="1.39194">
        <ele>313.0</ele>
      </trkpt>
      <trkpt lat="43.0762" lon="1.39215">
        <ele>316.0</ele>
      </trkpt>
      <trkpt lat="43.07625" lon="1.39258">
        <ele>323.0</ele>
      </trkpt>
      <trkpt lat="43.07633" lon="1.39294">
        <ele>326.0</ele>
      </trkpt>
      <trkpt lat="43.07639" lon="1.39311">
        <ele>328.0</ele>
      </trkpt>
      <trkpt lat="43.07642" lon="1.39328">
        <ele>330.0</ele>
      </trkpt>
      <trkpt lat="43.07644" lon="1.39336">
        <ele>330.0</ele>
      </trkpt>
      <trkpt lat="43.07646" lon="1.39372">
        <ele>330.0</ele>
      </trkpt>
      <trkpt lat="43.07656" lon="1.39419">
        <ele>329.0</ele>
      </trkpt>
      <trkpt lat="43.07661" lon="1.39438">
        <ele>328.0</ele>
      </trkpt>
      <trkpt lat="43.07689" lon="1.39523">
        <ele>331.0</ele>
      </trkpt>
      <trkpt lat="43.07695" lon="1.39552">
        <ele>332.0</ele>
      </trkpt>
      <trkpt lat="43.07725" lon="1.3962">
        <ele>334.0</ele>
      </trkpt>
      <trkpt lat="43.07748" lon="1.39684">
        <ele>330.0</ele>
      </trkpt>
      <trkpt lat="43.07759" lon="1.39724">
        <ele>331.0</ele>
      </trkpt>
      <trkpt lat="43.07767" lon="1.39765">
        <ele>331.0</ele>
      </trkpt>
      <trkpt lat="43.0779" lon="1.39869">
        <ele>335.0</ele>
      </trkpt>
      <trkpt lat="43.07803" lon="1.39939">
        <ele>336.0</ele>
      </trkpt>
      <trkpt lat="43.07805" lon="1.39965">
        <ele>336.0</ele>
      </trkpt>
      <trkpt lat="43.07801" lon="1.39987">
        <ele>335.0</ele>
      </trkpt>
      <trkpt lat="43.07797" lon="1.4">
        <ele>335.0</ele>
      </trkpt>
      <trkpt lat="43.07791" lon="1.40018">
        <ele>335.0</ele>
      </trkpt>
      <trkpt lat="43.0779" lon="1.40037">
        <ele>335.0</ele>
      </trkpt>
      <trkpt lat="43.07792" lon="1.40054">
        <ele>335.0</ele>
      </trkpt>
      <trkpt lat="43.07797" lon="1.40066">
        <ele>335.0</ele>
      </trkpt>
      <trkpt lat="43.07815" lon="1.40096">
        <ele>335.0</ele>
      </trkpt>
      <trkpt lat="43.07823" lon="1.40111">
        <ele>335.0</ele>
      </trkpt>
      <trkpt lat="43.07829" lon="1.40126">
        <ele>335.0</ele>
      </trkpt>
      <trkpt lat="43.07832" lon="1.40146">
        <ele>334.0</ele>
      </trkpt>
      <trkpt lat="43.0783" lon="1.40175">
        <ele>334.0</ele>
      </trkpt>
      <trkpt lat="43.07832" lon="1.40249">
        <ele>336.0</ele>
      </trkpt>
      <trkpt lat="43.07836" lon="1.40278">
        <ele>336.0</ele>
      </trkpt>
      <trkpt lat="43.07851" lon="1.40325">
        <ele>338.0</ele>
      </trkpt>
      <trkpt lat="43.07855" lon="1.40342">
        <ele>339.0</ele>
      </trkpt>
      <trkpt lat="43.07846" lon="1.40401">
        <ele>337.0</ele>
      </trkpt>
      <trkpt lat="43.07846" lon="1.40417">
        <ele>337.0</ele>
      </trkpt>
      <trkpt lat="43.07855" lon="1.40461">
        <ele>339.0</ele>
      </trkpt>
      <trkpt lat="43.07857" lon="1.40476">
        <ele>339.0</ele>
      </trkpt>
      <trkpt lat="43.07856" lon="1.40491">
        <ele>339.0</ele>
      </trkpt>
      <trkpt lat="43.07854" lon="1.40505">
        <ele>339.0</ele>
      </trkpt>
      <trkpt lat="43.07836" lon="1.40559">
        <ele>340.0</ele>
      </trkpt>
      <trkpt lat="43.0783" lon="1.40588">
        <ele>341.0</ele>
      </trkpt>
      <trkpt lat="43.07827" lon="1.40616">
        <ele>342.0</ele>
      </trkpt>
      <trkpt lat="43.07826" lon="1.4064">
        <ele>343.0</ele>
      </trkpt>
      <trkpt lat="43.07835" lon="1.40691">
        <ele>345.0</ele>
      </trkpt>
      <trkpt lat="43.07834" lon="1.40703">
        <ele>346.0</ele>
      </trkpt>
      <trkpt lat="43.07834" lon="1.40717">
        <ele>346.0</ele>
      </trkpt>
      <trkpt lat="43.07829" lon="1.40743">
        <ele>345.0</ele>
      </trkpt>
      <trkpt lat="43.07818" lon="1.40781">
        <ele>346.0</ele>
      </trkpt>
      <trkpt lat="43.07786" lon="1.40927">
        <ele>348.0</ele>
      </trkpt>
      <trkpt lat="43.07782" lon="1.40956">
        <ele>349.0</ele>
      </trkpt>
      <trkpt lat="43.07784" lon="1.41002">
        <ele>350.0</ele>
      </trkpt>
      <trkpt lat="43.07783" lon="1.41017">
        <ele>351.0</ele>
      </trkpt>
      <trkpt lat="43.07779" lon="1.41048">
        <ele>352.0</ele>
      </trkpt>
      <trkpt lat="43.07762" lon="1.41107">
        <ele>352.0</ele>
      </trkpt>
      <trkpt lat="43.07745" lon="1.41189">
        <ele>355.0</ele>
      </trkpt>
      <trkpt lat="43.07706" lon="1.41304">
        <ele>359.0</ele>
      </trkpt>
      <trkpt lat="43.07672" lon="1.41428">
        <ele>366.0</ele>
      </trkpt>
      <trkpt lat="43.07659" lon="1.41458">
        <ele>368.0</ele>
      </trkpt>
      <trkpt lat="43.07597" lon="1.41575">
        <ele>372.0</ele>
      </trkpt>
      <trkpt lat="43.07579" lon="1.41598">
        <ele>372.0</ele>
      </trkpt>
      <trkpt lat="43.07563" lon="1.41613">
        <ele>374.0</ele>
      </trkpt>
      <trkpt lat="43.07505" lon="1.41652">
        <ele>376.0</ele>
      </trkpt>
      <trkpt lat="43.07493" lon="1.41665">
        <ele>377.0</ele>
      </trkpt>
      <trkpt lat="43.07479" lon="1.41692">
        <ele>378.0</ele>
      </trkpt>
      <trkpt lat="43.07455" lon="1.41753">
        <ele>380.0</ele>
      </trkpt>
      <trkpt lat="43.07436" lon="1.41801">
        <ele>380.0</ele>
      </trkpt>
      <trkpt lat="43.07421" lon="1.41843">
        <ele>380.0</ele>
      </trkpt>
      <trkpt lat="43.07397" lon="1.41898">
        <ele>382.0</ele>
      </trkpt>
      <trkpt lat="43.07388" lon="1.41928">
        <ele>383.0</ele>
      </trkpt>
      <trkpt lat="43.07378" lon="1.41974">
        <ele>385.0</ele>
      </trkpt>
      <trkpt lat="43.07374" lon="1.42018">
        <ele>387.0</ele>
      </trkpt>
      <trkpt lat="43.0737" lon="1.42033">
        <ele>387.0</ele>
      </trkpt>
      <trkpt lat="43.07364" lon="1.42046">
        <ele>387.0</ele>
      </trkpt>
      <trkpt lat="43.07349" lon="1.4207">
        <ele>387.0</ele>
      </trkpt>
      <trkpt lat="43.07343" lon="1.42084">
        <ele>387.0</ele>
      </trkpt>
      <trkpt lat="43.07325" lon="1.42147">
        <ele>388.0</ele>
      </trkpt>
      <trkpt lat="43.07307" lon="1.42193">
        <ele>388.0</ele>
      </trkpt>
      <trkpt lat="43.07296" lon="1.42224">
        <ele>389.0</ele>
      </trkpt>
      <trkpt lat="43.0729" lon="1.42255">
        <ele>390.0</ele>
      </trkpt>
      <trkpt lat="43.07289" lon="1.42277">
        <ele>391.0</ele>
      </trkpt>
      <trkpt lat="43.07285" lon="1.42334">
        <ele>394.0</ele>
      </trkpt>
      <trkpt lat="43.07278" lon="1.42365">
        <ele>395.0</ele>
      </trkpt>
      <trkpt lat="43.0725" lon="1.42447">
        <ele>396.0</ele>
      </trkpt>
      <trkpt lat="43.07241" lon="1.42469">
        <ele>397.0</ele>
      </trkpt>
      <trkpt lat="43.0719" lon="1.42559">
        <ele>400.0</ele>
      </trkpt>
      <trkpt lat="43.07167" lon="1.42592">
        <ele>401.0</ele>
      </trkpt>
      <trkpt lat="43.07152" lon="1.42615">
        <ele>402.0</ele>
      </trkpt>
      <trkpt lat="43.07142" lon="1.42635">
        <ele>403.0</ele>
      </trkpt>
      <trkpt lat="43.07134" lon="1.42662">
        <ele>404.0</ele>
      </trkpt>
      <trkpt lat="43.07126" lon="1.4271">
        <ele>405.0</ele>
      </trkpt>
      <trkpt lat="43.07105" lon="1.42877">
        <ele>411.0</ele>
      </trkpt>
      <trkpt lat="43.07095" lon="1.42901">
        <ele>411.0</ele>
      </trkpt>
      <trkpt lat="43.07064" lon="1.42951">
        <ele>412.0</ele>
      </trkpt>
      <trkpt lat="43.0706" lon="1.42962">
        <ele>412.0</ele>
      </trkpt>
      <trkpt lat="43.07054" lon="1.4299">
        <ele>412.0</ele>
      </trkpt>
      <trkpt lat="43.0705" lon="1.4302">
        <ele>413.0</ele>
      </trkpt>
      <trkpt lat="43.07048" lon="1.43067">
        <ele>414.0</ele>
      </trkpt>
      <trkpt lat="43.07045" lon="1.43081">
        <ele>414.0</ele>
      </trkpt>
      <trkpt lat="43.07039" lon="1.43094">
        <ele>414.0</ele>
      </trkpt>
      <trkpt lat="43.07014" lon="1.43127">
        <ele>414.0</ele>
      </trkpt>
      <trkpt lat="43.07001" lon="1.43157">
        <ele>414.0</ele>
      </trkpt>
      <trkpt lat="43.06939" lon="1.43344">
        <ele>414.0</ele>
      </trkpt>
      <trkpt lat="43.06933" lon="1.43377">
        <ele>414.0</ele>
      </trkpt>
      <trkpt lat="43.06932" lon="1.43395">
        <ele>414.0</ele>
      </trkpt>
      <trkpt lat="43.06933" lon="1.43464">
        <ele>415.0</ele>
      </trkpt>
      <trkpt lat="43.06931" lon="1.43497">
        <ele>415.0</ele>
      </trkpt>
      <trkpt lat="43.06902" lon="1.43663">
        <ele>417.0</ele>
      </trkpt>
      <trkpt lat="43.06895" lon="1.43687">
        <ele>419.0</ele>
      </trkpt>
      <trkpt lat="43.06888" lon="1.43703">
        <ele>419.0</ele>
      </trkpt>
      <trkpt lat="43.06866" lon="1.43738">
        <ele>420.0</ele>
      </trkpt>
      <trkpt lat="43.06859" lon="1.43753">
        <ele>420.0</ele>
      </trkpt>
      <trkpt lat="43.06827" lon="1.43849">
        <ele>416.0</ele>
      </trkpt>
      <trkpt lat="43.06815" lon="1.43892">
        <ele>415.0</ele>
      </trkpt>
      <trkpt lat="43.06813" lon="1.43906">
        <ele>415.0</ele>
      </trkpt>
      <trkpt lat="43.06813" lon="1.4392">
        <ele>414.0</ele>
      </trkpt>
      <trkpt lat="43.06819" lon="1.43945">
        <ele>414.0</ele>
      </trkpt>
      <trkpt lat="43.06838" lon="1.43996">
        <ele>414.0</ele>
      </trkpt>
      <trkpt lat="43.06842" lon="1.4401">
        <ele>416.0</ele>
      </trkpt>
      <trkpt lat="43.06844" lon="1.44039">
        <ele>417.0</ele>
      </trkpt>
      <trkpt lat="43.06842" lon="1.44053">
        <ele>417.0</ele>
      </trkpt>
      <trkpt lat="43.0684" lon="1.44067">
        <ele>417.0</ele>
      </trkpt>
      <trkpt lat="43.06835" lon="1.44079">
        <ele>415.0</ele>
      </trkpt>
      <trkpt lat="43.06829" lon="1.44089">
        <ele>414.0</ele>
      </trkpt>
      <trkpt lat="43.06807" lon="1.44117">
        <ele>411.0</ele>
      </trkpt>
      <trkpt lat="43.06802" lon="1.44127">
        <ele>410.0</ele>
      </trkpt>
      <trkpt lat="43.06799" lon="1.44139">
        <ele>409.0</ele>
      </trkpt>
      <trkpt lat="43.06792" lon="1.44177">
        <ele>409.0</ele>
      </trkpt>
      <trkpt lat="43.06788" lon="1.4419">
        <ele>408.0</ele>
      </trkpt>
      <trkpt lat="43.06765" lon="1.44235">
        <ele>404.0</ele>
      </trkpt>
      <trkpt lat="43.06758" lon="1.44258">
        <ele>403.0</ele>
      </trkpt>
      <trkpt lat="43.06748" lon="1.44329">
        <ele>404.0</ele>
      </trkpt>
      <trkpt lat="43.06745" lon="1.44343">
        <ele>404.0</ele>
      </trkpt>
      <trkpt lat="43.0674" lon="1.44356">
        <ele>404.0</ele>
      </trkpt>
      <trkpt lat="43.06733" lon="1.44368">
        <ele>403.0</ele>
      </trkpt>
      <trkpt lat="43.06704" lon="1.44407">
        <ele>403.0</ele>
      </trkpt>
      <trkpt lat="43.06699" lon="1.44417">
        <ele>403.0</ele>
      </trkpt>
      <trkpt lat="43.06693" lon="1.44438">
        <ele>402.0</ele>
      </trkpt>
      <trkpt lat="43.06692" lon="1.4445">
        <ele>402.0</ele>
      </trkpt>
      <trkpt lat="43.06693" lon="1.44461">
        <ele>402.0</ele>
      </trkpt>
      <trkpt lat="43.06708" lon="1.44526">
        <ele>400.0</ele>
      </trkpt>
      <trkpt lat="43.0671" lon="1.4454">
        <ele>400.0</ele>
      </trkpt>
      <trkpt lat="43.0671" lon="1.44555">
        <ele>399.0</ele>
      </trkpt>
      <trkpt lat="43.06708" lon="1.44597">
        <ele>396.0</ele>
      </trkpt>
      <trkpt lat="43.06709" lon="1.44624">
        <ele>394.0</ele>
      </trkpt>
      <trkpt lat="43.06716" lon="1.44674">
        <ele>392.0</ele>
      </trkpt>
      <trkpt lat="43.06725" lon="1.4471">
        <ele>393.0</ele>
      </trkpt>
      <trkpt lat="43.06726" lon="1.44722">
        <ele>393.0</ele>
      </trkpt>
      <trkpt lat="43.06722" lon="1.44749">
        <ele>392.0</ele>
      </trkpt>
      <trkpt lat="43.06709" lon="1.44801">
        <ele>388.0</ele>
      </trkpt>
      <trkpt lat="43.06703" lon="1.44839">
        <ele>387.0</ele>
      </trkpt>
      <trkpt lat="43.06703" lon="1.44852">
        <ele>387.0</ele>
      </trkpt>
      <trkpt lat="43.06706" lon="1.44892">
        <ele>389.0</ele>
      </trkpt>
      <trkpt lat="43.06703" lon="1.44916">
        <ele>388.0</ele>
      </trkpt>
      <trkpt lat="43.06699" lon="1.44928">
        <ele>388.0</ele>
      </trkpt>
      <trkpt lat="43.06692" lon="1.44939">
        <ele>387.0</ele>
      </trkpt>
      <trkpt lat="43.06653" lon="1.44969">
        <ele>381.0</ele>
      </trkpt>
      <trkpt lat="43.06634" lon="1.44988">
        <ele>378.0</ele>
      </trkpt>
      <trkpt lat="43.06625" lon="1.44999">
        <ele>376.0</ele>
      </trkpt>
      <trkpt lat="43.06617" lon="1.45011">
        <ele>376.0</ele>
      </trkpt>
      <trkpt lat="43.0659" lon="1.45062">
        <ele>372.0</ele>
      </trkpt>
      <trkpt lat="43.06584" lon="1.45076">
        <ele>372.0</ele>
      </trkpt>
      <trkpt lat="43.06578" lon="1.45088">
        <ele>371.0</ele>
      </trkpt>
      <trkpt lat="43.06572" lon="1.45117">
        <ele>370.0</ele>
      </trkpt>
      <trkpt lat="43.06556" lon="1.45234">
        <ele>367.0</ele>
      </trkpt>
      <trkpt lat="43.06548" lon="1.45262">
        <ele>366.0</ele>
      </trkpt>
      <trkpt lat="43.06516" lon="1.4534">
        <ele>361.0</ele>
      </trkpt>
      <trkpt lat="43.0647" lon="1.45424">
        <ele>357.0</ele>
      </trkpt>
      <trkpt lat="43.06442" lon="1.45534">
        <ele>353.0</ele>
      </trkpt>
      <trkpt lat="43.06499" lon="1.45562">
        <ele>355.0</ele>
      </trkpt>
      <trkpt lat="43.06512" lon="1.45566">
        <ele>356.0</ele>
      </trkpt>
      <trkpt lat="43.06527" lon="1.45567">
        <ele>358.0</ele>
      </trkpt>
      <trkpt lat="43.0658" lon="1.4556">
        <ele>364.0</ele>
      </trkpt>
      <trkpt lat="43.06588" lon="1.45561">
        <ele>365.0</ele>
      </trkpt>
      <trkpt lat="43.06594" lon="1.45564">
        <ele>366.0</ele>
      </trkpt>
      <trkpt lat="43.066" lon="1.45569">
        <ele>366.0</ele>
      </trkpt>
      <trkpt lat="43.06627" lon="1.45596">
        <ele>366.0</ele>
      </trkpt>
      <trkpt lat="43.06658" lon="1.45625">
        <ele>366.0</ele>
      </trkpt>
      <trkpt lat="43.06697" lon="1.45652">
        <ele>374.0</ele>
      </trkpt>
      <trkpt lat="43.06707" lon="1.4566">
        <ele>377.0</ele>
      </trkpt>
      <trkpt lat="43.06714" lon="1.45669">
        <ele>379.0</ele>
      </trkpt>
      <trkpt lat="43.06719" lon="1.45679">
        <ele>380.0</ele>
      </trkpt>
      <trkpt lat="43.06721" lon="1.45689">
        <ele>381.0</ele>
      </trkpt>
      <trkpt lat="43.06721" lon="1.457">
        <ele>380.0</ele>
      </trkpt>
      <trkpt lat="43.06718" lon="1.45717">
        <ele>378.0</ele>
      </trkpt>
      <trkpt lat="43.06714" lon="1.45733">
        <ele>376.0</ele>
      </trkpt>
      <trkpt lat="43.06708" lon="1.45752">
        <ele>374.0</ele>
      </trkpt>
      <trkpt lat="43.0668" lon="1.45813">
        <ele>362.0</ele>
      </trkpt>
      <trkpt lat="43.06676" lon="1.45824">
        <ele>360.0</ele>
      </trkpt>
      <trkpt lat="43.06675" lon="1.45837">
        <ele>359.0</ele>
      </trkpt>
      <trkpt lat="43.06675" lon="1.45851">
        <ele>360.0</ele>
      </trkpt>
      <trkpt lat="43.06677" lon="1.45862">
        <ele>361.0</ele>
      </trkpt>
      <trkpt lat="43.06683" lon="1.45874">
        <ele>361.0</ele>
      </trkpt>
      <trkpt lat="43.0669" lon="1.45884">
        <ele>362.0</ele>
      </trkpt>
      <trkpt lat="43.067" lon="1.45891">
        <ele>362.0</ele>
      </trkpt>
      <trkpt lat="43.06728" lon="1.45898">
        <ele>361.0</ele>
      </trkpt>
      <trkpt lat="43.06741" lon="1.45903">
        <ele>359.0</ele>
      </trkpt>
      <trkpt lat="43.06749" lon="1.45909">
        <ele>357.0</ele>
      </trkpt>
      <trkpt lat="43.06753" lon="1.45915">
        <ele>356.0</ele>
      </trkpt>
      <trkpt lat="43.06757" lon="1.45923">
        <ele>357.0</ele>
      </trkpt>
      <trkpt lat="43.06763" lon="1.45943">
        <ele>358.0</ele>
      </trkpt>
      <trkpt lat="43.06766" lon="1.45949">
        <ele>359.0</ele>
      </trkpt>
      <trkpt lat="43.06771" lon="1.45954">
        <ele>359.0</ele>
      </trkpt>
      <trkpt lat="43.06788" lon="1.4597">
        <ele>360.0</ele>
      </trkpt>
      <trkpt lat="43.0687" lon="1.46085">
        <ele>344.0</ele>
      </trkpt>
      <trkpt lat="43.06883" lon="1.46097">
        <ele>343.0</ele>
      </trkpt>
      <trkpt lat="43.06889" lon="1.46101">
        <ele>342.0</ele>
      </trkpt>
      <trkpt lat="43.069" lon="1.46103">
        <ele>341.0</ele>
      </trkpt>
      <trkpt lat="43.06905" lon="1.46105">
        <ele>341.0</ele>
      </trkpt>
      <trkpt lat="43.06911" lon="1.4611">
        <ele>340.0</ele>
      </trkpt>
      <trkpt lat="43.06918" lon="1.46117">
        <ele>339.0</ele>
      </trkpt>
      <trkpt lat="43.06937" lon="1.46142">
        <ele>340.0</ele>
      </trkpt>
      <trkpt lat="43.0696" lon="1.46175">
        <ele>341.0</ele>
      </trkpt>
      <trkpt lat="43.06964" lon="1.46182">
        <ele>341.0</ele>
      </trkpt>
      <trkpt lat="43.06983" lon="1.4621">
        <ele>341.0</ele>
      </trkpt>
      <trkpt lat="43.06991" lon="1.4622">
        <ele>341.0</ele>
      </trkpt>
      <trkpt lat="43.07" lon="1.46236">
        <ele>341.0</ele>
      </trkpt>
      <trkpt lat="43.07007" lon="1.46252">
        <ele>340.0</ele>
      </trkpt>
      <trkpt lat="43.07018" lon="1.46284">
        <ele>339.0</ele>
      </trkpt>
      <trkpt lat="43.07034" lon="1.46332">
        <ele>335.0</ele>
      </trkpt>
      <trkpt lat="43.07048" lon="1.46369">
        <ele>335.0</ele>
      </trkpt>
      <trkpt lat="43.07057" lon="1.46392">
        <ele>334.0</ele>
      </trkpt>
      <trkpt lat="43.07064" lon="1.46405">
        <ele>334.0</ele>
      </trkpt>
      <trkpt lat="43.07073" lon="1.46419">
        <ele>334.0</ele>
      </trkpt>
      <trkpt lat="43.07097" lon="1.46449">
        <ele>336.0</ele>
      </trkpt>
      <trkpt lat="43.07104" lon="1.46462">
        <ele>337.0</ele>
      </trkpt>
      <trkpt lat="43.07108" lon="1.46476">
        <ele>337.0</ele>
      </trkpt>
      <trkpt lat="43.07111" lon="1.46542">
        <ele>337.0</ele>
      </trkpt>
      <trkpt lat="43.07131" lon="1.46594">
        <ele>342.0</ele>
      </trkpt>
      <trkpt lat="43.07135" lon="1.46608">
        <ele>343.0</ele>
      </trkpt>
      <trkpt lat="43.07136" lon="1.46626">
        <ele>343.0</ele>
      </trkpt>
      <trkpt lat="43.07134" lon="1.46639">
        <ele>343.0</ele>
      </trkpt>
      <trkpt lat="43.07129" lon="1.46654">
        <ele>343.0</ele>
      </trkpt>
      <trkpt lat="43.07122" lon="1.46663">
        <ele>342.0</ele>
      </trkpt>
      <trkpt lat="43.07106" lon="1.46677">
        <ele>340.0</ele>
      </trkpt>
      <trkpt lat="43.07099" lon="1.46687">
        <ele>339.0</ele>
      </trkpt>
      <trkpt lat="43.07095" lon="1.46701">
        <ele>339.0</ele>
      </trkpt>
      <trkpt lat="43.07094" lon="1.46717">
        <ele>340.0</ele>
      </trkpt>
      <trkpt lat="43.07096" lon="1.46739">
        <ele>341.0</ele>
      </trkpt>
      <trkpt lat="43.07098" lon="1.46746">
        <ele>342.0</ele>
      </trkpt>
      <trkpt lat="43.07097" lon="1.46752">
        <ele>342.0</ele>
      </trkpt>
      <trkpt lat="43.07105" lon="1.46741">
        <ele>343.0</ele>
      </trkpt>
      <trkpt lat="43.0711" lon="1.46737">
        <ele>343.0</ele>
      </trkpt>
      <trkpt lat="43.07115" lon="1.46733">
        <ele>344.0</ele>
      </trkpt>
      <trkpt lat="43.07139" lon="1.4672">
        <ele>347.0</ele>
      </trkpt>
      <trkpt lat="43.07146" lon="1.46714">
        <ele>348.0</ele>
      </trkpt>
      <trkpt lat="43.07152" lon="1.46708">
        <ele>349.0</ele>
      </trkpt>
      <trkpt lat="43.07156" lon="1.46701">
        <ele>349.0</ele>
      </trkpt>
      <trkpt lat="43.07162" lon="1.46686">
        <ele>350.0</ele>
      </trkpt>
      <trkpt lat="43.07165" lon="1.46677">
        <ele>350.0</ele>
      </trkpt>
      <trkpt lat="43.07166" lon="1.46668">
        <ele>350.0</ele>
      </trkpt>
      <trkpt lat="43.07167" lon="1.46627">
        <ele>350.0</ele>
      </trkpt>
      <trkpt lat="43.07169" lon="1.4661">
        <ele>350.0</ele>
      </trkpt>
      <trkpt lat="43.07172" lon="1.46594">
        <ele>350.0</ele>
      </trkpt>
      <trkpt lat="43.07179" lon="1.46569">
        <ele>351.0</ele>
      </trkpt>
      <trkpt lat="43.07209" lon="1.46479">
        <ele>354.0</ele>
      </trkpt>
      <trkpt lat="43.07233" lon="1.4641">
        <ele>359.0</ele>
      </trkpt>
      <trkpt lat="43.0724" lon="1.4639">
        <ele>360.0</ele>
      </trkpt>
      <trkpt lat="43.07257" lon="1.4635">
        <ele>360.0</ele>
      </trkpt>
      <trkpt lat="43.07264" lon="1.46322">
        <ele>361.0</ele>
      </trkpt>
      <trkpt lat="43.0727" lon="1.46292">
        <ele>363.0</ele>
      </trkpt>
      <trkpt lat="43.07272" lon="1.46277">
        <ele>363.0</ele>
      </trkpt>
      <trkpt lat="43.07274" lon="1.46242">
        <ele>365.0</ele>
      </trkpt>
      <trkpt lat="43.07282" lon="1.46199">
        <ele>369.0</ele>
      </trkpt>
      <trkpt lat="43.07285" lon="1.46169">
        <ele>371.0</ele>
      </trkpt>
      <trkpt lat="43.07292" lon="1.46093">
        <ele>373.0</ele>
      </trkpt>
      <trkpt lat="43.07293" lon="1.46079">
        <ele>373.0</ele>
      </trkpt>
      <trkpt lat="43.07292" lon="1.46051">
        <ele>374.0</ele>
      </trkpt>
      <trkpt lat="43.0729" lon="1.46038">
        <ele>374.0</ele>
      </trkpt>
      <trkpt lat="43.07287" lon="1.46024">
        <ele>375.0</ele>
      </trkpt>
      <trkpt lat="43.07275" lon="1.45975">
        <ele>377.0</ele>
      </trkpt>
      <trkpt lat="43.07273" lon="1.45958">
        <ele>378.0</ele>
      </trkpt>
      <trkpt lat="43.07272" lon="1.45943">
        <ele>378.0</ele>
      </trkpt>
      <trkpt lat="43.07271" lon="1.45929">
        <ele>379.0</ele>
      </trkpt>
      <trkpt lat="43.07272" lon="1.4587">
        <ele>380.0</ele>
      </trkpt>
      <trkpt lat="43.07273" lon="1.4586">
        <ele>381.0</ele>
      </trkpt>
      <trkpt lat="43.07276" lon="1.45847">
        <ele>380.0</ele>
      </trkpt>
      <trkpt lat="43.07291" lon="1.45812">
        <ele>380.0</ele>
      </trkpt>
      <trkpt lat="43.07294" lon="1.45803">
        <ele>381.0</ele>
      </trkpt>
      <trkpt lat="43.07296" lon="1.45795">
        <ele>381.0</ele>
      </trkpt>
      <trkpt lat="43.07297" lon="1.45752">
        <ele>384.0</ele>
      </trkpt>
      <trkpt lat="43.07298" lon="1.45742">
        <ele>385.0</ele>
      </trkpt>
      <trkpt lat="43.07325" lon="1.45667">
        <ele>383.0</ele>
      </trkpt>
      <trkpt lat="43.07328" lon="1.45656">
        <ele>383.0</ele>
      </trkpt>
      <trkpt lat="43.0733" lon="1.45644">
        <ele>384.0</ele>
      </trkpt>
      <trkpt lat="43.0733" lon="1.45627">
        <ele>385.0</ele>
      </trkpt>
      <trkpt lat="43.07329" lon="1.4561">
        <ele>386.0</ele>
      </trkpt>
      <trkpt lat="43.07324" lon="1.45578">
        <ele>390.0</ele>
      </trkpt>
      <trkpt lat="43.07324" lon="1.45571">
        <ele>391.0</ele>
      </trkpt>
      <trkpt lat="43.07325" lon="1.45562">
        <ele>391.0</ele>
      </trkpt>
      <trkpt lat="43.07328" lon="1.45556">
        <ele>391.0</ele>
      </trkpt>
      <trkpt lat="43.07333" lon="1.45549">
        <ele>390.0</ele>
      </trkpt>
      <trkpt lat="43.07339" lon="1.45543">
        <ele>390.0</ele>
      </trkpt>
      <trkpt lat="43.0736" lon="1.45529">
        <ele>387.0</ele>
      </trkpt>
      <trkpt lat="43.07365" lon="1.45523">
        <ele>387.0</ele>
      </trkpt>
      <trkpt lat="43.0737" lon="1.45515">
        <ele>386.0</ele>
      </trkpt>
      <trkpt lat="43.07374" lon="1.45504">
        <ele>386.0</ele>
      </trkpt>
      <trkpt lat="43.07405" lon="1.45392">
        <ele>390.0</ele>
      </trkpt>
      <trkpt lat="43.07415" lon="1.45351">
        <ele>390.0</ele>
      </trkpt>
      <trkpt lat="43.07418" lon="1.4534">
        <ele>390.0</ele>
      </trkpt>
      <trkpt lat="43.07423" lon="1.45332">
        <ele>390.0</ele>
      </trkpt>
      <trkpt lat="43.07427" lon="1.45326">
        <ele>390.0</ele>
      </trkpt>
      <trkpt lat="43.07448" lon="1.45304">
        <ele>389.0</ele>
      </trkpt>
      <trkpt lat="43.07457" lon="1.45294">
        <ele>388.0</ele>
      </trkpt>
      <trkpt lat="43.07467" lon="1.45277">
        <ele>387.0</ele>
      </trkpt>
      <trkpt lat="43.0747" lon="1.4527">
        <ele>387.0</ele>
      </trkpt>
      <trkpt lat="43.07472" lon="1.4526">
        <ele>387.0</ele>
      </trkpt>
      <trkpt lat="43.07474" lon="1.45247">
        <ele>386.0</ele>
      </trkpt>
      <trkpt lat="43.07487" lon="1.45016">
        <ele>393.0</ele>
      </trkpt>
      <trkpt lat="43.07489" lon="1.44997">
        <ele>394.0</ele>
      </trkpt>
      <trkpt lat="43.07492" lon="1.44977">
        <ele>394.0</ele>
      </trkpt>
      <trkpt lat="43.07508" lon="1.44892">
        <ele>398.0</ele>
      </trkpt>
      <trkpt lat="43.07511" lon="1.44885">
        <ele>398.0</ele>
      </trkpt>
      <trkpt lat="43.07515" lon="1.44879">
        <ele>398.0</ele>
      </trkpt>
      <trkpt lat="43.07548" lon="1.44847">
        <ele>395.0</ele>
      </trkpt>
      <trkpt lat="43.07555" lon="1.44834">
        <ele>394.0</ele>
      </trkpt>
      <trkpt lat="43.07559" lon="1.44826">
        <ele>394.0</ele>
      </trkpt>
      <trkpt lat="43.07568" lon="1.448">
        <ele>394.0</ele>
      </trkpt>
      <trkpt lat="43.07573" lon="1.44789">
        <ele>394.0</ele>
      </trkpt>
      <trkpt lat="43.07582" lon="1.44775">
        <ele>393.0</ele>
      </trkpt>
      <trkpt lat="43.07586" lon="1.4477">
        <ele>393.0</ele>
      </trkpt>
      <trkpt lat="43.07601" lon="1.44761">
        <ele>393.0</ele>
      </trkpt>
      <trkpt lat="43.07634" lon="1.44753">
        <ele>394.0</ele>
      </trkpt>
      <trkpt lat="43.07642" lon="1.4475">
        <ele>394.0</ele>
      </trkpt>
      <trkpt lat="43.0765" lon="1.44745">
        <ele>394.0</ele>
      </trkpt>
      <trkpt lat="43.07654" lon="1.44739">
        <ele>394.0</ele>
      </trkpt>
      <trkpt lat="43.07658" lon="1.44732">
        <ele>393.0</ele>
      </trkpt>
      <trkpt lat="43.07663" lon="1.4472">
        <ele>392.0</ele>
      </trkpt>
      <trkpt lat="43.07765" lon="1.44428">
        <ele>380.0</ele>
      </trkpt>
      <trkpt lat="43.07777" lon="1.444">
        <ele>378.0</ele>
      </trkpt>
      <trkpt lat="43.07786" lon="1.44378">
        <ele>377.0</ele>
      </trkpt>
      <trkpt lat="43.07795" lon="1.44362">
        <ele>376.0</ele>
      </trkpt>
      <trkpt lat="43.07798" lon="1.44358">
        <ele>375.0</ele>
      </trkpt>
      <trkpt lat="43.07802" lon="1.44356">
        <ele>375.0</ele>
      </trkpt>
      <trkpt lat="43.07806" lon="1.44355">
        <ele>375.0</ele>
      </trkpt>
      <trkpt lat="43.0781" lon="1.44357">
        <ele>376.0</ele>
      </trkpt>
      <trkpt lat="43.07814" lon="1.44361">
        <ele>376.0</ele>
      </trkpt>
      <trkpt lat="43.07823" lon="1.44375">
        <ele>378.0</ele>
      </trkpt>
      <trkpt lat="43.07827" lon="1.44378">
        <ele>378.0</ele>
      </trkpt>
      <trkpt lat="43.07831" lon="1.4438">
        <ele>378.0</ele>
      </trkpt>
      <trkpt lat="43.07835" lon="1.44381">
        <ele>379.0</ele>
      </trkpt>
      <trkpt lat="43.07839" lon="1.4438">
        <ele>379.0</ele>
      </trkpt>
      <trkpt lat="43.07843" lon="1.44377">
        <ele>378.0</ele>
      </trkpt>
      <trkpt lat="43.07863" lon="1.44356">
        <ele>377.0</ele>
      </trkpt>
      <trkpt lat="43.07873" lon="1.44351">
        <ele>376.0</ele>
      </trkpt>
      <trkpt lat="43.07882" lon="1.44351">
        <ele>376.0</ele>
      </trkpt>
      <trkpt lat="43.07888" lon="1.44352">
        <ele>376.0</ele>
      </trkpt>
      <trkpt lat="43.07902" lon="1.4436">
        <ele>377.0</ele>
      </trkpt>
      <trkpt lat="43.07908" lon="1.44361">
        <ele>378.0</ele>
      </trkpt>
      <trkpt lat="43.07913" lon="1.4436">
        <ele>378.0</ele>
      </trkpt>
      <trkpt lat="43.07918" lon="1.44358">
        <ele>378.0</ele>
      </trkpt>
      <trkpt lat="43.07925" lon="1.4435">
        <ele>379.0</ele>
      </trkpt>
      <trkpt lat="43.07927" lon="1.44343">
        <ele>379.0</ele>
      </trkpt>
      <trkpt lat="43.07929" lon="1.44336">
        <ele>379.0</ele>
      </trkpt>
      <trkpt lat="43.07929" lon="1.44326">
        <ele>378.0</ele>
      </trkpt>
      <trkpt lat="43.07929" lon="1.44315">
        <ele>377.0</ele>
      </trkpt>
      <trkpt lat="43.07927" lon="1.44305">
        <ele>376.0</ele>
      </trkpt>
      <trkpt lat="43.0792" lon="1.44272">
        <ele>371.0</ele>
      </trkpt>
      <trkpt lat="43.07918" lon="1.44256">
        <ele>369.0</ele>
      </trkpt>
      <trkpt lat="43.07918" lon="1.44249">
        <ele>368.0</ele>
      </trkpt>
      <trkpt lat="43.0792" lon="1.44239">
        <ele>368.0</ele>
      </trkpt>
      <trkpt lat="43.07933" lon="1.44191">
        <ele>367.0</ele>
      </trkpt>
      <trkpt lat="43.07953" lon="1.44125">
        <ele>364.0</ele>
      </trkpt>
      <trkpt lat="43.07957" lon="1.44114">
        <ele>364.0</ele>
      </trkpt>
      <trkpt lat="43.07961" lon="1.44107">
        <ele>364.0</ele>
      </trkpt>
      <trkpt lat="43.07966" lon="1.44099">
        <ele>363.0</ele>
      </trkpt>
      <trkpt lat="43.07971" lon="1.44094">
        <ele>363.0</ele>
      </trkpt>
      <trkpt lat="43.07977" lon="1.4409">
        <ele>364.0</ele>
      </trkpt>
      <trkpt lat="43.07997" lon="1.44081">
        <ele>365.0</ele>
      </trkpt>
      <trkpt lat="43.08002" lon="1.44076">
        <ele>365.0</ele>
      </trkpt>
      <trkpt lat="43.08005" lon="1.44071">
        <ele>365.0</ele>
      </trkpt>
      <trkpt lat="43.08007" lon="1.44067">
        <ele>365.0</ele>
      </trkpt>
      <trkpt lat="43.08008" lon="1.4406">
        <ele>365.0</ele>
      </trkpt>
      <trkpt lat="43.08006" lon="1.44034">
        <ele>362.0</ele>
      </trkpt>
      <trkpt lat="43.08006" lon="1.44023">
        <ele>362.0</ele>
      </trkpt>
      <trkpt lat="43.08007" lon="1.44014">
        <ele>361.0</ele>
      </trkpt>
      <trkpt lat="43.08009" lon="1.44008">
        <ele>361.0</ele>
      </trkpt>
      <trkpt lat="43.08012" lon="1.43998">
        <ele>361.0</ele>
      </trkpt>
      <trkpt lat="43.08028" lon="1.43967">
        <ele>363.0</ele>
      </trkpt>
      <trkpt lat="43.08041" lon="1.43949">
        <ele>364.0</ele>
      </trkpt>
      <trkpt lat="43.08052" lon="1.43934">
        <ele>364.0</ele>
      </trkpt>
      <trkpt lat="43.08132" lon="1.43849">
        <ele>366.0</ele>
      </trkpt>
      <trkpt lat="43.0817" lon="1.43808">
        <ele>365.0</ele>
      </trkpt>
      <trkpt lat="43.08216" lon="1.43772">
        <ele>371.0</ele>
      </trkpt>
      <trkpt lat="43.08221" lon="1.43767">
        <ele>371.0</ele>
      </trkpt>
      <trkpt lat="43.08237" lon="1.43743">
        <ele>371.0</ele>
      </trkpt>
      <trkpt lat="43.08246" lon="1.43731">
        <ele>371.0</ele>
      </trkpt>
      <trkpt lat="43.08254" lon="1.43722">
        <ele>371.0</ele>
      </trkpt>
      <trkpt lat="43.08289" lon="1.43697">
        <ele>371.0</ele>
      </trkpt>
      <trkpt lat="43.08298" lon="1.43693">
        <ele>372.0</ele>
      </trkpt>
      <trkpt lat="43.08313" lon="1.43691">
        <ele>373.0</ele>
      </trkpt>
      <trkpt lat="43.08332" lon="1.43688">
        <ele>375.0</ele>
      </trkpt>
      <trkpt lat="43.08339" lon="1.43686">
        <ele>375.0</ele>
      </trkpt>
      <trkpt lat="43.08341" lon="1.43683">
        <ele>375.0</ele>
      </trkpt>
      <trkpt lat="43.08562" lon="1.43824">
        <ele>370.0</ele>
      </trkpt>
      <trkpt lat="43.08619" lon="1.43861">
        <ele>368.0</ele>
      </trkpt>
      <trkpt lat="43.08638" lon="1.43874">
        <ele>368.0</ele>
      </trkpt>
      <trkpt lat="43.08649" lon="1.43884">
        <ele>367.0</ele>
      </trkpt>
      <trkpt lat="43.08671" lon="1.43909">
        <ele>364.0</ele>
      </trkpt>
      <trkpt lat="43.0884" lon="1.44109">
        <ele>353.0</ele>
      </trkpt>
      <trkpt lat="43.08852" lon="1.44118">
        <ele>353.0</ele>
      </trkpt>
      <trkpt lat="43.08859" lon="1.44123">
        <ele>353.0</ele>
      </trkpt>
      <trkpt lat="43.08872" lon="1.44126">
        <ele>353.0</ele>
      </trkpt>
      <trkpt lat="43.08881" lon="1.44126">
        <ele>353.0</ele>
      </trkpt>
      <trkpt lat="43.0889" lon="1.44125">
        <ele>353.0</ele>
      </trkpt>
      <trkpt lat="43.08902" lon="1.44121">
        <ele>353.0</ele>
      </trkpt>
      <trkpt lat="43.09302" lon="1.43958">
        <ele>350.0</ele>
      </trkpt>
      <trkpt lat="43.09328" lon="1.43945">
        <ele>348.0</ele>
      </trkpt>
      <trkpt lat="43.09357" lon="1.43926">
        <ele>346.0</ele>
      </trkpt>
      <trkpt lat="43.09408" lon="1.43876">
        <ele>343.0</ele>
      </trkpt>
      <trkpt lat="43.09419" lon="1.43866">
        <ele>342.0</ele>
      </trkpt>
      <trkpt lat="43.09441" lon="1.43852">
        <ele>342.0</ele>
      </trkpt>
      <trkpt lat="43.09517" lon="1.43806">
        <ele>341.0</ele>
      </trkpt>
      <trkpt lat="43.09565" lon="1.43778">
        <ele>341.0</ele>
      </trkpt>
      <trkpt lat="43.09576" lon="1.43769">
        <ele>340.0</ele>
      </trkpt>
      <trkpt lat="43.0963" lon="1.43716">
        <ele>338.0</ele>
      </trkpt>
      <trkpt lat="43.09646" lon="1.43704">
        <ele>337.0</ele>
      </trkpt>
      <trkpt lat="43.09686" lon="1.43675">
        <ele>334.0</ele>
      </trkpt>
      <trkpt lat="43.09701" lon="1.43665">
        <ele>333.0</ele>
      </trkpt>
      <trkpt lat="43.09719" lon="1.43657">
        <ele>334.0</ele>
      </trkpt>
      <trkpt lat="43.09764" lon="1.4364">
        <ele>334.0</ele>
      </trkpt>
      <trkpt lat="43.09778" lon="1.43637">
        <ele>334.0</ele>
      </trkpt>
      <trkpt lat="43.09792" lon="1.43635">
        <ele>334.0</ele>
      </trkpt>
      <trkpt lat="43.09828" lon="1.43633">
        <ele>334.0</ele>
      </trkpt>
      <trkpt lat="43.09867" lon="1.43633">
        <ele>333.0</ele>
      </trkpt>
      <trkpt lat="43.09886" lon="1.43637">
        <ele>333.0</ele>
      </trkpt>
      <trkpt lat="43.09928" lon="1.43656">
        <ele>332.0</ele>
      </trkpt>
      <trkpt lat="43.09945" lon="1.43661">
        <ele>333.0</ele>
      </trkpt>
      <trkpt lat="43.0996" lon="1.43662">
        <ele>332.0</ele>
      </trkpt>
      <trkpt lat="43.09977" lon="1.43661">
        <ele>332.0</ele>
      </trkpt>
      <trkpt lat="43.09992" lon="1.43661">
        <ele>332.0</ele>
      </trkpt>
      <trkpt lat="43.09999" lon="1.43662">
        <ele>332.0</ele>
      </trkpt>
      <trkpt lat="43.10007" lon="1.43664">
        <ele>332.0</ele>
      </trkpt>
      <trkpt lat="43.10033" lon="1.43675">
        <ele>332.0</ele>
      </trkpt>
      <trkpt lat="43.10051" lon="1.43678">
        <ele>332.0</ele>
      </trkpt>
      <trkpt lat="43.1006" lon="1.43677">
        <ele>331.0</ele>
      </trkpt>
      <trkpt lat="43.10085" lon="1.43672">
        <ele>328.0</ele>
      </trkpt>
      <trkpt lat="43.10095" lon="1.43671">
        <ele>327.0</ele>
      </trkpt>
      <trkpt lat="43.10114" lon="1.43674">
        <ele>326.0</ele>
      </trkpt>
      <trkpt lat="43.10124" lon="1.43673">
        <ele>325.0</ele>
      </trkpt>
      <trkpt lat="43.10156" lon="1.43665">
        <ele>322.0</ele>
      </trkpt>
      <trkpt lat="43.10174" lon="1.43664">
        <ele>321.0</ele>
      </trkpt>
      <trkpt lat="43.10189" lon="1.43668">
        <ele>319.0</ele>
      </trkpt>
      <trkpt lat="43.10202" lon="1.43675">
        <ele>319.0</ele>
      </trkpt>
      <trkpt lat="43.10207" lon="1.4368">
        <ele>319.0</ele>
      </trkpt>
      <trkpt lat="43.10212" lon="1.43687">
        <ele>319.0</ele>
      </trkpt>
      <trkpt lat="43.10226" lon="1.43711">
        <ele>319.0</ele>
      </trkpt>
      <trkpt lat="43.1024" lon="1.43739">
        <ele>317.0</ele>
      </trkpt>
      <trkpt lat="43.1025" lon="1.43753">
        <ele>314.0</ele>
      </trkpt>
      <trkpt lat="43.10282" lon="1.43797">
        <ele>313.0</ele>
      </trkpt>
      <trkpt lat="43.10294" lon="1.43815">
        <ele>311.0</ele>
      </trkpt>
      <trkpt lat="43.10298" lon="1.43827">
        <ele>310.0</ele>
      </trkpt>
      <trkpt lat="43.103" lon="1.43836">
        <ele>309.0</ele>
      </trkpt>
      <trkpt lat="43.103" lon="1.43846">
        <ele>309.0</ele>
      </trkpt>
      <trkpt lat="43.10299" lon="1.43857">
        <ele>309.0</ele>
      </trkpt>
      <trkpt lat="43.10299" lon="1.4388">
        <ele>309.0</ele>
      </trkpt>
      <trkpt lat="43.103" lon="1.4389">
        <ele>309.0</ele>
      </trkpt>
      <trkpt lat="43.10302" lon="1.43898">
        <ele>308.0</ele>
      </trkpt>
      <trkpt lat="43.10306" lon="1.4391">
        <ele>308.0</ele>
      </trkpt>
      <trkpt lat="43.10335" lon="1.43972">
        <ele>301.0</ele>
      </trkpt>
      <trkpt lat="43.10341" lon="1.43994">
        <ele>300.0</ele>
      </trkpt>
      <trkpt lat="43.10342" lon="1.44003">
        <ele>300.0</ele>
      </trkpt>
      <trkpt lat="43.10343" lon="1.44025">
        <ele>298.0</ele>
      </trkpt>
      <trkpt lat="43.10342" lon="1.44038">
        <ele>298.0</ele>
      </trkpt>
      <trkpt lat="43.10336" lon="1.44073">
        <ele>296.0</ele>
      </trkpt>
      <trkpt lat="43.10328" lon="1.44102">
        <ele>295.0</ele>
      </trkpt>
      <trkpt lat="43.10317" lon="1.44126">
        <ele>295.0</ele>
      </trkpt>
      <trkpt lat="43.10309" lon="1.4414">
        <ele>295.0</ele>
      </trkpt>
      <trkpt lat="43.10289" lon="1.44165">
        <ele>294.0</ele>
      </trkpt>
      <trkpt lat="43.10293" lon="1.44168">
        <ele>294.0</ele>
      </trkpt>
      <trkpt lat="43.103" lon="1.44169">
        <ele>293.0</ele>
      </trkpt>
      <trkpt lat="43.10307" lon="1.44166">
        <ele>293.0</ele>
      </trkpt>
      <trkpt lat="43.10366" lon="1.44134">
        <ele>291.0</ele>
      </trkpt>
      <trkpt lat="43.10378" lon="1.44128">
        <ele>290.0</ele>
      </trkpt>
      <trkpt lat="43.10395" lon="1.44119">
        <ele>290.0</ele>
      </trkpt>
      <trkpt lat="43.1045" lon="1.44089">
        <ele>289.0</ele>
      </trkpt>
      <trkpt lat="43.10494" lon="1.44066">
        <ele>292.0</ele>
      </trkpt>
      <trkpt lat="43.10533" lon="1.44051">
        <ele>294.0</ele>
      </trkpt>
      <trkpt lat="43.10616" lon="1.44029">
        <ele>294.0</ele>
      </trkpt>
      <trkpt lat="43.10656" lon="1.44019">
        <ele>292.0</ele>
      </trkpt>
      <trkpt lat="43.10685" lon="1.44014">
        <ele>292.0</ele>
      </trkpt>
      <trkpt lat="43.10694" lon="1.44014">
        <ele>292.0</ele>
      </trkpt>
      <trkpt lat="43.10703" lon="1.44015">
        <ele>291.0</ele>
      </trkpt>
      <trkpt lat="43.10746" lon="1.44019">
        <ele>290.0</ele>
      </trkpt>
      <trkpt lat="43.10914" lon="1.44034">
        <ele>292.0</ele>
      </trkpt>
      <trkpt lat="43.10919" lon="1.44034">
        <ele>292.0</ele>
      </trkpt>
      <trkpt lat="43.10995" lon="1.4404">
        <ele>292.0</ele>
      </trkpt>
      <trkpt lat="43.11397" lon="1.44076">
        <ele>287.0</ele>
      </trkpt>
      <trkpt lat="43.11616" lon="1.44096">
        <ele>281.0</ele>
      </trkpt>
      <trkpt lat="43.11634" lon="1.44102">
        <ele>281.0</ele>
      </trkpt>
      <trkpt lat="43.11659" lon="1.44106">
        <ele>280.0</ele>
      </trkpt>
      <trkpt lat="43.1167" lon="1.44113">
        <ele>280.0</ele>
      </trkpt>
      <trkpt lat="43.11674" lon="1.44118">
        <ele>280.0</ele>
      </trkpt>
      <trkpt lat="43.1168" lon="1.44123">
        <ele>280.0</ele>
      </trkpt>
      <trkpt lat="43.11686" lon="1.44122">
        <ele>280.0</ele>
      </trkpt>
      <trkpt lat="43.11688" lon="1.4412">
        <ele>280.0</ele>
      </trkpt>
      <trkpt lat="43.11689" lon="1.44102">
        <ele>280.0</ele>
      </trkpt>
      <trkpt lat="43.11687" lon="1.4408">
        <ele>280.0</ele>
      </trkpt>
      <trkpt lat="43.11686" lon="1.44067">
        <ele>280.0</ele>
      </trkpt>
      <trkpt lat="43.11671" lon="1.43905">
        <ele>284.0</ele>
      </trkpt>
      <trkpt lat="43.11658" lon="1.43766">
        <ele>290.0</ele>
      </trkpt>
      <trkpt lat="43.11645" lon="1.43618">
        <ele>295.0</ele>
      </trkpt>
      <trkpt lat="43.11644" lon="1.43596">
        <ele>296.0</ele>
      </trkpt>
      <trkpt lat="43.11643" lon="1.43572">
        <ele>297.0</ele>
      </trkpt>
      <trkpt lat="43.11644" lon="1.43545">
        <ele>299.0</ele>
      </trkpt>
      <trkpt lat="43.11651" lon="1.4336">
        <ele>306.0</ele>
      </trkpt>
      <trkpt lat="43.1165" lon="1.43349">
        <ele>306.0</ele>
      </trkpt>
      <trkpt lat="43.11649" lon="1.43339">
        <ele>307.0</ele>
      </trkpt>
      <trkpt lat="43.11642" lon="1.43302">
        <ele>307.0</ele>
      </trkpt>
      <trkpt lat="43.11642" lon="1.43293">
        <ele>307.0</ele>
      </trkpt>
      <trkpt lat="43.11643" lon="1.43273">
        <ele>308.0</ele>
      </trkpt>
      <trkpt lat="43.1165" lon="1.43243">
        <ele>310.0</ele>
      </trkpt>
      <trkpt lat="43.11657" lon="1.43218">
        <ele>310.0</ele>
      </trkpt>
      <trkpt lat="43.11664" lon="1.43199">
        <ele>311.0</ele>
      </trkpt>
      <trkpt lat="43.11675" lon="1.43176">
        <ele>313.0</ele>
      </trkpt>
      <trkpt lat="43.11723" lon="1.43092">
        <ele>321.0</ele>
      </trkpt>
      <trkpt lat="43.11735" lon="1.43068">
        <ele>323.0</ele>
      </trkpt>
      <trkpt lat="43.11738" lon="1.43061">
        <ele>323.0</ele>
      </trkpt>
      <trkpt lat="43.11739" lon="1.43054">
        <ele>323.0</ele>
      </trkpt>
      <trkpt lat="43.1174" lon="1.43046">
        <ele>324.0</ele>
      </trkpt>
      <trkpt lat="43.11739" lon="1.43037">
        <ele>324.0</ele>
      </trkpt>
      <trkpt lat="43.11736" lon="1.43029">
        <ele>324.0</ele>
      </trkpt>
      <trkpt lat="43.11732" lon="1.43022">
        <ele>324.0</ele>
      </trkpt>
      <trkpt lat="43.11727" lon="1.43017">
        <ele>324.0</ele>
      </trkpt>
      <trkpt lat="43.11722" lon="1.43014">
        <ele>324.0</ele>
      </trkpt>
      <trkpt lat="43.11706" lon="1.43009">
        <ele>324.0</ele>
      </trkpt>
      <trkpt lat="43.11684" lon="1.43007">
        <ele>324.0</ele>
      </trkpt>
      <trkpt lat="43.11675" lon="1.43006">
        <ele>324.0</ele>
      </trkpt>
      <trkpt lat="43.1167" lon="1.43004">
        <ele>324.0</ele>
      </trkpt>
      <trkpt lat="43.11664" lon="1.42998">
        <ele>325.0</ele>
      </trkpt>
      <trkpt lat="43.11659" lon="1.42991">
        <ele>324.0</ele>
      </trkpt>
      <trkpt lat="43.11656" lon="1.42982">
        <ele>325.0</ele>
      </trkpt>
      <trkpt lat="43.11654" lon="1.42973">
        <ele>325.0</ele>
      </trkpt>
      <trkpt lat="43.11653" lon="1.42963">
        <ele>325.0</ele>
      </trkpt>
      <trkpt lat="43.11653" lon="1.42951">
        <ele>326.0</ele>
      </trkpt>
      <trkpt lat="43.11659" lon="1.42912">
        <ele>329.0</ele>
      </trkpt>
      <trkpt lat="43.11662" lon="1.42895">
        <ele>329.0</ele>
      </trkpt>
      <trkpt lat="43.11668" lon="1.42872">
        <ele>330.0</ele>
      </trkpt>
      <trkpt lat="43.11683" lon="1.4282">
        <ele>333.0</ele>
      </trkpt>
      <trkpt lat="43.11688" lon="1.42801">
        <ele>334.0</ele>
      </trkpt>
      <trkpt lat="43.11697" lon="1.42757">
        <ele>337.0</ele>
      </trkpt>
      <trkpt lat="43.11706" lon="1.42696">
        <ele>341.0</ele>
      </trkpt>
      <trkpt lat="43.11707" lon="1.42685">
        <ele>341.0</ele>
      </trkpt>
      <trkpt lat="43.11705" lon="1.42667">
        <ele>341.0</ele>
      </trkpt>
      <trkpt lat="43.11702" lon="1.42657">
        <ele>342.0</ele>
      </trkpt>
      <trkpt lat="43.11697" lon="1.42646">
        <ele>342.0</ele>
      </trkpt>
      <trkpt lat="43.11691" lon="1.42635">
        <ele>342.0</ele>
      </trkpt>
      <trkpt lat="43.11685" lon="1.42627">
        <ele>342.0</ele>
      </trkpt>
      <trkpt lat="43.11656" lon="1.42593">
        <ele>341.0</ele>
      </trkpt>
      <trkpt lat="43.11649" lon="1.42583">
        <ele>341.0</ele>
      </trkpt>
      <trkpt lat="43.11645" lon="1.42577">
        <ele>341.0</ele>
      </trkpt>
      <trkpt lat="43.11643" lon="1.4257">
        <ele>341.0</ele>
      </trkpt>
      <trkpt lat="43.1164" lon="1.42555">
        <ele>341.0</ele>
      </trkpt>
      <trkpt lat="43.11641" lon="1.42537">
        <ele>342.0</ele>
      </trkpt>
      <trkpt lat="43.11644" lon="1.42526">
        <ele>342.0</ele>
      </trkpt>
      <trkpt lat="43.11647" lon="1.42513">
        <ele>343.0</ele>
      </trkpt>
      <trkpt lat="43.11662" lon="1.42472">
        <ele>348.0</ele>
      </trkpt>
      <trkpt lat="43.11667" lon="1.42453">
        <ele>349.0</ele>
      </trkpt>
      <trkpt lat="43.11668" lon="1.42443">
        <ele>350.0</ele>
      </trkpt>
      <trkpt lat="43.1167" lon="1.42404">
        <ele>351.0</ele>
      </trkpt>
      <trkpt lat="43.11674" lon="1.42383">
        <ele>351.0</ele>
      </trkpt>
      <trkpt lat="43.11683" lon="1.42358">
        <ele>351.0</ele>
      </trkpt>
      <trkpt lat="43.11689" lon="1.42345">
        <ele>352.0</ele>
      </trkpt>
      <trkpt lat="43.11696" lon="1.42333">
        <ele>352.0</ele>
      </trkpt>
      <trkpt lat="43.11701" lon="1.42326">
        <ele>352.0</ele>
      </trkpt>
      <trkpt lat="43.11708" lon="1.42319">
        <ele>352.0</ele>
      </trkpt>
      <trkpt lat="43.11715" lon="1.42314">
        <ele>352.0</ele>
      </trkpt>
      <trkpt lat="43.11724" lon="1.42309">
        <ele>353.0</ele>
      </trkpt>
      <trkpt lat="43.11734" lon="1.42306">
        <ele>353.0</ele>
      </trkpt>
      <trkpt lat="43.1176" lon="1.42303">
        <ele>356.0</ele>
      </trkpt>
      <trkpt lat="43.11788" lon="1.42298">
        <ele>357.0</ele>
      </trkpt>
      <trkpt lat="43.118" lon="1.42295">
        <ele>357.0</ele>
      </trkpt>
      <trkpt lat="43.11849" lon="1.42272">
        <ele>358.0</ele>
      </trkpt>
      <trkpt lat="43.11889" lon="1.42253">
        <ele>359.0</ele>
      </trkpt>
      <trkpt lat="43.11896" lon="1.42247">
        <ele>359.0</ele>
      </trkpt>
      <trkpt lat="43.11903" lon="1.4224">
        <ele>360.0</ele>
      </trkpt>
      <trkpt lat="43.11911" lon="1.42228">
        <ele>360.0</ele>
      </trkpt>
      <trkpt lat="43.11923" lon="1.42208">
        <ele>360.0</ele>
      </trkpt>
      <trkpt lat="43.11987" lon="1.42091">
        <ele>363.0</ele>
      </trkpt>
      <trkpt lat="43.11992" lon="1.42078">
        <ele>364.0</ele>
      </trkpt>
      <trkpt lat="43.12002" lon="1.42043">
        <ele>365.0</ele>
      </trkpt>
      <trkpt lat="43.12014" lon="1.41986">
        <ele>365.0</ele>
      </trkpt>
      <trkpt lat="43.12041" lon="1.41852">
        <ele>368.0</ele>
      </trkpt>
      <trkpt lat="43.12051" lon="1.41814">
        <ele>368.0</ele>
      </trkpt>
      <trkpt lat="43.12078" lon="1.41731">
        <ele>368.0</ele>
      </trkpt>
      <trkpt lat="43.12091" lon="1.41699">
        <ele>368.0</ele>
      </trkpt>
      <trkpt lat="43.12125" lon="1.41639">
        <ele>366.0</ele>
      </trkpt>
      <trkpt lat="43.1213" lon="1.41627">
        <ele>365.0</ele>
      </trkpt>
      <trkpt lat="43.12134" lon="1.41615">
        <ele>365.0</ele>
      </trkpt>
      <trkpt lat="43.12137" lon="1.41601">
        <ele>365.0</ele>
      </trkpt>
      <trkpt lat="43.12155" lon="1.41507">
        <ele>365.0</ele>
      </trkpt>
      <trkpt lat="43.12158" lon="1.41482">
        <ele>366.0</ele>
      </trkpt>
      <trkpt lat="43.12157" lon="1.41468">
        <ele>367.0</ele>
      </trkpt>
      <trkpt lat="43.12147" lon="1.41418">
        <ele>369.0</ele>
      </trkpt>
      <trkpt lat="43.1213" lon="1.41346">
        <ele>371.0</ele>
      </trkpt>
      <trkpt lat="43.12121" lon="1.41317">
        <ele>371.0</ele>
      </trkpt>
      <trkpt lat="43.12116" lon="1.41307">
        <ele>372.0</ele>
      </trkpt>
      <trkpt lat="43.12111" lon="1.41298">
        <ele>372.0</ele>
      </trkpt>
      <trkpt lat="43.12104" lon="1.41289">
        <ele>373.0</ele>
      </trkpt>
      <trkpt lat="43.12098" lon="1.41282">
        <ele>373.0</ele>
      </trkpt>
      <trkpt lat="43.12073" lon="1.41262">
        <ele>374.0</ele>
      </trkpt>
      <trkpt lat="43.12067" lon="1.41256">
        <ele>374.0</ele>
      </trkpt>
      <trkpt lat="43.12064" lon="1.4125">
        <ele>374.0</ele>
      </trkpt>
      <trkpt lat="43.12061" lon="1.41243">
        <ele>373.0</ele>
      </trkpt>
      <trkpt lat="43.12059" lon="1.41236">
        <ele>373.0</ele>
      </trkpt>
      <trkpt lat="43.12059" lon="1.41228">
        <ele>373.0</ele>
      </trkpt>
      <trkpt lat="43.1206" lon="1.41219">
        <ele>373.0</ele>
      </trkpt>
      <trkpt lat="43.12062" lon="1.41208">
        <ele>373.0</ele>
      </trkpt>
      <trkpt lat="43.1208" lon="1.41148">
        <ele>374.0</ele>
      </trkpt>
      <trkpt lat="43.12088" lon="1.41127">
        <ele>374.0</ele>
      </trkpt>
      <trkpt lat="43.12095" lon="1.41111">
        <ele>373.0</ele>
      </trkpt>
      <trkpt lat="43.12125" lon="1.41064">
        <ele>372.0</ele>
      </trkpt>
      <trkpt lat="43.12142" lon="1.41036">
        <ele>373.0</ele>
      </trkpt>
      <trkpt lat="43.12147" lon="1.41024">
        <ele>373.0</ele>
      </trkpt>
      <trkpt lat="43.12152" lon="1.41006">
        <ele>374.0</ele>
      </trkpt>
      <trkpt lat="43.12156" lon="1.40989">
        <ele>374.0</ele>
      </trkpt>
      <trkpt lat="43.12166" lon="1.40932">
        <ele>377.0</ele>
      </trkpt>
      <trkpt lat="43.12181" lon="1.40833">
        <ele>381.0</ele>
      </trkpt>
      <trkpt lat="43.12187" lon="1.40817">
        <ele>382.0</ele>
      </trkpt>
      <trkpt lat="43.12195" lon="1.40803">
        <ele>384.0</ele>
      </trkpt>
      <trkpt lat="43.122" lon="1.408">
        <ele>384.0</ele>
      </trkpt>
      <trkpt lat="43.12234" lon="1.4077">
        <ele>387.0</ele>
      </trkpt>
      <trkpt lat="43.12248" lon="1.40759">
        <ele>389.0</ele>
      </trkpt>
      <trkpt lat="43.12269" lon="1.40747">
        <ele>389.0</ele>
      </trkpt>
      <trkpt lat="43.12293" lon="1.40739">
        <ele>388.0</ele>
      </trkpt>
      <trkpt lat="43.12303" lon="1.40738">
        <ele>388.0</ele>
      </trkpt>
      <trkpt lat="43.12315" lon="1.40738">
        <ele>387.0</ele>
      </trkpt>
      <trkpt lat="43.1233" lon="1.40739">
        <ele>386.0</ele>
      </trkpt>
      <trkpt lat="43.12372" lon="1.40748">
        <ele>385.0</ele>
      </trkpt>
      <trkpt lat="43.12432" lon="1.40757">
        <ele>384.0</ele>
      </trkpt>
      <trkpt lat="43.12447" lon="1.40755">
        <ele>384.0</ele>
      </trkpt>
      <trkpt lat="43.12465" lon="1.40749">
        <ele>385.0</ele>
      </trkpt>
      <trkpt lat="43.12598" lon="1.40669">
        <ele>386.0</ele>
      </trkpt>
      <trkpt lat="43.12605" lon="1.40666">
        <ele>386.0</ele>
      </trkpt>
      <trkpt lat="43.12619" lon="1.40664">
        <ele>386.0</ele>
      </trkpt>
      <trkpt lat="43.12627" lon="1.40664">
        <ele>386.0</ele>
      </trkpt>
      <trkpt lat="43.12645" lon="1.40669">
        <ele>386.0</ele>
      </trkpt>
      <trkpt lat="43.12652" lon="1.40669">
        <ele>386.0</ele>
      </trkpt>
      <trkpt lat="43.12658" lon="1.40669">
        <ele>386.0</ele>
      </trkpt>
      <trkpt lat="43.12664" lon="1.40666">
        <ele>387.0</ele>
      </trkpt>
      <trkpt lat="43.12671" lon="1.40661">
        <ele>387.0</ele>
      </trkpt>
      <trkpt lat="43.12683" lon="1.40646">
        <ele>386.0</ele>
      </trkpt>
      <trkpt lat="43.1269" lon="1.40639">
        <ele>386.0</ele>
      </trkpt>
      <trkpt lat="43.12707" lon="1.40625">
        <ele>385.0</ele>
      </trkpt>
      <trkpt lat="43.12848" lon="1.40544">
        <ele>386.0</ele>
      </trkpt>
      <trkpt lat="43.12869" lon="1.40531">
        <ele>387.0</ele>
      </trkpt>
      <trkpt lat="43.1288" lon="1.40523">
        <ele>388.0</ele>
      </trkpt>
      <trkpt lat="43.129" lon="1.40503">
        <ele>390.0</ele>
      </trkpt>
      <trkpt lat="43.12996" lon="1.40392">
        <ele>391.0</ele>
      </trkpt>
      <trkpt lat="43.13019" lon="1.40367">
        <ele>389.0</ele>
      </trkpt>
      <trkpt lat="43.13035" lon="1.40351">
        <ele>389.0</ele>
      </trkpt>
      <trkpt lat="43.1305" lon="1.40341">
        <ele>389.0</ele>
      </trkpt>
      <trkpt lat="43.13063" lon="1.40332">
        <ele>390.0</ele>
      </trkpt>
      <trkpt lat="43.13128" lon="1.40288">
        <ele>392.0</ele>
      </trkpt>
      <trkpt lat="43.13136" lon="1.40283">
        <ele>393.0</ele>
      </trkpt>
      <trkpt lat="43.13146" lon="1.4028">
        <ele>393.0</ele>
      </trkpt>
      <trkpt lat="43.13155" lon="1.40279">
        <ele>393.0</ele>
      </trkpt>
      <trkpt lat="43.13163" lon="1.40279">
        <ele>392.0</ele>
      </trkpt>
      <trkpt lat="43.13172" lon="1.40282">
        <ele>392.0</ele>
      </trkpt>
      <trkpt lat="43.13186" lon="1.4029">
        <ele>390.0</ele>
      </trkpt>
      <trkpt lat="43.13243" lon="1.40326">
        <ele>388.0</ele>
      </trkpt>
      <trkpt lat="43.13277" lon="1.40345">
        <ele>386.0</ele>
      </trkpt>
      <trkpt lat="43.13349" lon="1.40389">
        <ele>383.0</ele>
      </trkpt>
      <trkpt lat="43.13373" lon="1.40406">
        <ele>384.0</ele>
      </trkpt>
      <trkpt lat="43.1338" lon="1.40412">
        <ele>385.0</ele>
      </trkpt>
      <trkpt lat="43.13386" lon="1.40421">
        <ele>385.0</ele>
      </trkpt>
      <trkpt lat="43.13392" lon="1.40429">
        <ele>385.0</ele>
      </trkpt>
      <trkpt lat="43.13401" lon="1.40451">
        <ele>384.0</ele>
      </trkpt>
      <trkpt lat="43.13413" lon="1.40488">
        <ele>384.0</ele>
      </trkpt>
      <trkpt lat="43.13418" lon="1.40501">
        <ele>384.0</ele>
      </trkpt>
      <trkpt lat="43.13423" lon="1.4051">
        <ele>383.0</ele>
      </trkpt>
      <trkpt lat="43.13429" lon="1.40517">
        <ele>382.0</ele>
      </trkpt>
      <trkpt lat="43.13435" lon="1.40523">
        <ele>382.0</ele>
      </trkpt>
      <trkpt lat="43.13449" lon="1.40532">
        <ele>381.0</ele>
      </trkpt>
      <trkpt lat="43.13497" lon="1.40557">
        <ele>380.0</ele>
      </trkpt>
      <trkpt lat="43.13523" lon="1.40573">
        <ele>381.0</ele>
      </trkpt>
      <trkpt lat="43.13541" lon="1.40585">
        <ele>382.0</ele>
      </trkpt>
      <trkpt lat="43.13557" lon="1.40599">
        <ele>383.0</ele>
      </trkpt>
      <trkpt lat="43.13563" lon="1.40605">
        <ele>383.0</ele>
      </trkpt>
      <trkpt lat="43.1357" lon="1.40616">
        <ele>383.0</ele>
      </trkpt>
      <trkpt lat="43.13575" lon="1.40627">
        <ele>383.0</ele>
      </trkpt>
      <trkpt lat="43.1358" lon="1.40638">
        <ele>383.0</ele>
      </trkpt>
      <trkpt lat="43.13583" lon="1.40651">
        <ele>382.0</ele>
      </trkpt>
      <trkpt lat="43.13586" lon="1.40668">
        <ele>381.0</ele>
      </trkpt>
      <trkpt lat="43.13595" lon="1.40736">
        <ele>378.0</ele>
      </trkpt>
      <trkpt lat="43.13597" lon="1.40746">
        <ele>377.0</ele>
      </trkpt>
      <trkpt lat="43.136" lon="1.40752">
        <ele>377.0</ele>
      </trkpt>
      <trkpt lat="43.13604" lon="1.40757">
        <ele>377.0</ele>
      </trkpt>
      <trkpt lat="43.13607" lon="1.4076">
        <ele>377.0</ele>
      </trkpt>
      <trkpt lat="43.13613" lon="1.4076">
        <ele>377.0</ele>
      </trkpt>
      <trkpt lat="43.1362" lon="1.40759">
        <ele>378.0</ele>
      </trkpt>
      <trkpt lat="43.13633" lon="1.40754">
        <ele>380.0</ele>
      </trkpt>
      <trkpt lat="43.13642" lon="1.40753">
        <ele>381.0</ele>
      </trkpt>
      <trkpt lat="43.13649" lon="1.40753">
        <ele>381.0</ele>
      </trkpt>
      <trkpt lat="43.13667" lon="1.40759">
        <ele>382.0</ele>
      </trkpt>
      <trkpt lat="43.13676" lon="1.40765">
        <ele>381.0</ele>
      </trkpt>
      <trkpt lat="43.13683" lon="1.40771">
        <ele>381.0</ele>
      </trkpt>
      <trkpt lat="43.13691" lon="1.4078">
        <ele>380.0</ele>
      </trkpt>
      <trkpt lat="43.13697" lon="1.4079">
        <ele>379.0</ele>
      </trkpt>
      <trkpt lat="43.13702" lon="1.40802">
        <ele>378.0</ele>
      </trkpt>
      <trkpt lat="43.13725" lon="1.40875">
        <ele>373.0</ele>
      </trkpt>
      <trkpt lat="43.1373" lon="1.40888">
        <ele>373.0</ele>
      </trkpt>
      <trkpt lat="43.13736" lon="1.40899">
        <ele>373.0</ele>
      </trkpt>
      <trkpt lat="43.13743" lon="1.40906">
        <ele>374.0</ele>
      </trkpt>
      <trkpt lat="43.1375" lon="1.4091">
        <ele>374.0</ele>
      </trkpt>
      <trkpt lat="43.13758" lon="1.40912">
        <ele>374.0</ele>
      </trkpt>
      <trkpt lat="43.13767" lon="1.40911">
        <ele>373.0</ele>
      </trkpt>
      <trkpt lat="43.13785" lon="1.40901">
        <ele>372.0</ele>
      </trkpt>
      <trkpt lat="43.13868" lon="1.40851">
        <ele>369.0</ele>
      </trkpt>
      <trkpt lat="43.14038" lon="1.40744">
        <ele>369.0</ele>
      </trkpt>
      <trkpt lat="43.14057" lon="1.40731">
        <ele>368.0</ele>
      </trkpt>
      <trkpt lat="43.14067" lon="1.40722">
        <ele>368.0</ele>
      </trkpt>
      <trkpt lat="43.14083" lon="1.40703">
        <ele>368.0</ele>
      </trkpt>
      <trkpt lat="43.14148" lon="1.40616">
        <ele>366.0</ele>
      </trkpt>
      <trkpt lat="43.14158" lon="1.40602">
        <ele>367.0</ele>
      </trkpt>
      <trkpt lat="43.14168" lon="1.40587">
        <ele>369.0</ele>
      </trkpt>
      <trkpt lat="43.1418" lon="1.40561">
        <ele>368.0</ele>
      </trkpt>
      <trkpt lat="43.14195" lon="1.40529">
        <ele>367.0</ele>
      </trkpt>
      <trkpt lat="43.14214" lon="1.40492">
        <ele>367.0</ele>
      </trkpt>
      <trkpt lat="43.1422" lon="1.40483">
        <ele>367.0</ele>
      </trkpt>
      <trkpt lat="43.14227" lon="1.40476">
        <ele>367.0</ele>
      </trkpt>
      <trkpt lat="43.14235" lon="1.4047">
        <ele>367.0</ele>
      </trkpt>
      <trkpt lat="43.14246" lon="1.40463">
        <ele>368.0</ele>
      </trkpt>
      <trkpt lat="43.14257" lon="1.40455">
        <ele>368.0</ele>
      </trkpt>
      <trkpt lat="43.14265" lon="1.40448">
        <ele>369.0</ele>
      </trkpt>
      <trkpt lat="43.14274" lon="1.40437">
        <ele>369.0</ele>
      </trkpt>
      <trkpt lat="43.14281" lon="1.40426">
        <ele>370.0</ele>
      </trkpt>
      <trkpt lat="43.14287" lon="1.40414">
        <ele>371.0</ele>
      </trkpt>
      <trkpt lat="43.14304" lon="1.4037">
        <ele>370.0</ele>
      </trkpt>
      <trkpt lat="43.14314" lon="1.40351">
        <ele>370.0</ele>
      </trkpt>
      <trkpt lat="43.14323" lon="1.40336">
        <ele>371.0</ele>
      </trkpt>
      <trkpt lat="43.14331" lon="1.40324">
        <ele>372.0</ele>
      </trkpt>
      <trkpt lat="43.14386" lon="1.40258">
        <ele>372.0</ele>
      </trkpt>
      <trkpt lat="43.14395" lon="1.40246">
        <ele>373.0</ele>
      </trkpt>
      <trkpt lat="43.14402" lon="1.40234">
        <ele>373.0</ele>
      </trkpt>
      <trkpt lat="43.14412" lon="1.40214">
        <ele>374.0</ele>
      </trkpt>
      <trkpt lat="43.14426" lon="1.40175">
        <ele>372.0</ele>
      </trkpt>
      <trkpt lat="43.14432" lon="1.40162">
        <ele>371.0</ele>
      </trkpt>
      <trkpt lat="43.14438" lon="1.4015">
        <ele>370.0</ele>
      </trkpt>
      <trkpt lat="43.14456" lon="1.40128">
        <ele>369.0</ele>
      </trkpt>
      <trkpt lat="43.14492" lon="1.40087">
        <ele>369.0</ele>
      </trkpt>
      <trkpt lat="43.14507" lon="1.40068">
        <ele>368.0</ele>
      </trkpt>
      <trkpt lat="43.14528" lon="1.40038">
        <ele>365.0</ele>
      </trkpt>
      <trkpt lat="43.14553" lon="1.40001">
        <ele>366.0</ele>
      </trkpt>
      <trkpt lat="43.1466" lon="1.39833">
        <ele>368.0</ele>
      </trkpt>
      <trkpt lat="43.14687" lon="1.39795">
        <ele>368.0</ele>
      </trkpt>
      <trkpt lat="43.14722" lon="1.3974">
        <ele>370.0</ele>
      </trkpt>
      <trkpt lat="43.14746" lon="1.39699">
        <ele>372.0</ele>
      </trkpt>
      <trkpt lat="43.14775" lon="1.39651">
        <ele>372.0</ele>
      </trkpt>
      <trkpt lat="43.14795" lon="1.39623">
        <ele>373.0</ele>
      </trkpt>
      <trkpt lat="43.14791" lon="1.39637">
        <ele>373.0</ele>
      </trkpt>
      <trkpt lat="43.14795" lon="1.39623">
        <ele>373.0</ele>
      </trkpt>
      <trkpt lat="43.14821" lon="1.39582">
        <ele>377.0</ele>
      </trkpt>
      <trkpt lat="43.14837" lon="1.39552">
        <ele>380.0</ele>
      </trkpt>
      <trkpt lat="43.14843" lon="1.39557">
        <ele>380.0</ele>
      </trkpt>
      <trkpt lat="43.1485" lon="1.39561">
        <ele>379.0</ele>
      </trkpt>
      <trkpt lat="43.14864" lon="1.39565">
        <ele>379.0</ele>
      </trkpt>
      <trkpt lat="43.14898" lon="1.39566">
        <ele>378.0</ele>
      </trkpt>
      <trkpt lat="43.14905" lon="1.39565">
        <ele>378.0</ele>
      </trkpt>
      <trkpt lat="43.14911" lon="1.39563">
        <ele>378.0</ele>
      </trkpt>
      <trkpt lat="43.14915" lon="1.39561">
        <ele>378.0</ele>
      </trkpt>
      <trkpt lat="43.14942" lon="1.39537">
        <ele>378.0</ele>
      </trkpt>
      <trkpt lat="43.14949" lon="1.39534">
        <ele>377.0</ele>
      </trkpt>
      <trkpt lat="43.14966" lon="1.39527">
        <ele>376.0</ele>
      </trkpt>
      <trkpt lat="43.14978" lon="1.39521">
        <ele>375.0</ele>
      </trkpt>
      <trkpt lat="43.15098" lon="1.39453">
        <ele>370.0</ele>
      </trkpt>
      <trkpt lat="43.1511" lon="1.39441">
        <ele>370.0</ele>
      </trkpt>
      <trkpt lat="43.15118" lon="1.3943">
        <ele>370.0</ele>
      </trkpt>
      <trkpt lat="43.1514" lon="1.39392">
        <ele>371.0</ele>
      </trkpt>
      <trkpt lat="43.15188" lon="1.39419">
        <ele>359.0</ele>
      </trkpt>
      <trkpt lat="43.15206" lon="1.39433">
        <ele>355.0</ele>
      </trkpt>
      <trkpt lat="43.15212" lon="1.39451">
        <ele>353.0</ele>
      </trkpt>
      <trkpt lat="43.15221" lon="1.3947">
        <ele>351.0</ele>
      </trkpt>
      <trkpt lat="43.15232" lon="1.39488">
        <ele>349.0</ele>
      </trkpt>
      <trkpt lat="43.15247" lon="1.39509">
        <ele>347.0</ele>
      </trkpt>
      <trkpt lat="43.15259" lon="1.39521">
        <ele>346.0</ele>
      </trkpt>
      <trkpt lat="43.15277" lon="1.39537">
        <ele>345.0</ele>
      </trkpt>
      <trkpt lat="43.154" lon="1.3963">
        <ele>340.0</ele>
      </trkpt>
      <trkpt lat="43.15449" lon="1.39666">
        <ele>340.0</ele>
      </trkpt>
      <trkpt lat="43.15463" lon="1.39674">
        <ele>340.0</ele>
      </trkpt>
      <trkpt lat="43.15474" lon="1.39677">
        <ele>340.0</ele>
      </trkpt>
      <trkpt lat="43.15479" lon="1.39678">
        <ele>340.0</ele>
      </trkpt>
      <trkpt lat="43.15484" lon="1.39679">
        <ele>340.0</ele>
      </trkpt>
      <trkpt lat="43.15497" lon="1.39678">
        <ele>340.0</ele>
      </trkpt>
      <trkpt lat="43.15609" lon="1.3965">
        <ele>338.0</ele>
      </trkpt>
      <trkpt lat="43.15619" lon="1.39649">
        <ele>338.0</ele>
      </trkpt>
      <trkpt lat="43.15628" lon="1.39649">
        <ele>338.0</ele>
      </trkpt>
      <trkpt lat="43.15631" lon="1.39647">
        <ele>338.0</ele>
      </trkpt>
      <trkpt lat="43.15806" lon="1.39599">
        <ele>344.0</ele>
      </trkpt>
      <trkpt lat="43.1584" lon="1.39591">
        <ele>344.0</ele>
      </trkpt>
      <trkpt lat="43.15853" lon="1.39591">
        <ele>343.0</ele>
      </trkpt>
      <trkpt lat="43.15869" lon="1.39592">
        <ele>341.0</ele>
      </trkpt>
      <trkpt lat="43.1594" lon="1.39606">
        <ele>333.0</ele>
      </trkpt>
      <trkpt lat="43.16052" lon="1.39629">
        <ele>323.0</ele>
      </trkpt>
      <trkpt lat="43.16065" lon="1.39634">
        <ele>322.0</ele>
      </trkpt>
      <trkpt lat="43.16071" lon="1.39639">
        <ele>322.0</ele>
      </trkpt>
      <trkpt lat="43.16083" lon="1.39651">
        <ele>320.0</ele>
      </trkpt>
      <trkpt lat="43.16091" lon="1.39662">
        <ele>319.0</ele>
      </trkpt>
      <trkpt lat="43.16102" lon="1.39682">
        <ele>318.0</ele>
      </trkpt>
      <trkpt lat="43.1616" lon="1.39801">
        <ele>305.0</ele>
      </trkpt>
      <trkpt lat="43.1617" lon="1.39816">
        <ele>303.0</ele>
      </trkpt>
      <trkpt lat="43.1618" lon="1.39828">
        <ele>301.0</ele>
      </trkpt>
      <trkpt lat="43.16349" lon="1.40006">
        <ele>281.0</ele>
      </trkpt>
      <trkpt lat="43.16401" lon="1.40064">
        <ele>280.0</ele>
      </trkpt>
      <trkpt lat="43.16483" lon="1.40153">
        <ele>278.0</ele>
      </trkpt>
      <trkpt lat="43.16517" lon="1.40188">
        <ele>276.0</ele>
      </trkpt>
      <trkpt lat="43.16628" lon="1.40306">
        <ele>271.0</ele>
      </trkpt>
      <trkpt lat="43.16638" lon="1.40316">
        <ele>270.0</ele>
      </trkpt>
      <trkpt lat="43.16653" lon="1.40328">
        <ele>270.0</ele>
      </trkpt>
      <trkpt lat="43.16674" lon="1.40343">
        <ele>270.0</ele>
      </trkpt>
      <trkpt lat="43.16775" lon="1.40407">
        <ele>265.0</ele>
      </trkpt>
      <trkpt lat="43.16803" lon="1.40424">
        <ele>264.0</ele>
      </trkpt>
      <trkpt lat="43.16881" lon="1.40473">
        <ele>262.0</ele>
      </trkpt>
      <trkpt lat="43.17037" lon="1.40571">
        <ele>256.0</ele>
      </trkpt>
      <trkpt lat="43.17161" lon="1.40648">
        <ele>248.0</ele>
      </trkpt>
      <trkpt lat="43.17218" lon="1.40684">
        <ele>247.0</ele>
      </trkpt>
      <trkpt lat="43.17277" lon="1.4072">
        <ele>247.0</ele>
      </trkpt>
      <trkpt lat="43.17312" lon="1.40743">
        <ele>247.0</ele>
      </trkpt>
      <trkpt lat="43.17318" lon="1.40735">
        <ele>247.0</ele>
      </trkpt>
      <trkpt lat="43.17382" lon="1.40632">
        <ele>247.0</ele>
      </trkpt>
      <trkpt lat="43.17391" lon="1.40619">
        <ele>247.0</ele>
      </trkpt>
      <trkpt lat="43.17405" lon="1.40604">
        <ele>247.0</ele>
      </trkpt>
      <trkpt lat="43.17419" lon="1.40593">
        <ele>246.0</ele>
      </trkpt>
      <trkpt lat="43.1743" lon="1.40586">
        <ele>246.0</ele>
      </trkpt>
      <trkpt lat="43.17441" lon="1.4058">
        <ele>245.0</ele>
      </trkpt>
      <trkpt lat="43.17455" lon="1.40574">
        <ele>245.0</ele>
      </trkpt>
      <trkpt lat="43.17473" lon="1.40568">
        <ele>245.0</ele>
      </trkpt>
      <trkpt lat="43.17487" lon="1.40566">
        <ele>244.0</ele>
      </trkpt>
      <trkpt lat="43.17504" lon="1.40566">
        <ele>244.0</ele>
      </trkpt>
      <trkpt lat="43.17524" lon="1.40569">
        <ele>243.0</ele>
      </trkpt>
      <trkpt lat="43.17538" lon="1.40573">
        <ele>243.0</ele>
      </trkpt>
      <trkpt lat="43.17548" lon="1.40576">
        <ele>243.0</ele>
      </trkpt>
      <trkpt lat="43.17636" lon="1.40611">
        <ele>242.0</ele>
      </trkpt>
      <trkpt lat="43.1765" lon="1.40614">
        <ele>242.0</ele>
      </trkpt>
      <trkpt lat="43.17655" lon="1.40617">
        <ele>242.0</ele>
      </trkpt>
      <trkpt lat="43.17657" lon="1.40621">
        <ele>242.0</ele>
      </trkpt>
      <trkpt lat="43.17703" lon="1.40588">
        <ele>241.0</ele>
      </trkpt>
      <trkpt lat="43.17975" lon="1.40396">
        <ele>241.0</ele>
      </trkpt>
      <trkpt lat="43.17986" lon="1.40393">
        <ele>241.0</ele>
      </trkpt>
      <trkpt lat="43.17991" lon="1.40393">
        <ele>241.0</ele>
      </trkpt>
      <trkpt lat="43.17997" lon="1.40394">
        <ele>241.0</ele>
      </trkpt>
      <trkpt lat="43.18002" lon="1.40395">
        <ele>241.0</ele>
      </trkpt>
      <trkpt lat="43.18006" lon="1.40393">
        <ele>241.0</ele>
      </trkpt>
      <trkpt lat="43.1801" lon="1.4039">
        <ele>241.0</ele>
      </trkpt>
      <trkpt lat="43.18012" lon="1.40385">
        <ele>241.0</ele>
      </trkpt>
      <trkpt lat="43.18014" lon="1.4038">
        <ele>241.0</ele>
      </trkpt>
      <trkpt lat="43.18019" lon="1.4037">
        <ele>241.0</ele>
      </trkpt>
      <trkpt lat="43.18029" lon="1.40358">
        <ele>242.0</ele>
      </trkpt>
      <trkpt lat="43.18067" lon="1.40331">
        <ele>243.0</ele>
      </trkpt>
      <trkpt lat="43.18119" lon="1.40294">
        <ele>242.0</ele>
      </trkpt>
      <trkpt lat="43.18153" lon="1.4027">
        <ele>241.0</ele>
      </trkpt>
      <trkpt lat="43.18215" lon="1.40225">
        <ele>240.0</ele>
      </trkpt>
      <trkpt lat="43.18296" lon="1.40168">
        <ele>239.0</ele>
      </trkpt>
      <trkpt lat="43.18544" lon="1.39992">
        <ele>241.0</ele>
      </trkpt>
      <trkpt lat="43.18721" lon="1.39867">
        <ele>243.0</ele>
      </trkpt>
      <trkpt lat="43.18909" lon="1.39733">
        <ele>238.0</ele>
      </trkpt>
      <trkpt lat="43.18949" lon="1.39704">
        <ele>238.0</ele>
      </trkpt>
      <trkpt lat="43.1911" lon="1.39589">
        <ele>238.0</ele>
      </trkpt>
      <trkpt lat="43.19162" lon="1.39553">
        <ele>237.0</ele>
      </trkpt>
      <trkpt lat="43.19262" lon="1.39481">
        <ele>235.0</ele>
      </trkpt>
      <trkpt lat="43.19473" lon="1.39329">
        <ele>230.0</ele>
      </trkpt>
      <trkpt lat="43.19823" lon="1.39079">
        <ele>230.0</ele>
      </trkpt>
      <trkpt lat="43.20064" lon="1.38907">
        <ele>228.0</ele>
      </trkpt>
      <trkpt lat="43.20377" lon="1.38683">
        <ele>231.0</ele>
      </trkpt>
      <trkpt lat="43.20966" lon="1.38263">
        <ele>228.0</ele>
      </trkpt>
      <trkpt lat="43.20989" lon="1.38247">
        <ele>228.0</ele>
      </trkpt>
      <trkpt lat="43.21085" lon="1.38178">
        <ele>227.0</ele>
      </trkpt>
      <trkpt lat="43.21102" lon="1.38167">
        <ele>227.0</ele>
      </trkpt>
      <trkpt lat="43.21109" lon="1.38164">
        <ele>227.0</ele>
      </trkpt>
      <trkpt lat="43.21123" lon="1.38158">
        <ele>227.0</ele>
      </trkpt>
      <trkpt lat="43.21151" lon="1.38152">
        <ele>227.0</ele>
      </trkpt>
      <trkpt lat="43.21212" lon="1.38144">
        <ele>225.0</ele>
      </trkpt>
      <trkpt lat="43.21401" lon="1.38119">
        <ele>223.0</ele>
      </trkpt>
      <trkpt lat="43.21717" lon="1.38079">
        <ele>224.0</ele>
      </trkpt>
      <trkpt lat="43.2228" lon="1.38006">
        <ele>225.0</ele>
      </trkpt>
      <trkpt lat="43.22428" lon="1.37986">
        <ele>226.0</ele>
      </trkpt>
      <trkpt lat="43.22513" lon="1.37974">
        <ele>224.0</ele>
      </trkpt>
      <trkpt lat="43.22538" lon="1.37966">
        <ele>225.0</ele>
      </trkpt>
      <trkpt lat="43.22569" lon="1.37944">
        <ele>226.0</ele>
      </trkpt>
      <trkpt lat="43.22659" lon="1.37884">
        <ele>226.0</ele>
      </trkpt>
      <trkpt lat="43.22729" lon="1.37839">
        <ele>226.0</ele>
      </trkpt>
      <trkpt lat="43.23105" lon="1.37585">
        <ele>222.0</ele>
      </trkpt>
      <trkpt lat="43.23113" lon="1.37583">
        <ele>222.0</ele>
      </trkpt>
      <trkpt lat="43.23118" lon="1.37581">
        <ele>222.0</ele>
      </trkpt>
      <trkpt lat="43.23122" lon="1.3758">
        <ele>222.0</ele>
      </trkpt>
      <trkpt lat="43.23126" lon="1.37577">
        <ele>222.0</ele>
      </trkpt>
      <trkpt lat="43.2313" lon="1.3758">
        <ele>222.0</ele>
      </trkpt>
      <trkpt lat="43.23135" lon="1.37582">
        <ele>222.0</ele>
      </trkpt>
      <trkpt lat="43.23139" lon="1.37587">
        <ele>222.0</ele>
      </trkpt>
      <trkpt lat="43.23142" lon="1.3759">
        <ele>221.0</ele>
      </trkpt>
      <trkpt lat="43.23146" lon="1.37594">
        <ele>221.0</ele>
      </trkpt>
      <trkpt lat="43.23149" lon="1.37597">
        <ele>221.0</ele>
      </trkpt>
      <trkpt lat="43.2315" lon="1.37601">
        <ele>221.0</ele>
      </trkpt>
      <trkpt lat="43.23157" lon="1.37617">
        <ele>221.0</ele>
      </trkpt>
      <trkpt lat="43.23159" lon="1.37622">
        <ele>221.0</ele>
      </trkpt>
      <trkpt lat="43.23165" lon="1.37639">
        <ele>220.0</ele>
      </trkpt>
      <trkpt lat="43.23185" lon="1.37704">
        <ele>220.0</ele>
      </trkpt>
      <trkpt lat="43.23249" lon="1.37971">
        <ele>221.0</ele>
      </trkpt>
      <trkpt lat="43.23261" lon="1.38016">
        <ele>221.0</ele>
      </trkpt>
      <trkpt lat="43.23277" lon="1.38066">
        <ele>221.0</ele>
      </trkpt>
      <trkpt lat="43.23306" lon="1.38134">
        <ele>222.0</ele>
      </trkpt>
      <trkpt lat="43.23315" lon="1.3816">
        <ele>222.0</ele>
      </trkpt>
      <trkpt lat="43.23324" lon="1.38183">
        <ele>222.0</ele>
      </trkpt>
      <trkpt lat="43.23386" lon="1.38341">
        <ele>223.0</ele>
      </trkpt>
      <trkpt lat="43.23391" lon="1.3836">
        <ele>223.0</ele>
      </trkpt>
      <trkpt lat="43.23393" lon="1.38378">
        <ele>224.0</ele>
      </trkpt>
      <trkpt lat="43.2341" lon="1.38375">
        <ele>224.0</ele>
      </trkpt>
      <trkpt lat="43.23417" lon="1.38378">
        <ele>225.0</ele>
      </trkpt>
      <trkpt lat="43.2342" lon="1.38382">
        <ele>225.0</ele>
      </trkpt>
      <trkpt lat="43.23426" lon="1.38391">
        <ele>226.0</ele>
      </trkpt>
      <trkpt lat="43.23432" lon="1.38398">
        <ele>227.0</ele>
      </trkpt>
      <trkpt lat="43.23467" lon="1.38415">
        <ele>231.0</ele>
      </trkpt>
      <trkpt lat="43.23479" lon="1.38425">
        <ele>233.0</ele>
      </trkpt>
      <trkpt lat="43.23488" lon="1.38441">
        <ele>233.0</ele>
      </trkpt>
      <trkpt lat="43.23563" lon="1.38651">
        <ele>245.0</ele>
      </trkpt>
      <trkpt lat="43.23572" lon="1.3867">
        <ele>245.0</ele>
      </trkpt>
      <trkpt lat="43.2359" lon="1.38696">
        <ele>247.0</ele>
      </trkpt>
      <trkpt lat="43.23605" lon="1.38717">
        <ele>248.0</ele>
      </trkpt>
      <trkpt lat="43.2369" lon="1.38825">
        <ele>258.0</ele>
      </trkpt>
      <trkpt lat="43.23764" lon="1.38921">
        <ele>263.0</ele>
      </trkpt>
      <trkpt lat="43.23773" lon="1.38935">
        <ele>265.0</ele>
      </trkpt>
      <trkpt lat="43.23783" lon="1.38942">
        <ele>267.0</ele>
      </trkpt>
      <trkpt lat="43.23789" lon="1.38944">
        <ele>268.0</ele>
      </trkpt>
      <trkpt lat="43.23794" lon="1.38942">
        <ele>269.0</ele>
      </trkpt>
      <trkpt lat="43.23799" lon="1.38936">
        <ele>269.0</ele>
      </trkpt>
      <trkpt lat="43.23801" lon="1.38928">
        <ele>269.0</ele>
      </trkpt>
      <trkpt lat="43.23801" lon="1.38918">
        <ele>268.0</ele>
      </trkpt>
      <trkpt lat="43.23798" lon="1.38906">
        <ele>268.0</ele>
      </trkpt>
      <trkpt lat="43.23763" lon="1.38838">
        <ele>269.0</ele>
      </trkpt>
      <trkpt lat="43.23753" lon="1.38813">
        <ele>269.0</ele>
      </trkpt>
      <trkpt lat="43.23747" lon="1.38791">
        <ele>270.0</ele>
      </trkpt>
      <trkpt lat="43.23743" lon="1.38766">
        <ele>271.0</ele>
      </trkpt>
      <trkpt lat="43.23736" lon="1.38713">
        <ele>275.0</ele>
      </trkpt>
      <trkpt lat="43.23728" lon="1.3868">
        <ele>277.0</ele>
      </trkpt>
      <trkpt lat="43.23717" lon="1.3865">
        <ele>277.0</ele>
      </trkpt>
      <trkpt lat="43.2368" lon="1.38593">
        <ele>278.0</ele>
      </trkpt>
      <trkpt lat="43.23671" lon="1.38576">
        <ele>278.0</ele>
      </trkpt>
      <trkpt lat="43.23662" lon="1.38547">
        <ele>279.0</ele>
      </trkpt>
      <trkpt lat="43.23654" lon="1.38517">
        <ele>279.0</ele>
      </trkpt>
      <trkpt lat="43.23629" lon="1.38456">
        <ele>274.0</ele>
      </trkpt>
      <trkpt lat="43.23628" lon="1.3845">
        <ele>273.0</ele>
      </trkpt>
      <trkpt lat="43.2363" lon="1.38444">
        <ele>274.0</ele>
      </trkpt>
      <trkpt lat="43.23634" lon="1.38443">
        <ele>275.0</ele>
      </trkpt>
      <trkpt lat="43.2364" lon="1.38446">
        <ele>277.0</ele>
      </trkpt>
      <trkpt lat="43.23661" lon="1.38473">
        <ele>283.0</ele>
      </trkpt>
      <trkpt lat="43.23666" lon="1.38474">
        <ele>284.0</ele>
      </trkpt>
      <trkpt lat="43.23673" lon="1.38469">
        <ele>285.0</ele>
      </trkpt>
      <trkpt lat="43.23684" lon="1.38445">
        <ele>284.0</ele>
      </trkpt>
      <trkpt lat="43.23699" lon="1.38421">
        <ele>283.0</ele>
      </trkpt>
      <trkpt lat="43.23705" lon="1.38415">
        <ele>282.0</ele>
      </trkpt>
      <trkpt lat="43.23712" lon="1.38405">
        <ele>281.0</ele>
      </trkpt>
      <trkpt lat="43.23726" lon="1.38393">
        <ele>280.0</ele>
      </trkpt>
      <trkpt lat="43.2373" lon="1.3839">
        <ele>280.0</ele>
      </trkpt>
      <trkpt lat="43.23736" lon="1.38389">
        <ele>280.0</ele>
      </trkpt>
      <trkpt lat="43.23742" lon="1.38393">
        <ele>280.0</ele>
      </trkpt>
      <trkpt lat="43.23764" lon="1.38438">
        <ele>281.0</ele>
      </trkpt>
      <trkpt lat="43.23783" lon="1.38472">
        <ele>281.0</ele>
      </trkpt>
      <trkpt lat="43.23817" lon="1.38537">
        <ele>282.0</ele>
      </trkpt>
      <trkpt lat="43.23828" lon="1.38561">
        <ele>283.0</ele>
      </trkpt>
      <trkpt lat="43.23835" lon="1.38585">
        <ele>285.0</ele>
      </trkpt>
      <trkpt lat="43.23839" lon="1.38605">
        <ele>286.0</ele>
      </trkpt>
      <trkpt lat="43.23842" lon="1.38626">
        <ele>287.0</ele>
      </trkpt>
      <trkpt lat="43.23845" lon="1.38665">
        <ele>290.0</ele>
      </trkpt>
      <trkpt lat="43.23847" lon="1.38685">
        <ele>291.0</ele>
      </trkpt>
      <trkpt lat="43.23852" lon="1.38704">
        <ele>291.0</ele>
      </trkpt>
      <trkpt lat="43.23869" lon="1.38736">
        <ele>293.0</ele>
      </trkpt>
      <trkpt lat="43.23876" lon="1.38749">
        <ele>293.0</ele>
      </trkpt>
      <trkpt lat="43.23885" lon="1.38762">
        <ele>294.0</ele>
      </trkpt>
      <trkpt lat="43.23893" lon="1.38771">
        <ele>294.0</ele>
      </trkpt>
      <trkpt lat="43.23897" lon="1.38775">
        <ele>294.0</ele>
      </trkpt>
      <trkpt lat="43.23898" lon="1.38779">
        <ele>294.0</ele>
      </trkpt>
      <trkpt lat="43.23898" lon="1.38788">
        <ele>294.0</ele>
      </trkpt>
      <trkpt lat="43.23896" lon="1.38795">
        <ele>294.0</ele>
      </trkpt>
      <trkpt lat="43.23891" lon="1.38803">
        <ele>294.0</ele>
      </trkpt>
      <trkpt lat="43.23886" lon="1.38814">
        <ele>293.0</ele>
      </trkpt>
      <trkpt lat="43.23886" lon="1.38822">
        <ele>293.0</ele>
      </trkpt>
      <trkpt lat="43.23918" lon="1.38871">
        <ele>295.0</ele>
      </trkpt>
      <trkpt lat="43.23929" lon="1.38892">
        <ele>295.0</ele>
      </trkpt>
      <trkpt lat="43.23942" lon="1.3892">
        <ele>296.0</ele>
      </trkpt>
      <trkpt lat="43.2395" lon="1.38944">
        <ele>297.0</ele>
      </trkpt>
      <trkpt lat="43.23955" lon="1.38963">
        <ele>298.0</ele>
      </trkpt>
      <trkpt lat="43.23958" lon="1.38986">
        <ele>299.0</ele>
      </trkpt>
      <trkpt lat="43.2396" lon="1.39016">
        <ele>301.0</ele>
      </trkpt>
      <trkpt lat="43.23957" lon="1.39048">
        <ele>304.0</ele>
      </trkpt>
      <trkpt lat="43.23952" lon="1.39072">
        <ele>306.0</ele>
      </trkpt>
      <trkpt lat="43.23942" lon="1.39095">
        <ele>306.0</ele>
      </trkpt>
      <trkpt lat="43.23896" lon="1.39166">
        <ele>306.0</ele>
      </trkpt>
      <trkpt lat="43.2388" lon="1.39191">
        <ele>305.0</ele>
      </trkpt>
      <trkpt lat="43.23871" lon="1.39215">
        <ele>306.0</ele>
      </trkpt>
      <trkpt lat="43.23866" lon="1.3924">
        <ele>306.0</ele>
      </trkpt>
      <trkpt lat="43.23865" lon="1.3926">
        <ele>307.0</ele>
      </trkpt>
      <trkpt lat="43.23867" lon="1.39277">
        <ele>307.0</ele>
      </trkpt>
      <trkpt lat="43.2387" lon="1.3929">
        <ele>307.0</ele>
      </trkpt>
      <trkpt lat="43.23874" lon="1.39301">
        <ele>307.0</ele>
      </trkpt>
      <trkpt lat="43.2388" lon="1.39312">
        <ele>307.0</ele>
      </trkpt>
      <trkpt lat="43.23887" lon="1.3932">
        <ele>307.0</ele>
      </trkpt>
      <trkpt lat="43.23899" lon="1.39329">
        <ele>308.0</ele>
      </trkpt>
      <trkpt lat="43.23915" lon="1.3934">
        <ele>308.0</ele>
      </trkpt>
      <trkpt lat="43.23924" lon="1.39334">
        <ele>309.0</ele>
      </trkpt>
      <trkpt lat="43.23934" lon="1.39331">
        <ele>310.0</ele>
      </trkpt>
      <trkpt lat="43.23948" lon="1.39329">
        <ele>311.0</ele>
      </trkpt>
      <trkpt lat="43.23963" lon="1.3933">
        <ele>312.0</ele>
      </trkpt>
      <trkpt lat="43.2398" lon="1.39335">
        <ele>313.0</ele>
      </trkpt>
      <trkpt lat="43.24015" lon="1.39348">
        <ele>314.0</ele>
      </trkpt>
      <trkpt lat="43.24028" lon="1.39349">
        <ele>314.0</ele>
      </trkpt>
      <trkpt lat="43.24038" lon="1.39346">
        <ele>315.0</ele>
      </trkpt>
      <trkpt lat="43.24047" lon="1.39338">
        <ele>315.0</ele>
      </trkpt>
      <trkpt lat="43.24061" lon="1.39317">
        <ele>315.0</ele>
      </trkpt>
      <trkpt lat="43.24069" lon="1.39308">
        <ele>314.0</ele>
      </trkpt>
      <trkpt lat="43.24077" lon="1.39304">
        <ele>314.0</ele>
      </trkpt>
      <trkpt lat="43.24089" lon="1.39307">
        <ele>313.0</ele>
      </trkpt>
      <trkpt lat="43.241" lon="1.39315">
        <ele>311.0</ele>
      </trkpt>
      <trkpt lat="43.24117" lon="1.39332">
        <ele>310.0</ele>
      </trkpt>
      <trkpt lat="43.24146" lon="1.39363">
        <ele>306.0</ele>
      </trkpt>
      <trkpt lat="43.24154" lon="1.39379">
        <ele>306.0</ele>
      </trkpt>
      <trkpt lat="43.24172" lon="1.39435">
        <ele>305.0</ele>
      </trkpt>
      <trkpt lat="43.24188" lon="1.39475">
        <ele>302.0</ele>
      </trkpt>
      <trkpt lat="43.24205" lon="1.39508">
        <ele>300.0</ele>
      </trkpt>
      <trkpt lat="43.24224" lon="1.39536">
        <ele>298.0</ele>
      </trkpt>
      <trkpt lat="43.24246" lon="1.39567">
        <ele>297.0</ele>
      </trkpt>
      <trkpt lat="43.24256" lon="1.39587">
        <ele>296.0</ele>
      </trkpt>
      <trkpt lat="43.24266" lon="1.39612">
        <ele>295.0</ele>
      </trkpt>
      <trkpt lat="43.24276" lon="1.39627">
        <ele>293.0</ele>
      </trkpt>
      <trkpt lat="43.24314" lon="1.39663">
        <ele>289.0</ele>
      </trkpt>
      <trkpt lat="43.24323" lon="1.39676">
        <ele>288.0</ele>
      </trkpt>
      <trkpt lat="43.24327" lon="1.39686">
        <ele>287.0</ele>
      </trkpt>
      <trkpt lat="43.24333" lon="1.39697">
        <ele>287.0</ele>
      </trkpt>
      <trkpt lat="43.24336" lon="1.39705">
        <ele>286.0</ele>
      </trkpt>
      <trkpt lat="43.24339" lon="1.39723">
        <ele>286.0</ele>
      </trkpt>
      <trkpt lat="43.2434" lon="1.39741">
        <ele>287.0</ele>
      </trkpt>
      <trkpt lat="43.24338" lon="1.39756">
        <ele>287.0</ele>
      </trkpt>
      <trkpt lat="43.24335" lon="1.39768">
        <ele>286.0</ele>
      </trkpt>
      <trkpt lat="43.2433" lon="1.39785">
        <ele>285.0</ele>
      </trkpt>
      <trkpt lat="43.24302" lon="1.39836">
        <ele>283.0</ele>
      </trkpt>
      <trkpt lat="43.24279" lon="1.39871">
        <ele>281.0</ele>
      </trkpt>
      <trkpt lat="43.24254" lon="1.39901">
        <ele>280.0</ele>
      </trkpt>
      <trkpt lat="43.24241" lon="1.3992">
        <ele>279.0</ele>
      </trkpt>
      <trkpt lat="43.24236" lon="1.3993">
        <ele>279.0</ele>
      </trkpt>
      <trkpt lat="43.24232" lon="1.39942">
        <ele>279.0</ele>
      </trkpt>
      <trkpt lat="43.24226" lon="1.4">
        <ele>276.0</ele>
      </trkpt>
      <trkpt lat="43.24227" lon="1.40018">
        <ele>276.0</ele>
      </trkpt>
      <trkpt lat="43.24231" lon="1.40027">
        <ele>276.0</ele>
      </trkpt>
      <trkpt lat="43.24236" lon="1.40035">
        <ele>276.0</ele>
      </trkpt>
      <trkpt lat="43.24255" lon="1.40042">
        <ele>274.0</ele>
      </trkpt>
      <trkpt lat="43.24313" lon="1.40054">
        <ele>269.0</ele>
      </trkpt>
      <trkpt lat="43.24392" lon="1.40065">
        <ele>262.0</ele>
      </trkpt>
      <trkpt lat="43.24416" lon="1.4007">
        <ele>260.0</ele>
      </trkpt>
      <trkpt lat="43.24426" lon="1.40074">
        <ele>259.0</ele>
      </trkpt>
      <trkpt lat="43.24432" lon="1.40082">
        <ele>259.0</ele>
      </trkpt>
      <trkpt lat="43.24437" lon="1.40094">
        <ele>258.0</ele>
      </trkpt>
      <trkpt lat="43.24442" lon="1.40131">
        <ele>257.0</ele>
      </trkpt>
      <trkpt lat="43.24441" lon="1.40161">
        <ele>257.0</ele>
      </trkpt>
      <trkpt lat="43.24423" lon="1.40285">
        <ele>256.0</ele>
      </trkpt>
      <trkpt lat="43.24416" lon="1.40321">
        <ele>255.0</ele>
      </trkpt>
      <trkpt lat="43.24418" lon="1.40336">
        <ele>254.0</ele>
      </trkpt>
      <trkpt lat="43.24426" lon="1.40345">
        <ele>254.0</ele>
      </trkpt>
      <trkpt lat="43.24437" lon="1.40349">
        <ele>255.0</ele>
      </trkpt>
      <trkpt lat="43.24451" lon="1.4035">
        <ele>256.0</ele>
      </trkpt>
      <trkpt lat="43.24459" lon="1.40346">
        <ele>256.0</ele>
      </trkpt>
      <trkpt lat="43.24466" lon="1.40338">
        <ele>256.0</ele>
      </trkpt>
      <trkpt lat="43.24504" lon="1.40279">
        <ele>254.0</ele>
      </trkpt>
      <trkpt lat="43.24528" lon="1.40249">
        <ele>254.0</ele>
      </trkpt>
      <trkpt lat="43.24544" lon="1.40232">
        <ele>255.0</ele>
      </trkpt>
      <trkpt lat="43.24583" lon="1.40201">
        <ele>255.0</ele>
      </trkpt>
      <trkpt lat="43.24601" lon="1.40176">
        <ele>254.0</ele>
      </trkpt>
      <trkpt lat="43.24606" lon="1.40166">
        <ele>253.0</ele>
      </trkpt>
      <trkpt lat="43.24615" lon="1.40153">
        <ele>252.0</ele>
      </trkpt>
      <trkpt lat="43.24623" lon="1.40148">
        <ele>252.0</ele>
      </trkpt>
      <trkpt lat="43.24629" lon="1.40148">
        <ele>252.0</ele>
      </trkpt>
      <trkpt lat="43.24636" lon="1.40152">
        <ele>253.0</ele>
      </trkpt>
      <trkpt lat="43.24643" lon="1.40159">
        <ele>254.0</ele>
      </trkpt>
      <trkpt lat="43.24648" lon="1.40174">
        <ele>255.0</ele>
      </trkpt>
      <trkpt lat="43.24665" lon="1.4024">
        <ele>262.0</ele>
      </trkpt>
      <trkpt lat="43.24676" lon="1.40291">
        <ele>266.0</ele>
      </trkpt>
      <trkpt lat="43.24684" lon="1.40312">
        <ele>267.0</ele>
      </trkpt>
      <trkpt lat="43.2469" lon="1.40323">
        <ele>267.0</ele>
      </trkpt>
      <trkpt lat="43.24711" lon="1.4035">
        <ele>268.0</ele>
      </trkpt>
      <trkpt lat="43.24729" lon="1.40378">
        <ele>269.0</ele>
      </trkpt>
      <trkpt lat="43.24736" lon="1.40398">
        <ele>271.0</ele>
      </trkpt>
      <trkpt lat="43.24741" lon="1.40414">
        <ele>273.0</ele>
      </trkpt>
      <trkpt lat="43.24764" lon="1.40501">
        <ele>279.0</ele>
      </trkpt>
      <trkpt lat="43.24771" lon="1.4052">
        <ele>280.0</ele>
      </trkpt>
      <trkpt lat="43.24778" lon="1.40533">
        <ele>281.0</ele>
      </trkpt>
      <trkpt lat="43.24788" lon="1.40545">
        <ele>281.0</ele>
      </trkpt>
      <trkpt lat="43.24804" lon="1.40562">
        <ele>281.0</ele>
      </trkpt>
      <trkpt lat="43.24811" lon="1.40573">
        <ele>281.0</ele>
      </trkpt>
      <trkpt lat="43.24819" lon="1.40584">
        <ele>282.0</ele>
      </trkpt>
      <trkpt lat="43.24829" lon="1.40591">
        <ele>282.0</ele>
      </trkpt>
      <trkpt lat="43.24838" lon="1.40593">
        <ele>282.0</ele>
      </trkpt>
      <trkpt lat="43.24847" lon="1.40591">
        <ele>284.0</ele>
      </trkpt>
      <trkpt lat="43.24854" lon="1.40585">
        <ele>285.0</ele>
      </trkpt>
      <trkpt lat="43.2486" lon="1.40577">
        <ele>286.0</ele>
      </trkpt>
      <trkpt lat="43.24862" lon="1.40566">
        <ele>286.0</ele>
      </trkpt>
      <trkpt lat="43.24865" lon="1.40552">
        <ele>286.0</ele>
      </trkpt>
      <trkpt lat="43.24864" lon="1.40534">
        <ele>286.0</ele>
      </trkpt>
      <trkpt lat="43.2486" lon="1.40509">
        <ele>285.0</ele>
      </trkpt>
      <trkpt lat="43.24855" lon="1.40458">
        <ele>282.0</ele>
      </trkpt>
      <trkpt lat="43.24855" lon="1.40442">
        <ele>282.0</ele>
      </trkpt>
      <trkpt lat="43.24857" lon="1.4043">
        <ele>282.0</ele>
      </trkpt>
      <trkpt lat="43.2486" lon="1.40417">
        <ele>282.0</ele>
      </trkpt>
      <trkpt lat="43.24866" lon="1.40406">
        <ele>282.0</ele>
      </trkpt>
      <trkpt lat="43.24871" lon="1.404">
        <ele>282.0</ele>
      </trkpt>
      <trkpt lat="43.24876" lon="1.40395">
        <ele>282.0</ele>
      </trkpt>
      <trkpt lat="43.24884" lon="1.40392">
        <ele>283.0</ele>
      </trkpt>
      <trkpt lat="43.24912" lon="1.40389">
        <ele>287.0</ele>
      </trkpt>
      <trkpt lat="43.24945" lon="1.4039">
        <ele>290.0</ele>
      </trkpt>
      <trkpt lat="43.24971" lon="1.40388">
        <ele>293.0</ele>
      </trkpt>
      <trkpt lat="43.25001" lon="1.40379">
        <ele>295.0</ele>
      </trkpt>
      <trkpt lat="43.25014" lon="1.40371">
        <ele>296.0</ele>
      </trkpt>
      <trkpt lat="43.25025" lon="1.40361">
        <ele>297.0</ele>
      </trkpt>
      <trkpt lat="43.25033" lon="1.40343">
        <ele>297.0</ele>
      </trkpt>
      <trkpt lat="43.25037" lon="1.40323">
        <ele>297.0</ele>
      </trkpt>
      <trkpt lat="43.25037" lon="1.40305">
        <ele>297.0</ele>
      </trkpt>
      <trkpt lat="43.25035" lon="1.40247">
        <ele>297.0</ele>
      </trkpt>
      <trkpt lat="43.25035" lon="1.40232">
        <ele>298.0</ele>
      </trkpt>
      <trkpt lat="43.25039" lon="1.40213">
        <ele>298.0</ele>
      </trkpt>
      <trkpt lat="43.25046" lon="1.40192">
        <ele>299.0</ele>
      </trkpt>
      <trkpt lat="43.25058" lon="1.4017">
        <ele>300.0</ele>
      </trkpt>
      <trkpt lat="43.25079" lon="1.4014">
        <ele>300.0</ele>
      </trkpt>
      <trkpt lat="43.25093" lon="1.40118">
        <ele>298.0</ele>
      </trkpt>
      <trkpt lat="43.251" lon="1.4011">
        <ele>297.0</ele>
      </trkpt>
      <trkpt lat="43.25106" lon="1.40108">
        <ele>297.0</ele>
      </trkpt>
      <trkpt lat="43.25112" lon="1.4011">
        <ele>296.0</ele>
      </trkpt>
      <trkpt lat="43.25118" lon="1.40117">
        <ele>296.0</ele>
      </trkpt>
      <trkpt lat="43.25121" lon="1.40129">
        <ele>297.0</ele>
      </trkpt>
      <trkpt lat="43.25121" lon="1.40196">
        <ele>301.0</ele>
      </trkpt>
      <trkpt lat="43.25122" lon="1.4022">
        <ele>303.0</ele>
      </trkpt>
      <trkpt lat="43.25126" lon="1.4024">
        <ele>303.0</ele>
      </trkpt>
      <trkpt lat="43.25134" lon="1.40256">
        <ele>304.0</ele>
      </trkpt>
      <trkpt lat="43.25143" lon="1.40263">
        <ele>305.0</ele>
      </trkpt>
      <trkpt lat="43.2516" lon="1.40262">
        <ele>304.0</ele>
      </trkpt>
      <trkpt lat="43.25188" lon="1.40254">
        <ele>302.0</ele>
      </trkpt>
      <trkpt lat="43.25205" lon="1.40251">
        <ele>300.0</ele>
      </trkpt>
      <trkpt lat="43.25213" lon="1.40254">
        <ele>299.0</ele>
      </trkpt>
      <trkpt lat="43.2522" lon="1.40262">
        <ele>299.0</ele>
      </trkpt>
      <trkpt lat="43.25226" lon="1.40277">
        <ele>300.0</ele>
      </trkpt>
      <trkpt lat="43.25242" lon="1.40382">
        <ele>304.0</ele>
      </trkpt>
      <trkpt lat="43.25251" lon="1.40417">
        <ele>305.0</ele>
      </trkpt>
      <trkpt lat="43.25266" lon="1.40456">
        <ele>305.0</ele>
      </trkpt>
      <trkpt lat="43.25271" lon="1.40467">
        <ele>305.0</ele>
      </trkpt>
      <trkpt lat="43.25284" lon="1.4048">
        <ele>304.0</ele>
      </trkpt>
      <trkpt lat="43.25294" lon="1.40485">
        <ele>304.0</ele>
      </trkpt>
      <trkpt lat="43.25305" lon="1.40487">
        <ele>303.0</ele>
      </trkpt>
      <trkpt lat="43.25316" lon="1.40485">
        <ele>302.0</ele>
      </trkpt>
      <trkpt lat="43.25337" lon="1.40471">
        <ele>300.0</ele>
      </trkpt>
      <trkpt lat="43.25356" lon="1.40452">
        <ele>299.0</ele>
      </trkpt>
      <trkpt lat="43.25362" lon="1.4045">
        <ele>299.0</ele>
      </trkpt>
      <trkpt lat="43.25366" lon="1.40451">
        <ele>298.0</ele>
      </trkpt>
      <trkpt lat="43.25371" lon="1.40456">
        <ele>298.0</ele>
      </trkpt>
      <trkpt lat="43.25375" lon="1.40466">
        <ele>298.0</ele>
      </trkpt>
      <trkpt lat="43.25375" lon="1.40471">
        <ele>298.0</ele>
      </trkpt>
      <trkpt lat="43.25373" lon="1.40478">
        <ele>298.0</ele>
      </trkpt>
      <trkpt lat="43.25358" lon="1.40512">
        <ele>298.0</ele>
      </trkpt>
      <trkpt lat="43.25352" lon="1.40531">
        <ele>298.0</ele>
      </trkpt>
      <trkpt lat="43.25347" lon="1.40554">
        <ele>297.0</ele>
      </trkpt>
      <trkpt lat="43.25339" lon="1.4061">
        <ele>294.0</ele>
      </trkpt>
      <trkpt lat="43.25339" lon="1.40622">
        <ele>294.0</ele>
      </trkpt>
      <trkpt lat="43.25343" lon="1.40631">
        <ele>292.0</ele>
      </trkpt>
      <trkpt lat="43.25349" lon="1.40632">
        <ele>291.0</ele>
      </trkpt>
      <trkpt lat="43.25356" lon="1.40627">
        <ele>290.0</ele>
      </trkpt>
      <trkpt lat="43.25386" lon="1.40576">
        <ele>289.0</ele>
      </trkpt>
      <trkpt lat="43.25395" lon="1.40565">
        <ele>289.0</ele>
      </trkpt>
      <trkpt lat="43.25405" lon="1.4056">
        <ele>288.0</ele>
      </trkpt>
      <trkpt lat="43.25443" lon="1.40547">
        <ele>284.0</ele>
      </trkpt>
      <trkpt lat="43.25459" lon="1.4054">
        <ele>283.0</ele>
      </trkpt>
      <trkpt lat="43.25484" lon="1.4052">
        <ele>283.0</ele>
      </trkpt>
      <trkpt lat="43.25565" lon="1.40484">
        <ele>277.0</ele>
      </trkpt>
      <trkpt lat="43.25602" lon="1.40462">
        <ele>276.0</ele>
      </trkpt>
      <trkpt lat="43.25618" lon="1.40455">
        <ele>275.0</ele>
      </trkpt>
      <trkpt lat="43.25679" lon="1.40449">
        <ele>270.0</ele>
      </trkpt>
      <trkpt lat="43.25723" lon="1.4045">
        <ele>267.0</ele>
      </trkpt>
      <trkpt lat="43.25746" lon="1.40448">
        <ele>266.0</ele>
      </trkpt>
      <trkpt lat="43.25761" lon="1.40445">
        <ele>265.0</ele>
      </trkpt>
      <trkpt lat="43.25773" lon="1.40438">
        <ele>265.0</ele>
      </trkpt>
      <trkpt lat="43.25786" lon="1.40425">
        <ele>265.0</ele>
      </trkpt>
      <trkpt lat="43.25812" lon="1.40389">
        <ele>264.0</ele>
      </trkpt>
      <trkpt lat="43.25816" lon="1.40385">
        <ele>263.0</ele>
      </trkpt>
      <trkpt lat="43.2582" lon="1.40381">
        <ele>263.0</ele>
      </trkpt>
      <trkpt lat="43.25829" lon="1.40379">
        <ele>262.0</ele>
      </trkpt>
      <trkpt lat="43.25846" lon="1.40384">
        <ele>262.0</ele>
      </trkpt>
      <trkpt lat="43.25854" lon="1.40387">
        <ele>262.0</ele>
      </trkpt>
      <trkpt lat="43.25874" lon="1.40393">
        <ele>263.0</ele>
      </trkpt>
      <trkpt lat="43.25907" lon="1.40409">
        <ele>263.0</ele>
      </trkpt>
      <trkpt lat="43.2594" lon="1.40431">
        <ele>266.0</ele>
      </trkpt>
      <trkpt lat="43.2595" lon="1.40439">
        <ele>267.0</ele>
      </trkpt>
      <trkpt lat="43.25965" lon="1.40446">
        <ele>268.0</ele>
      </trkpt>
      <trkpt lat="43.25994" lon="1.40455">
        <ele>271.0</ele>
      </trkpt>
      <trkpt lat="43.26045" lon="1.40468">
        <ele>273.0</ele>
      </trkpt>
      <trkpt lat="43.26087" lon="1.40482">
        <ele>274.0</ele>
      </trkpt>
      <trkpt lat="43.26163" lon="1.40519">
        <ele>278.0</ele>
      </trkpt>
      <trkpt lat="43.26216" lon="1.40548">
        <ele>283.0</ele>
      </trkpt>
      <trkpt lat="43.26226" lon="1.40556">
        <ele>284.0</ele>
      </trkpt>
      <trkpt lat="43.26237" lon="1.40567">
        <ele>284.0</ele>
      </trkpt>
      <trkpt lat="43.26258" lon="1.40597">
        <ele>286.0</ele>
      </trkpt>
      <trkpt lat="43.26286" lon="1.40642">
        <ele>290.0</ele>
      </trkpt>
      <trkpt lat="43.26305" lon="1.40679">
        <ele>292.0</ele>
      </trkpt>
      <trkpt lat="43.26314" lon="1.407">
        <ele>293.0</ele>
      </trkpt>
      <trkpt lat="43.26331" lon="1.40753">
        <ele>294.0</ele>
      </trkpt>
      <trkpt lat="43.26334" lon="1.40769">
        <ele>295.0</ele>
      </trkpt>
      <trkpt lat="43.26333" lon="1.40783">
        <ele>296.0</ele>
      </trkpt>
      <trkpt lat="43.26328" lon="1.40806">
        <ele>297.0</ele>
      </trkpt>
      <trkpt lat="43.26303" lon="1.40874">
        <ele>301.0</ele>
      </trkpt>
      <trkpt lat="43.26293" lon="1.40913">
        <ele>304.0</ele>
      </trkpt>
      <trkpt lat="43.26287" lon="1.40941">
        <ele>305.0</ele>
      </trkpt>
      <trkpt lat="43.26278" lon="1.40997">
        <ele>309.0</ele>
      </trkpt>
      <trkpt lat="43.26279" lon="1.41014">
        <ele>309.0</ele>
      </trkpt>
      <trkpt lat="43.26282" lon="1.4103">
        <ele>310.0</ele>
      </trkpt>
      <trkpt lat="43.26285" lon="1.41036">
        <ele>311.0</ele>
      </trkpt>
      <trkpt lat="43.26291" lon="1.4104">
        <ele>311.0</ele>
      </trkpt>
      <trkpt lat="43.26299" lon="1.41044">
        <ele>311.0</ele>
      </trkpt>
      <trkpt lat="43.26307" lon="1.41043">
        <ele>311.0</ele>
      </trkpt>
      <trkpt lat="43.26328" lon="1.41039">
        <ele>311.0</ele>
      </trkpt>
      <trkpt lat="43.26369" lon="1.41024">
        <ele>313.0</ele>
      </trkpt>
      <trkpt lat="43.26389" lon="1.41013">
        <ele>315.0</ele>
      </trkpt>
      <trkpt lat="43.264" lon="1.41003">
        <ele>315.0</ele>
      </trkpt>
      <trkpt lat="43.26427" lon="1.40972">
        <ele>317.0</ele>
      </trkpt>
      <trkpt lat="43.26434" lon="1.40966">
        <ele>317.0</ele>
      </trkpt>
      <trkpt lat="43.2644" lon="1.40963">
        <ele>318.0</ele>
      </trkpt>
      <trkpt lat="43.26447" lon="1.40962">
        <ele>318.0</ele>
      </trkpt>
      <trkpt lat="43.26452" lon="1.40964">
        <ele>319.0</ele>
      </trkpt>
      <trkpt lat="43.2646" lon="1.4097">
        <ele>320.0</ele>
      </trkpt>
      <trkpt lat="43.26468" lon="1.40979">
        <ele>321.0</ele>
      </trkpt>
      <trkpt lat="43.26483" lon="1.40999">
        <ele>323.0</ele>
      </trkpt>
      <trkpt lat="43.26501" lon="1.41024">
        <ele>324.0</ele>
      </trkpt>
      <trkpt lat="43.26588" lon="1.4111">
        <ele>318.0</ele>
      </trkpt>
      <trkpt lat="43.26605" lon="1.41128">
        <ele>317.0</ele>
      </trkpt>
      <trkpt lat="43.26633" lon="1.41153">
        <ele>317.0</ele>
      </trkpt>
      <trkpt lat="43.26712" lon="1.4123">
        <ele>319.0</ele>
      </trkpt>
      <trkpt lat="43.26761" lon="1.41286">
        <ele>324.0</ele>
      </trkpt>
      <trkpt lat="43.26791" lon="1.41314">
        <ele>325.0</ele>
      </trkpt>
      <trkpt lat="43.26821" lon="1.41332">
        <ele>326.0</ele>
      </trkpt>
      <trkpt lat="43.26837" lon="1.41344">
        <ele>325.0</ele>
      </trkpt>
      <trkpt lat="43.26849" lon="1.41366">
        <ele>324.0</ele>
      </trkpt>
      <trkpt lat="43.26859" lon="1.41389">
        <ele>322.0</ele>
      </trkpt>
      <trkpt lat="43.26931" lon="1.41413">
        <ele>318.0</ele>
      </trkpt>
      <trkpt lat="43.27" lon="1.41431">
        <ele>316.0</ele>
      </trkpt>
      <trkpt lat="43.27079" lon="1.41436">
        <ele>317.0</ele>
      </trkpt>
      <trkpt lat="43.27138" lon="1.4142">
        <ele>316.0</ele>
      </trkpt>
      <trkpt lat="43.27171" lon="1.41401">
        <ele>315.0</ele>
      </trkpt>
      <trkpt lat="43.27273" lon="1.41298">
        <ele>313.0</ele>
      </trkpt>
      <trkpt lat="43.27392" lon="1.41158">
        <ele>312.0</ele>
      </trkpt>
      <trkpt lat="43.27425" lon="1.4113">
        <ele>313.0</ele>
      </trkpt>
      <trkpt lat="43.27464" lon="1.4111">
        <ele>313.0</ele>
      </trkpt>
      <trkpt lat="43.27502" lon="1.41104">
        <ele>313.0</ele>
      </trkpt>
      <trkpt lat="43.27547" lon="1.41104">
        <ele>313.0</ele>
      </trkpt>
      <trkpt lat="43.27585" lon="1.41104">
        <ele>312.0</ele>
      </trkpt>
      <trkpt lat="43.27649" lon="1.41106">
        <ele>311.0</ele>
      </trkpt>
      <trkpt lat="43.27698" lon="1.41105">
        <ele>309.0</ele>
      </trkpt>
      <trkpt lat="43.27747" lon="1.41101">
        <ele>306.0</ele>
      </trkpt>
      <trkpt lat="43.27769" lon="1.41097">
        <ele>306.0</ele>
      </trkpt>
      <trkpt lat="43.27789" lon="1.41092">
        <ele>306.0</ele>
      </trkpt>
      <trkpt lat="43.27911" lon="1.41035">
        <ele>307.0</ele>
      </trkpt>
      <trkpt lat="43.27939" lon="1.41026">
        <ele>309.0</ele>
      </trkpt>
      <trkpt lat="43.27966" lon="1.4102">
        <ele>310.0</ele>
      </trkpt>
      <trkpt lat="43.28016" lon="1.41016">
        <ele>313.0</ele>
      </trkpt>
      <trkpt lat="43.28036" lon="1.41012">
        <ele>315.0</ele>
      </trkpt>
      <trkpt lat="43.28066" lon="1.41">
        <ele>317.0</ele>
      </trkpt>
      <trkpt lat="43.28139" lon="1.40961">
        <ele>320.0</ele>
      </trkpt>
      <trkpt lat="43.28152" lon="1.40955">
        <ele>321.0</ele>
      </trkpt>
      <trkpt lat="43.28188" lon="1.40951">
        <ele>321.0</ele>
      </trkpt>
      <trkpt lat="43.28205" lon="1.40953">
        <ele>320.0</ele>
      </trkpt>
      <trkpt lat="43.28291" lon="1.40966">
        <ele>314.0</ele>
      </trkpt>
      <trkpt lat="43.28451" lon="1.41014">
        <ele>310.0</ele>
      </trkpt>
      <trkpt lat="43.28478" lon="1.41025">
        <ele>311.0</ele>
      </trkpt>
      <trkpt lat="43.28505" lon="1.41043">
        <ele>312.0</ele>
      </trkpt>
      <trkpt lat="43.28564" lon="1.41105">
        <ele>313.0</ele>
      </trkpt>
      <trkpt lat="43.28588" lon="1.41135">
        <ele>315.0</ele>
      </trkpt>
      <trkpt lat="43.28601" lon="1.41149">
        <ele>314.0</ele>
      </trkpt>
      <trkpt lat="43.28618" lon="1.4117">
        <ele>314.0</ele>
      </trkpt>
      <trkpt lat="43.28635" lon="1.41186">
        <ele>314.0</ele>
      </trkpt>
      <trkpt lat="43.28648" lon="1.41195">
        <ele>314.0</ele>
      </trkpt>
      <trkpt lat="43.28667" lon="1.41205">
        <ele>313.0</ele>
      </trkpt>
      <trkpt lat="43.28686" lon="1.41212">
        <ele>314.0</ele>
      </trkpt>
      <trkpt lat="43.28719" lon="1.4122">
        <ele>316.0</ele>
      </trkpt>
      <trkpt lat="43.28769" lon="1.41221">
        <ele>318.0</ele>
      </trkpt>
      <trkpt lat="43.28775" lon="1.41219">
        <ele>318.0</ele>
      </trkpt>
      <trkpt lat="43.28776" lon="1.41223">
        <ele>318.0</ele>
      </trkpt>
      <trkpt lat="43.2885" lon="1.41256">
        <ele>319.0</ele>
      </trkpt>
      <trkpt lat="43.28881" lon="1.41271">
        <ele>318.0</ele>
      </trkpt>
      <trkpt lat="43.28896" lon="1.41281">
        <ele>317.0</ele>
      </trkpt>
      <trkpt lat="43.28906" lon="1.41289">
        <ele>317.0</ele>
      </trkpt>
      <trkpt lat="43.28917" lon="1.41301">
        <ele>317.0</ele>
      </trkpt>
      <trkpt lat="43.29053" lon="1.41456">
        <ele>314.0</ele>
      </trkpt>
      <trkpt lat="43.29063" lon="1.41462">
        <ele>314.0</ele>
      </trkpt>
      <trkpt lat="43.29097" lon="1.41507">
        <ele>313.0</ele>
      </trkpt>
      <trkpt lat="43.29145" lon="1.4157">
        <ele>313.0</ele>
      </trkpt>
      <trkpt lat="43.29153" lon="1.41587">
        <ele>314.0</ele>
      </trkpt>
      <trkpt lat="43.29157" lon="1.41586">
        <ele>314.0</ele>
      </trkpt>
      <trkpt lat="43.29164" lon="1.41591">
        <ele>314.0</ele>
      </trkpt>
      <trkpt lat="43.29172" lon="1.416">
        <ele>314.0</ele>
      </trkpt>
      <trkpt lat="43.2929" lon="1.41765">
        <ele>311.0</ele>
      </trkpt>
      <trkpt lat="43.29301" lon="1.41778">
        <ele>310.0</ele>
      </trkpt>
      <trkpt lat="43.29312" lon="1.41789">
        <ele>310.0</ele>
      </trkpt>
      <trkpt lat="43.2932" lon="1.41793">
        <ele>310.0</ele>
      </trkpt>
      <trkpt lat="43.29333" lon="1.41797">
        <ele>309.0</ele>
      </trkpt>
      <trkpt lat="43.29345" lon="1.41797">
        <ele>309.0</ele>
      </trkpt>
      <trkpt lat="43.29406" lon="1.41787">
        <ele>308.0</ele>
      </trkpt>
      <trkpt lat="43.29428" lon="1.41785">
        <ele>308.0</ele>
      </trkpt>
      <trkpt lat="43.29491" lon="1.41793">
        <ele>307.0</ele>
      </trkpt>
      <trkpt lat="43.29521" lon="1.41794">
        <ele>306.0</ele>
      </trkpt>
      <trkpt lat="43.29586" lon="1.41786">
        <ele>302.0</ele>
      </trkpt>
      <trkpt lat="43.29624" lon="1.41781">
        <ele>300.0</ele>
      </trkpt>
      <trkpt lat="43.29661" lon="1.41784">
        <ele>299.0</ele>
      </trkpt>
      <trkpt lat="43.29714" lon="1.41803">
        <ele>299.0</ele>
      </trkpt>
      <trkpt lat="43.29736" lon="1.41817">
        <ele>299.0</ele>
      </trkpt>
      <trkpt lat="43.2976" lon="1.41837">
        <ele>300.0</ele>
      </trkpt>
      <trkpt lat="43.2986" lon="1.41942">
        <ele>308.0</ele>
      </trkpt>
      <trkpt lat="43.29959" lon="1.42055">
        <ele>314.0</ele>
      </trkpt>
      <trkpt lat="43.29977" lon="1.4207">
        <ele>314.0</ele>
      </trkpt>
      <trkpt lat="43.30018" lon="1.42108">
        <ele>314.0</ele>
      </trkpt>
      <trkpt lat="43.3004" lon="1.42136">
        <ele>315.0</ele>
      </trkpt>
      <trkpt lat="43.30075" lon="1.42178">
        <ele>318.0</ele>
      </trkpt>
      <trkpt lat="43.30144" lon="1.42256">
        <ele>319.0</ele>
      </trkpt>
      <trkpt lat="43.30159" lon="1.42271">
        <ele>319.0</ele>
      </trkpt>
      <trkpt lat="43.30261" lon="1.42381">
        <ele>318.0</ele>
      </trkpt>
      <trkpt lat="43.3033" lon="1.42464">
        <ele>317.0</ele>
      </trkpt>
      <trkpt lat="43.30365" lon="1.4252">
        <ele>318.0</ele>
      </trkpt>
      <trkpt lat="43.30396" lon="1.42573">
        <ele>318.0</ele>
      </trkpt>
      <trkpt lat="43.30443" lon="1.42641">
        <ele>317.0</ele>
      </trkpt>
      <trkpt lat="43.30464" lon="1.42665">
        <ele>317.0</ele>
      </trkpt>
      <trkpt lat="43.30515" lon="1.4271">
        <ele>316.0</ele>
      </trkpt>
      <trkpt lat="43.30574" lon="1.42767">
        <ele>316.0</ele>
      </trkpt>
      <trkpt lat="43.30612" lon="1.42805">
        <ele>316.0</ele>
      </trkpt>
      <trkpt lat="43.30638" lon="1.42833">
        <ele>316.0</ele>
      </trkpt>
      <trkpt lat="43.30652" lon="1.42856">
        <ele>315.0</ele>
      </trkpt>
      <trkpt lat="43.30686" lon="1.4292">
        <ele>313.0</ele>
      </trkpt>
      <trkpt lat="43.30713" lon="1.42958">
        <ele>312.0</ele>
      </trkpt>
      <trkpt lat="43.30817" lon="1.43087">
        <ele>308.0</ele>
      </trkpt>
      <trkpt lat="43.30871" lon="1.43156">
        <ele>305.0</ele>
      </trkpt>
      <trkpt lat="43.30897" lon="1.43195">
        <ele>304.0</ele>
      </trkpt>
      <trkpt lat="43.30943" lon="1.43273">
        <ele>304.0</ele>
      </trkpt>
      <trkpt lat="43.30987" lon="1.43337">
        <ele>302.0</ele>
      </trkpt>
      <trkpt lat="43.30997" lon="1.43346">
        <ele>302.0</ele>
      </trkpt>
      <trkpt lat="43.31093" lon="1.43409">
        <ele>297.0</ele>
      </trkpt>
      <trkpt lat="43.31165" lon="1.43455">
        <ele>293.0</ele>
      </trkpt>
      <trkpt lat="43.31254" lon="1.43476">
        <ele>284.0</ele>
      </trkpt>
      <trkpt lat="43.31313" lon="1.43487">
        <ele>280.0</ele>
      </trkpt>
      <trkpt lat="43.31341" lon="1.43498">
        <ele>277.0</ele>
      </trkpt>
      <trkpt lat="43.31385" lon="1.43513">
        <ele>274.0</ele>
      </trkpt>
      <trkpt lat="43.31455" lon="1.43529">
        <ele>270.0</ele>
      </trkpt>
      <trkpt lat="43.31502" lon="1.43537">
        <ele>267.0</ele>
      </trkpt>
      <trkpt lat="43.31534" lon="1.43543">
        <ele>266.0</ele>
      </trkpt>
      <trkpt lat="43.31582" lon="1.43553">
        <ele>264.0</ele>
      </trkpt>
      <trkpt lat="43.31604" lon="1.43567">
        <ele>263.0</ele>
      </trkpt>
      <trkpt lat="43.31652" lon="1.43621">
        <ele>261.0</ele>
      </trkpt>
      <trkpt lat="43.31696" lon="1.43661">
        <ele>262.0</ele>
      </trkpt>
      <trkpt lat="43.3175" lon="1.43715">
        <ele>260.0</ele>
      </trkpt>
      <trkpt lat="43.31844" lon="1.43821">
        <ele>257.0</ele>
      </trkpt>
      <trkpt lat="43.31865" lon="1.43856">
        <ele>255.0</ele>
      </trkpt>
      <trkpt lat="43.31892" lon="1.43909">
        <ele>251.0</ele>
      </trkpt>
      <trkpt lat="43.31942" lon="1.44016">
        <ele>247.0</ele>
      </trkpt>
      <trkpt lat="43.31975" lon="1.44079">
        <ele>248.0</ele>
      </trkpt>
      <trkpt lat="43.32009" lon="1.4414">
        <ele>249.0</ele>
      </trkpt>
      <trkpt lat="43.32031" lon="1.44163">
        <ele>248.0</ele>
      </trkpt>
      <trkpt lat="43.32045" lon="1.44175">
        <ele>248.0</ele>
      </trkpt>
      <trkpt lat="43.32079" lon="1.44193">
        <ele>246.0</ele>
      </trkpt>
      <trkpt lat="43.32129" lon="1.44212">
        <ele>241.0</ele>
      </trkpt>
      <trkpt lat="43.32243" lon="1.44249">
        <ele>229.0</ele>
      </trkpt>
      <trkpt lat="43.32341" lon="1.44289">
        <ele>207.0</ele>
      </trkpt>
      <trkpt lat="43.32446" lon="1.44324">
        <ele>201.0</ele>
      </trkpt>
      <trkpt lat="43.32461" lon="1.44328">
        <ele>201.0</ele>
      </trkpt>
      <trkpt lat="43.32496" lon="1.44338">
        <ele>200.0</ele>
      </trkpt>
      <trkpt lat="43.32538" lon="1.44297">
        <ele>200.0</ele>
      </trkpt>
      <trkpt lat="43.32546" lon="1.44289">
        <ele>200.0</ele>
      </trkpt>
      <trkpt lat="43.32557" lon="1.4428">
        <ele>200.0</ele>
      </trkpt>
      <trkpt lat="43.3261" lon="1.44232">
        <ele>199.0</ele>
      </trkpt>
      <trkpt lat="43.32627" lon="1.44216">
        <ele>200.0</ele>
      </trkpt>
      <trkpt lat="43.32649" lon="1.44195">
        <ele>199.0</ele>
      </trkpt>
      <trkpt lat="43.32667" lon="1.44208">
        <ele>199.0</ele>
      </trkpt>
      <trkpt lat="43.32692" lon="1.44227">
        <ele>199.0</ele>
      </trkpt>
      <trkpt lat="43.32725" lon="1.44259">
        <ele>198.0</ele>
      </trkpt>
      <trkpt lat="43.32739" lon="1.44277">
        <ele>198.0</ele>
      </trkpt>
      <trkpt lat="43.32757" lon="1.44306">
        <ele>197.0</ele>
      </trkpt>
      <trkpt lat="43.32832" lon="1.44442">
        <ele>197.0</ele>
      </trkpt>
      <trkpt lat="43.32881" lon="1.44511">
        <ele>197.0</ele>
      </trkpt>
      <trkpt lat="43.3299" lon="1.4465">
        <ele>196.0</ele>
      </trkpt>
      <trkpt lat="43.33062" lon="1.44742">
        <ele>197.0</ele>
      </trkpt>
      <trkpt lat="43.33142" lon="1.44835">
        <ele>196.0</ele>
      </trkpt>
      <trkpt lat="43.33297" lon="1.45005">
        <ele>195.0</ele>
      </trkpt>
      <trkpt lat="43.33324" lon="1.45037">
        <ele>195.0</ele>
      </trkpt>
      <trkpt lat="43.33352" lon="1.45073">
        <ele>195.0</ele>
      </trkpt>
      <trkpt lat="43.33371" lon="1.45106">
        <ele>194.0</ele>
      </trkpt>
      <trkpt lat="43.33452" lon="1.4527">
        <ele>192.0</ele>
      </trkpt>
      <trkpt lat="43.33456" lon="1.45283">
        <ele>192.0</ele>
      </trkpt>
      <trkpt lat="43.33459" lon="1.45299">
        <ele>192.0</ele>
      </trkpt>
      <trkpt lat="43.33464" lon="1.45339">
        <ele>192.0</ele>
      </trkpt>
      <trkpt lat="43.33465" lon="1.45345">
        <ele>192.0</ele>
      </trkpt>
      <trkpt lat="43.33472" lon="1.45381">
        <ele>192.0</ele>
      </trkpt>
      <trkpt lat="43.3348" lon="1.4541">
        <ele>192.0</ele>
      </trkpt>
      <trkpt lat="43.33508" lon="1.45475">
        <ele>193.0</ele>
      </trkpt>
      <trkpt lat="43.33532" lon="1.45526">
        <ele>192.0</ele>
      </trkpt>
      <trkpt lat="43.33597" lon="1.45657">
        <ele>190.0</ele>
      </trkpt>
      <trkpt lat="43.33613" lon="1.45683">
        <ele>190.0</ele>
      </trkpt>
      <trkpt lat="43.33624" lon="1.45697">
        <ele>190.0</ele>
      </trkpt>
      <trkpt lat="43.33638" lon="1.45712">
        <ele>190.0</ele>
      </trkpt>
      <trkpt lat="43.33785" lon="1.4582">
        <ele>191.0</ele>
      </trkpt>
      <trkpt lat="43.33841" lon="1.4587">
        <ele>191.0</ele>
      </trkpt>
      <trkpt lat="43.33866" lon="1.45903">
        <ele>190.0</ele>
      </trkpt>
      <trkpt lat="43.33872" lon="1.45913">
        <ele>190.0</ele>
      </trkpt>
      <trkpt lat="43.33873" lon="1.45916">
        <ele>190.0</ele>
      </trkpt>
      <trkpt lat="43.33892" lon="1.45951">
        <ele>190.0</ele>
      </trkpt>
      <trkpt lat="43.33955" lon="1.46103">
        <ele>191.0</ele>
      </trkpt>
      <trkpt lat="43.34116" lon="1.46493">
        <ele>190.0</ele>
      </trkpt>
      <trkpt lat="43.34178" lon="1.46645">
        <ele>191.0</ele>
      </trkpt>
      <trkpt lat="43.34187" lon="1.46665">
        <ele>191.0</ele>
      </trkpt>
      <trkpt lat="43.34204" lon="1.46707">
        <ele>191.0</ele>
      </trkpt>
      <trkpt lat="43.34222" lon="1.46748">
        <ele>191.0</ele>
      </trkpt>
      <trkpt lat="43.34242" lon="1.46784">
        <ele>190.0</ele>
      </trkpt>
      <trkpt lat="43.34258" lon="1.46807">
        <ele>190.0</ele>
      </trkpt>
      <trkpt lat="43.34284" lon="1.46843">
        <ele>190.0</ele>
      </trkpt>
      <trkpt lat="43.34306" lon="1.4687">
        <ele>190.0</ele>
      </trkpt>
      <trkpt lat="43.34343" lon="1.469">
        <ele>190.0</ele>
      </trkpt>
      <trkpt lat="43.34421" lon="1.46965">
        <ele>189.0</ele>
      </trkpt>
      <trkpt lat="43.34448" lon="1.46987">
        <ele>189.0</ele>
      </trkpt>
      <trkpt lat="43.34483" lon="1.47014">
        <ele>189.0</ele>
      </trkpt>
      <trkpt lat="43.34518" lon="1.47038">
        <ele>189.0</ele>
      </trkpt>
      <trkpt lat="43.34536" lon="1.47047">
        <ele>189.0</ele>
      </trkpt>
      <trkpt lat="43.3455" lon="1.47055">
        <ele>189.0</ele>
      </trkpt>
      <trkpt lat="43.34575" lon="1.47069">
        <ele>188.0</ele>
      </trkpt>
      <trkpt lat="43.34586" lon="1.47074">
        <ele>187.0</ele>
      </trkpt>
      <trkpt lat="43.3461" lon="1.47087">
        <ele>188.0</ele>
      </trkpt>
      <trkpt lat="43.34634" lon="1.47097">
        <ele>188.0</ele>
      </trkpt>
      <trkpt lat="43.34676" lon="1.4711">
        <ele>189.0</ele>
      </trkpt>
      <trkpt lat="43.34689" lon="1.47113">
        <ele>189.0</ele>
      </trkpt>
      <trkpt lat="43.34709" lon="1.47116">
        <ele>189.0</ele>
      </trkpt>
      <trkpt lat="43.34807" lon="1.47118">
        <ele>189.0</ele>
      </trkpt>
      <trkpt lat="43.34829" lon="1.4712">
        <ele>189.0</ele>
      </trkpt>
      <trkpt lat="43.34846" lon="1.47124">
        <ele>189.0</ele>
      </trkpt>
      <trkpt lat="43.34867" lon="1.47126">
        <ele>189.0</ele>
      </trkpt>
      <trkpt lat="43.34894" lon="1.47125">
        <ele>190.0</ele>
      </trkpt>
      <trkpt lat="43.34898" lon="1.47125">
        <ele>190.0</ele>
      </trkpt>
      <trkpt lat="43.34932" lon="1.47145">
        <ele>190.0</ele>
      </trkpt>
      <trkpt lat="43.34998" lon="1.47192">
        <ele>190.0</ele>
      </trkpt>
      <trkpt lat="43.35034" lon="1.47319">
        <ele>189.0</ele>
      </trkpt>
      <trkpt lat="43.35043" lon="1.47347">
        <ele>189.0</ele>
      </trkpt>
      <trkpt lat="43.35055" lon="1.47393">
        <ele>187.0</ele>
      </trkpt>
      <trkpt lat="43.3506" lon="1.47402">
        <ele>187.0</ele>
      </trkpt>
      <trkpt lat="43.35058" lon="1.47405">
        <ele>187.0</ele>
      </trkpt>
      <trkpt lat="43.35056" lon="1.47408">
        <ele>187.0</ele>
      </trkpt>
      <trkpt lat="43.35056" lon="1.47412">
        <ele>187.0</ele>
      </trkpt>
      <trkpt lat="43.35056" lon="1.47416">
        <ele>187.0</ele>
      </trkpt>
      <trkpt lat="43.35057" lon="1.4742">
        <ele>187.0</ele>
      </trkpt>
      <trkpt lat="43.35059" lon="1.47423">
        <ele>186.0</ele>
      </trkpt>
      <trkpt lat="43.35061" lon="1.47425">
        <ele>186.0</ele>
      </trkpt>
      <trkpt lat="43.35072" lon="1.47445">
        <ele>185.0</ele>
      </trkpt>
      <trkpt lat="43.35077" lon="1.47467">
        <ele>183.0</ele>
      </trkpt>
      <trkpt lat="43.3511" lon="1.4758">
        <ele>182.0</ele>
      </trkpt>
      <trkpt lat="43.35114" lon="1.47597">
        <ele>183.0</ele>
      </trkpt>
      <trkpt lat="43.35123" lon="1.47625">
        <ele>184.0</ele>
      </trkpt>
      <trkpt lat="43.35125" lon="1.47634">
        <ele>185.0</ele>
      </trkpt>
      <trkpt lat="43.35139" lon="1.47682">
        <ele>188.0</ele>
      </trkpt>
      <trkpt lat="43.35142" lon="1.47695">
        <ele>189.0</ele>
      </trkpt>
      <trkpt lat="43.35145" lon="1.47702">
        <ele>190.0</ele>
      </trkpt>
      <trkpt lat="43.35157" lon="1.4772">
        <ele>192.0</ele>
      </trkpt>
      <trkpt lat="43.35164" lon="1.47727">
        <ele>193.0</ele>
      </trkpt>
      <trkpt lat="43.3522" lon="1.47724">
        <ele>194.0</ele>
      </trkpt>
      <trkpt lat="43.35228" lon="1.47723">
        <ele>194.0</ele>
      </trkpt>
      <trkpt lat="43.35246" lon="1.47722">
        <ele>194.0</ele>
      </trkpt>
      <trkpt lat="43.35268" lon="1.47719">
        <ele>194.0</ele>
      </trkpt>
      <trkpt lat="43.3535" lon="1.47694">
        <ele>192.0</ele>
      </trkpt>
      <trkpt lat="43.35359" lon="1.47693">
        <ele>192.0</ele>
      </trkpt>
      <trkpt lat="43.35371" lon="1.47695">
        <ele>192.0</ele>
      </trkpt>
      <trkpt lat="43.3538" lon="1.47701">
        <ele>192.0</ele>
      </trkpt>
      <trkpt lat="43.35389" lon="1.47718">
        <ele>193.0</ele>
      </trkpt>
      <trkpt lat="43.35391" lon="1.47724">
        <ele>193.0</ele>
      </trkpt>
      <trkpt lat="43.35394" lon="1.47741">
        <ele>194.0</ele>
      </trkpt>
      <trkpt lat="43.35399" lon="1.47757">
        <ele>195.0</ele>
      </trkpt>
      <trkpt lat="43.35408" lon="1.47773">
        <ele>194.0</ele>
      </trkpt>
      <trkpt lat="43.35415" lon="1.47777">
        <ele>194.0</ele>
      </trkpt>
      <trkpt lat="43.35423" lon="1.47779">
        <ele>194.0</ele>
      </trkpt>
      <trkpt lat="43.35442" lon="1.47779">
        <ele>194.0</ele>
      </trkpt>
      <trkpt lat="43.35451" lon="1.47778">
        <ele>194.0</ele>
      </trkpt>
      <trkpt lat="43.35466" lon="1.47779">
        <ele>194.0</ele>
      </trkpt>
      <trkpt lat="43.35475" lon="1.47782">
        <ele>195.0</ele>
      </trkpt>
      <trkpt lat="43.35485" lon="1.47787">
        <ele>195.0</ele>
      </trkpt>
      <trkpt lat="43.35496" lon="1.47795">
        <ele>195.0</ele>
      </trkpt>
      <trkpt lat="43.3551" lon="1.47808">
        <ele>196.0</ele>
      </trkpt>
      <trkpt lat="43.35532" lon="1.47831">
        <ele>196.0</ele>
      </trkpt>
      <trkpt lat="43.35541" lon="1.47838">
        <ele>197.0</ele>
      </trkpt>
      <trkpt lat="43.35548" lon="1.4784">
        <ele>197.0</ele>
      </trkpt>
      <trkpt lat="43.35556" lon="1.4784">
        <ele>197.0</ele>
      </trkpt>
      <trkpt lat="43.35565" lon="1.47834">
        <ele>197.0</ele>
      </trkpt>
      <trkpt lat="43.35577" lon="1.47824">
        <ele>197.0</ele>
      </trkpt>
      <trkpt lat="43.35595" lon="1.47809">
        <ele>197.0</ele>
      </trkpt>
      <trkpt lat="43.35631" lon="1.4778">
        <ele>196.0</ele>
      </trkpt>
      <trkpt lat="43.35634" lon="1.47777">
        <ele>196.0</ele>
      </trkpt>
      <trkpt lat="43.35733" lon="1.47697">
        <ele>196.0</ele>
      </trkpt>
      <trkpt lat="43.35747" lon="1.47688">
        <ele>195.0</ele>
      </trkpt>
      <trkpt lat="43.35764" lon="1.47689">
        <ele>196.0</ele>
      </trkpt>
      <trkpt lat="43.35768" lon="1.47693">
        <ele>196.0</ele>
      </trkpt>
      <trkpt lat="43.35778" lon="1.47713">
        <ele>196.0</ele>
      </trkpt>
      <trkpt lat="43.35784" lon="1.47726">
        <ele>196.0</ele>
      </trkpt>
      <trkpt lat="43.35824" lon="1.47808">
        <ele>198.0</ele>
      </trkpt>
      <trkpt lat="43.3584" lon="1.47831">
        <ele>198.0</ele>
      </trkpt>
      <trkpt lat="43.35946" lon="1.4787">
        <ele>201.0</ele>
      </trkpt>
      <trkpt lat="43.35978" lon="1.4788">
        <ele>203.0</ele>
      </trkpt>
      <trkpt lat="43.36002" lon="1.47888">
        <ele>204.0</ele>
      </trkpt>
      <trkpt lat="43.36039" lon="1.47896">
        <ele>208.0</ele>
      </trkpt>
      <trkpt lat="43.36076" lon="1.47899">
        <ele>211.0</ele>
      </trkpt>
      <trkpt lat="43.36119" lon="1.479">
        <ele>213.0</ele>
      </trkpt>
      <trkpt lat="43.36134" lon="1.47905">
        <ele>214.0</ele>
      </trkpt>
      <trkpt lat="43.36145" lon="1.47914">
        <ele>215.0</ele>
      </trkpt>
      <trkpt lat="43.36156" lon="1.47935">
        <ele>216.0</ele>
      </trkpt>
      <trkpt lat="43.36188" lon="1.48001">
        <ele>221.0</ele>
      </trkpt>
      <trkpt lat="43.36221" lon="1.48059">
        <ele>226.0</ele>
      </trkpt>
      <trkpt lat="43.36256" lon="1.48105">
        <ele>229.0</ele>
      </trkpt>
      <trkpt lat="43.36288" lon="1.48141">
        <ele>231.0</ele>
      </trkpt>
      <trkpt lat="43.36302" lon="1.48153">
        <ele>231.0</ele>
      </trkpt>
      <trkpt lat="43.36334" lon="1.48174">
        <ele>232.0</ele>
      </trkpt>
      <trkpt lat="43.3636" lon="1.48188">
        <ele>234.0</ele>
      </trkpt>
      <trkpt lat="43.36442" lon="1.48251">
        <ele>240.0</ele>
      </trkpt>
      <trkpt lat="43.36476" lon="1.48285">
        <ele>243.0</ele>
      </trkpt>
      <trkpt lat="43.36483" lon="1.48295">
        <ele>243.0</ele>
      </trkpt>
      <trkpt lat="43.36487" lon="1.48304">
        <ele>244.0</ele>
      </trkpt>
      <trkpt lat="43.36493" lon="1.48327">
        <ele>245.0</ele>
      </trkpt>
      <trkpt lat="43.365" lon="1.48376">
        <ele>248.0</ele>
      </trkpt>
      <trkpt lat="43.36511" lon="1.48479">
        <ele>253.0</ele>
      </trkpt>
      <trkpt lat="43.36518" lon="1.48491">
        <ele>254.0</ele>
      </trkpt>
      <trkpt lat="43.36527" lon="1.48494">
        <ele>256.0</ele>
      </trkpt>
      <trkpt lat="43.36536" lon="1.48493">
        <ele>257.0</ele>
      </trkpt>
      <trkpt lat="43.36591" lon="1.48444">
        <ele>261.0</ele>
      </trkpt>
      <trkpt lat="43.366" lon="1.48438">
        <ele>261.0</ele>
      </trkpt>
      <trkpt lat="43.36626" lon="1.48432">
        <ele>263.0</ele>
      </trkpt>
      <trkpt lat="43.3667" lon="1.48439">
        <ele>266.0</ele>
      </trkpt>
      <trkpt lat="43.36697" lon="1.48446">
        <ele>267.0</ele>
      </trkpt>
      <trkpt lat="43.36741" lon="1.48456">
        <ele>267.0</ele>
      </trkpt>
      <trkpt lat="43.36818" lon="1.48472">
        <ele>268.0</ele>
      </trkpt>
      <trkpt lat="43.36863" lon="1.48481">
        <ele>267.0</ele>
      </trkpt>
      <trkpt lat="43.36887" lon="1.48485">
        <ele>267.0</ele>
      </trkpt>
      <trkpt lat="43.36904" lon="1.48486">
        <ele>267.0</ele>
      </trkpt>
      <trkpt lat="43.36927" lon="1.48481">
        <ele>266.0</ele>
      </trkpt>
      <trkpt lat="43.36971" lon="1.48463">
        <ele>265.0</ele>
      </trkpt>
      <trkpt lat="43.37026" lon="1.48443">
        <ele>261.0</ele>
      </trkpt>
      <trkpt lat="43.37103" lon="1.48427">
        <ele>258.0</ele>
      </trkpt>
      <trkpt lat="43.37298" lon="1.48386">
        <ele>251.0</ele>
      </trkpt>
      <trkpt lat="43.37322" lon="1.48382">
        <ele>250.0</ele>
      </trkpt>
      <trkpt lat="43.37345" lon="1.4838">
        <ele>248.0</ele>
      </trkpt>
      <trkpt lat="43.37355" lon="1.48381">
        <ele>247.0</ele>
      </trkpt>
      <trkpt lat="43.37362" lon="1.48384">
        <ele>247.0</ele>
      </trkpt>
      <trkpt lat="43.37371" lon="1.48392">
        <ele>246.0</ele>
      </trkpt>
      <trkpt lat="43.37379" lon="1.48404">
        <ele>245.0</ele>
      </trkpt>
      <trkpt lat="43.37384" lon="1.48416">
        <ele>244.0</ele>
      </trkpt>
      <trkpt lat="43.37388" lon="1.48431">
        <ele>243.0</ele>
      </trkpt>
      <trkpt lat="43.37395" lon="1.48475">
        <ele>240.0</ele>
      </trkpt>
      <trkpt lat="43.37398" lon="1.48515">
        <ele>238.0</ele>
      </trkpt>
      <trkpt lat="43.37388" lon="1.48574">
        <ele>238.0</ele>
      </trkpt>
      <trkpt lat="43.37381" lon="1.48609">
        <ele>237.0</ele>
      </trkpt>
      <trkpt lat="43.3738" lon="1.48621">
        <ele>236.0</ele>
      </trkpt>
      <trkpt lat="43.3738" lon="1.48632">
        <ele>235.0</ele>
      </trkpt>
      <trkpt lat="43.37383" lon="1.48638">
        <ele>234.0</ele>
      </trkpt>
      <trkpt lat="43.37387" lon="1.48642">
        <ele>234.0</ele>
      </trkpt>
      <trkpt lat="43.37393" lon="1.48644">
        <ele>233.0</ele>
      </trkpt>
      <trkpt lat="43.37398" lon="1.48644">
        <ele>232.0</ele>
      </trkpt>
      <trkpt lat="43.37405" lon="1.48641">
        <ele>232.0</ele>
      </trkpt>
      <trkpt lat="43.37586" lon="1.48478">
        <ele>214.0</ele>
      </trkpt>
      <trkpt lat="43.37617" lon="1.48453">
        <ele>213.0</ele>
      </trkpt>
      <trkpt lat="43.37632" lon="1.48444">
        <ele>212.0</ele>
      </trkpt>
      <trkpt lat="43.37644" lon="1.48441">
        <ele>211.0</ele>
      </trkpt>
      <trkpt lat="43.37659" lon="1.48441">
        <ele>210.0</ele>
      </trkpt>
      <trkpt lat="43.37774" lon="1.48453">
        <ele>209.0</ele>
      </trkpt>
      <trkpt lat="43.37802" lon="1.4846">
        <ele>211.0</ele>
      </trkpt>
      <trkpt lat="43.37843" lon="1.48474">
        <ele>213.0</ele>
      </trkpt>
      <trkpt lat="43.37876" lon="1.48487">
        <ele>216.0</ele>
      </trkpt>
      <trkpt lat="43.37914" lon="1.48503">
        <ele>220.0</ele>
      </trkpt>
      <trkpt lat="43.3793" lon="1.48514">
        <ele>222.0</ele>
      </trkpt>
      <trkpt lat="43.37946" lon="1.4853">
        <ele>224.0</ele>
      </trkpt>
      <trkpt lat="43.38011" lon="1.48622">
        <ele>232.0</ele>
      </trkpt>
      <trkpt lat="43.38054" lon="1.48689">
        <ele>236.0</ele>
      </trkpt>
      <trkpt lat="43.38069" lon="1.48716">
        <ele>239.0</ele>
      </trkpt>
      <trkpt lat="43.38085" lon="1.48761">
        <ele>241.0</ele>
      </trkpt>
      <trkpt lat="43.38094" lon="1.488">
        <ele>243.0</ele>
      </trkpt>
      <trkpt lat="43.38098" lon="1.48829">
        <ele>244.0</ele>
      </trkpt>
      <trkpt lat="43.381" lon="1.48927">
        <ele>250.0</ele>
      </trkpt>
      <trkpt lat="43.38104" lon="1.48942">
        <ele>251.0</ele>
      </trkpt>
      <trkpt lat="43.38111" lon="1.4895">
        <ele>252.0</ele>
      </trkpt>
      <trkpt lat="43.3812" lon="1.48955">
        <ele>253.0</ele>
      </trkpt>
      <trkpt lat="43.38129" lon="1.48957">
        <ele>254.0</ele>
      </trkpt>
      <trkpt lat="43.38141" lon="1.48957">
        <ele>255.0</ele>
      </trkpt>
      <trkpt lat="43.3818" lon="1.48948">
        <ele>257.0</ele>
      </trkpt>
      <trkpt lat="43.38191" lon="1.48949">
        <ele>258.0</ele>
      </trkpt>
      <trkpt lat="43.38202" lon="1.48953">
        <ele>259.0</ele>
      </trkpt>
      <trkpt lat="43.38213" lon="1.48961">
        <ele>260.0</ele>
      </trkpt>
      <trkpt lat="43.38226" lon="1.48977">
        <ele>261.0</ele>
      </trkpt>
      <trkpt lat="43.38232" lon="1.48986">
        <ele>261.0</ele>
      </trkpt>
      <trkpt lat="43.38238" lon="1.48999">
        <ele>262.0</ele>
      </trkpt>
      <trkpt lat="43.38239" lon="1.49019">
        <ele>262.0</ele>
      </trkpt>
      <trkpt lat="43.38234" lon="1.49083">
        <ele>261.0</ele>
      </trkpt>
      <trkpt lat="43.38233" lon="1.49117">
        <ele>259.0</ele>
      </trkpt>
      <trkpt lat="43.38235" lon="1.49137">
        <ele>258.0</ele>
      </trkpt>
      <trkpt lat="43.3824" lon="1.49156">
        <ele>257.0</ele>
      </trkpt>
      <trkpt lat="43.38257" lon="1.49189">
        <ele>253.0</ele>
      </trkpt>
      <trkpt lat="43.38269" lon="1.49205">
        <ele>251.0</ele>
      </trkpt>
      <trkpt lat="43.38282" lon="1.49217">
        <ele>249.0</ele>
      </trkpt>
      <trkpt lat="43.38296" lon="1.49224">
        <ele>249.0</ele>
      </trkpt>
      <trkpt lat="43.38313" lon="1.4923">
        <ele>248.0</ele>
      </trkpt>
      <trkpt lat="43.38323" lon="1.49236">
        <ele>247.0</ele>
      </trkpt>
      <trkpt lat="43.38331" lon="1.49244">
        <ele>246.0</ele>
      </trkpt>
      <trkpt lat="43.38336" lon="1.49255">
        <ele>245.0</ele>
      </trkpt>
      <trkpt lat="43.38341" lon="1.49273">
        <ele>243.0</ele>
      </trkpt>
      <trkpt lat="43.38352" lon="1.49347">
        <ele>238.0</ele>
      </trkpt>
      <trkpt lat="43.38357" lon="1.49357">
        <ele>237.0</ele>
      </trkpt>
      <trkpt lat="43.38364" lon="1.49367">
        <ele>236.0</ele>
      </trkpt>
      <trkpt lat="43.3844" lon="1.49429">
        <ele>231.0</ele>
      </trkpt>
      <trkpt lat="43.38455" lon="1.49448">
        <ele>230.0</ele>
      </trkpt>
      <trkpt lat="43.38481" lon="1.49491">
        <ele>227.0</ele>
      </trkpt>
      <trkpt lat="43.3849" lon="1.49508">
        <ele>225.0</ele>
      </trkpt>
      <trkpt lat="43.38565" lon="1.49751">
        <ele>205.0</ele>
      </trkpt>
      <trkpt lat="43.38574" lon="1.49781">
        <ele>203.0</ele>
      </trkpt>
      <trkpt lat="43.38585" lon="1.49854">
        <ele>199.0</ele>
      </trkpt>
      <trkpt lat="43.38595" lon="1.49886">
        <ele>196.0</ele>
      </trkpt>
      <trkpt lat="43.3861" lon="1.49916">
        <ele>194.0</ele>
      </trkpt>
      <trkpt lat="43.38681" lon="1.50008">
        <ele>190.0</ele>
      </trkpt>
      <trkpt lat="43.3869" lon="1.50026">
        <ele>189.0</ele>
      </trkpt>
      <trkpt lat="43.38773" lon="1.49963">
        <ele>188.0</ele>
      </trkpt>
      <trkpt lat="43.38999" lon="1.49714">
        <ele>189.0</ele>
      </trkpt>
      <trkpt lat="43.39061" lon="1.49689">
        <ele>188.0</ele>
      </trkpt>
      <trkpt lat="43.39118" lon="1.49624">
        <ele>189.0</ele>
      </trkpt>
      <trkpt lat="43.39173" lon="1.49561">
        <ele>188.0</ele>
      </trkpt>
      <trkpt lat="43.39183" lon="1.49549">
        <ele>188.0</ele>
      </trkpt>
      <trkpt lat="43.39233" lon="1.49502">
        <ele>187.0</ele>
      </trkpt>
      <trkpt lat="43.39415" lon="1.49215">
        <ele>188.0</ele>
      </trkpt>
      <trkpt lat="43.39515" lon="1.49098">
        <ele>188.0</ele>
      </trkpt>
      <trkpt lat="43.39557" lon="1.49049">
        <ele>188.0</ele>
      </trkpt>
      <trkpt lat="43.39577" lon="1.4903">
        <ele>188.0</ele>
      </trkpt>
      <trkpt lat="43.3959" lon="1.49018">
        <ele>187.0</ele>
      </trkpt>
      <trkpt lat="43.39621" lon="1.49001">
        <ele>186.0</ele>
      </trkpt>
      <trkpt lat="43.39656" lon="1.48989">
        <ele>184.0</ele>
      </trkpt>
      <trkpt lat="43.39697" lon="1.48964">
        <ele>185.0</ele>
      </trkpt>
      <trkpt lat="43.39736" lon="1.48917">
        <ele>185.0</ele>
      </trkpt>
      <trkpt lat="43.39742" lon="1.48909">
        <ele>185.0</ele>
      </trkpt>
      <trkpt lat="43.39828" lon="1.48989">
        <ele>186.0</ele>
      </trkpt>
      <trkpt lat="43.39846" lon="1.49005">
        <ele>186.0</ele>
      </trkpt>
      <trkpt lat="43.39918" lon="1.49065">
        <ele>186.0</ele>
      </trkpt>
      <trkpt lat="43.3996" lon="1.49105">
        <ele>189.0</ele>
      </trkpt>
      <trkpt lat="43.40001" lon="1.49129">
        <ele>191.0</ele>
      </trkpt>
      <trkpt lat="43.4011" lon="1.49219">
        <ele>205.0</ele>
      </trkpt>
      <trkpt lat="43.40273" lon="1.49431">
        <ele>217.0</ele>
      </trkpt>
      <trkpt lat="43.40333" lon="1.49498">
        <ele>222.0</ele>
      </trkpt>
      <trkpt lat="43.40396" lon="1.49579">
        <ele>232.0</ele>
      </trkpt>
      <trkpt lat="43.40509" lon="1.49687">
        <ele>242.0</ele>
      </trkpt>
      <trkpt lat="43.40436" lon="1.49807">
        <ele>244.0</ele>
      </trkpt>
      <trkpt lat="43.4043" lon="1.49829">
        <ele>244.0</ele>
      </trkpt>
      <trkpt lat="43.40436" lon="1.49823">
        <ele>244.0</ele>
      </trkpt>
      <trkpt lat="43.40475" lon="1.49797">
        <ele>241.0</ele>
      </trkpt>
      <trkpt lat="43.40506" lon="1.49781">
        <ele>239.0</ele>
      </trkpt>
      <trkpt lat="43.40521" lon="1.4978">
        <ele>238.0</ele>
      </trkpt>
      <trkpt lat="43.4053" lon="1.49782">
        <ele>237.0</ele>
      </trkpt>
      <trkpt lat="43.40536" lon="1.49787">
        <ele>236.0</ele>
      </trkpt>
      <trkpt lat="43.40542" lon="1.49796">
        <ele>235.0</ele>
      </trkpt>
      <trkpt lat="43.40554" lon="1.49825">
        <ele>232.0</ele>
      </trkpt>
      <trkpt lat="43.40561" lon="1.49835">
        <ele>230.0</ele>
      </trkpt>
      <trkpt lat="43.40568" lon="1.4984">
        <ele>229.0</ele>
      </trkpt>
      <trkpt lat="43.40579" lon="1.49843">
        <ele>228.0</ele>
      </trkpt>
      <trkpt lat="43.4059" lon="1.49842">
        <ele>227.0</ele>
      </trkpt>
      <trkpt lat="43.40598" lon="1.4984">
        <ele>226.0</ele>
      </trkpt>
      <trkpt lat="43.4062" lon="1.4983">
        <ele>224.0</ele>
      </trkpt>
      <trkpt lat="43.40636" lon="1.49821">
        <ele>223.0</ele>
      </trkpt>
      <trkpt lat="43.40672" lon="1.49799">
        <ele>222.0</ele>
      </trkpt>
      <trkpt lat="43.40805" lon="1.4968">
        <ele>211.0</ele>
      </trkpt>
      <trkpt lat="43.40818" lon="1.49674">
        <ele>209.0</ele>
      </trkpt>
      <trkpt lat="43.4083" lon="1.49672">
        <ele>207.0</ele>
      </trkpt>
      <trkpt lat="43.40849" lon="1.49676">
        <ele>206.0</ele>
      </trkpt>
      <trkpt lat="43.40905" lon="1.49697">
        <ele>201.0</ele>
      </trkpt>
      <trkpt lat="43.41165" lon="1.49777">
        <ele>188.0</ele>
      </trkpt>
      <trkpt lat="43.4119" lon="1.49784">
        <ele>187.0</ele>
      </trkpt>
      <trkpt lat="43.413" lon="1.49816">
        <ele>184.0</ele>
      </trkpt>
      <trkpt lat="43.41404" lon="1.49853">
        <ele>181.0</ele>
      </trkpt>
      <trkpt lat="43.41566" lon="1.49902">
        <ele>181.0</ele>
      </trkpt>
      <trkpt lat="43.41588" lon="1.49909">
        <ele>181.0</ele>
      </trkpt>
      <trkpt lat="43.41689" lon="1.49946">
        <ele>180.0</ele>
      </trkpt>
      <trkpt lat="43.41713" lon="1.49957">
        <ele>180.0</ele>
      </trkpt>
      <trkpt lat="43.4173" lon="1.49966">
        <ele>181.0</ele>
      </trkpt>
      <trkpt lat="43.41744" lon="1.49976">
        <ele>181.0</ele>
      </trkpt>
      <trkpt lat="43.41764" lon="1.49992">
        <ele>181.0</ele>
      </trkpt>
      <trkpt lat="43.41802" lon="1.50027">
        <ele>183.0</ele>
      </trkpt>
      <trkpt lat="43.41817" lon="1.50042">
        <ele>184.0</ele>
      </trkpt>
      <trkpt lat="43.4183" lon="1.50055">
        <ele>185.0</ele>
      </trkpt>
      <trkpt lat="43.4185" lon="1.50084">
        <ele>187.0</ele>
      </trkpt>
      <trkpt lat="43.41901" lon="1.50168">
        <ele>194.0</ele>
      </trkpt>
      <trkpt lat="43.41914" lon="1.50185">
        <ele>195.0</ele>
      </trkpt>
      <trkpt lat="43.41931" lon="1.50204">
        <ele>197.0</ele>
      </trkpt>
      <trkpt lat="43.4195" lon="1.50222">
        <ele>200.0</ele>
      </trkpt>
      <trkpt lat="43.41965" lon="1.50234">
        <ele>202.0</ele>
      </trkpt>
      <trkpt lat="43.42025" lon="1.5027">
        <ele>208.0</ele>
      </trkpt>
      <trkpt lat="43.42038" lon="1.5028">
        <ele>208.0</ele>
      </trkpt>
      <trkpt lat="43.42179" lon="1.50412">
        <ele>215.0</ele>
      </trkpt>
      <trkpt lat="43.42211" lon="1.50446">
        <ele>220.0</ele>
      </trkpt>
      <trkpt lat="43.42244" lon="1.50484">
        <ele>225.0</ele>
      </trkpt>
      <trkpt lat="43.42246" lon="1.50491">
        <ele>226.0</ele>
      </trkpt>
      <trkpt lat="43.42249" lon="1.50496">
        <ele>227.0</ele>
      </trkpt>
      <trkpt lat="43.42256" lon="1.50502">
        <ele>227.0</ele>
      </trkpt>
      <trkpt lat="43.42273" lon="1.50511">
        <ele>227.0</ele>
      </trkpt>
      <trkpt lat="43.42299" lon="1.5052">
        <ele>226.0</ele>
      </trkpt>
      <trkpt lat="43.42315" lon="1.50525">
        <ele>226.0</ele>
      </trkpt>
      <trkpt lat="43.42334" lon="1.50529">
        <ele>225.0</ele>
      </trkpt>
      <trkpt lat="43.42371" lon="1.50541">
        <ele>222.0</ele>
      </trkpt>
      <trkpt lat="43.4238" lon="1.50544">
        <ele>221.0</ele>
      </trkpt>
      <trkpt lat="43.424" lon="1.50559">
        <ele>220.0</ele>
      </trkpt>
      <trkpt lat="43.42453" lon="1.50601">
        <ele>215.0</ele>
      </trkpt>
      <trkpt lat="43.4246" lon="1.50604">
        <ele>214.0</ele>
      </trkpt>
      <trkpt lat="43.42471" lon="1.5061">
        <ele>213.0</ele>
      </trkpt>
      <trkpt lat="43.42489" lon="1.50623">
        <ele>212.0</ele>
      </trkpt>
      <trkpt lat="43.42505" lon="1.50628">
        <ele>212.0</ele>
      </trkpt>
      <trkpt lat="43.42515" lon="1.50628">
        <ele>212.0</ele>
      </trkpt>
      <trkpt lat="43.42559" lon="1.50623">
        <ele>213.0</ele>
      </trkpt>
      <trkpt lat="43.42567" lon="1.50623">
        <ele>213.0</ele>
      </trkpt>
      <trkpt lat="43.42574" lon="1.50625">
        <ele>214.0</ele>
      </trkpt>
      <trkpt lat="43.42595" lon="1.50634">
        <ele>215.0</ele>
      </trkpt>
      <trkpt lat="43.42626" lon="1.50654">
        <ele>219.0</ele>
      </trkpt>
      <trkpt lat="43.4266" lon="1.50679">
        <ele>223.0</ele>
      </trkpt>
      <trkpt lat="43.42708" lon="1.50712">
        <ele>224.0</ele>
      </trkpt>
      <trkpt lat="43.42805" lon="1.50758">
        <ele>219.0</ele>
      </trkpt>
      <trkpt lat="43.42878" lon="1.50795">
        <ele>216.0</ele>
      </trkpt>
      <trkpt lat="43.42982" lon="1.50875">
        <ele>224.0</ele>
      </trkpt>
      <trkpt lat="43.43049" lon="1.50929">
        <ele>230.0</ele>
      </trkpt>
      <trkpt lat="43.43073" lon="1.50944">
        <ele>232.0</ele>
      </trkpt>
      <trkpt lat="43.4312" lon="1.50965">
        <ele>232.0</ele>
      </trkpt>
      <trkpt lat="43.43174" lon="1.50993">
        <ele>227.0</ele>
      </trkpt>
      <trkpt lat="43.43217" lon="1.5103">
        <ele>221.0</ele>
      </trkpt>
      <trkpt lat="43.43234" lon="1.51041">
        <ele>219.0</ele>
      </trkpt>
      <trkpt lat="43.43253" lon="1.51045">
        <ele>216.0</ele>
      </trkpt>
      <trkpt lat="43.43288" lon="1.51043">
        <ele>213.0</ele>
      </trkpt>
      <trkpt lat="43.43375" lon="1.5102">
        <ele>208.0</ele>
      </trkpt>
      <trkpt lat="43.43589" lon="1.50969">
        <ele>213.0</ele>
      </trkpt>
      <trkpt lat="43.436" lon="1.50967">
        <ele>213.0</ele>
      </trkpt>
      <trkpt lat="43.43612" lon="1.50967">
        <ele>213.0</ele>
      </trkpt>
      <trkpt lat="43.43642" lon="1.50972">
        <ele>212.0</ele>
      </trkpt>
      <trkpt lat="43.43668" lon="1.50975">
        <ele>211.0</ele>
      </trkpt>
      <trkpt lat="43.43729" lon="1.50975">
        <ele>207.0</ele>
      </trkpt>
      <trkpt lat="43.43786" lon="1.50982">
        <ele>203.0</ele>
      </trkpt>
      <trkpt lat="43.43804" lon="1.50983">
        <ele>201.0</ele>
      </trkpt>
      <trkpt lat="43.43829" lon="1.50982">
        <ele>199.0</ele>
      </trkpt>
      <trkpt lat="43.43845" lon="1.50979">
        <ele>199.0</ele>
      </trkpt>
      <trkpt lat="43.43856" lon="1.50976">
        <ele>199.0</ele>
      </trkpt>
      <trkpt lat="43.43865" lon="1.50975">
        <ele>199.0</ele>
      </trkpt>
      <trkpt lat="43.43912" lon="1.50969">
        <ele>200.0</ele>
      </trkpt>
      <trkpt lat="43.43924" lon="1.50971">
        <ele>201.0</ele>
      </trkpt>
      <trkpt lat="43.43933" lon="1.50977">
        <ele>202.0</ele>
      </trkpt>
      <trkpt lat="43.43939" lon="1.50985">
        <ele>204.0</ele>
      </trkpt>
      <trkpt lat="43.43945" lon="1.50997">
        <ele>205.0</ele>
      </trkpt>
      <trkpt lat="43.43997" lon="1.51185">
        <ele>216.0</ele>
      </trkpt>
      <trkpt lat="43.44003" lon="1.5122">
        <ele>216.0</ele>
      </trkpt>
      <trkpt lat="43.44007" lon="1.51238">
        <ele>217.0</ele>
      </trkpt>
      <trkpt lat="43.44012" lon="1.51246">
        <ele>217.0</ele>
      </trkpt>
      <trkpt lat="43.44017" lon="1.51251">
        <ele>218.0</ele>
      </trkpt>
      <trkpt lat="43.44022" lon="1.51254">
        <ele>219.0</ele>
      </trkpt>
      <trkpt lat="43.44031" lon="1.51256">
        <ele>220.0</ele>
      </trkpt>
      <trkpt lat="43.44052" lon="1.51257">
        <ele>224.0</ele>
      </trkpt>
      <trkpt lat="43.44062" lon="1.51259">
        <ele>226.0</ele>
      </trkpt>
      <trkpt lat="43.4407" lon="1.51265">
        <ele>227.0</ele>
      </trkpt>
      <trkpt lat="43.44076" lon="1.51272">
        <ele>228.0</ele>
      </trkpt>
      <trkpt lat="43.4408" lon="1.51282">
        <ele>229.0</ele>
      </trkpt>
      <trkpt lat="43.44083" lon="1.51292">
        <ele>229.0</ele>
      </trkpt>
      <trkpt lat="43.4409" lon="1.51335">
        <ele>229.0</ele>
      </trkpt>
      <trkpt lat="43.44093" lon="1.51356">
        <ele>229.0</ele>
      </trkpt>
      <trkpt lat="43.44098" lon="1.51369">
        <ele>229.0</ele>
      </trkpt>
      <trkpt lat="43.44103" lon="1.5138">
        <ele>229.0</ele>
      </trkpt>
      <trkpt lat="43.44111" lon="1.51389">
        <ele>230.0</ele>
      </trkpt>
      <trkpt lat="43.4412" lon="1.51396">
        <ele>231.0</ele>
      </trkpt>
      <trkpt lat="43.44131" lon="1.514">
        <ele>232.0</ele>
      </trkpt>
      <trkpt lat="43.44174" lon="1.51412">
        <ele>238.0</ele>
      </trkpt>
      <trkpt lat="43.44188" lon="1.5142">
        <ele>239.0</ele>
      </trkpt>
      <trkpt lat="43.44201" lon="1.51431">
        <ele>239.0</ele>
      </trkpt>
      <trkpt lat="43.44214" lon="1.51445">
        <ele>240.0</ele>
      </trkpt>
      <trkpt lat="43.44254" lon="1.51491">
        <ele>244.0</ele>
      </trkpt>
      <trkpt lat="43.44267" lon="1.51506">
        <ele>244.0</ele>
      </trkpt>
      <trkpt lat="43.44288" lon="1.51524">
        <ele>243.0</ele>
      </trkpt>
      <trkpt lat="43.44302" lon="1.5153">
        <ele>243.0</ele>
      </trkpt>
      <trkpt lat="43.44316" lon="1.51536">
        <ele>243.0</ele>
      </trkpt>
      <trkpt lat="43.44365" lon="1.5155">
        <ele>243.0</ele>
      </trkpt>
      <trkpt lat="43.44403" lon="1.51568">
        <ele>243.0</ele>
      </trkpt>
      <trkpt lat="43.44438" lon="1.51589">
        <ele>243.0</ele>
      </trkpt>
      <trkpt lat="43.44456" lon="1.51597">
        <ele>242.0</ele>
      </trkpt>
      <trkpt lat="43.44472" lon="1.51603">
        <ele>242.0</ele>
      </trkpt>
      <trkpt lat="43.44509" lon="1.51613">
        <ele>242.0</ele>
      </trkpt>
      <trkpt lat="43.44594" lon="1.51629">
        <ele>244.0</ele>
      </trkpt>
      <trkpt lat="43.4461" lon="1.51635">
        <ele>245.0</ele>
      </trkpt>
      <trkpt lat="43.44643" lon="1.51655">
        <ele>249.0</ele>
      </trkpt>
      <trkpt lat="43.44682" lon="1.51682">
        <ele>251.0</ele>
      </trkpt>
      <trkpt lat="43.44698" lon="1.51696">
        <ele>251.0</ele>
      </trkpt>
      <trkpt lat="43.44721" lon="1.51721">
        <ele>252.0</ele>
      </trkpt>
      <trkpt lat="43.44732" lon="1.51731">
        <ele>252.0</ele>
      </trkpt>
      <trkpt lat="43.44757" lon="1.51745">
        <ele>253.0</ele>
      </trkpt>
      <trkpt lat="43.44769" lon="1.51751">
        <ele>254.0</ele>
      </trkpt>
      <trkpt lat="43.44778" lon="1.51754">
        <ele>254.0</ele>
      </trkpt>
      <trkpt lat="43.44853" lon="1.5177">
        <ele>257.0</ele>
      </trkpt>
      <trkpt lat="43.44955" lon="1.51791">
        <ele>255.0</ele>
      </trkpt>
      <trkpt lat="43.44973" lon="1.51797">
        <ele>255.0</ele>
      </trkpt>
      <trkpt lat="43.44984" lon="1.51801">
        <ele>254.0</ele>
      </trkpt>
      <trkpt lat="43.45013" lon="1.51816">
        <ele>255.0</ele>
      </trkpt>
      <trkpt lat="43.45024" lon="1.51823">
        <ele>255.0</ele>
      </trkpt>
      <trkpt lat="43.45056" lon="1.51841">
        <ele>256.0</ele>
      </trkpt>
      <trkpt lat="43.45124" lon="1.51873">
        <ele>257.0</ele>
      </trkpt>
      <trkpt lat="43.45136" lon="1.5188">
        <ele>257.0</ele>
      </trkpt>
      <trkpt lat="43.45146" lon="1.51888">
        <ele>256.0</ele>
      </trkpt>
      <trkpt lat="43.45204" lon="1.51946">
        <ele>255.0</ele>
      </trkpt>
      <trkpt lat="43.45235" lon="1.51976">
        <ele>256.0</ele>
      </trkpt>
      <trkpt lat="43.4526" lon="1.51997">
        <ele>256.0</ele>
      </trkpt>
      <trkpt lat="43.45312" lon="1.52034">
        <ele>259.0</ele>
      </trkpt>
      <trkpt lat="43.45333" lon="1.52045">
        <ele>260.0</ele>
      </trkpt>
      <trkpt lat="43.45397" lon="1.52071">
        <ele>262.0</ele>
      </trkpt>
      <trkpt lat="43.45462" lon="1.52096">
        <ele>263.0</ele>
      </trkpt>
      <trkpt lat="43.45501" lon="1.52112">
        <ele>264.0</ele>
      </trkpt>
      <trkpt lat="43.45553" lon="1.52133">
        <ele>269.0</ele>
      </trkpt>
      <trkpt lat="43.456" lon="1.52152">
        <ele>274.0</ele>
      </trkpt>
      <trkpt lat="43.45605" lon="1.52158">
        <ele>274.0</ele>
      </trkpt>
      <trkpt lat="43.45615" lon="1.52176">
        <ele>275.0</ele>
      </trkpt>
      <trkpt lat="43.4562" lon="1.52169">
        <ele>275.0</ele>
      </trkpt>
      <trkpt lat="43.45624" lon="1.52166">
        <ele>275.0</ele>
      </trkpt>
      <trkpt lat="43.45629" lon="1.52163">
        <ele>275.0</ele>
      </trkpt>
      <trkpt lat="43.45693" lon="1.52143">
        <ele>276.0</ele>
      </trkpt>
      <trkpt lat="43.45704" lon="1.52138">
        <ele>276.0</ele>
      </trkpt>
      <trkpt lat="43.45756" lon="1.52114">
        <ele>277.0</ele>
      </trkpt>
      <trkpt lat="43.45778" lon="1.521">
        <ele>277.0</ele>
      </trkpt>
      <trkpt lat="43.45798" lon="1.52084">
        <ele>277.0</ele>
      </trkpt>
      <trkpt lat="43.45812" lon="1.52068">
        <ele>277.0</ele>
      </trkpt>
      <trkpt lat="43.45821" lon="1.52053">
        <ele>277.0</ele>
      </trkpt>
      <trkpt lat="43.45837" lon="1.52027">
        <ele>278.0</ele>
      </trkpt>
      <trkpt lat="43.45851" lon="1.52001">
        <ele>278.0</ele>
      </trkpt>
      <trkpt lat="43.45859" lon="1.5198">
        <ele>277.0</ele>
      </trkpt>
      <trkpt lat="43.45872" lon="1.51943">
        <ele>278.0</ele>
      </trkpt>
      <trkpt lat="43.45875" lon="1.51927">
        <ele>278.0</ele>
      </trkpt>
      <trkpt lat="43.45937" lon="1.51899">
        <ele>277.0</ele>
      </trkpt>
      <trkpt lat="43.45972" lon="1.51882">
        <ele>274.0</ele>
      </trkpt>
      <trkpt lat="43.46004" lon="1.51874">
        <ele>271.0</ele>
      </trkpt>
      <trkpt lat="43.46042" lon="1.51865">
        <ele>267.0</ele>
      </trkpt>
      <trkpt lat="43.46097" lon="1.51863">
        <ele>262.0</ele>
      </trkpt>
      <trkpt lat="43.46147" lon="1.51866">
        <ele>257.0</ele>
      </trkpt>
      <trkpt lat="43.46185" lon="1.5187">
        <ele>255.0</ele>
      </trkpt>
      <trkpt lat="43.46218" lon="1.51874">
        <ele>255.0</ele>
      </trkpt>
      <trkpt lat="43.4625" lon="1.51879">
        <ele>254.0</ele>
      </trkpt>
      <trkpt lat="43.46289" lon="1.51891">
        <ele>256.0</ele>
      </trkpt>
      <trkpt lat="43.46302" lon="1.51894">
        <ele>257.0</ele>
      </trkpt>
      <trkpt lat="43.46319" lon="1.51897">
        <ele>258.0</ele>
      </trkpt>
      <trkpt lat="43.46344" lon="1.51897">
        <ele>259.0</ele>
      </trkpt>
      <trkpt lat="43.46357" lon="1.51895">
        <ele>259.0</ele>
      </trkpt>
      <trkpt lat="43.46372" lon="1.51892">
        <ele>259.0</ele>
      </trkpt>
      <trkpt lat="43.46414" lon="1.51878">
        <ele>260.0</ele>
      </trkpt>
      <trkpt lat="43.46422" lon="1.51878">
        <ele>260.0</ele>
      </trkpt>
      <trkpt lat="43.46432" lon="1.5188">
        <ele>260.0</ele>
      </trkpt>
      <trkpt lat="43.46451" lon="1.51892">
        <ele>259.0</ele>
      </trkpt>
      <trkpt lat="43.46461" lon="1.51903">
        <ele>259.0</ele>
      </trkpt>
      <trkpt lat="43.46485" lon="1.51928">
        <ele>258.0</ele>
      </trkpt>
      <trkpt lat="43.46519" lon="1.51958">
        <ele>259.0</ele>
      </trkpt>
      <trkpt lat="43.46532" lon="1.51971">
        <ele>259.0</ele>
      </trkpt>
      <trkpt lat="43.46546" lon="1.51988">
        <ele>260.0</ele>
      </trkpt>
      <trkpt lat="43.46557" lon="1.52003">
        <ele>260.0</ele>
      </trkpt>
      <trkpt lat="43.46581" lon="1.52051">
        <ele>260.0</ele>
      </trkpt>
      <trkpt lat="43.4659" lon="1.52072">
        <ele>261.0</ele>
      </trkpt>
      <trkpt lat="43.46597" lon="1.5209">
        <ele>261.0</ele>
      </trkpt>
      <trkpt lat="43.46603" lon="1.52107">
        <ele>261.0</ele>
      </trkpt>
      <trkpt lat="43.46607" lon="1.52124">
        <ele>261.0</ele>
      </trkpt>
      <trkpt lat="43.46614" lon="1.52156">
        <ele>261.0</ele>
      </trkpt>
      <trkpt lat="43.46629" lon="1.52247">
        <ele>258.0</ele>
      </trkpt>
      <trkpt lat="43.46633" lon="1.52261">
        <ele>258.0</ele>
      </trkpt>
      <trkpt lat="43.46637" lon="1.52267">
        <ele>258.0</ele>
      </trkpt>
      <trkpt lat="43.46642" lon="1.52271">
        <ele>258.0</ele>
      </trkpt>
      <trkpt lat="43.46648" lon="1.52272">
        <ele>259.0</ele>
      </trkpt>
      <trkpt lat="43.46654" lon="1.52271">
        <ele>259.0</ele>
      </trkpt>
      <trkpt lat="43.46664" lon="1.52266">
        <ele>261.0</ele>
      </trkpt>
      <trkpt lat="43.46732" lon="1.52204">
        <ele>259.0</ele>
      </trkpt>
      <trkpt lat="43.46746" lon="1.52194">
        <ele>258.0</ele>
      </trkpt>
      <trkpt lat="43.46758" lon="1.52186">
        <ele>257.0</ele>
      </trkpt>
      <trkpt lat="43.46778" lon="1.52176">
        <ele>256.0</ele>
      </trkpt>
      <trkpt lat="43.46801" lon="1.52168">
        <ele>254.0</ele>
      </trkpt>
      <trkpt lat="43.46813" lon="1.52165">
        <ele>253.0</ele>
      </trkpt>
      <trkpt lat="43.46823" lon="1.52163">
        <ele>251.0</ele>
      </trkpt>
      <trkpt lat="43.46836" lon="1.52163">
        <ele>250.0</ele>
      </trkpt>
      <trkpt lat="43.46847" lon="1.52166">
        <ele>249.0</ele>
      </trkpt>
      <trkpt lat="43.46857" lon="1.52172">
        <ele>248.0</ele>
      </trkpt>
      <trkpt lat="43.46867" lon="1.52178">
        <ele>247.0</ele>
      </trkpt>
      <trkpt lat="43.46878" lon="1.52188">
        <ele>246.0</ele>
      </trkpt>
      <trkpt lat="43.46894" lon="1.52206">
        <ele>245.0</ele>
      </trkpt>
      <trkpt lat="43.46911" lon="1.52227">
        <ele>245.0</ele>
      </trkpt>
      <trkpt lat="43.46931" lon="1.52255">
        <ele>244.0</ele>
      </trkpt>
      <trkpt lat="43.46941" lon="1.52272">
        <ele>242.0</ele>
      </trkpt>
      <trkpt lat="43.46948" lon="1.52286">
        <ele>241.0</ele>
      </trkpt>
      <trkpt lat="43.46954" lon="1.523">
        <ele>240.0</ele>
      </trkpt>
      <trkpt lat="43.46974" lon="1.52353">
        <ele>237.0</ele>
      </trkpt>
      <trkpt lat="43.46993" lon="1.52392">
        <ele>235.0</ele>
      </trkpt>
      <trkpt lat="43.47003" lon="1.52405">
        <ele>234.0</ele>
      </trkpt>
      <trkpt lat="43.47013" lon="1.52417">
        <ele>234.0</ele>
      </trkpt>
      <trkpt lat="43.47021" lon="1.52424">
        <ele>234.0</ele>
      </trkpt>
      <trkpt lat="43.47029" lon="1.5243">
        <ele>234.0</ele>
      </trkpt>
      <trkpt lat="43.47039" lon="1.52433">
        <ele>234.0</ele>
      </trkpt>
      <trkpt lat="43.47052" lon="1.52436">
        <ele>234.0</ele>
      </trkpt>
      <trkpt lat="43.47114" lon="1.5244">
        <ele>234.0</ele>
      </trkpt>
      <trkpt lat="43.47128" lon="1.52443">
        <ele>234.0</ele>
      </trkpt>
      <trkpt lat="43.47142" lon="1.52447">
        <ele>234.0</ele>
      </trkpt>
      <trkpt lat="43.47155" lon="1.52454">
        <ele>233.0</ele>
      </trkpt>
      <trkpt lat="43.47197" lon="1.52477">
        <ele>230.0</ele>
      </trkpt>
      <trkpt lat="43.47233" lon="1.525">
        <ele>227.0</ele>
      </trkpt>
      <trkpt lat="43.47244" lon="1.52506">
        <ele>226.0</ele>
      </trkpt>
      <trkpt lat="43.4726" lon="1.52515">
        <ele>226.0</ele>
      </trkpt>
      <trkpt lat="43.47276" lon="1.5252">
        <ele>227.0</ele>
      </trkpt>
      <trkpt lat="43.47295" lon="1.52525">
        <ele>227.0</ele>
      </trkpt>
      <trkpt lat="43.47337" lon="1.52529">
        <ele>229.0</ele>
      </trkpt>
      <trkpt lat="43.47357" lon="1.52528">
        <ele>230.0</ele>
      </trkpt>
      <trkpt lat="43.47373" lon="1.52526">
        <ele>230.0</ele>
      </trkpt>
      <trkpt lat="43.47392" lon="1.5252">
        <ele>231.0</ele>
      </trkpt>
      <trkpt lat="43.47413" lon="1.5251">
        <ele>231.0</ele>
      </trkpt>
      <trkpt lat="43.47455" lon="1.52483">
        <ele>231.0</ele>
      </trkpt>
      <trkpt lat="43.47475" lon="1.52475">
        <ele>232.0</ele>
      </trkpt>
      <trkpt lat="43.47486" lon="1.52474">
        <ele>233.0</ele>
      </trkpt>
      <trkpt lat="43.47526" lon="1.52477">
        <ele>234.0</ele>
      </trkpt>
      <trkpt lat="43.47532" lon="1.52478">
        <ele>234.0</ele>
      </trkpt>
      <trkpt lat="43.47611" lon="1.52492">
        <ele>234.0</ele>
      </trkpt>
      <trkpt lat="43.47627" lon="1.52493">
        <ele>234.0</ele>
      </trkpt>
      <trkpt lat="43.47651" lon="1.52496">
        <ele>233.0</ele>
      </trkpt>
      <trkpt lat="43.47703" lon="1.52506">
        <ele>234.0</ele>
      </trkpt>
      <trkpt lat="43.47716" lon="1.52506">
        <ele>235.0</ele>
      </trkpt>
      <trkpt lat="43.4772" lon="1.52507">
        <ele>235.0</ele>
      </trkpt>
      <trkpt lat="43.47745" lon="1.52511">
        <ele>236.0</ele>
      </trkpt>
      <trkpt lat="43.47758" lon="1.52514">
        <ele>236.0</ele>
      </trkpt>
      <trkpt lat="43.47765" lon="1.52518">
        <ele>236.0</ele>
      </trkpt>
      <trkpt lat="43.47772" lon="1.52523">
        <ele>236.0</ele>
      </trkpt>
      <trkpt lat="43.47779" lon="1.52531">
        <ele>236.0</ele>
      </trkpt>
      <trkpt lat="43.47796" lon="1.52552">
        <ele>236.0</ele>
      </trkpt>
      <trkpt lat="43.47807" lon="1.52561">
        <ele>236.0</ele>
      </trkpt>
      <trkpt lat="43.47814" lon="1.52565">
        <ele>236.0</ele>
      </trkpt>
      <trkpt lat="43.4785" lon="1.52578">
        <ele>235.0</ele>
      </trkpt>
      <trkpt lat="43.47863" lon="1.52582">
        <ele>234.0</ele>
      </trkpt>
      <trkpt lat="43.47918" lon="1.52602">
        <ele>230.0</ele>
      </trkpt>
      <trkpt lat="43.47927" lon="1.52513">
        <ele>228.0</ele>
      </trkpt>
      <trkpt lat="43.47931" lon="1.52493">
        <ele>227.0</ele>
      </trkpt>
      <trkpt lat="43.47937" lon="1.52469">
        <ele>226.0</ele>
      </trkpt>
      <trkpt lat="43.47965" lon="1.52389">
        <ele>221.0</ele>
      </trkpt>
      <trkpt lat="43.47969" lon="1.5237">
        <ele>220.0</ele>
      </trkpt>
      <trkpt lat="43.4797" lon="1.52348">
        <ele>219.0</ele>
      </trkpt>
      <trkpt lat="43.47961" lon="1.52204">
        <ele>210.0</ele>
      </trkpt>
      <trkpt lat="43.47955" lon="1.52109">
        <ele>207.0</ele>
      </trkpt>
      <trkpt lat="43.4795" lon="1.52041">
        <ele>204.0</ele>
      </trkpt>
      <trkpt lat="43.47946" lon="1.52019">
        <ele>203.0</ele>
      </trkpt>
      <trkpt lat="43.47943" lon="1.52011">
        <ele>202.0</ele>
      </trkpt>
      <trkpt lat="43.47938" lon="1.52007">
        <ele>202.0</ele>
      </trkpt>
      <trkpt lat="43.47929" lon="1.52005">
        <ele>202.0</ele>
      </trkpt>
      <trkpt lat="43.47914" lon="1.52004">
        <ele>202.0</ele>
      </trkpt>
      <trkpt lat="43.47858" lon="1.52012">
        <ele>203.0</ele>
      </trkpt>
      <trkpt lat="43.47846" lon="1.52011">
        <ele>203.0</ele>
      </trkpt>
      <trkpt lat="43.47836" lon="1.52008">
        <ele>203.0</ele>
      </trkpt>
      <trkpt lat="43.47831" lon="1.52003">
        <ele>202.0</ele>
      </trkpt>
      <trkpt lat="43.47826" lon="1.51996">
        <ele>202.0</ele>
      </trkpt>
      <trkpt lat="43.47824" lon="1.51983">
        <ele>201.0</ele>
      </trkpt>
      <trkpt lat="43.47824" lon="1.51974">
        <ele>201.0</ele>
      </trkpt>
      <trkpt lat="43.47826" lon="1.51963">
        <ele>201.0</ele>
      </trkpt>
      <trkpt lat="43.47832" lon="1.51949">
        <ele>201.0</ele>
      </trkpt>
      <trkpt lat="43.47843" lon="1.51925">
        <ele>201.0</ele>
      </trkpt>
      <trkpt lat="43.4786" lon="1.51899">
        <ele>201.0</ele>
      </trkpt>
      <trkpt lat="43.47877" lon="1.51877">
        <ele>201.0</ele>
      </trkpt>
      <trkpt lat="43.47896" lon="1.51858">
        <ele>202.0</ele>
      </trkpt>
      <trkpt lat="43.47991" lon="1.51774">
        <ele>203.0</ele>
      </trkpt>
      <trkpt lat="43.48" lon="1.51762">
        <ele>204.0</ele>
      </trkpt>
      <trkpt lat="43.48004" lon="1.5175">
        <ele>206.0</ele>
      </trkpt>
      <trkpt lat="43.48004" lon="1.51738">
        <ele>206.0</ele>
      </trkpt>
      <trkpt lat="43.48002" lon="1.51724">
        <ele>207.0</ele>
      </trkpt>
      <trkpt lat="43.47997" lon="1.5171">
        <ele>209.0</ele>
      </trkpt>
      <trkpt lat="43.47941" lon="1.51566">
        <ele>218.0</ele>
      </trkpt>
      <trkpt lat="43.47908" lon="1.51466">
        <ele>225.0</ele>
      </trkpt>
      <trkpt lat="43.47897" lon="1.5144">
        <ele>227.0</ele>
      </trkpt>
      <trkpt lat="43.47884" lon="1.51419">
        <ele>228.0</ele>
      </trkpt>
      <trkpt lat="43.4786" lon="1.51383">
        <ele>228.0</ele>
      </trkpt>
      <trkpt lat="43.47849" lon="1.51362">
        <ele>228.0</ele>
      </trkpt>
      <trkpt lat="43.47838" lon="1.51332">
        <ele>228.0</ele>
      </trkpt>
      <trkpt lat="43.47823" lon="1.51311">
        <ele>228.0</ele>
      </trkpt>
      <trkpt lat="43.47814" lon="1.513">
        <ele>228.0</ele>
      </trkpt>
      <trkpt lat="43.47702" lon="1.5118">
        <ele>240.0</ele>
      </trkpt>
      <trkpt lat="43.47696" lon="1.51171">
        <ele>241.0</ele>
      </trkpt>
      <trkpt lat="43.47691" lon="1.51162">
        <ele>242.0</ele>
      </trkpt>
      <trkpt lat="43.47684" lon="1.51136">
        <ele>245.0</ele>
      </trkpt>
      <trkpt lat="43.47682" lon="1.51123">
        <ele>245.0</ele>
      </trkpt>
      <trkpt lat="43.47682" lon="1.51105">
        <ele>246.0</ele>
      </trkpt>
      <trkpt lat="43.47695" lon="1.50909">
        <ele>253.0</ele>
      </trkpt>
      <trkpt lat="43.477" lon="1.50865">
        <ele>255.0</ele>
      </trkpt>
      <trkpt lat="43.47707" lon="1.50824">
        <ele>256.0</ele>
      </trkpt>
      <trkpt lat="43.47714" lon="1.50796">
        <ele>257.0</ele>
      </trkpt>
      <trkpt lat="43.47723" lon="1.50768">
        <ele>257.0</ele>
      </trkpt>
      <trkpt lat="43.47729" lon="1.50753">
        <ele>257.0</ele>
      </trkpt>
      <trkpt lat="43.47789" lon="1.50611">
        <ele>262.0</ele>
      </trkpt>
      <trkpt lat="43.47813" lon="1.50563">
        <ele>261.0</ele>
      </trkpt>
      <trkpt lat="43.47822" lon="1.50548">
        <ele>260.0</ele>
      </trkpt>
      <trkpt lat="43.4783" lon="1.50538">
        <ele>259.0</ele>
      </trkpt>
      <trkpt lat="43.47834" lon="1.50536">
        <ele>258.0</ele>
      </trkpt>
      <trkpt lat="43.47841" lon="1.50535">
        <ele>258.0</ele>
      </trkpt>
      <trkpt lat="43.47865" lon="1.5054">
        <ele>257.0</ele>
      </trkpt>
      <trkpt lat="43.47877" lon="1.50538">
        <ele>257.0</ele>
      </trkpt>
      <trkpt lat="43.47885" lon="1.50534">
        <ele>256.0</ele>
      </trkpt>
      <trkpt lat="43.47946" lon="1.50482">
        <ele>253.0</ele>
      </trkpt>
      <trkpt lat="43.48004" lon="1.50437">
        <ele>251.0</ele>
      </trkpt>
      <trkpt lat="43.48007" lon="1.50433">
        <ele>251.0</ele>
      </trkpt>
      <trkpt lat="43.4801" lon="1.50428">
        <ele>251.0</ele>
      </trkpt>
      <trkpt lat="43.48012" lon="1.50419">
        <ele>250.0</ele>
      </trkpt>
      <trkpt lat="43.48023" lon="1.50421">
        <ele>251.0</ele>
      </trkpt>
      <trkpt lat="43.48035" lon="1.5042">
        <ele>251.0</ele>
      </trkpt>
      <trkpt lat="43.48087" lon="1.50411">
        <ele>252.0</ele>
      </trkpt>
      <trkpt lat="43.48111" lon="1.50407">
        <ele>254.0</ele>
      </trkpt>
      <trkpt lat="43.48191" lon="1.50397">
        <ele>257.0</ele>
      </trkpt>
      <trkpt lat="43.48252" lon="1.50393">
        <ele>257.0</ele>
      </trkpt>
      <trkpt lat="43.48264" lon="1.50395">
        <ele>257.0</ele>
      </trkpt>
      <trkpt lat="43.48266" lon="1.50397">
        <ele>257.0</ele>
      </trkpt>
      <trkpt lat="43.48264" lon="1.50395">
        <ele>257.0</ele>
      </trkpt>
      <trkpt lat="43.48267" lon="1.50384">
        <ele>257.0</ele>
      </trkpt>
      <trkpt lat="43.48271" lon="1.50378">
        <ele>257.0</ele>
      </trkpt>
      <trkpt lat="43.48382" lon="1.50292">
        <ele>259.0</ele>
      </trkpt>
      <trkpt lat="43.4842" lon="1.50265">
        <ele>261.0</ele>
      </trkpt>
      <trkpt lat="43.48464" lon="1.50238">
        <ele>264.0</ele>
      </trkpt>
      <trkpt lat="43.48537" lon="1.50202">
        <ele>267.0</ele>
      </trkpt>
      <trkpt lat="43.4857" lon="1.50181">
        <ele>267.0</ele>
      </trkpt>
      <trkpt lat="43.48655" lon="1.50121">
        <ele>268.0</ele>
      </trkpt>
      <trkpt lat="43.48801" lon="1.50014">
        <ele>268.0</ele>
      </trkpt>
      <trkpt lat="43.48816" lon="1.50005">
        <ele>269.0</ele>
      </trkpt>
      <trkpt lat="43.48832" lon="1.49997">
        <ele>270.0</ele>
      </trkpt>
      <trkpt lat="43.48901" lon="1.49967">
        <ele>269.0</ele>
      </trkpt>
      <trkpt lat="43.48917" lon="1.49954">
        <ele>270.0</ele>
      </trkpt>
      <trkpt lat="43.48925" lon="1.49945">
        <ele>271.0</ele>
      </trkpt>
      <trkpt lat="43.48932" lon="1.49935">
        <ele>273.0</ele>
      </trkpt>
      <trkpt lat="43.48958" lon="1.49892">
        <ele>276.0</ele>
      </trkpt>
      <trkpt lat="43.48974" lon="1.49863">
        <ele>277.0</ele>
      </trkpt>
      <trkpt lat="43.49011" lon="1.49788">
        <ele>278.0</ele>
      </trkpt>
      <trkpt lat="43.49025" lon="1.49756">
        <ele>279.0</ele>
      </trkpt>
      <trkpt lat="43.49037" lon="1.49723">
        <ele>279.0</ele>
      </trkpt>
      <trkpt lat="43.49075" lon="1.49613">
        <ele>281.0</ele>
      </trkpt>
      <trkpt lat="43.49118" lon="1.49477">
        <ele>277.0</ele>
      </trkpt>
      <trkpt lat="43.49129" lon="1.4945">
        <ele>276.0</ele>
      </trkpt>
      <trkpt lat="43.4914" lon="1.49428">
        <ele>277.0</ele>
      </trkpt>
      <trkpt lat="43.49158" lon="1.49401">
        <ele>277.0</ele>
      </trkpt>
      <trkpt lat="43.4917" lon="1.49386">
        <ele>277.0</ele>
      </trkpt>
      <trkpt lat="43.492" lon="1.49354">
        <ele>274.0</ele>
      </trkpt>
      <trkpt lat="43.49233" lon="1.49314">
        <ele>274.0</ele>
      </trkpt>
      <trkpt lat="43.49254" lon="1.49286">
        <ele>275.0</ele>
      </trkpt>
      <trkpt lat="43.49308" lon="1.4921">
        <ele>272.0</ele>
      </trkpt>
      <trkpt lat="43.49435" lon="1.49057">
        <ele>266.0</ele>
      </trkpt>
      <trkpt lat="43.4945" lon="1.4904">
        <ele>265.0</ele>
      </trkpt>
      <trkpt lat="43.49516" lon="1.48973">
        <ele>262.0</ele>
      </trkpt>
      <trkpt lat="43.49547" lon="1.48937">
        <ele>263.0</ele>
      </trkpt>
      <trkpt lat="43.49595" lon="1.48865">
        <ele>261.0</ele>
      </trkpt>
      <trkpt lat="43.4971" lon="1.48711">
        <ele>263.0</ele>
      </trkpt>
      <trkpt lat="43.49748" lon="1.48657">
        <ele>265.0</ele>
      </trkpt>
      <trkpt lat="43.49783" lon="1.48604">
        <ele>266.0</ele>
      </trkpt>
      <trkpt lat="43.498" lon="1.48581">
        <ele>268.0</ele>
      </trkpt>
      <trkpt lat="43.49812" lon="1.48568">
        <ele>268.0</ele>
      </trkpt>
      <trkpt lat="43.49821" lon="1.4856">
        <ele>269.0</ele>
      </trkpt>
      <trkpt lat="43.49825" lon="1.48558">
        <ele>270.0</ele>
      </trkpt>
      <trkpt lat="43.4983" lon="1.48556">
        <ele>270.0</ele>
      </trkpt>
      <trkpt lat="43.49845" lon="1.48556">
        <ele>270.0</ele>
      </trkpt>
      <trkpt lat="43.49877" lon="1.48558">
        <ele>268.0</ele>
      </trkpt>
      <trkpt lat="43.49888" lon="1.48558">
        <ele>267.0</ele>
      </trkpt>
      <trkpt lat="43.49898" lon="1.48557">
        <ele>266.0</ele>
      </trkpt>
      <trkpt lat="43.4998" lon="1.48527">
        <ele>260.0</ele>
      </trkpt>
      <trkpt lat="43.50021" lon="1.48511">
        <ele>259.0</ele>
      </trkpt>
      <trkpt lat="43.50047" lon="1.48497">
        <ele>260.0</ele>
      </trkpt>
      <trkpt lat="43.50058" lon="1.48489">
        <ele>260.0</ele>
      </trkpt>
      <trkpt lat="43.50062" lon="1.48485">
        <ele>260.0</ele>
      </trkpt>
      <trkpt lat="43.5011" lon="1.48429">
        <ele>260.0</ele>
      </trkpt>
      <trkpt lat="43.50243" lon="1.48271">
        <ele>264.0</ele>
      </trkpt>
      <trkpt lat="43.50269" lon="1.48241">
        <ele>265.0</ele>
      </trkpt>
      <trkpt lat="43.50326" lon="1.48183">
        <ele>272.0</ele>
      </trkpt>
      <trkpt lat="43.50364" lon="1.48147">
        <ele>275.0</ele>
      </trkpt>
      <trkpt lat="43.504" lon="1.48116">
        <ele>278.0</ele>
      </trkpt>
      <trkpt lat="43.50428" lon="1.48089">
        <ele>279.0</ele>
      </trkpt>
      <trkpt lat="43.50443" lon="1.48074">
        <ele>277.0</ele>
      </trkpt>
      <trkpt lat="43.50449" lon="1.48066">
        <ele>276.0</ele>
      </trkpt>
      <trkpt lat="43.50463" lon="1.48044">
        <ele>274.0</ele>
      </trkpt>
      <trkpt lat="43.50487" lon="1.48003">
        <ele>273.0</ele>
      </trkpt>
      <trkpt lat="43.505" lon="1.47982">
        <ele>274.0</ele>
      </trkpt>
      <trkpt lat="43.50512" lon="1.47967">
        <ele>273.0</ele>
      </trkpt>
      <trkpt lat="43.50555" lon="1.47919">
        <ele>273.0</ele>
      </trkpt>
      <trkpt lat="43.50627" lon="1.47843">
        <ele>277.0</ele>
      </trkpt>
      <trkpt lat="43.50707" lon="1.47754">
        <ele>277.0</ele>
      </trkpt>
      <trkpt lat="43.50727" lon="1.4774">
        <ele>277.0</ele>
      </trkpt>
      <trkpt lat="43.50736" lon="1.47732">
        <ele>277.0</ele>
      </trkpt>
      <trkpt lat="43.50742" lon="1.47725">
        <ele>277.0</ele>
      </trkpt>
      <trkpt lat="43.5075" lon="1.47716">
        <ele>278.0</ele>
      </trkpt>
      <trkpt lat="43.50756" lon="1.47707">
        <ele>278.0</ele>
      </trkpt>
      <trkpt lat="43.50765" lon="1.47693">
        <ele>279.0</ele>
      </trkpt>
      <trkpt lat="43.50784" lon="1.47671">
        <ele>281.0</ele>
      </trkpt>
      <trkpt lat="43.50821" lon="1.47626">
        <ele>280.0</ele>
      </trkpt>
      <trkpt lat="43.50837" lon="1.47602">
        <ele>279.0</ele>
      </trkpt>
      <trkpt lat="43.50873" lon="1.47535">
        <ele>277.0</ele>
      </trkpt>
      <trkpt lat="43.50898" lon="1.47492">
        <ele>277.0</ele>
      </trkpt>
      <trkpt lat="43.50928" lon="1.47451">
        <ele>274.0</ele>
      </trkpt>
      <trkpt lat="43.50948" lon="1.47433">
        <ele>274.0</ele>
      </trkpt>
      <trkpt lat="43.50964" lon="1.47429">
        <ele>274.0</ele>
      </trkpt>
      <trkpt lat="43.50977" lon="1.4743">
        <ele>274.0</ele>
      </trkpt>
      <trkpt lat="43.50999" lon="1.47435">
        <ele>274.0</ele>
      </trkpt>
      <trkpt lat="43.51061" lon="1.47451">
        <ele>269.0</ele>
      </trkpt>
      <trkpt lat="43.5112" lon="1.47464">
        <ele>264.0</ele>
      </trkpt>
      <trkpt lat="43.51127" lon="1.47464">
        <ele>264.0</ele>
      </trkpt>
      <trkpt lat="43.51133" lon="1.47464">
        <ele>263.0</ele>
      </trkpt>
      <trkpt lat="43.51147" lon="1.47462">
        <ele>263.0</ele>
      </trkpt>
      <trkpt lat="43.51157" lon="1.47459">
        <ele>263.0</ele>
      </trkpt>
      <trkpt lat="43.51183" lon="1.47449">
        <ele>263.0</ele>
      </trkpt>
      <trkpt lat="43.51202" lon="1.47445">
        <ele>264.0</ele>
      </trkpt>
      <trkpt lat="43.51209" lon="1.47444">
        <ele>264.0</ele>
      </trkpt>
      <trkpt lat="43.51226" lon="1.47446">
        <ele>263.0</ele>
      </trkpt>
      <trkpt lat="43.51286" lon="1.47459">
        <ele>262.0</ele>
      </trkpt>
      <trkpt lat="43.513" lon="1.47463">
        <ele>262.0</ele>
      </trkpt>
      <trkpt lat="43.51318" lon="1.47473">
        <ele>262.0</ele>
      </trkpt>
      <trkpt lat="43.51372" lon="1.47505">
        <ele>262.0</ele>
      </trkpt>
      <trkpt lat="43.51392" lon="1.47516">
        <ele>262.0</ele>
      </trkpt>
      <trkpt lat="43.5144" lon="1.47544">
        <ele>262.0</ele>
      </trkpt>
      <trkpt lat="43.51452" lon="1.47555">
        <ele>262.0</ele>
      </trkpt>
      <trkpt lat="43.51456" lon="1.47561">
        <ele>262.0</ele>
      </trkpt>
      <trkpt lat="43.5146" lon="1.47569">
        <ele>262.0</ele>
      </trkpt>
      <trkpt lat="43.51462" lon="1.47574">
        <ele>262.0</ele>
      </trkpt>
      <trkpt lat="43.51463" lon="1.47581">
        <ele>261.0</ele>
      </trkpt>
      <trkpt lat="43.51479" lon="1.47568">
        <ele>262.0</ele>
      </trkpt>
      <trkpt lat="43.51483" lon="1.47569">
        <ele>262.0</ele>
      </trkpt>
      <trkpt lat="43.51545" lon="1.47584">
        <ele>264.0</ele>
      </trkpt>
      <trkpt lat="43.51568" lon="1.47592">
        <ele>265.0</ele>
      </trkpt>
      <trkpt lat="43.51577" lon="1.47595">
        <ele>265.0</ele>
      </trkpt>
      <trkpt lat="43.51665" lon="1.47627">
        <ele>273.0</ele>
      </trkpt>
      <trkpt lat="43.51702" lon="1.47641">
        <ele>270.0</ele>
      </trkpt>
      <trkpt lat="43.51722" lon="1.47652">
        <ele>269.0</ele>
      </trkpt>
      <trkpt lat="43.51731" lon="1.4766">
        <ele>268.0</ele>
      </trkpt>
      <trkpt lat="43.51746" lon="1.47677">
        <ele>267.0</ele>
      </trkpt>
      <trkpt lat="43.51793" lon="1.47758">
        <ele>259.0</ele>
      </trkpt>
      <trkpt lat="43.51808" lon="1.4778">
        <ele>257.0</ele>
      </trkpt>
      <trkpt lat="43.5183" lon="1.47811">
        <ele>255.0</ele>
      </trkpt>
      <trkpt lat="43.51849" lon="1.47839">
        <ele>254.0</ele>
      </trkpt>
      <trkpt lat="43.51872" lon="1.47866">
        <ele>251.0</ele>
      </trkpt>
      <trkpt lat="43.51887" lon="1.47883">
        <ele>250.0</ele>
      </trkpt>
      <trkpt lat="43.51898" lon="1.47892">
        <ele>249.0</ele>
      </trkpt>
      <trkpt lat="43.51911" lon="1.47896">
        <ele>248.0</ele>
      </trkpt>
      <trkpt lat="43.51926" lon="1.47895">
        <ele>247.0</ele>
      </trkpt>
      <trkpt lat="43.51942" lon="1.47891">
        <ele>246.0</ele>
      </trkpt>
      <trkpt lat="43.51997" lon="1.4787">
        <ele>243.0</ele>
      </trkpt>
      <trkpt lat="43.52027" lon="1.47862">
        <ele>240.0</ele>
      </trkpt>
      <trkpt lat="43.52192" lon="1.47838">
        <ele>232.0</ele>
      </trkpt>
      <trkpt lat="43.52208" lon="1.47834">
        <ele>232.0</ele>
      </trkpt>
      <trkpt lat="43.52224" lon="1.47829">
        <ele>231.0</ele>
      </trkpt>
      <trkpt lat="43.52277" lon="1.47806">
        <ele>228.0</ele>
      </trkpt>
      <trkpt lat="43.52314" lon="1.47791">
        <ele>227.0</ele>
      </trkpt>
      <trkpt lat="43.5233" lon="1.47789">
        <ele>226.0</ele>
      </trkpt>
      <trkpt lat="43.52382" lon="1.47792">
        <ele>226.0</ele>
      </trkpt>
      <trkpt lat="43.52391" lon="1.47791">
        <ele>226.0</ele>
      </trkpt>
      <trkpt lat="43.52415" lon="1.47785">
        <ele>225.0</ele>
      </trkpt>
      <trkpt lat="43.52427" lon="1.47778">
        <ele>225.0</ele>
      </trkpt>
      <trkpt lat="43.52436" lon="1.4777">
        <ele>224.0</ele>
      </trkpt>
      <trkpt lat="43.52454" lon="1.47749">
        <ele>223.0</ele>
      </trkpt>
      <trkpt lat="43.52455" lon="1.47754">
        <ele>224.0</ele>
      </trkpt>
      <trkpt lat="43.52455" lon="1.47759">
        <ele>224.0</ele>
      </trkpt>
      <trkpt lat="43.52443" lon="1.4778">
        <ele>225.0</ele>
      </trkpt>
      <trkpt lat="43.52437" lon="1.47794">
        <ele>225.0</ele>
      </trkpt>
      <trkpt lat="43.52428" lon="1.47798">
        <ele>226.0</ele>
      </trkpt>
      <trkpt lat="43.52417" lon="1.47815">
        <ele>226.0</ele>
      </trkpt>
      <trkpt lat="43.52405" lon="1.47851">
        <ele>228.0</ele>
      </trkpt>
      <trkpt lat="43.52387" lon="1.47934">
        <ele>230.0</ele>
      </trkpt>
      <trkpt lat="43.52374" lon="1.47978">
        <ele>231.0</ele>
      </trkpt>
      <trkpt lat="43.52354" lon="1.4803">
        <ele>231.0</ele>
      </trkpt>
      <trkpt lat="43.52343" lon="1.48069">
        <ele>231.0</ele>
      </trkpt>
      <trkpt lat="43.52334" lon="1.48091">
        <ele>232.0</ele>
      </trkpt>
      <trkpt lat="43.52318" lon="1.48123">
        <ele>233.0</ele>
      </trkpt>
      <trkpt lat="43.52287" lon="1.48178">
        <ele>235.0</ele>
      </trkpt>
      <trkpt lat="43.52297" lon="1.48187">
        <ele>234.0</ele>
      </trkpt>
      <trkpt lat="43.52311" lon="1.48196">
        <ele>232.0</ele>
      </trkpt>
      <trkpt lat="43.52349" lon="1.48228">
        <ele>226.0</ele>
      </trkpt>
      <trkpt lat="43.52361" lon="1.48244">
        <ele>224.0</ele>
      </trkpt>
      <trkpt lat="43.52369" lon="1.48254">
        <ele>222.0</ele>
      </trkpt>
      <trkpt lat="43.52381" lon="1.48265">
        <ele>221.0</ele>
      </trkpt>
      <trkpt lat="43.52416" lon="1.48289">
        <ele>217.0</ele>
      </trkpt>
      <trkpt lat="43.52384" lon="1.48366">
        <ele>218.0</ele>
      </trkpt>
      <trkpt lat="43.52355" lon="1.48437">
        <ele>217.0</ele>
      </trkpt>
      <trkpt lat="43.52327" lon="1.4851">
        <ele>215.0</ele>
      </trkpt>
      <trkpt lat="43.52325" lon="1.48517">
        <ele>214.0</ele>
      </trkpt>
      <trkpt lat="43.52325" lon="1.48535">
        <ele>213.0</ele>
      </trkpt>
      <trkpt lat="43.52326" lon="1.48546">
        <ele>211.0</ele>
      </trkpt>
      <trkpt lat="43.52334" lon="1.48562">
        <ele>209.0</ele>
      </trkpt>
      <trkpt lat="43.52342" lon="1.48571">
        <ele>208.0</ele>
      </trkpt>
      <trkpt lat="43.52358" lon="1.48592">
        <ele>206.0</ele>
      </trkpt>
      <trkpt lat="43.52366" lon="1.48617">
        <ele>204.0</ele>
      </trkpt>
      <trkpt lat="43.5237" lon="1.48635">
        <ele>203.0</ele>
      </trkpt>
      <trkpt lat="43.52376" lon="1.4865">
        <ele>201.0</ele>
      </trkpt>
      <trkpt lat="43.52381" lon="1.48656">
        <ele>201.0</ele>
      </trkpt>
      <trkpt lat="43.5243" lon="1.48681">
        <ele>198.0</ele>
      </trkpt>
      <trkpt lat="43.52455" lon="1.48693">
        <ele>197.0</ele>
      </trkpt>
      <trkpt lat="43.52432" lon="1.4875">
        <ele>197.0</ele>
      </trkpt>
      <trkpt lat="43.5242" lon="1.48777">
        <ele>196.0</ele>
      </trkpt>
      <trkpt lat="43.52434" lon="1.48789">
        <ele>196.0</ele>
      </trkpt>
      <trkpt lat="43.5245" lon="1.48802">
        <ele>195.0</ele>
      </trkpt>
      <trkpt lat="43.52452" lon="1.48797">
        <ele>195.0</ele>
      </trkpt>
    </trkseg>
  </trk>
</gpx>