<?xml version="1.0" encoding="UTF-8"?>
<gpx xmlns="http://www.topografix.com/GPX/1/1" xmlns:xsi="http://www.w3.org/2001/XMLSchema-instance" xsi:schemaLocation="http://www.topografix.com/GPX/1/1 http://www.topografix.com/GPX/1/1/gpx.xsd" version="1.1" creator="OnRouteMap">
  <metadata>
    <name>veloscenic_le_mans-25238407-1790026190-995</name>
    <desc>Export GPX de l'itinéraire avec POI</desc>
  </metadata>
  <wpt lat="48.6733384" lon="2.1403445">
    <name>Eau potable</name>
    <desc>Type: Eau potable, Ligne droite jusqu'à l'itinéraire: 8 m, Kilomètre d'itinéraire: 30.8 km</desc>
    <type>Eau potable</type>
  </wpt>
  <wpt lat="48.6730679163765" lon="2.139645254492926">
    <name>Cimetière Saint-Clair</name>
    <desc>Type: Cimetière (eau potable), Ligne droite jusqu'à l'itinéraire: 15 m, Kilomètre d'itinéraire: 30.9 km</desc>
    <type>Cimetière (eau potable)</type>
  </wpt>
  <wpt lat="48.6769461" lon="2.133429">
    <name>Pizza par Tif'</name>
    <desc>Type: Restauration rapide, Ligne droite jusqu'à l'itinéraire: 475 m, Kilomètre d'itinéraire: 31.2 km</desc>
    <type>Restauration rapide</type>
  </wpt>
  <wpt lat="48.669026803596765" lon="2.1303667735153082">
    <name>Cimetière de Gometz</name>
    <desc>Type: Cimetière (eau potable), Ligne droite jusqu'à l'itinéraire: 177 m, Kilomètre d'itinéraire: 31.8 km</desc>
    <type>Cimetière (eau potable)</type>
  </wpt>
  <wpt lat="48.6698365" lon="2.1215095">
    <name>Boulangerie Patisserie Le Moulin de Gometz</name>
    <desc>Type: Boulangerie, Ligne droite jusqu'à l'itinéraire: 109 m, Kilomètre d'itinéraire: 32.4 km</desc>
    <type>Boulangerie</type>
  </wpt>
  <wpt lat="48.66992590496017" lon="2.1208971043572875">
    <name>Relais des Trois Quartiers</name>
    <desc>Type: Restaurant, Ligne droite jusqu'à l'itinéraire: 136 m, Kilomètre d'itinéraire: 32.4 km</desc>
    <type>Restaurant</type>
  </wpt>
  <wpt lat="48.6693511" lon="2.1209548">
    <name>Le Kiosque à Pizzas</name>
    <desc>Type: Restauration rapide, Ligne droite jusqu'à l'itinéraire: 76 m, Kilomètre d'itinéraire: 32.4 km</desc>
    <type>Restauration rapide</type>
  </wpt>
  <wpt lat="48.6688273" lon="2.1210849">
    <name>Toilettes</name>
    <desc>Type: Toilettes, Ligne droite jusqu'à l'itinéraire: 18 m, Kilomètre d'itinéraire: 32.5 km</desc>
    <type>Toilettes</type>
  </wpt>
  <wpt lat="48.6688887" lon="2.1209381">
    <name>Merveilles d'Asie</name>
    <desc>Type: Restaurant, Ligne droite jusqu'à l'itinéraire: 29 m, Kilomètre d'itinéraire: 32.5 km</desc>
    <type>Restaurant</type>
  </wpt>
  <wpt lat="48.6696407" lon="2.1202827">
    <name>Station Service E. Leclerc</name>
    <desc>Type: Station-service, Ligne droite jusqu'à l'itinéraire: 125 m, Kilomètre d'itinéraire: 32.5 km</desc>
    <type>Station-service</type>
  </wpt>
  <wpt lat="48.66884039741157" lon="2.120232090875038">
    <name>E. Leclerc</name>
    <desc>Type: Supermarché, Ligne droite jusqu'à l'itinéraire: 43 m, Kilomètre d'itinéraire: 32.5 km</desc>
    <type>Supermarché</type>
  </wpt>
  <wpt lat="48.6690652" lon="2.1196581">
    <name>Sushi Supe</name>
    <desc>Type: Restaurant, Ligne droite jusqu'à l'itinéraire: 57 m, Kilomètre d'itinéraire: 32.7 km</desc>
    <type>Restaurant</type>
  </wpt>
  <wpt lat="48.6563625" lon="2.0944991">
    <name>Le Relais de la Bénerie</name>
    <desc>Type: Restaurant, Ligne droite jusqu'à l'itinéraire: 383 m, Kilomètre d'itinéraire: 35.0 km</desc>
    <type>Restaurant</type>
  </wpt>
  <wpt lat="48.6478571" lon="2.0699221">
    <name>Bella Storia</name>
    <desc>Type: Restaurant, Ligne droite jusqu'à l'itinéraire: 205 m, Kilomètre d'itinéraire: 37.3 km</desc>
    <type>Restaurant</type>
  </wpt>
  <wpt lat="48.64667" lon="2.0687252">
    <name>TotalEnergies</name>
    <desc>Type: Station-service, Ligne droite jusqu'à l'itinéraire: 193 m, Kilomètre d'itinéraire: 37.4 km</desc>
    <type>Station-service</type>
  </wpt>
  <wpt lat="48.6466645" lon="2.068598">
    <name>bonjour</name>
    <desc>Type: Supermarché, Ligne droite jusqu'à l'itinéraire: 185 m, Kilomètre d'itinéraire: 37.4 km</desc>
    <type>Supermarché</type>
  </wpt>
  <wpt lat="48.6449685" lon="2.0675456">
    <name>Au sésame doré</name>
    <desc>Type: Boulangerie, Ligne droite jusqu'à l'itinéraire: 218 m, Kilomètre d'itinéraire: 37.6 km</desc>
    <type>Boulangerie</type>
  </wpt>
  <wpt lat="48.6450281" lon="2.0673994">
    <name>Coccinelle Supermarché</name>
    <desc>Type: Supermarché, Ligne droite jusqu'à l'itinéraire: 206 m, Kilomètre d'itinéraire: 37.6 km</desc>
    <type>Supermarché</type>
  </wpt>
  <wpt lat="48.6463866" lon="2.0599982">
    <name>Entrepot'es</name>
    <desc>Type: Restaurant, Ligne droite jusqu'à l'itinéraire: 335 m, Kilomètre d'itinéraire: 37.7 km</desc>
    <type>Restaurant</type>
  </wpt>
  <wpt lat="48.6445544" lon="2.0671571">
    <name>Tabac des Sports</name>
    <desc>Type: Restaurant, Ligne droite jusqu'à l'itinéraire: 226 m, Kilomètre d'itinéraire: 37.8 km</desc>
    <type>Restaurant</type>
  </wpt>
  <wpt lat="48.6419814" lon="2.0675108">
    <name>C'L C'est Local</name>
    <desc>Type: Épicerie, Ligne droite jusqu'à l'itinéraire: 354 m, Kilomètre d'itinéraire: 37.9 km</desc>
    <type>Épicerie</type>
  </wpt>
  <wpt lat="48.6423812" lon="2.0653069">
    <name>Eau potable</name>
    <desc>Type: Eau potable, Ligne droite jusqu'à l'itinéraire: 191 m, Kilomètre d'itinéraire: 38.0 km</desc>
    <type>Eau potable</type>
  </wpt>
  <wpt lat="48.6039037" lon="2.0093299">
    <name>Le Barn</name>
    <desc>Type: Hôtel, Ligne droite jusqu'à l'itinéraire: 36 m, Kilomètre d'itinéraire: 44.5 km</desc>
    <type>Hôtel</type>
  </wpt>
  <wpt lat="48.5791244" lon="1.9905708">
    <name>Eau potable</name>
    <desc>Type: Eau potable, Ligne droite jusqu'à l'itinéraire: 85 m, Kilomètre d'itinéraire: 48.7 km</desc>
    <type>Eau potable</type>
  </wpt>
  <wpt lat="48.579169240253044" lon="1.990238341752126">
    <name>Cimetière de Longvilliers</name>
    <desc>Type: Cimetière (eau potable), Ligne droite jusqu'à l'itinéraire: 98 m, Kilomètre d'itinéraire: 48.8 km</desc>
    <type>Cimetière (eau potable)</type>
  </wpt>
  <wpt lat="48.57376392291917" lon="1.947791178830401">
    <name>Cimetière (eau potable)</name>
    <desc>Type: Cimetière (eau potable), Ligne droite jusqu'à l'itinéraire: 266 m, Kilomètre d'itinéraire: 53.2 km</desc>
    <type>Cimetière (eau potable)</type>
  </wpt>
  <wpt lat="48.5726194" lon="1.9412861">
    <name>L'Harmony</name>
    <desc>Type: Hôtel, Ligne droite jusqu'à l'itinéraire: 80 m, Kilomètre d'itinéraire: 53.3 km</desc>
    <type>Hôtel</type>
  </wpt>
  <wpt lat="48.5725633" lon="1.9413248">
    <name>L’Harmony</name>
    <desc>Type: Restaurant, Ligne droite jusqu'à l'itinéraire: 80 m, Kilomètre d'itinéraire: 53.3 km</desc>
    <type>Restaurant</type>
  </wpt>
  <wpt lat="48.5722886" lon="1.9416605">
    <name>Epicerie &amp; CBD</name>
    <desc>Type: Épicerie, Ligne droite jusqu'à l'itinéraire: 83 m, Kilomètre d'itinéraire: 53.3 km</desc>
    <type>Épicerie</type>
  </wpt>
  <wpt lat="48.571421" lon="1.9420619">
    <name>Eau potable</name>
    <desc>Type: Eau potable, Ligne droite jusqu'à l'itinéraire: 167 m, Kilomètre d'itinéraire: 53.3 km</desc>
    <type>Eau potable</type>
  </wpt>
  <wpt lat="48.5714222" lon="1.9418602">
    <name>Le Flash</name>
    <desc>Type: Café, Ligne droite jusqu'à l'itinéraire: 169 m, Kilomètre d'itinéraire: 53.3 km</desc>
    <type>Café</type>
  </wpt>
  <wpt lat="48.5720825" lon="1.9398323">
    <name>Eren Baba</name>
    <desc>Type: Restauration rapide, Ligne droite jusqu'à l'itinéraire: 203 m, Kilomètre d'itinéraire: 53.3 km</desc>
    <type>Restauration rapide</type>
  </wpt>
  <wpt lat="48.571989" lon="1.9396533">
    <name>La boulange d’Elise et Alex</name>
    <desc>Type: Boulangerie, Ligne droite jusqu'à l'itinéraire: 219 m, Kilomètre d'itinéraire: 53.3 km</desc>
    <type>Boulangerie</type>
  </wpt>
  <wpt lat="48.5718928" lon="1.9394322">
    <name>La Remarde</name>
    <desc>Type: Café, Ligne droite jusqu'à l'itinéraire: 239 m, Kilomètre d'itinéraire: 53.3 km</desc>
    <type>Café</type>
  </wpt>
  <wpt lat="48.5717416" lon="1.9391348">
    <name>L'Autre Boulangerie</name>
    <desc>Type: Boulangerie, Ligne droite jusqu'à l'itinéraire: 266 m, Kilomètre d'itinéraire: 53.3 km</desc>
    <type>Boulangerie</type>
  </wpt>
  <wpt lat="48.571671" lon="1.9389564">
    <name>Le Petit Fourneau</name>
    <desc>Type: Restauration rapide, Ligne droite jusqu'à l'itinéraire: 281 m, Kilomètre d'itinéraire: 53.3 km</desc>
    <type>Restauration rapide</type>
  </wpt>
  <wpt lat="48.5713012" lon="1.9384891">
    <name>Le 42</name>
    <desc>Type: Restaurant, Ligne droite jusqu'à l'itinéraire: 332 m, Kilomètre d'itinéraire: 53.3 km</desc>
    <type>Restaurant</type>
  </wpt>
  <wpt lat="48.5721761" lon="1.9371107">
    <name>Café U</name>
    <desc>Type: Café, Ligne droite jusqu'à l'itinéraire: 390 m, Kilomètre d'itinéraire: 53.3 km</desc>
    <type>Café</type>
  </wpt>
  <wpt lat="48.5722373" lon="1.9367272">
    <name>Super U</name>
    <desc>Type: Supermarché, Ligne droite jusqu'à l'itinéraire: 416 m, Kilomètre d'itinéraire: 53.3 km</desc>
    <type>Supermarché</type>
  </wpt>
  <wpt lat="48.5709946" lon="1.9364031">
    <name>First Pizza</name>
    <desc>Type: Restauration rapide, Ligne droite jusqu'à l'itinéraire: 483 m, Kilomètre d'itinéraire: 53.3 km</desc>
    <type>Restauration rapide</type>
  </wpt>
  <wpt lat="48.5708422" lon="1.9362905">
    <name>Eau potable</name>
    <desc>Type: Eau potable, Ligne droite jusqu'à l'itinéraire: 498 m, Kilomètre d'itinéraire: 53.3 km</desc>
    <type>Eau potable</type>
  </wpt>
  <wpt lat="48.5728619" lon="1.9375278">
    <name>Place Jean-Moulin</name>
    <desc>Type: Toilettes, Ligne droite jusqu'à l'itinéraire: 347 m, Kilomètre d'itinéraire: 53.4 km</desc>
    <type>Toilettes</type>
  </wpt>
  <wpt lat="48.5814191" lon="1.9373225">
    <name>Auchan Supermarché</name>
    <desc>Type: Supermarché, Ligne droite jusqu'à l'itinéraire: 87 m, Kilomètre d'itinéraire: 55.2 km</desc>
    <type>Supermarché</type>
  </wpt>
  <wpt lat="48.5822344" lon="1.9369532">
    <name>Auchan</name>
    <desc>Type: Station-service, Ligne droite jusqu'à l'itinéraire: 20 m, Kilomètre d'itinéraire: 55.2 km</desc>
    <type>Station-service</type>
  </wpt>
  <wpt lat="48.6125519" lon="1.9085199">
    <name>Eau potable</name>
    <desc>Type: Eau potable, Ligne droite jusqu'à l'itinéraire: 77 m, Kilomètre d'itinéraire: 60.2 km</desc>
    <type>Eau potable</type>
  </wpt>
  <wpt lat="48.6124854" lon="1.9086347">
    <name>Le Hérisson</name>
    <desc>Type: Boulangerie, Ligne droite jusqu'à l'itinéraire: 88 m, Kilomètre d'itinéraire: 60.2 km</desc>
    <type>Boulangerie</type>
  </wpt>
  <wpt lat="48.612628" lon="1.9090919">
    <name>Le Rosé de Touraine</name>
    <desc>Type: Restaurant, Ligne droite jusqu'à l'itinéraire: 105 m, Kilomètre d'itinéraire: 60.2 km</desc>
    <type>Restaurant</type>
  </wpt>
  <wpt lat="48.6125023" lon="1.9093436">
    <name>Eau potable</name>
    <desc>Type: Eau potable, Ligne droite jusqu'à l'itinéraire: 128 m, Kilomètre d'itinéraire: 60.2 km</desc>
    <type>Eau potable</type>
  </wpt>
  <wpt lat="48.6130937" lon="1.9076626">
    <name>Les terrasses de Clairefontaine</name>
    <desc>Type: Restaurant, Ligne droite jusqu'à l'itinéraire: 9 m, Kilomètre d'itinéraire: 60.2 km</desc>
    <type>Restaurant</type>
  </wpt>
  <wpt lat="48.61591175314143" lon="1.9122920183224617">
    <name>Cimetière (eau potable)</name>
    <desc>Type: Cimetière (eau potable), Ligne droite jusqu'à l'itinéraire: 422 m, Kilomètre d'itinéraire: 60.4 km</desc>
    <type>Cimetière (eau potable)</type>
  </wpt>
  <wpt lat="48.6197508" lon="1.9048217">
    <name>Eau potable</name>
    <desc>Type: Eau potable, Ligne droite jusqu'à l'itinéraire: 31 m, Kilomètre d'itinéraire: 61.0 km</desc>
    <type>Eau potable</type>
  </wpt>
  <wpt lat="48.6263444" lon="1.8466727">
    <name>Toilettes</name>
    <desc>Type: Toilettes, Ligne droite jusqu'à l'itinéraire: 117 m, Kilomètre d'itinéraire: 66.3 km</desc>
    <type>Toilettes</type>
  </wpt>
  <wpt lat="48.6264127" lon="1.8452877">
    <name>Toilettes</name>
    <desc>Type: Toilettes, Ligne droite jusqu'à l'itinéraire: 70 m, Kilomètre d'itinéraire: 66.4 km</desc>
    <type>Toilettes</type>
  </wpt>
  <wpt lat="48.6273211" lon="1.8463306">
    <name>Toilettes</name>
    <desc>Type: Toilettes, Ligne droite jusqu'à l'itinéraire: 92 m, Kilomètre d'itinéraire: 66.7 km</desc>
    <type>Toilettes</type>
  </wpt>
  <wpt lat="48.6272914" lon="1.8464062">
    <name>Toilettes</name>
    <desc>Type: Toilettes, Ligne droite jusqu'à l'itinéraire: 97 m, Kilomètre d'itinéraire: 66.7 km</desc>
    <type>Toilettes</type>
  </wpt>
  <wpt lat="48.63601985238482" lon="1.8380941240353144">
    <name>Cimetière de Rambouillet</name>
    <desc>Type: Cimetière (eau potable), Ligne droite jusqu'à l'itinéraire: 191 m, Kilomètre d'itinéraire: 68.4 km</desc>
    <type>Cimetière (eau potable)</type>
  </wpt>
  <wpt lat="48.6435754" lon="1.831425">
    <name>Distributeur automatique (drinks, sweets)</name>
    <desc>Type: Distributeur automatique, Ligne droite jusqu'à l'itinéraire: 496 m, Kilomètre d'itinéraire: 68.8 km</desc>
    <type>Distributeur automatique</type>
  </wpt>
  <wpt lat="48.6385724791858" lon="1.8282410580891197">
    <name>Cimetière (eau potable)</name>
    <desc>Type: Cimetière (eau potable), Ligne droite jusqu'à l'itinéraire: 83 m, Kilomètre d'itinéraire: 70.0 km</desc>
    <type>Cimetière (eau potable)</type>
  </wpt>
  <wpt lat="48.6405342" lon="1.8303142">
    <name>Punjab</name>
    <desc>Type: Restaurant, Ligne droite jusqu'à l'itinéraire: 282 m, Kilomètre d'itinéraire: 70.1 km</desc>
    <type>Restaurant</type>
  </wpt>
  <wpt lat="48.6406184" lon="1.8303101">
    <name>Le Fournil</name>
    <desc>Type: Boulangerie, Ligne droite jusqu'à l'itinéraire: 284 m, Kilomètre d'itinéraire: 70.1 km</desc>
    <type>Boulangerie</type>
  </wpt>
  <wpt lat="48.6414985" lon="1.830414">
    <name>Franprix</name>
    <desc>Type: Épicerie, Ligne droite jusqu'à l'itinéraire: 324 m, Kilomètre d'itinéraire: 70.2 km</desc>
    <type>Épicerie</type>
  </wpt>
  <wpt lat="48.641514" lon="1.8302203">
    <name>Tonton kebab</name>
    <desc>Type: Restaurant, Ligne droite jusqu'à l'itinéraire: 312 m, Kilomètre d'itinéraire: 70.2 km</desc>
    <type>Restaurant</type>
  </wpt>
  <wpt lat="48.6416074" lon="1.8304051">
    <name>Restaurant Japonais Sakura</name>
    <desc>Type: Restaurant, Ligne droite jusqu'à l'itinéraire: 329 m, Kilomètre d'itinéraire: 70.2 km</desc>
    <type>Restaurant</type>
  </wpt>
  <wpt lat="48.6423804" lon="1.8301334">
    <name>O'Tacos</name>
    <desc>Type: Restauration rapide, Ligne droite jusqu'à l'itinéraire: 351 m, Kilomètre d'itinéraire: 70.2 km</desc>
    <type>Restauration rapide</type>
  </wpt>
  <wpt lat="48.6423709" lon="1.8303276">
    <name>Hamon Laurent</name>
    <desc>Type: Boulangerie, Ligne droite jusqu'à l'itinéraire: 363 m, Kilomètre d'itinéraire: 70.2 km</desc>
    <type>Boulangerie</type>
  </wpt>
  <wpt lat="48.6425286" lon="1.8303278">
    <name>Café du Pont Hardy</name>
    <desc>Type: Café, Ligne droite jusqu'à l'itinéraire: 371 m, Kilomètre d'itinéraire: 70.2 km</desc>
    <type>Café</type>
  </wpt>
  <wpt lat="48.6425969" lon="1.8295143">
    <name>Boulangerie du Pont Hardy</name>
    <desc>Type: Boulangerie, Ligne droite jusqu'à l'itinéraire: 322 m, Kilomètre d'itinéraire: 70.3 km</desc>
    <type>Boulangerie</type>
  </wpt>
  <wpt lat="48.6434079" lon="1.8311769">
    <name>Distributeur automatique (drinks, sweets)</name>
    <desc>Type: Distributeur automatique, Ligne droite jusqu'à l'itinéraire: 472 m, Kilomètre d'itinéraire: 70.3 km</desc>
    <type>Distributeur automatique</type>
  </wpt>
  <wpt lat="48.6412576" lon="1.825471">
    <name>CORNER</name>
    <desc>Type: Restauration rapide, Ligne droite jusqu'à l'itinéraire: 11 m, Kilomètre d'itinéraire: 70.3 km</desc>
    <type>Restauration rapide</type>
  </wpt>
  <wpt lat="48.6414328" lon="1.8257742">
    <name>Tokyo - Sushi Bonheur</name>
    <desc>Type: Restaurant, Ligne droite jusqu'à l'itinéraire: 18 m, Kilomètre d'itinéraire: 70.3 km</desc>
    <type>Restaurant</type>
  </wpt>
  <wpt lat="48.6436472" lon="1.8308143">
    <name>Café de la Gare</name>
    <desc>Type: Café, Ligne droite jusqu'à l'itinéraire: 462 m, Kilomètre d'itinéraire: 70.3 km</desc>
    <type>Café</type>
  </wpt>
  <wpt lat="48.6429085" lon="1.8289085">
    <name>O'SIINZ</name>
    <desc>Type: Restauration rapide, Ligne droite jusqu'à l'itinéraire: 299 m, Kilomètre d'itinéraire: 70.3 km</desc>
    <type>Restauration rapide</type>
  </wpt>
  <wpt lat="48.642542197803365" lon="1.8263693745371532">
    <name>Monoprix</name>
    <desc>Type: Supermarché, Ligne droite jusqu'à l'itinéraire: 135 m, Kilomètre d'itinéraire: 70.3 km</desc>
    <type>Supermarché</type>
  </wpt>
  <wpt lat="48.64270891011238" lon="1.8255050806565878">
    <name>Toilettes</name>
    <desc>Type: Toilettes, Ligne droite jusqu'à l'itinéraire: 136 m, Kilomètre d'itinéraire: 70.3 km</desc>
    <type>Toilettes</type>
  </wpt>
  <wpt lat="48.6429863" lon="1.827025">
    <name>Tacos Burger Kebab</name>
    <desc>Type: Restaurant, Ligne droite jusqu'à l'itinéraire: 202 m, Kilomètre d'itinéraire: 70.3 km</desc>
    <type>Restaurant</type>
  </wpt>
  <wpt lat="48.643324" lon="1.8257945">
    <name>Au Duc de Rambouillet</name>
    <desc>Type: Boulangerie, Ligne droite jusqu'à l'itinéraire: 205 m, Kilomètre d'itinéraire: 70.3 km</desc>
    <type>Boulangerie</type>
  </wpt>
  <wpt lat="48.64335" lon="1.8256938">
    <name>Le Prado</name>
    <desc>Type: Café, Ligne droite jusqu'à l'itinéraire: 208 m, Kilomètre d'itinéraire: 70.3 km</desc>
    <type>Café</type>
  </wpt>
  <wpt lat="48.6434437" lon="1.8252417">
    <name>L'industrie</name>
    <desc>Type: Restaurant, Ligne droite jusqu'à l'itinéraire: 218 m, Kilomètre d'itinéraire: 70.3 km</desc>
    <type>Restaurant</type>
  </wpt>
  <wpt lat="48.6435349" lon="1.8255056">
    <name>Ty Bilig</name>
    <desc>Type: Restaurant, Ligne droite jusqu'à l'itinéraire: 227 m, Kilomètre d'itinéraire: 70.3 km</desc>
    <type>Restaurant</type>
  </wpt>
  <wpt lat="48.6427502" lon="1.8279016">
    <name>Le Manège à Crêpes</name>
    <desc>Type: Restaurant, Ligne droite jusqu'à l'itinéraire: 228 m, Kilomètre d'itinéraire: 70.3 km</desc>
    <type>Restaurant</type>
  </wpt>
  <wpt lat="48.6435074" lon="1.8247366">
    <name>Poke One</name>
    <desc>Type: Restaurant, Ligne droite jusqu'à l'itinéraire: 231 m, Kilomètre d'itinéraire: 70.3 km</desc>
    <type>Restaurant</type>
  </wpt>
  <wpt lat="48.6427133" lon="1.8281706">
    <name>Smash BRGR</name>
    <desc>Type: Restauration rapide, Ligne droite jusqu'à l'itinéraire: 242 m, Kilomètre d'itinéraire: 70.3 km</desc>
    <type>Restauration rapide</type>
  </wpt>
  <wpt lat="48.6427098" lon="1.8282214">
    <name>Phuket Thaï</name>
    <desc>Type: Restaurant, Ligne droite jusqu'à l'itinéraire: 245 m, Kilomètre d'itinéraire: 70.3 km</desc>
    <type>Restaurant</type>
  </wpt>
  <wpt lat="48.6412748" lon="1.8254019">
    <name>Panier Sympa</name>
    <desc>Type: Épicerie, Ligne droite jusqu'à l'itinéraire: 15 m, Kilomètre d'itinéraire: 70.3 km</desc>
    <type>Épicerie</type>
  </wpt>
  <wpt lat="48.6408076" lon="1.8235915">
    <name>Villabate</name>
    <desc>Type: Restaurant, Ligne droite jusqu'à l'itinéraire: 32 m, Kilomètre d'itinéraire: 70.5 km</desc>
    <type>Restaurant</type>
  </wpt>
  <wpt lat="48.6410677" lon="1.8230366">
    <name>La Maison du Bœuf</name>
    <desc>Type: Restaurant, Ligne droite jusqu'à l'itinéraire: 36 m, Kilomètre d'itinéraire: 70.5 km</desc>
    <type>Restaurant</type>
  </wpt>
  <wpt lat="48.644316" lon="1.8249365">
    <name>Le Savoyard</name>
    <desc>Type: Restaurant, Ligne droite jusqu'à l'itinéraire: 314 m, Kilomètre d'itinéraire: 70.6 km</desc>
    <type>Restaurant</type>
  </wpt>
  <wpt lat="48.6439926" lon="1.8244885">
    <name>Amutham Exotique</name>
    <desc>Type: Épicerie, Ligne droite jusqu'à l'itinéraire: 265 m, Kilomètre d'itinéraire: 70.6 km</desc>
    <type>Épicerie</type>
  </wpt>
  <wpt lat="48.643889" lon="1.8240796">
    <name>Chapati</name>
    <desc>Type: Restaurant, Ligne droite jusqu'à l'itinéraire: 239 m, Kilomètre d'itinéraire: 70.7 km</desc>
    <type>Restaurant</type>
  </wpt>
  <wpt lat="48.6440812" lon="1.8235418">
    <name>Le Cheval Rouge</name>
    <desc>Type: Restaurant, Ligne droite jusqu'à l'itinéraire: 236 m, Kilomètre d'itinéraire: 70.7 km</desc>
    <type>Restaurant</type>
  </wpt>
  <wpt lat="48.6445132" lon="1.8229523">
    <name>Sitis Market</name>
    <desc>Type: Épicerie, Ligne droite jusqu'à l'itinéraire: 267 m, Kilomètre d'itinéraire: 70.7 km</desc>
    <type>Épicerie</type>
  </wpt>
  <wpt lat="48.6446462" lon="1.8226635">
    <name>La Crêperie du Roi</name>
    <desc>Type: Restaurant, Ligne droite jusqu'à l'itinéraire: 277 m, Kilomètre d'itinéraire: 70.7 km</desc>
    <type>Restaurant</type>
  </wpt>
  <wpt lat="48.6445407" lon="1.821511">
    <name>Eau potable</name>
    <desc>Type: Eau potable, Ligne droite jusqu'à l'itinéraire: 253 m, Kilomètre d'itinéraire: 70.7 km</desc>
    <type>Eau potable</type>
  </wpt>
  <wpt lat="48.6448924" lon="1.8196551">
    <name>Toilettes</name>
    <desc>Type: Toilettes, Ligne droite jusqu'à l'itinéraire: 315 m, Kilomètre d'itinéraire: 70.7 km</desc>
    <type>Toilettes</type>
  </wpt>
  <wpt lat="48.6451378" lon="1.8213198">
    <name>Paul</name>
    <desc>Type: Boulangerie, Ligne droite jusqu'à l'itinéraire: 319 m, Kilomètre d'itinéraire: 70.7 km</desc>
    <type>Boulangerie</type>
  </wpt>
  <wpt lat="48.6452552" lon="1.8208082">
    <name>Au bonheur</name>
    <desc>Type: Restaurant, Ligne droite jusqu'à l'itinéraire: 334 m, Kilomètre d'itinéraire: 70.7 km</desc>
    <type>Restaurant</type>
  </wpt>
  <wpt lat="48.6453938" lon="1.8204104">
    <name>Carrefour City</name>
    <desc>Type: Épicerie, Ligne droite jusqu'à l'itinéraire: 353 m, Kilomètre d'itinéraire: 70.7 km</desc>
    <type>Épicerie</type>
  </wpt>
  <wpt lat="48.6453946" lon="1.820078">
    <name>Joliz &amp; Nalio</name>
    <desc>Type: Café, Ligne droite jusqu'à l'itinéraire: 358 m, Kilomètre d'itinéraire: 70.7 km</desc>
    <type>Café</type>
  </wpt>
  <wpt lat="48.645536" lon="1.8202821">
    <name>L'Épicurien</name>
    <desc>Type: Restaurant, Ligne droite jusqu'à l'itinéraire: 370 m, Kilomètre d'itinéraire: 70.7 km</desc>
    <type>Restaurant</type>
  </wpt>
  <wpt lat="48.6454488" lon="1.8197264">
    <name>Les Traditions du Roi</name>
    <desc>Type: Boulangerie, Ligne droite jusqu'à l'itinéraire: 371 m, Kilomètre d'itinéraire: 70.7 km</desc>
    <type>Boulangerie</type>
  </wpt>
  <wpt lat="48.6454855" lon="1.8195233">
    <name>Café de la Mairie</name>
    <desc>Type: Café, Ligne droite jusqu'à l'itinéraire: 380 m, Kilomètre d'itinéraire: 70.7 km</desc>
    <type>Café</type>
  </wpt>
  <wpt lat="48.6455446" lon="1.8192171">
    <name>Eau potable</name>
    <desc>Type: Eau potable, Ligne droite jusqu'à l'itinéraire: 394 m, Kilomètre d'itinéraire: 70.7 km</desc>
    <type>Eau potable</type>
  </wpt>
  <wpt lat="48.6457134" lon="1.8193277">
    <name>Limonaia</name>
    <desc>Type: Restaurant, Ligne droite jusqu'à l'itinéraire: 409 m, Kilomètre d'itinéraire: 70.7 km</desc>
    <type>Restaurant</type>
  </wpt>
  <wpt lat="48.6457496" lon="1.8191311">
    <name>Hôtel Mercure Relays du Château</name>
    <desc>Type: Hôtel, Ligne droite jusqu'à l'itinéraire: 418 m, Kilomètre d'itinéraire: 70.7 km</desc>
    <type>Hôtel</type>
  </wpt>
  <wpt lat="48.645766" lon="1.8190483">
    <name>Le Bolero</name>
    <desc>Type: Café, Ligne droite jusqu'à l'itinéraire: 422 m, Kilomètre d'itinéraire: 70.7 km</desc>
    <type>Café</type>
  </wpt>
  <wpt lat="48.634258279032736" lon="1.7734703166734733">
    <name>Cimetière (eau potable)</name>
    <desc>Type: Cimetière (eau potable), Ligne droite jusqu'à l'itinéraire: 453 m, Kilomètre d'itinéraire: 75.8 km</desc>
    <type>Cimetière (eau potable)</type>
  </wpt>
  <wpt lat="48.633326755910346" lon="1.767893218169046">
    <name>Cimetière (eau potable)</name>
    <desc>Type: Cimetière (eau potable), Ligne droite jusqu'à l'itinéraire: 486 m, Kilomètre d'itinéraire: 75.8 km</desc>
    <type>Cimetière (eau potable)</type>
  </wpt>
  <wpt lat="48.59012893374214" lon="1.732033024382122">
    <name>Cimetière (eau potable)</name>
    <desc>Type: Cimetière (eau potable), Ligne droite jusqu'à l'itinéraire: 100 m, Kilomètre d'itinéraire: 82.3 km</desc>
    <type>Cimetière (eau potable)</type>
  </wpt>
  <wpt lat="48.58675921158386" lon="1.726797381152427">
    <name>Cimetière (eau potable)</name>
    <desc>Type: Cimetière (eau potable), Ligne droite jusqu'à l'itinéraire: 430 m, Kilomètre d'itinéraire: 82.4 km</desc>
    <type>Cimetière (eau potable)</type>
  </wpt>
  <wpt lat="48.6011388" lon="1.7031837">
    <name>Eau potable</name>
    <desc>Type: Eau potable, Ligne droite jusqu'à l'itinéraire: 101 m, Kilomètre d'itinéraire: 84.8 km</desc>
    <type>Eau potable</type>
  </wpt>
  <wpt lat="48.601501" lon="1.703343">
    <name>Du Pain dans les Mains</name>
    <desc>Type: Boulangerie, Ligne droite jusqu'à l'itinéraire: 138 m, Kilomètre d'itinéraire: 84.8 km</desc>
    <type>Boulangerie</type>
  </wpt>
  <wpt lat="48.59986352212354" lon="1.6996044888538042">
    <name>Cimetière (eau potable)</name>
    <desc>Type: Cimetière (eau potable), Ligne droite jusqu'à l'itinéraire: 164 m, Kilomètre d'itinéraire: 84.9 km</desc>
    <type>Cimetière (eau potable)</type>
  </wpt>
  <wpt lat="48.6059735" lon="1.682909">
    <name>Sylvia Shop</name>
    <desc>Type: Épicerie, Ligne droite jusqu'à l'itinéraire: 131 m, Kilomètre d'itinéraire: 86.3 km</desc>
    <type>Épicerie</type>
  </wpt>
  <wpt lat="48.6056944" lon="1.6826074">
    <name>Namaste</name>
    <desc>Type: Restauration rapide, Ligne droite jusqu'à l'itinéraire: 170 m, Kilomètre d'itinéraire: 86.3 km</desc>
    <type>Restauration rapide</type>
  </wpt>
  <wpt lat="48.6054309" lon="1.6813674">
    <name>La Cantoche</name>
    <desc>Type: Restauration rapide, Ligne droite jusqu'à l'itinéraire: 228 m, Kilomètre d'itinéraire: 86.6 km</desc>
    <type>Restauration rapide</type>
  </wpt>
  <wpt lat="48.6050607" lon="1.6814668">
    <name>Distributeur automatique (drinks, food)</name>
    <desc>Type: Distributeur automatique, Ligne droite jusqu'à l'itinéraire: 269 m, Kilomètre d'itinéraire: 86.6 km</desc>
    <type>Distributeur automatique</type>
  </wpt>
  <wpt lat="48.6048456" lon="1.6812247">
    <name>Toilettes</name>
    <desc>Type: Toilettes, Ligne droite jusqu'à l'itinéraire: 294 m, Kilomètre d'itinéraire: 86.6 km</desc>
    <type>Toilettes</type>
  </wpt>
  <wpt lat="48.6106505" lon="1.6826577">
    <name>Bar Brassérie O Brazeiro</name>
    <desc>Type: Restaurant, Ligne droite jusqu'à l'itinéraire: 333 m, Kilomètre d'itinéraire: 86.7 km</desc>
    <type>Restaurant</type>
  </wpt>
  <wpt lat="48.6083555" lon="1.6799579">
    <name>Le Royal Bar PMU</name>
    <desc>Type: Café, Ligne droite jusqu'à l'itinéraire: 10 m, Kilomètre d'itinéraire: 86.7 km</desc>
    <type>Café</type>
  </wpt>
  <wpt lat="48.6076968" lon="1.6790741">
    <name>Gregory JOASSIN</name>
    <desc>Type: Restauration rapide, Ligne droite jusqu'à l'itinéraire: 88 m, Kilomètre d'itinéraire: 86.7 km</desc>
    <type>Restauration rapide</type>
  </wpt>
  <wpt lat="48.60780946840505" lon="1.6790230028578061">
    <name>Toilettes</name>
    <desc>Type: Toilettes, Ligne droite jusqu'à l'itinéraire: 80 m, Kilomètre d'itinéraire: 86.7 km</desc>
    <type>Toilettes</type>
  </wpt>
  <wpt lat="48.608595" lon="1.6791698">
    <name>Marchand Artisan Boulanger Pâtissier</name>
    <desc>Type: Boulangerie, Ligne droite jusqu'à l'itinéraire: 4 m, Kilomètre d'itinéraire: 86.8 km</desc>
    <type>Boulangerie</type>
  </wpt>
  <wpt lat="48.6096301" lon="1.6787215">
    <name>PIZZA MEDICIS</name>
    <desc>Type: Restauration rapide, Ligne droite jusqu'à l'itinéraire: 67 m, Kilomètre d'itinéraire: 86.9 km</desc>
    <type>Restauration rapide</type>
  </wpt>
  <wpt lat="48.6093594" lon="1.6770774">
    <name>Toilettes</name>
    <desc>Type: Toilettes, Ligne droite jusqu'à l'itinéraire: 32 m, Kilomètre d'itinéraire: 86.9 km</desc>
    <type>Toilettes</type>
  </wpt>
  <wpt lat="48.6091142" lon="1.6773991">
    <name>Bar Olympique</name>
    <desc>Type: Restaurant, Ligne droite jusqu'à l'itinéraire: 3 m, Kilomètre d'itinéraire: 86.9 km</desc>
    <type>Restaurant</type>
  </wpt>
  <wpt lat="48.6090481" lon="1.6773337">
    <name>Bellarosa Feu De Bois</name>
    <desc>Type: Restauration rapide, Ligne droite jusqu'à l'itinéraire: 7 m, Kilomètre d'itinéraire: 87.0 km</desc>
    <type>Restauration rapide</type>
  </wpt>
  <wpt lat="48.6089187" lon="1.6766003">
    <name>Proxi</name>
    <desc>Type: Épicerie, Ligne droite jusqu'à l'itinéraire: 12 m, Kilomètre d'itinéraire: 87.0 km</desc>
    <type>Épicerie</type>
  </wpt>
  <wpt lat="48.60818274201161" lon="1.6744500478469933">
    <name>Toilettes</name>
    <desc>Type: Toilettes, Ligne droite jusqu'à l'itinéraire: 160 m, Kilomètre d'itinéraire: 87.0 km</desc>
    <type>Toilettes</type>
  </wpt>
  <wpt lat="48.6093896" lon="1.6759059">
    <name>Chez Nora</name>
    <desc>Type: Restaurant, Ligne droite jusqu'à l'itinéraire: 12 m, Kilomètre d'itinéraire: 87.1 km</desc>
    <type>Restaurant</type>
  </wpt>
  <wpt lat="48.609329" lon="1.6757538">
    <name>Vietfood</name>
    <desc>Type: Restaurant, Ligne droite jusqu'à l'itinéraire: 1 m, Kilomètre d'itinéraire: 87.1 km</desc>
    <type>Restaurant</type>
  </wpt>
  <wpt lat="48.6098042" lon="1.6745997">
    <name>chateau rouge 28</name>
    <desc>Type: Épicerie, Ligne droite jusqu'à l'itinéraire: 12 m, Kilomètre d'itinéraire: 87.2 km</desc>
    <type>Épicerie</type>
  </wpt>
  <wpt lat="48.6098028" lon="1.6735276">
    <name>Le VS</name>
    <desc>Type: Restauration rapide, Ligne droite jusqu'à l'itinéraire: 5 m, Kilomètre d'itinéraire: 87.3 km</desc>
    <type>Restauration rapide</type>
  </wpt>
  <wpt lat="48.6092557" lon="1.6724089">
    <name>Prieuré Saint thomas</name>
    <desc>Type: Chambre d'hôtes, Ligne droite jusqu'à l'itinéraire: 32 m, Kilomètre d'itinéraire: 87.4 km</desc>
    <type>Chambre d'hôtes</type>
  </wpt>
  <wpt lat="48.6029114" lon="1.6459175">
    <name>Eau potable</name>
    <desc>Type: Eau potable, Ligne droite jusqu'à l'itinéraire: 14 m, Kilomètre d'itinéraire: 90.4 km</desc>
    <type>Eau potable</type>
  </wpt>
  <wpt lat="48.602047" lon="1.645334">
    <name>Royal Hanches</name>
    <desc>Type: Restauration rapide, Ligne droite jusqu'à l'itinéraire: 18 m, Kilomètre d'itinéraire: 90.6 km</desc>
    <type>Restauration rapide</type>
  </wpt>
  <wpt lat="48.6009511" lon="1.6432052">
    <name>La Parisse Artisan Boulanger Pâtissier</name>
    <desc>Type: Boulangerie, Ligne droite jusqu'à l'itinéraire: 9 m, Kilomètre d'itinéraire: 90.7 km</desc>
    <type>Boulangerie</type>
  </wpt>
  <wpt lat="48.600361" lon="1.6427525">
    <name>Le Saint-Laurent</name>
    <desc>Type: Café, Ligne droite jusqu'à l'itinéraire: 23 m, Kilomètre d'itinéraire: 90.8 km</desc>
    <type>Café</type>
  </wpt>
  <wpt lat="48.5996804" lon="1.6446606">
    <name>LA CANTOCHE</name>
    <desc>Type: Restauration rapide, Ligne droite jusqu'à l'itinéraire: 27 m, Kilomètre d'itinéraire: 91.0 km</desc>
    <type>Restauration rapide</type>
  </wpt>
  <wpt lat="48.5996311" lon="1.6445943">
    <name>MEGGAN PIZZA - cuite sur pierre</name>
    <desc>Type: Restauration rapide, Ligne droite jusqu'à l'itinéraire: 20 m, Kilomètre d'itinéraire: 91.0 km</desc>
    <type>Restauration rapide</type>
  </wpt>
  <wpt lat="48.5980882" lon="1.6465687">
    <name>Eau potable</name>
    <desc>Type: Eau potable, Ligne droite jusqu'à l'itinéraire: 11 m, Kilomètre d'itinéraire: 91.2 km</desc>
    <type>Eau potable</type>
  </wpt>
  <wpt lat="48.6017609" lon="1.6445927">
    <name>CocciMarket</name>
    <desc>Type: Épicerie, Ligne droite jusqu'à l'itinéraire: 2 m, Kilomètre d'itinéraire: 91.8 km</desc>
    <type>Épicerie</type>
  </wpt>
  <wpt lat="48.6202303" lon="1.5639564">
    <name>Boulangerie Patisserie Maison Chardon</name>
    <desc>Type: Boulangerie, Ligne droite jusqu'à l'itinéraire: 74 m, Kilomètre d'itinéraire: 99.4 km</desc>
    <type>Boulangerie</type>
  </wpt>
  <wpt lat="48.6217747" lon="1.5604425">
    <name>Le  P'tit Saint Hubert</name>
    <desc>Type: Restaurant, Ligne droite jusqu'à l'itinéraire: 373 m, Kilomètre d'itinéraire: 99.4 km</desc>
    <type>Restaurant</type>
  </wpt>
  <wpt lat="48.619139" lon="1.5644509">
    <name>La Carriole de Gaëlle</name>
    <desc>Type: Épicerie, Ligne droite jusqu'à l'itinéraire: 8 m, Kilomètre d'itinéraire: 99.4 km</desc>
    <type>Épicerie</type>
  </wpt>
  <wpt lat="48.617457701180676" lon="1.5670347278125054">
    <name>Cimetière (eau potable)</name>
    <desc>Type: Cimetière (eau potable), Ligne droite jusqu'à l'itinéraire: 173 m, Kilomètre d'itinéraire: 99.6 km</desc>
    <type>Cimetière (eau potable)</type>
  </wpt>
  <wpt lat="48.6171191" lon="1.5666771">
    <name>Eau potable</name>
    <desc>Type: Eau potable, Ligne droite jusqu'à l'itinéraire: 142 m, Kilomètre d'itinéraire: 99.7 km</desc>
    <type>Eau potable</type>
  </wpt>
  <wpt lat="48.59168734819448" lon="1.5834911769975182">
    <name>TANI - Ambiance Japonnaise</name>
    <desc>Type: Chambre d'hôtes, Ligne droite jusqu'à l'itinéraire: 62 m, Kilomètre d'itinéraire: 102.9 km</desc>
    <type>Chambre d'hôtes</type>
  </wpt>
  <wpt lat="48.59147775707642" lon="1.586410934966615">
    <name>restaurant scolaire</name>
    <desc>Type: Restaurant, Ligne droite jusqu'à l'itinéraire: 243 m, Kilomètre d'itinéraire: 103.1 km</desc>
    <type>Restaurant</type>
  </wpt>
  <wpt lat="48.589447" lon="1.57881">
    <name>Chambres d'hôtes Gobillon</name>
    <desc>Type: Chambre d'hôtes, Ligne droite jusqu'à l'itinéraire: 46 m, Kilomètre d'itinéraire: 103.4 km</desc>
    <type>Chambre d'hôtes</type>
  </wpt>
  <wpt lat="48.5878581" lon="1.5777915">
    <name>Le Narval</name>
    <desc>Type: Café, Ligne droite jusqu'à l'itinéraire: 218 m, Kilomètre d'itinéraire: 103.4 km</desc>
    <type>Café</type>
  </wpt>
  <wpt lat="48.5877952" lon="1.5776065">
    <name>Bol Ô</name>
    <desc>Type: Restaurant, Ligne droite jusqu'à l'itinéraire: 232 m, Kilomètre d'itinéraire: 103.4 km</desc>
    <type>Restaurant</type>
  </wpt>
  <wpt lat="48.5878652" lon="1.5768458">
    <name>Adèle O'Délices</name>
    <desc>Type: Restaurant, Ligne droite jusqu'à l'itinéraire: 263 m, Kilomètre d'itinéraire: 103.4 km</desc>
    <type>Restaurant</type>
  </wpt>
  <wpt lat="48.58924768291414" lon="1.57578929178939">
    <name>Cimetière</name>
    <desc>Type: Cimetière (eau potable), Ligne droite jusqu'à l'itinéraire: 270 m, Kilomètre d'itinéraire: 103.4 km</desc>
    <type>Cimetière (eau potable)</type>
  </wpt>
  <wpt lat="48.5878691" lon="1.576693">
    <name>Aux Deux M</name>
    <desc>Type: Restaurant, Ligne droite jusqu'à l'itinéraire: 271 m, Kilomètre d'itinéraire: 103.4 km</desc>
    <type>Restaurant</type>
  </wpt>
  <wpt lat="48.5869152" lon="1.5774264">
    <name>Del Castello</name>
    <desc>Type: Restauration rapide, Ligne droite jusqu'à l'itinéraire: 321 m, Kilomètre d'itinéraire: 103.4 km</desc>
    <type>Restauration rapide</type>
  </wpt>
  <wpt lat="48.587306" lon="1.5779656">
    <name>Maison Huang</name>
    <desc>Type: Restaurant, Ligne droite jusqu'à l'itinéraire: 263 m, Kilomètre d'itinéraire: 103.4 km</desc>
    <type>Restaurant</type>
  </wpt>
  <wpt lat="48.587252" lon="1.5779747">
    <name>La Rose des Sables</name>
    <desc>Type: Restaurant, Ligne droite jusqu'à l'itinéraire: 268 m, Kilomètre d'itinéraire: 103.4 km</desc>
    <type>Restaurant</type>
  </wpt>
  <wpt lat="48.5867807" lon="1.5776218">
    <name>Le Relais du Château</name>
    <desc>Type: Restaurant, Ligne droite jusqu'à l'itinéraire: 326 m, Kilomètre d'itinéraire: 103.5 km</desc>
    <type>Restaurant</type>
  </wpt>
  <wpt lat="48.5871766" lon="1.5780002">
    <name>Café de Paris</name>
    <desc>Type: Café, Ligne droite jusqu'à l'itinéraire: 274 m, Kilomètre d'itinéraire: 103.5 km</desc>
    <type>Café</type>
  </wpt>
  <wpt lat="48.5869624" lon="1.5778239">
    <name>Rapid Market</name>
    <desc>Type: Épicerie, Ligne droite jusqu'à l'itinéraire: 301 m, Kilomètre d'itinéraire: 103.5 km</desc>
    <type>Épicerie</type>
  </wpt>
  <wpt lat="48.5869118" lon="1.5777935">
    <name>Le Fournil du Château</name>
    <desc>Type: Boulangerie, Ligne droite jusqu'à l'itinéraire: 307 m, Kilomètre d'itinéraire: 103.5 km</desc>
    <type>Boulangerie</type>
  </wpt>
  <wpt lat="48.5864598" lon="1.5774862">
    <name>Le Soleil</name>
    <desc>Type: Restaurant, Ligne droite jusqu'à l'itinéraire: 362 m, Kilomètre d'itinéraire: 103.5 km</desc>
    <type>Restaurant</type>
  </wpt>
  <wpt lat="48.5869261" lon="1.5781841">
    <name>Cappadoce</name>
    <desc>Type: Restaurant, Ligne droite jusqu'à l'itinéraire: 290 m, Kilomètre d'itinéraire: 103.5 km</desc>
    <type>Restaurant</type>
  </wpt>
  <wpt lat="48.586843" lon="1.5781864">
    <name>Le champ libre</name>
    <desc>Type: Épicerie, Ligne droite jusqu'à l'itinéraire: 298 m, Kilomètre d'itinéraire: 103.5 km</desc>
    <type>Épicerie</type>
  </wpt>
  <wpt lat="48.5814227" lon="1.5887274">
    <name>Restaurant du golf</name>
    <desc>Type: Restaurant, Ligne droite jusqu'à l'itinéraire: 153 m, Kilomètre d'itinéraire: 104.6 km</desc>
    <type>Restaurant</type>
  </wpt>
  <wpt lat="48.555154167229716" lon="1.5919750216544677">
    <name>Cimetière (eau potable)</name>
    <desc>Type: Cimetière (eau potable), Ligne droite jusqu'à l'itinéraire: 253 m, Kilomètre d'itinéraire: 107.7 km</desc>
    <type>Cimetière (eau potable)</type>
  </wpt>
  <wpt lat="48.5505287" lon="1.5919489">
    <name>L'arbre de la Liberte</name>
    <desc>Type: Restaurant, Ligne droite jusqu'à l'itinéraire: 273 m, Kilomètre d'itinéraire: 108.2 km</desc>
    <type>Restaurant</type>
  </wpt>
  <wpt lat="48.54785430409266" lon="1.5847865254446711">
    <name>Chambre d'hôtes</name>
    <desc>Type: Chambre d'hôtes, Ligne droite jusqu'à l'itinéraire: 158 m, Kilomètre d'itinéraire: 108.6 km</desc>
    <type>Chambre d'hôtes</type>
  </wpt>
  <wpt lat="48.5474407" lon="1.5836755">
    <name>Auberge des 4 vents</name>
    <desc>Type: Restaurant, Ligne droite jusqu'à l'itinéraire: 228 m, Kilomètre d'itinéraire: 108.6 km</desc>
    <type>Restaurant</type>
  </wpt>
  <wpt lat="48.5469484" lon="1.5835514">
    <name>Rétrodor</name>
    <desc>Type: Boulangerie, Ligne droite jusqu'à l'itinéraire: 225 m, Kilomètre d'itinéraire: 108.7 km</desc>
    <type>Boulangerie</type>
  </wpt>
  <wpt lat="48.546176951333166" lon="1.5814917397194872">
    <name>Cimetière (eau potable)</name>
    <desc>Type: Cimetière (eau potable), Ligne droite jusqu'à l'itinéraire: 355 m, Kilomètre d'itinéraire: 108.8 km</desc>
    <type>Cimetière (eau potable)</type>
  </wpt>
  <wpt lat="48.5095775" lon="1.5563462">
    <name>Auberge de la gare</name>
    <desc>Type: Restaurant, Ligne droite jusqu'à l'itinéraire: 7 m, Kilomètre d'itinéraire: 113.5 km</desc>
    <type>Restaurant</type>
  </wpt>
  <wpt lat="48.5116535" lon="1.5510326">
    <name>Boulangerie pâtisserie Mathias et Lucie</name>
    <desc>Type: Boulangerie, Ligne droite jusqu'à l'itinéraire: 425 m, Kilomètre d'itinéraire: 113.7 km</desc>
    <type>Boulangerie</type>
  </wpt>
  <wpt lat="48.51189209992706" lon="1.5504281267687823">
    <name>Toilettes publiques</name>
    <desc>Type: Toilettes, Ligne droite jusqu'à l'itinéraire: 472 m, Kilomètre d'itinéraire: 113.7 km</desc>
    <type>Toilettes</type>
  </wpt>
  <wpt lat="48.4900011" lon="1.5342168">
    <name>Eau potable</name>
    <desc>Type: Eau potable, Ligne droite jusqu'à l'itinéraire: 218 m, Kilomètre d'itinéraire: 116.3 km</desc>
    <type>Eau potable</type>
  </wpt>
  <wpt lat="48.4694547" lon="1.4807876">
    <name>La Tradition</name>
    <desc>Type: Boulangerie, Ligne droite jusqu'à l'itinéraire: 215 m, Kilomètre d'itinéraire: 121.3 km</desc>
    <type>Boulangerie</type>
  </wpt>
  <wpt lat="48.4697613" lon="1.4806284">
    <name>Don Camillo</name>
    <desc>Type: Restaurant, Ligne droite jusqu'à l'itinéraire: 247 m, Kilomètre d'itinéraire: 121.3 km</desc>
    <type>Restaurant</type>
  </wpt>
  <wpt lat="48.4702553" lon="1.4805188">
    <name>Carrefour Express</name>
    <desc>Type: Épicerie, Ligne droite jusqu'à l'itinéraire: 292 m, Kilomètre d'itinéraire: 121.3 km</desc>
    <type>Épicerie</type>
  </wpt>
  <wpt lat="48.4673335" lon="1.4835101">
    <name>La Fable Enchanté</name>
    <desc>Type: Café, Ligne droite jusqu'à l'itinéraire: 49 m, Kilomètre d'itinéraire: 121.5 km</desc>
    <type>Café</type>
  </wpt>
  <wpt lat="48.4641627" lon="1.4813331">
    <name>Total Contact</name>
    <desc>Type: Épicerie, Ligne droite jusqu'à l'itinéraire: 117 m, Kilomètre d'itinéraire: 121.8 km</desc>
    <type>Épicerie</type>
  </wpt>
  <wpt lat="48.4640489" lon="1.4813053">
    <name>Distributeur automatique (pizza)</name>
    <desc>Type: Distributeur automatique, Ligne droite jusqu'à l'itinéraire: 118 m, Kilomètre d'itinéraire: 121.8 km</desc>
    <type>Distributeur automatique</type>
  </wpt>
  <wpt lat="48.4581134" lon="1.4880355">
    <name>Toilettes</name>
    <desc>Type: Toilettes, Ligne droite jusqu'à l'itinéraire: 7 m, Kilomètre d'itinéraire: 122.6 km</desc>
    <type>Toilettes</type>
  </wpt>
  <wpt lat="48.4543182" lon="1.4875261">
    <name>Hôtel Métropole</name>
    <desc>Type: Hôtel, Ligne droite jusqu'à l'itinéraire: 97 m, Kilomètre d'itinéraire: 123.0 km</desc>
    <type>Hôtel</type>
  </wpt>
  <wpt lat="48.4534884" lon="1.4884357">
    <name>Boulangerie Saint Maurice</name>
    <desc>Type: Boulangerie, Ligne droite jusqu'à l'itinéraire: 16 m, Kilomètre d'itinéraire: 123.1 km</desc>
    <type>Boulangerie</type>
  </wpt>
  <wpt lat="48.4524373" lon="1.4871154">
    <name>La Pâtisserie De Chartres</name>
    <desc>Type: Boulangerie, Ligne droite jusqu'à l'itinéraire: 134 m, Kilomètre d'itinéraire: 123.2 km</desc>
    <type>Boulangerie</type>
  </wpt>
  <wpt lat="48.4524362" lon="1.4841254">
    <name>Pizze</name>
    <desc>Type: Restaurant, Ligne droite jusqu'à l'itinéraire: 338 m, Kilomètre d'itinéraire: 123.2 km</desc>
    <type>Restaurant</type>
  </wpt>
  <wpt lat="48.45032145304677" lon="1.4836625890568413">
    <name>Toilettes</name>
    <desc>Type: Toilettes, Ligne droite jusqu'à l'itinéraire: 481 m, Kilomètre d'itinéraire: 123.2 km</desc>
    <type>Toilettes</type>
  </wpt>
  <wpt lat="48.4525532" lon="1.4887679">
    <name>Ellan Vannin</name>
    <desc>Type: Restaurant, Ligne droite jusqu'à l'itinéraire: 63 m, Kilomètre d'itinéraire: 123.2 km</desc>
    <type>Restaurant</type>
  </wpt>
  <wpt lat="48.45277309188079" lon="1.4896550140349492">
    <name>B&amp;B Hotel Chartres Centre Cathédrale</name>
    <desc>Type: Hôtel, Ligne droite jusqu'à l'itinéraire: 26 m, Kilomètre d'itinéraire: 123.2 km</desc>
    <type>Hôtel</type>
  </wpt>
  <wpt lat="48.45076441381376" lon="1.4932095488104762">
    <name>Cafeteria IND</name>
    <desc>Type: Restauration rapide, Ligne droite jusqu'à l'itinéraire: 110 m, Kilomètre d'itinéraire: 123.6 km</desc>
    <type>Restauration rapide</type>
  </wpt>
  <wpt lat="48.4500635" lon="1.4919294">
    <name>Domino's Pizza</name>
    <desc>Type: Restauration rapide, Ligne droite jusqu'à l'itinéraire: 6 m, Kilomètre d'itinéraire: 123.7 km</desc>
    <type>Restauration rapide</type>
  </wpt>
  <wpt lat="48.4480717" lon="1.4860774">
    <name>Toilettes</name>
    <desc>Type: Toilettes, Ligne droite jusqu'à l'itinéraire: 477 m, Kilomètre d'itinéraire: 123.7 km</desc>
    <type>Toilettes</type>
  </wpt>
  <wpt lat="48.4485391" lon="1.4882911">
    <name>Eau potable</name>
    <desc>Type: Eau potable, Ligne droite jusqu'à l'itinéraire: 306 m, Kilomètre d'itinéraire: 123.7 km</desc>
    <type>Eau potable</type>
  </wpt>
  <wpt lat="48.4491405" lon="1.4907028">
    <name>Le Moulin de Ponceau</name>
    <desc>Type: Restaurant, Ligne droite jusqu'à l'itinéraire: 116 m, Kilomètre d'itinéraire: 123.7 km</desc>
    <type>Restaurant</type>
  </wpt>
  <wpt lat="48.4480615" lon="1.4872082">
    <name>Le 21</name>
    <desc>Type: Restaurant, Ligne droite jusqu'à l'itinéraire: 401 m, Kilomètre d'itinéraire: 123.8 km</desc>
    <type>Restaurant</type>
  </wpt>
  <wpt lat="48.45042597477725" lon="1.4969456345821497">
    <name>Auberge de jeunesse</name>
    <desc>Type: Auberge de jeunesse, Ligne droite jusqu'à l'itinéraire: 365 m, Kilomètre d'itinéraire: 123.8 km</desc>
    <type>Auberge de jeunesse</type>
  </wpt>
  <wpt lat="48.4476942" lon="1.4866962">
    <name>Le Week-End</name>
    <desc>Type: Kiosque, Ligne droite jusqu'à l'itinéraire: 451 m, Kilomètre d'itinéraire: 123.8 km</desc>
    <type>Kiosque</type>
  </wpt>
  <wpt lat="48.4477347" lon="1.4868551">
    <name>Booket'Fleurs</name>
    <desc>Type: Café, Ligne droite jusqu'à l'itinéraire: 439 m, Kilomètre d'itinéraire: 123.8 km</desc>
    <type>Café</type>
  </wpt>
  <wpt lat="48.4476141" lon="1.4866882">
    <name>Le Parvis</name>
    <desc>Type: Restaurant, Ligne droite jusqu'à l'itinéraire: 455 m, Kilomètre d'itinéraire: 123.8 km</desc>
    <type>Restaurant</type>
  </wpt>
  <wpt lat="48.447877" lon="1.4895458">
    <name>Hôtellerie Saint-Yves</name>
    <desc>Type: Chambre d'hôtes, Ligne droite jusqu'à l'itinéraire: 249 m, Kilomètre d'itinéraire: 123.8 km</desc>
    <type>Chambre d'hôtes</type>
  </wpt>
  <wpt lat="48.4473947" lon="1.4884572">
    <name>Kim tea</name>
    <desc>Type: Café, Ligne droite jusqu'à l'itinéraire: 344 m, Kilomètre d'itinéraire: 123.9 km</desc>
    <type>Café</type>
  </wpt>
  <wpt lat="48.4473234" lon="1.4883573">
    <name>La Brochet' du Sud</name>
    <desc>Type: Restaurant, Ligne droite jusqu'à l'itinéraire: 354 m, Kilomètre d'itinéraire: 123.9 km</desc>
    <type>Restaurant</type>
  </wpt>
  <wpt lat="48.4471475" lon="1.4881143">
    <name>Le Café Serpente</name>
    <desc>Type: Restaurant, Ligne droite jusqu'à l'itinéraire: 378 m, Kilomètre d'itinéraire: 123.9 km</desc>
    <type>Restaurant</type>
  </wpt>
  <wpt lat="48.4472405" lon="1.4889064">
    <name>O Tire Bouchon</name>
    <desc>Type: Restaurant, Ligne droite jusqu'à l'itinéraire: 320 m, Kilomètre d'itinéraire: 123.9 km</desc>
    <type>Restaurant</type>
  </wpt>
  <wpt lat="48.4469935" lon="1.4880355">
    <name>Racines</name>
    <desc>Type: Restaurant, Ligne droite jusqu'à l'itinéraire: 390 m, Kilomètre d'itinéraire: 123.9 km</desc>
    <type>Restaurant</type>
  </wpt>
  <wpt lat="48.4469185" lon="1.4879006">
    <name>Café Bleu</name>
    <desc>Type: Restaurant, Ligne droite jusqu'à l'itinéraire: 402 m, Kilomètre d'itinéraire: 123.9 km</desc>
    <type>Restaurant</type>
  </wpt>
  <wpt lat="48.446805" lon="1.4876268">
    <name>La Voûte Romane</name>
    <desc>Type: Restaurant, Ligne droite jusqu'à l'itinéraire: 426 m, Kilomètre d'itinéraire: 123.9 km</desc>
    <type>Restaurant</type>
  </wpt>
  <wpt lat="48.4469203" lon="1.4883699">
    <name>La Picoterie</name>
    <desc>Type: Restaurant, Ligne droite jusqu'à l'itinéraire: 370 m, Kilomètre d'itinéraire: 123.9 km</desc>
    <type>Restaurant</type>
  </wpt>
  <wpt lat="48.4468491" lon="1.4882305">
    <name>Lichette</name>
    <desc>Type: Restaurant, Ligne droite jusqu'à l'itinéraire: 383 m, Kilomètre d'itinéraire: 123.9 km</desc>
    <type>Restaurant</type>
  </wpt>
  <wpt lat="48.4461662" lon="1.4871484">
    <name>Nopal</name>
    <desc>Type: Café, Ligne droite jusqu'à l'itinéraire: 486 m, Kilomètre d'itinéraire: 123.9 km</desc>
    <type>Café</type>
  </wpt>
  <wpt lat="48.4462001" lon="1.4875427">
    <name>Le Sully</name>
    <desc>Type: Café, Ligne droite jusqu'à l'itinéraire: 458 m, Kilomètre d'itinéraire: 123.9 km</desc>
    <type>Café</type>
  </wpt>
  <wpt lat="48.4463135" lon="1.4882669">
    <name>Boba Choc</name>
    <desc>Type: Café, Ligne droite jusqu'à l'itinéraire: 403 m, Kilomètre d'itinéraire: 123.9 km</desc>
    <type>Café</type>
  </wpt>
  <wpt lat="48.4462137" lon="1.4879511">
    <name>Stellata</name>
    <desc>Type: Café, Ligne droite jusqu'à l'itinéraire: 429 m, Kilomètre d'itinéraire: 123.9 km</desc>
    <type>Café</type>
  </wpt>
  <wpt lat="48.4464292" lon="1.4886838">
    <name>Duban Boulangerie</name>
    <desc>Type: Boulangerie, Ligne droite jusqu'à l'itinéraire: 370 m, Kilomètre d'itinéraire: 123.9 km</desc>
    <type>Boulangerie</type>
  </wpt>
  <wpt lat="48.4466054" lon="1.4893392">
    <name>La Table Du Marché</name>
    <desc>Type: Restaurant, Ligne droite jusqu'à l'itinéraire: 318 m, Kilomètre d'itinéraire: 123.9 km</desc>
    <type>Restaurant</type>
  </wpt>
  <wpt lat="48.4465141" lon="1.4892959">
    <name>Eau potable</name>
    <desc>Type: Eau potable, Ligne droite jusqu'à l'itinéraire: 325 m, Kilomètre d'itinéraire: 124.0 km</desc>
    <type>Eau potable</type>
  </wpt>
  <wpt lat="48.4469149" lon="1.4906525">
    <name>Les Feuillantines</name>
    <desc>Type: Restaurant, Ligne droite jusqu'à l'itinéraire: 215 m, Kilomètre d'itinéraire: 124.0 km</desc>
    <type>Restaurant</type>
  </wpt>
  <wpt lat="48.4462882" lon="1.4887695">
    <name>day by day</name>
    <desc>Type: Épicerie, Ligne droite jusqu'à l'itinéraire: 370 m, Kilomètre d'itinéraire: 124.0 km</desc>
    <type>Épicerie</type>
  </wpt>
  <wpt lat="48.4462722" lon="1.4891989">
    <name>Le Comptoir de Sarah</name>
    <desc>Type: Restaurant, Ligne droite jusqu'à l'itinéraire: 342 m, Kilomètre d'itinéraire: 124.0 km</desc>
    <type>Restaurant</type>
  </wpt>
  <wpt lat="48.4470364" lon="1.4919698">
    <name>Eau potable</name>
    <desc>Type: Eau potable, Ligne droite jusqu'à l'itinéraire: 120 m, Kilomètre d'itinéraire: 124.0 km</desc>
    <type>Eau potable</type>
  </wpt>
  <wpt lat="48.4462907" lon="1.4894815">
    <name>Aux Vieux Garçons</name>
    <desc>Type: Restaurant, Ligne droite jusqu'à l'itinéraire: 322 m, Kilomètre d'itinéraire: 124.0 km</desc>
    <type>Restaurant</type>
  </wpt>
  <wpt lat="48.4470299" lon="1.4921842">
    <name>L'Estocade</name>
    <desc>Type: Restaurant, Ligne droite jusqu'à l'itinéraire: 105 m, Kilomètre d'itinéraire: 124.0 km</desc>
    <type>Restaurant</type>
  </wpt>
  <wpt lat="48.4469977" lon="1.4922842">
    <name>Les 3 Lys</name>
    <desc>Type: Restaurant, Ligne droite jusqu'à l'itinéraire: 100 m, Kilomètre d'itinéraire: 124.0 km</desc>
    <type>Restaurant</type>
  </wpt>
  <wpt lat="48.4468764" lon="1.4925979">
    <name>Proxi</name>
    <desc>Type: Épicerie, Ligne droite jusqu'à l'itinéraire: 84 m, Kilomètre d'itinéraire: 124.0 km</desc>
    <type>Épicerie</type>
  </wpt>
  <wpt lat="48.4447463" lon="1.4968406">
    <name>Au Royal de Chartres</name>
    <desc>Type: Restaurant, Ligne droite jusqu'à l'itinéraire: 82 m, Kilomètre d'itinéraire: 124.3 km</desc>
    <type>Restaurant</type>
  </wpt>
  <wpt lat="48.4446391" lon="1.4945244">
    <name>Le Chêne Fleuri</name>
    <desc>Type: Hôtel, Ligne droite jusqu'à l'itinéraire: 0 m, Kilomètre d'itinéraire: 124.4 km</desc>
    <type>Hôtel</type>
  </wpt>
  <wpt lat="48.4446271" lon="1.4944913">
    <name>Le Chêne Fleuri</name>
    <desc>Type: Restaurant, Ligne droite jusqu'à l'itinéraire: 0 m, Kilomètre d'itinéraire: 124.4 km</desc>
    <type>Restaurant</type>
  </wpt>
  <wpt lat="48.4445778" lon="1.4940617">
    <name>Pizza 28</name>
    <desc>Type: Restauration rapide, Ligne droite jusqu'à l'itinéraire: 4 m, Kilomètre d'itinéraire: 124.5 km</desc>
    <type>Restauration rapide</type>
  </wpt>
  <wpt lat="48.4444835" lon="1.4940133">
    <name>Eau potable</name>
    <desc>Type: Eau potable, Ligne droite jusqu'à l'itinéraire: 4 m, Kilomètre d'itinéraire: 124.5 km</desc>
    <type>Eau potable</type>
  </wpt>
  <wpt lat="48.4444242" lon="1.4931244">
    <name>Lunch'Bar</name>
    <desc>Type: Restauration rapide, Ligne droite jusqu'à l'itinéraire: 10 m, Kilomètre d'itinéraire: 124.5 km</desc>
    <type>Restauration rapide</type>
  </wpt>
  <wpt lat="48.4446147" lon="1.491742">
    <name>Mésopotamie</name>
    <desc>Type: Restauration rapide, Ligne droite jusqu'à l'itinéraire: 106 m, Kilomètre d'itinéraire: 124.5 km</desc>
    <type>Restauration rapide</type>
  </wpt>
  <wpt lat="48.444208" lon="1.4897757">
    <name>O'Tacos</name>
    <desc>Type: Restauration rapide, Ligne droite jusqu'à l'itinéraire: 247 m, Kilomètre d'itinéraire: 124.5 km</desc>
    <type>Restauration rapide</type>
  </wpt>
  <wpt lat="48.4434344" lon="1.4899796">
    <name>Uzumaki</name>
    <desc>Type: Restaurant, Ligne droite jusqu'à l'itinéraire: 252 m, Kilomètre d'itinéraire: 124.5 km</desc>
    <type>Restaurant</type>
  </wpt>
  <wpt lat="48.4443713" lon="1.4894612">
    <name>Mylko</name>
    <desc>Type: Restauration rapide, Ligne droite jusqu'à l'itinéraire: 270 m, Kilomètre d'itinéraire: 124.5 km</desc>
    <type>Restauration rapide</type>
  </wpt>
  <wpt lat="48.4457748" lon="1.4900768">
    <name>Al-Badea</name>
    <desc>Type: Restaurant, Ligne droite jusqu'à l'itinéraire: 276 m, Kilomètre d'itinéraire: 124.5 km</desc>
    <type>Restaurant</type>
  </wpt>
  <wpt lat="48.4442931" lon="1.4893707">
    <name>Crêperie La Poële Percée</name>
    <desc>Type: Restaurant, Ligne droite jusqu'à l'itinéraire: 277 m, Kilomètre d'itinéraire: 124.5 km</desc>
    <type>Restaurant</type>
  </wpt>
  <wpt lat="48.4457007" lon="1.4899228">
    <name>La Casa Tropical</name>
    <desc>Type: Restaurant, Ligne droite jusqu'à l'itinéraire: 281 m, Kilomètre d'itinéraire: 124.5 km</desc>
    <type>Restaurant</type>
  </wpt>
  <wpt lat="48.4429298" lon="1.489784">
    <name>Le Shalimar</name>
    <desc>Type: Restaurant, Ligne droite jusqu'à l'itinéraire: 291 m, Kilomètre d'itinéraire: 124.5 km</desc>
    <type>Restaurant</type>
  </wpt>
  <wpt lat="48.4442645" lon="1.4891517">
    <name>Mon Paris IV !</name>
    <desc>Type: Restaurant, Ligne droite jusqu'à l'itinéraire: 293 m, Kilomètre d'itinéraire: 124.5 km</desc>
    <type>Restaurant</type>
  </wpt>
  <wpt lat="48.4427856" lon="1.4898048">
    <name>Street food</name>
    <desc>Type: Restauration rapide, Ligne droite jusqu'à l'itinéraire: 299 m, Kilomètre d'itinéraire: 124.5 km</desc>
    <type>Restauration rapide</type>
  </wpt>
  <wpt lat="48.442719" lon="1.4897749">
    <name>Saint Michel</name>
    <desc>Type: Café, Ligne droite jusqu'à l'itinéraire: 305 m, Kilomètre d'itinéraire: 124.5 km</desc>
    <type>Café</type>
  </wpt>
  <wpt lat="48.4456252" lon="1.489341">
    <name>Aux Délices Chez Jade</name>
    <desc>Type: Restaurant, Ligne droite jusqu'à l'itinéraire: 314 m, Kilomètre d'itinéraire: 124.5 km</desc>
    <type>Restaurant</type>
  </wpt>
  <wpt lat="48.4443576" lon="1.4887621">
    <name>Chai Laurent</name>
    <desc>Type: Restaurant, Ligne droite jusqu'à l'itinéraire: 322 m, Kilomètre d'itinéraire: 124.5 km</desc>
    <type>Restaurant</type>
  </wpt>
  <wpt lat="48.445557" lon="1.4890605">
    <name>L'Itinéraire Gourmand</name>
    <desc>Type: Épicerie, Ligne droite jusqu'à l'itinéraire: 329 m, Kilomètre d'itinéraire: 124.5 km</desc>
    <type>Épicerie</type>
  </wpt>
  <wpt lat="48.4446155" lon="1.4885182">
    <name>Le Très Superbe</name>
    <desc>Type: Café, Ligne droite jusqu'à l'itinéraire: 341 m, Kilomètre d'itinéraire: 124.5 km</desc>
    <type>Café</type>
  </wpt>
  <wpt lat="48.4456256" lon="1.4889165">
    <name>Mon marché bio</name>
    <desc>Type: Supermarché, Ligne droite jusqu'à l'itinéraire: 342 m, Kilomètre d'itinéraire: 124.5 km</desc>
    <type>Supermarché</type>
  </wpt>
  <wpt lat="48.4454638" lon="1.4887739">
    <name>Villa Toscane</name>
    <desc>Type: Restaurant, Ligne droite jusqu'à l'itinéraire: 345 m, Kilomètre d'itinéraire: 124.5 km</desc>
    <type>Restaurant</type>
  </wpt>
  <wpt lat="48.4454589" lon="1.4886632">
    <name>Hanami</name>
    <desc>Type: Restaurant, Ligne droite jusqu'à l'itinéraire: 352 m, Kilomètre d'itinéraire: 124.5 km</desc>
    <type>Restaurant</type>
  </wpt>
  <wpt lat="48.4442098" lon="1.4883335">
    <name>Le comptoir de la mairie</name>
    <desc>Type: Café, Ligne droite jusqu'à l'itinéraire: 354 m, Kilomètre d'itinéraire: 124.5 km</desc>
    <type>Café</type>
  </wpt>
  <wpt lat="48.4441956" lon="1.4882225">
    <name>Bell' Italia</name>
    <desc>Type: Restaurant, Ligne droite jusqu'à l'itinéraire: 362 m, Kilomètre d'itinéraire: 124.5 km</desc>
    <type>Restaurant</type>
  </wpt>
  <wpt lat="48.4435448" lon="1.4882863">
    <name>La Boulangerie De Marlène</name>
    <desc>Type: Boulangerie, Ligne droite jusqu'à l'itinéraire: 367 m, Kilomètre d'itinéraire: 124.5 km</desc>
    <type>Boulangerie</type>
  </wpt>
  <wpt lat="48.4435518" lon="1.4881564">
    <name>L'Epsilon</name>
    <desc>Type: Restaurant, Ligne droite jusqu'à l'itinéraire: 377 m, Kilomètre d'itinéraire: 124.5 km</desc>
    <type>Restaurant</type>
  </wpt>
  <wpt lat="48.4441974" lon="1.4879506">
    <name>Le Montescot</name>
    <desc>Type: Restaurant, Ligne droite jusqu'à l'itinéraire: 382 m, Kilomètre d'itinéraire: 124.5 km</desc>
    <type>Restaurant</type>
  </wpt>
  <wpt lat="48.4451444" lon="1.4880666">
    <name>Amorino</name>
    <desc>Type: Glacier, Ligne droite jusqu'à l'itinéraire: 384 m, Kilomètre d'itinéraire: 124.5 km</desc>
    <type>Glacier</type>
  </wpt>
  <wpt lat="48.4450966" lon="1.4879917">
    <name>Piperno</name>
    <desc>Type: Restaurant, Ligne droite jusqu'à l'itinéraire: 388 m, Kilomètre d'itinéraire: 124.5 km</desc>
    <type>Restaurant</type>
  </wpt>
  <wpt lat="48.4442951" lon="1.4878115">
    <name>Le Phare Saint-Louis</name>
    <desc>Type: Restaurant, Ligne droite jusqu'à l'itinéraire: 392 m, Kilomètre d'itinéraire: 124.5 km</desc>
    <type>Restaurant</type>
  </wpt>
  <wpt lat="48.4450518" lon="1.4879213">
    <name>Côté sushi</name>
    <desc>Type: Restaurant, Ligne droite jusqu'à l'itinéraire: 392 m, Kilomètre d'itinéraire: 124.5 km</desc>
    <type>Restaurant</type>
  </wpt>
  <wpt lat="48.4453184" lon="1.4880014">
    <name>iT</name>
    <desc>Type: Restaurant, Ligne droite jusqu'à l'itinéraire: 394 m, Kilomètre d'itinéraire: 124.5 km</desc>
    <type>Restaurant</type>
  </wpt>
  <wpt lat="48.4450211" lon="1.4878506">
    <name>Pitaya</name>
    <desc>Type: Restauration rapide, Ligne droite jusqu'à l'itinéraire: 397 m, Kilomètre d'itinéraire: 124.5 km</desc>
    <type>Restauration rapide</type>
  </wpt>
  <wpt lat="48.4440498" lon="1.4875565">
    <name>Paul</name>
    <desc>Type: Boulangerie, Ligne droite jusqu'à l'itinéraire: 412 m, Kilomètre d'itinéraire: 124.5 km</desc>
    <type>Boulangerie</type>
  </wpt>
  <wpt lat="48.4453085" lon="1.4877255">
    <name>Franprix</name>
    <desc>Type: Épicerie, Ligne droite jusqu'à l'itinéraire: 413 m, Kilomètre d'itinéraire: 124.5 km</desc>
    <type>Épicerie</type>
  </wpt>
  <wpt lat="48.4437028" lon="1.487472">
    <name>MoJo Coffee &amp; Toast</name>
    <desc>Type: Café, Ligne droite jusqu'à l'itinéraire: 423 m, Kilomètre d'itinéraire: 124.5 km</desc>
    <type>Café</type>
  </wpt>
  <wpt lat="48.4452233" lon="1.4875409">
    <name>Le Café du Général</name>
    <desc>Type: Café, Ligne droite jusqu'à l'itinéraire: 424 m, Kilomètre d'itinéraire: 124.5 km</desc>
    <type>Café</type>
  </wpt>
  <wpt lat="48.4435645" lon="1.4874697">
    <name>Bistro des Halles</name>
    <desc>Type: Restaurant, Ligne droite jusqu'à l'itinéraire: 426 m, Kilomètre d'itinéraire: 124.5 km</desc>
    <type>Restaurant</type>
  </wpt>
  <wpt lat="48.4451824" lon="1.4874003">
    <name>La Chocolaterie</name>
    <desc>Type: Café, Ligne droite jusqu'à l'itinéraire: 433 m, Kilomètre d'itinéraire: 124.5 km</desc>
    <type>Café</type>
  </wpt>
  <wpt lat="48.4460466" lon="1.4875382">
    <name>L'Annexe</name>
    <desc>Type: Restaurant, Ligne droite jusqu'à l'itinéraire: 454 m, Kilomètre d'itinéraire: 124.5 km</desc>
    <type>Restaurant</type>
  </wpt>
  <wpt lat="48.4451824" lon="1.4870726">
    <name>B-Chef</name>
    <desc>Type: Restauration rapide, Ligne droite jusqu'à l'itinéraire: 457 m, Kilomètre d'itinéraire: 124.5 km</desc>
    <type>Restauration rapide</type>
  </wpt>
  <wpt lat="48.4442653" lon="1.4868842">
    <name>Normal</name>
    <desc>Type: Épicerie, Ligne droite jusqu'à l'itinéraire: 461 m, Kilomètre d'itinéraire: 124.5 km</desc>
    <type>Épicerie</type>
  </wpt>
  <wpt lat="48.4455295" lon="1.4871331">
    <name>Roma Nostra</name>
    <desc>Type: Restaurant, Ligne droite jusqu'à l'itinéraire: 462 m, Kilomètre d'itinéraire: 124.5 km</desc>
    <type>Restaurant</type>
  </wpt>
  <wpt lat="48.4452953" lon="1.4869236">
    <name>Garage</name>
    <desc>Type: Restaurant, Ligne droite jusqu'à l'itinéraire: 470 m, Kilomètre d'itinéraire: 124.5 km</desc>
    <type>Restaurant</type>
  </wpt>
  <wpt lat="48.4456188" lon="1.4870486">
    <name>Le Comptoir de Mamie  Bigoude</name>
    <desc>Type: Restaurant, Ligne droite jusqu'à l'itinéraire: 471 m, Kilomètre d'itinéraire: 124.5 km</desc>
    <type>Restaurant</type>
  </wpt>
  <wpt lat="48.4457391" lon="1.4869529">
    <name>Paul</name>
    <desc>Type: Restauration rapide, Ligne droite jusqu'à l'itinéraire: 482 m, Kilomètre d'itinéraire: 124.5 km</desc>
    <type>Restauration rapide</type>
  </wpt>
  <wpt lat="48.4455243" lon="1.4866823">
    <name>Yog &amp; Eat</name>
    <desc>Type: Restauration rapide, Ligne droite jusqu'à l'itinéraire: 494 m, Kilomètre d'itinéraire: 124.5 km</desc>
    <type>Restauration rapide</type>
  </wpt>
  <wpt lat="48.4426431" lon="1.4897202">
    <name>La table de Julie</name>
    <desc>Type: Restaurant, Ligne droite jusqu'à l'itinéraire: 313 m, Kilomètre d'itinéraire: 124.5 km</desc>
    <type>Restaurant</type>
  </wpt>
  <wpt lat="48.4426401" lon="1.4900034">
    <name>My kitchen</name>
    <desc>Type: Restaurant, Ligne droite jusqu'à l'itinéraire: 297 m, Kilomètre d'itinéraire: 124.5 km</desc>
    <type>Restaurant</type>
  </wpt>
  <wpt lat="48.4425905" lon="1.4899258">
    <name>Épicerino</name>
    <desc>Type: Épicerie, Ligne droite jusqu'à l'itinéraire: 304 m, Kilomètre d'itinéraire: 124.6 km</desc>
    <type>Épicerie</type>
  </wpt>
  <wpt lat="48.4425488" lon="1.4898765">
    <name>L'isola</name>
    <desc>Type: Restaurant, Ligne droite jusqu'à l'itinéraire: 310 m, Kilomètre d'itinéraire: 124.6 km</desc>
    <type>Restaurant</type>
  </wpt>
  <wpt lat="48.4441182" lon="1.4932355">
    <name>Toilettes</name>
    <desc>Type: Toilettes, Ligne droite jusqu'à l'itinéraire: 7 m, Kilomètre d'itinéraire: 124.6 km</desc>
    <type>Toilettes</type>
  </wpt>
  <wpt lat="48.4441268" lon="1.4932627">
    <name>Eau potable</name>
    <desc>Type: Eau potable, Ligne droite jusqu'à l'itinéraire: 4 m, Kilomètre d'itinéraire: 124.6 km</desc>
    <type>Eau potable</type>
  </wpt>
  <wpt lat="48.4420321" lon="1.4892545">
    <name>Sakura du Paradis</name>
    <desc>Type: Restaurant, Ligne droite jusqu'à l'itinéraire: 381 m, Kilomètre d'itinéraire: 124.6 km</desc>
    <type>Restaurant</type>
  </wpt>
  <wpt lat="48.4418184" lon="1.4897918">
    <name>Pizza Hut</name>
    <desc>Type: Restaurant, Ligne droite jusqu'à l'itinéraire: 364 m, Kilomètre d'itinéraire: 124.6 km</desc>
    <type>Restaurant</type>
  </wpt>
  <wpt lat="48.442086" lon="1.4908492">
    <name>Toilettes</name>
    <desc>Type: Toilettes, Ligne droite jusqu'à l'itinéraire: 283 m, Kilomètre d'itinéraire: 124.6 km</desc>
    <type>Toilettes</type>
  </wpt>
  <wpt lat="48.4420642" lon="1.4943431">
    <name>Appart Hôtel - Residhome Chartres</name>
    <desc>Type: Hôtel, Ligne droite jusqu'à l'itinéraire: 159 m, Kilomètre d'itinéraire: 124.7 km</desc>
    <type>Hôtel</type>
  </wpt>
  <wpt lat="48.4431324" lon="1.4988437">
    <name>Toilettes</name>
    <desc>Type: Toilettes, Ligne droite jusqu'à l'itinéraire: 94 m, Kilomètre d'itinéraire: 125.0 km</desc>
    <type>Toilettes</type>
  </wpt>
  <wpt lat="48.444012177874896" lon="1.502324312854092">
    <name>Cimetière Saint-Chéron</name>
    <desc>Type: Cimetière (eau potable), Ligne droite jusqu'à l'itinéraire: 355 m, Kilomètre d'itinéraire: 125.1 km</desc>
    <type>Cimetière (eau potable)</type>
  </wpt>
  <wpt lat="48.43614914374481" lon="1.499653106207271">
    <name>Toilettes</name>
    <desc>Type: Toilettes, Ligne droite jusqu'à l'itinéraire: 105 m, Kilomètre d'itinéraire: 125.7 km</desc>
    <type>Toilettes</type>
  </wpt>
  <wpt lat="48.437579212735464" lon="1.4946007082945068">
    <name>Cimetière (eau potable)</name>
    <desc>Type: Cimetière (eau potable), Ligne droite jusqu'à l'itinéraire: 228 m, Kilomètre d'itinéraire: 125.9 km</desc>
    <type>Cimetière (eau potable)</type>
  </wpt>
  <wpt lat="48.43183369863922" lon="1.4936193673642588">
    <name>Intermarché Super</name>
    <desc>Type: Supermarché, Ligne droite jusqu'à l'itinéraire: 175 m, Kilomètre d'itinéraire: 126.3 km</desc>
    <type>Supermarché</type>
  </wpt>
  <wpt lat="48.43194601521926" lon="1.4923424856836445">
    <name>Intermarché</name>
    <desc>Type: Station-service, Ligne droite jusqu'à l'itinéraire: 120 m, Kilomètre d'itinéraire: 126.7 km</desc>
    <type>Station-service</type>
  </wpt>
  <wpt lat="48.43169011110423" lon="1.4921489930872607">
    <name>Le Pétrin Ribeïrou</name>
    <desc>Type: Boulangerie, Ligne droite jusqu'à l'itinéraire: 114 m, Kilomètre d'itinéraire: 126.7 km</desc>
    <type>Boulangerie</type>
  </wpt>
  <wpt lat="48.4313576" lon="1.4924736">
    <name>NaturéO</name>
    <desc>Type: Supermarché, Ligne droite jusqu'à l'itinéraire: 146 m, Kilomètre d'itinéraire: 126.7 km</desc>
    <type>Supermarché</type>
  </wpt>
  <wpt lat="48.4306305" lon="1.4770522">
    <name>Chambre d'hôtes</name>
    <desc>Type: Chambre d'hôtes, Ligne droite jusqu'à l'itinéraire: 368 m, Kilomètre d'itinéraire: 127.7 km</desc>
    <type>Chambre d'hôtes</type>
  </wpt>
  <wpt lat="48.4284651" lon="1.4743487">
    <name>Carrefour Express</name>
    <desc>Type: Épicerie, Ligne droite jusqu'à l'itinéraire: 469 m, Kilomètre d'itinéraire: 127.9 km</desc>
    <type>Épicerie</type>
  </wpt>
  <wpt lat="48.426497332894265" lon="1.4761665381061695">
    <name>Cimetière (eau potable)</name>
    <desc>Type: Cimetière (eau potable), Ligne droite jusqu'à l'itinéraire: 321 m, Kilomètre d'itinéraire: 128.0 km</desc>
    <type>Cimetière (eau potable)</type>
  </wpt>
  <wpt lat="48.4260735" lon="1.4757193">
    <name>Eau potable</name>
    <desc>Type: Eau potable, Ligne droite jusqu'à l'itinéraire: 352 m, Kilomètre d'itinéraire: 128.1 km</desc>
    <type>Eau potable</type>
  </wpt>
  <wpt lat="48.4240401" lon="1.4799534">
    <name>Toilettes</name>
    <desc>Type: Toilettes, Ligne droite jusqu'à l'itinéraire: 8 m, Kilomètre d'itinéraire: 128.3 km</desc>
    <type>Toilettes</type>
  </wpt>
  <wpt lat="48.422827670387214" lon="1.4822501220415158">
    <name>O'LAC</name>
    <desc>Type: Restauration rapide, Ligne droite jusqu'à l'itinéraire: 134 m, Kilomètre d'itinéraire: 128.5 km</desc>
    <type>Restauration rapide</type>
  </wpt>
  <wpt lat="48.4155067" lon="1.474472">
    <name>Au Bureau</name>
    <desc>Type: Restaurant, Ligne droite jusqu'à l'itinéraire: 307 m, Kilomètre d'itinéraire: 129.4 km</desc>
    <type>Restaurant</type>
  </wpt>
  <wpt lat="48.4154455" lon="1.4735478">
    <name>Bob's Foodcourt</name>
    <desc>Type: Restaurant, Ligne droite jusqu'à l'itinéraire: 374 m, Kilomètre d'itinéraire: 129.4 km</desc>
    <type>Restaurant</type>
  </wpt>
  <wpt lat="48.4105086" lon="1.481536">
    <name>Toilettes</name>
    <desc>Type: Toilettes, Ligne droite jusqu'à l'itinéraire: 143 m, Kilomètre d'itinéraire: 130.0 km</desc>
    <type>Toilettes</type>
  </wpt>
  <wpt lat="48.40802433148085" lon="1.4705846389689508">
    <name>Cimetière (eau potable)</name>
    <desc>Type: Cimetière (eau potable), Ligne droite jusqu'à l'itinéraire: 265 m, Kilomètre d'itinéraire: 132.0 km</desc>
    <type>Cimetière (eau potable)</type>
  </wpt>
  <wpt lat="48.40959071202838" lon="1.4654093825430798">
    <name>Station Service E.Leclerc</name>
    <desc>Type: Station-service, Ligne droite jusqu'à l'itinéraire: 110 m, Kilomètre d'itinéraire: 132.2 km</desc>
    <type>Station-service</type>
  </wpt>
  <wpt lat="48.4108182" lon="1.4650138">
    <name>E.Leclerc</name>
    <desc>Type: Supermarché, Ligne droite jusqu'à l'itinéraire: 236 m, Kilomètre d'itinéraire: 132.3 km</desc>
    <type>Supermarché</type>
  </wpt>
  <wpt lat="48.4116837" lon="1.4647148">
    <name>Paul</name>
    <desc>Type: Boulangerie, Ligne droite jusqu'à l'itinéraire: 323 m, Kilomètre d'itinéraire: 132.3 km</desc>
    <type>Boulangerie</type>
  </wpt>
  <wpt lat="48.4118014" lon="1.4646091">
    <name>Columbus Café &amp; Co</name>
    <desc>Type: Café, Ligne droite jusqu'à l'itinéraire: 332 m, Kilomètre d'itinéraire: 132.3 km</desc>
    <type>Café</type>
  </wpt>
  <wpt lat="48.4120335" lon="1.4648267">
    <name>Flunch</name>
    <desc>Type: Restaurant, Ligne droite jusqu'à l'itinéraire: 362 m, Kilomètre d'itinéraire: 132.3 km</desc>
    <type>Restaurant</type>
  </wpt>
  <wpt lat="48.4119582" lon="1.4644611">
    <name>Oro</name>
    <desc>Type: Restaurant, Ligne droite jusqu'à l'itinéraire: 344 m, Kilomètre d'itinéraire: 132.4 km</desc>
    <type>Restaurant</type>
  </wpt>
  <wpt lat="48.41353886441303" lon="1.4637244687574844">
    <name>McDonald's</name>
    <desc>Type: Restauration rapide, Ligne droite jusqu'à l'itinéraire: 473 m, Kilomètre d'itinéraire: 132.6 km</desc>
    <type>Restauration rapide</type>
  </wpt>
  <wpt lat="48.41696635832524" lon="1.4511127303080193">
    <name>King Wok</name>
    <desc>Type: Restaurant, Ligne droite jusqu'à l'itinéraire: 488 m, Kilomètre d'itinéraire: 133.5 km</desc>
    <type>Restaurant</type>
  </wpt>
  <wpt lat="48.39906416767014" lon="1.4162201458359203">
    <name>Cimetière (eau potable)</name>
    <desc>Type: Cimetière (eau potable), Ligne droite jusqu'à l'itinéraire: 343 m, Kilomètre d'itinéraire: 137.7 km</desc>
    <type>Cimetière (eau potable)</type>
  </wpt>
  <wpt lat="48.39503233306637" lon="1.4119041940560848">
    <name>Toilettes</name>
    <desc>Type: Toilettes, Ligne droite jusqu'à l'itinéraire: 49 m, Kilomètre d'itinéraire: 137.9 km</desc>
    <type>Toilettes</type>
  </wpt>
  <wpt lat="48.394906160376934" lon="1.412847068937332">
    <name>Gourmandises et Traditions</name>
    <desc>Type: Boulangerie, Ligne droite jusqu'à l'itinéraire: 21 m, Kilomètre d'itinéraire: 137.9 km</desc>
    <type>Boulangerie</type>
  </wpt>
  <wpt lat="48.3819598" lon="1.4057395">
    <name>Eau potable</name>
    <desc>Type: Eau potable, Ligne droite jusqu'à l'itinéraire: 4 m, Kilomètre d'itinéraire: 139.6 km</desc>
    <type>Eau potable</type>
  </wpt>
  <wpt lat="48.36996775380147" lon="1.3812083700213842">
    <name>Cimetière (eau potable)</name>
    <desc>Type: Cimetière (eau potable), Ligne droite jusqu'à l'itinéraire: 247 m, Kilomètre d'itinéraire: 142.0 km</desc>
    <type>Cimetière (eau potable)</type>
  </wpt>
  <wpt lat="48.3674505" lon="1.3810708">
    <name>Eau potable</name>
    <desc>Type: Eau potable, Ligne droite jusqu'à l'itinéraire: 15 m, Kilomètre d'itinéraire: 142.1 km</desc>
    <type>Eau potable</type>
  </wpt>
  <wpt lat="48.35641729475435" lon="1.3596383990751666">
    <name>Cimetière (eau potable)</name>
    <desc>Type: Cimetière (eau potable), Ligne droite jusqu'à l'itinéraire: 51 m, Kilomètre d'itinéraire: 144.3 km</desc>
    <type>Cimetière (eau potable)</type>
  </wpt>
  <wpt lat="48.3561211" lon="1.3595663">
    <name>Eau potable</name>
    <desc>Type: Eau potable, Ligne droite jusqu'à l'itinéraire: 18 m, Kilomètre d'itinéraire: 144.3 km</desc>
    <type>Eau potable</type>
  </wpt>
  <wpt lat="48.3508481" lon="1.3533573">
    <name>Distributeur automatique (pizza)</name>
    <desc>Type: Distributeur automatique, Ligne droite jusqu'à l'itinéraire: 12 m, Kilomètre d'itinéraire: 145.2 km</desc>
    <type>Distributeur automatique</type>
  </wpt>
  <wpt lat="48.3507345" lon="1.3535273">
    <name>Distributeur automatique (pizza)</name>
    <desc>Type: Distributeur automatique, Ligne droite jusqu'à l'itinéraire: 5 m, Kilomètre d'itinéraire: 145.2 km</desc>
    <type>Distributeur automatique</type>
  </wpt>
  <wpt lat="48.3467128" lon="1.3507497">
    <name>Eau potable</name>
    <desc>Type: Eau potable, Ligne droite jusqu'à l'itinéraire: 4 m, Kilomètre d'itinéraire: 145.7 km</desc>
    <type>Eau potable</type>
  </wpt>
  <wpt lat="48.3075577" lon="1.2908123">
    <name>Eau potable</name>
    <desc>Type: Eau potable, Ligne droite jusqu'à l'itinéraire: 303 m, Kilomètre d'itinéraire: 151.7 km</desc>
    <type>Eau potable</type>
  </wpt>
  <wpt lat="48.307319958072085" lon="1.2909403889797093">
    <name>Cimetière (eau potable)</name>
    <desc>Type: Cimetière (eau potable), Ligne droite jusqu'à l'itinéraire: 326 m, Kilomètre d'itinéraire: 151.7 km</desc>
    <type>Cimetière (eau potable)</type>
  </wpt>
  <wpt lat="48.30694082465022" lon="1.2910144834583495">
    <name>Cimetière (eau potable)</name>
    <desc>Type: Cimetière (eau potable), Ligne droite jusqu'à l'itinéraire: 367 m, Kilomètre d'itinéraire: 151.7 km</desc>
    <type>Cimetière (eau potable)</type>
  </wpt>
  <wpt lat="48.306919" lon="1.2911809">
    <name>Eau potable</name>
    <desc>Type: Eau potable, Ligne droite jusqu'à l'itinéraire: 368 m, Kilomètre d'itinéraire: 151.7 km</desc>
    <type>Eau potable</type>
  </wpt>
  <wpt lat="48.304364847490035" lon="1.2569450419792056">
    <name>Intermarché Super</name>
    <desc>Type: Supermarché, Ligne droite jusqu'à l'itinéraire: 257 m, Kilomètre d'itinéraire: 155.6 km</desc>
    <type>Supermarché</type>
  </wpt>
  <wpt lat="48.3040381" lon="1.2562444">
    <name>Station-service</name>
    <desc>Type: Station-service, Ligne droite jusqu'à l'itinéraire: 247 m, Kilomètre d'itinéraire: 155.6 km</desc>
    <type>Station-service</type>
  </wpt>
  <wpt lat="48.30374116852655" lon="1.244796133438031">
    <name>Hôtel de la Gare</name>
    <desc>Type: Hôtel, Ligne droite jusqu'à l'itinéraire: 346 m, Kilomètre d'itinéraire: 156.3 km</desc>
    <type>Hôtel</type>
  </wpt>
  <wpt lat="48.2996599" lon="1.2452568">
    <name>La Toscane</name>
    <desc>Type: Restaurant, Ligne droite jusqu'à l'itinéraire: 8 m, Kilomètre d'itinéraire: 156.6 km</desc>
    <type>Restaurant</type>
  </wpt>
  <wpt lat="48.2996575" lon="1.2444699">
    <name>L'Oasis</name>
    <desc>Type: Restauration rapide, Ligne droite jusqu'à l'itinéraire: 5 m, Kilomètre d'itinéraire: 156.7 km</desc>
    <type>Restauration rapide</type>
  </wpt>
  <wpt lat="48.2997364" lon="1.2441869">
    <name>Hôtel de l'image</name>
    <desc>Type: Hôtel, Ligne droite jusqu'à l'itinéraire: 12 m, Kilomètre d'itinéraire: 156.7 km</desc>
    <type>Hôtel</type>
  </wpt>
  <wpt lat="48.2997164" lon="1.2440716">
    <name>Rapid'Market</name>
    <desc>Type: Épicerie, Ligne droite jusqu'à l'itinéraire: 10 m, Kilomètre d'itinéraire: 156.7 km</desc>
    <type>Épicerie</type>
  </wpt>
  <wpt lat="48.3004345" lon="1.2430541">
    <name>L'atelier Corallo</name>
    <desc>Type: Boulangerie, Ligne droite jusqu'à l'itinéraire: 117 m, Kilomètre d'itinéraire: 156.7 km</desc>
    <type>Boulangerie</type>
  </wpt>
  <wpt lat="48.3006939" lon="1.2425316">
    <name>Chambre d'hôtes</name>
    <desc>Type: Chambre d'hôtes, Ligne droite jusqu'à l'itinéraire: 165 m, Kilomètre d'itinéraire: 156.7 km</desc>
    <type>Chambre d'hôtes</type>
  </wpt>
  <wpt lat="48.29957974456479" lon="1.238549263247295">
    <name>Le Point du jour</name>
    <desc>Type: Restaurant, Ligne droite jusqu'à l'itinéraire: 410 m, Kilomètre d'itinéraire: 156.7 km</desc>
    <type>Restaurant</type>
  </wpt>
  <wpt lat="48.3038173" lon="1.2422477">
    <name>Eau potable</name>
    <desc>Type: Eau potable, Ligne droite jusqu'à l'itinéraire: 485 m, Kilomètre d'itinéraire: 156.7 km</desc>
    <type>Eau potable</type>
  </wpt>
  <wpt lat="48.2995489" lon="1.2440804">
    <name>L'Oriental Kebab</name>
    <desc>Type: Restauration rapide, Ligne droite jusqu'à l'itinéraire: 5 m, Kilomètre d'itinéraire: 156.7 km</desc>
    <type>Restauration rapide</type>
  </wpt>
  <wpt lat="48.2994367" lon="1.2441313">
    <name>Épicerie de Combray</name>
    <desc>Type: Épicerie, Ligne droite jusqu'à l'itinéraire: 8 m, Kilomètre d'itinéraire: 156.7 km</desc>
    <type>Épicerie</type>
  </wpt>
  <wpt lat="48.2993916" lon="1.2441688">
    <name>Café de la place</name>
    <desc>Type: Café, Ligne droite jusqu'à l'itinéraire: 8 m, Kilomètre d'itinéraire: 156.8 km</desc>
    <type>Café</type>
  </wpt>
  <wpt lat="48.299453" lon="1.24441">
    <name>Eau potable</name>
    <desc>Type: Eau potable, Ligne droite jusqu'à l'itinéraire: 10 m, Kilomètre d'itinéraire: 156.8 km</desc>
    <type>Eau potable</type>
  </wpt>
  <wpt lat="48.2993292" lon="1.2442077">
    <name>La Madeleine d'Illiers</name>
    <desc>Type: Restaurant, Ligne droite jusqu'à l'itinéraire: 10 m, Kilomètre d'itinéraire: 156.8 km</desc>
    <type>Restaurant</type>
  </wpt>
  <wpt lat="48.298881864856924" lon="1.245276209057417">
    <name>Toilettes</name>
    <desc>Type: Toilettes, Ligne droite jusqu'à l'itinéraire: 31 m, Kilomètre d'itinéraire: 156.8 km</desc>
    <type>Toilettes</type>
  </wpt>
  <wpt lat="48.2895497" lon="1.1805928">
    <name>Eau potable</name>
    <desc>Type: Eau potable, Ligne droite jusqu'à l'itinéraire: 21 m, Kilomètre d'itinéraire: 162.6 km</desc>
    <type>Eau potable</type>
  </wpt>
  <wpt lat="48.28959622298909" lon="1.1805909657204239">
    <name>Cimetière (eau potable)</name>
    <desc>Type: Cimetière (eau potable), Ligne droite jusqu'à l'itinéraire: 26 m, Kilomètre d'itinéraire: 162.6 km</desc>
    <type>Cimetière (eau potable)</type>
  </wpt>
  <wpt lat="48.2844567" lon="1.1598699">
    <name>Restauration rapide</name>
    <desc>Type: Restauration rapide, Ligne droite jusqu'à l'itinéraire: 8 m, Kilomètre d'itinéraire: 164.3 km</desc>
    <type>Restauration rapide</type>
  </wpt>
  <wpt lat="48.2837261" lon="1.1505811">
    <name>Eau potable</name>
    <desc>Type: Eau potable, Ligne droite jusqu'à l'itinéraire: 104 m, Kilomètre d'itinéraire: 165.0 km</desc>
    <type>Eau potable</type>
  </wpt>
  <wpt lat="48.283553644810695" lon="1.1503868793252958">
    <name>Cimetière (eau potable)</name>
    <desc>Type: Cimetière (eau potable), Ligne droite jusqu'à l'itinéraire: 91 m, Kilomètre d'itinéraire: 165.0 km</desc>
    <type>Cimetière (eau potable)</type>
  </wpt>
  <wpt lat="48.2632854" lon="1.0991557">
    <name>Toilettes</name>
    <desc>Type: Toilettes, Ligne droite jusqu'à l'itinéraire: 7 m, Kilomètre d'itinéraire: 169.6 km</desc>
    <type>Toilettes</type>
  </wpt>
  <wpt lat="48.262117" lon="1.0989175">
    <name>L'Étape des Saveurs</name>
    <desc>Type: Hôtel, Ligne droite jusqu'à l'itinéraire: 13 m, Kilomètre d'itinéraire: 169.8 km</desc>
    <type>Hôtel</type>
  </wpt>
  <wpt lat="48.2620706" lon="1.0990636">
    <name>Frazé</name>
    <desc>Type: Épicerie, Ligne droite jusqu'à l'itinéraire: 25 m, Kilomètre d'itinéraire: 169.8 km</desc>
    <type>Épicerie</type>
  </wpt>
  <wpt lat="48.262596284314014" lon="1.0977107914648887">
    <name>Toilettes</name>
    <desc>Type: Toilettes, Ligne droite jusqu'à l'itinéraire: 17 m, Kilomètre d'itinéraire: 169.9 km</desc>
    <type>Toilettes</type>
  </wpt>
  <wpt lat="48.266259321106645" lon="1.0964868266786418">
    <name>Cimetière (eau potable)</name>
    <desc>Type: Cimetière (eau potable), Ligne droite jusqu'à l'itinéraire: 223 m, Kilomètre d'itinéraire: 170.2 km</desc>
    <type>Cimetière (eau potable)</type>
  </wpt>
  <wpt lat="48.274366" lon="1.0485207">
    <name>Toilettes</name>
    <desc>Type: Toilettes, Ligne droite jusqu'à l'itinéraire: 70 m, Kilomètre d'itinéraire: 173.9 km</desc>
    <type>Toilettes</type>
  </wpt>
  <wpt lat="48.272451615184295" lon="1.04536667729009">
    <name>Cimetière (eau potable)</name>
    <desc>Type: Cimetière (eau potable), Ligne droite jusqu'à l'itinéraire: 320 m, Kilomètre d'itinéraire: 174.1 km</desc>
    <type>Cimetière (eau potable)</type>
  </wpt>
  <wpt lat="48.31399920395045" lon="0.993520187841008">
    <name>Cimetière (eau potable)</name>
    <desc>Type: Cimetière (eau potable), Ligne droite jusqu'à l'itinéraire: 274 m, Kilomètre d'itinéraire: 181.6 km</desc>
    <type>Cimetière (eau potable)</type>
  </wpt>
  <wpt lat="48.3114967" lon="0.9926649">
    <name>Le Café de L'abbaye</name>
    <desc>Type: Café, Ligne droite jusqu'à l'itinéraire: 11 m, Kilomètre d'itinéraire: 181.6 km</desc>
    <type>Café</type>
  </wpt>
  <wpt lat="48.311718" lon="0.9926198">
    <name>Auberge de l'Abbaye</name>
    <desc>Type: Hôtel, Ligne droite jusqu'à l'itinéraire: 13 m, Kilomètre d'itinéraire: 181.6 km</desc>
    <type>Hôtel</type>
  </wpt>
  <wpt lat="48.311551" lon="0.9923528">
    <name>L’App’Arthé</name>
    <desc>Type: Café, Ligne droite jusqu'à l'itinéraire: 8 m, Kilomètre d'itinéraire: 181.6 km</desc>
    <type>Café</type>
  </wpt>
  <wpt lat="48.3134728" lon="0.9922356">
    <name>Toilettes</name>
    <desc>Type: Toilettes, Ligne droite jusqu'à l'itinéraire: 201 m, Kilomètre d'itinéraire: 181.6 km</desc>
    <type>Toilettes</type>
  </wpt>
  <wpt lat="48.3119011" lon="0.9910316">
    <name>Toilettes</name>
    <desc>Type: Toilettes, Ligne droite jusqu'à l'itinéraire: 14 m, Kilomètre d'itinéraire: 181.7 km</desc>
    <type>Toilettes</type>
  </wpt>
  <wpt lat="48.3122865" lon="0.990953">
    <name>Carrefour Market</name>
    <desc>Type: Épicerie, Ligne droite jusqu'à l'itinéraire: 56 m, Kilomètre d'itinéraire: 181.7 km</desc>
    <type>Épicerie</type>
  </wpt>
  <wpt lat="48.3122658" lon="0.9907062">
    <name>Boulangerie de l'Étang</name>
    <desc>Type: Boulangerie, Ligne droite jusqu'à l'itinéraire: 57 m, Kilomètre d'itinéraire: 181.7 km</desc>
    <type>Boulangerie</type>
  </wpt>
  <wpt lat="48.3125416" lon="0.9905226">
    <name>Station-service</name>
    <desc>Type: Station-service, Ligne droite jusqu'à l'itinéraire: 91 m, Kilomètre d'itinéraire: 181.7 km</desc>
    <type>Station-service</type>
  </wpt>
  <wpt lat="48.30262657063521" lon="0.9277111889810938">
    <name>Cimetière (eau potable)</name>
    <desc>Type: Cimetière (eau potable), Ligne droite jusqu'à l'itinéraire: 80 m, Kilomètre d'itinéraire: 186.7 km</desc>
    <type>Cimetière (eau potable)</type>
  </wpt>
  <wpt lat="48.29364103373858" lon="0.8642496188792304">
    <name>Cimetière (eau potable)</name>
    <desc>Type: Cimetière (eau potable), Ligne droite jusqu'à l'itinéraire: 364 m, Kilomètre d'itinéraire: 193.6 km</desc>
    <type>Cimetière (eau potable)</type>
  </wpt>
  <wpt lat="48.313656400438724" lon="0.8313365516957263">
    <name>CocciMarket</name>
    <desc>Type: Épicerie, Ligne droite jusqu'à l'itinéraire: 191 m, Kilomètre d'itinéraire: 197.3 km</desc>
    <type>Épicerie</type>
  </wpt>
  <wpt lat="48.3136827" lon="0.8282348">
    <name>Les Orchidées</name>
    <desc>Type: Chambre d'hôtes, Ligne droite jusqu'à l'itinéraire: 109 m, Kilomètre d'itinéraire: 197.5 km</desc>
    <type>Chambre d'hôtes</type>
  </wpt>
  <wpt lat="48.314115" lon="0.823977">
    <name>chambre dHôtes Saint-Jean</name>
    <desc>Type: Chambre d'hôtes, Ligne droite jusqu'à l'itinéraire: 11 m, Kilomètre d'itinéraire: 197.8 km</desc>
    <type>Chambre d'hôtes</type>
  </wpt>
  <wpt lat="48.31551645046774" lon="0.8196574479304558">
    <name>Gîte des Marches du Château</name>
    <desc>Type: Chambre d'hôtes, Ligne droite jusqu'à l'itinéraire: 174 m, Kilomètre d'itinéraire: 198.0 km</desc>
    <type>Chambre d'hôtes</type>
  </wpt>
  <wpt lat="48.3208171" lon="0.8229507">
    <name>Broceliande</name>
    <desc>Type: Restaurant, Ligne droite jusqu'à l'itinéraire: 14 m, Kilomètre d'itinéraire: 198.8 km</desc>
    <type>Restaurant</type>
  </wpt>
  <wpt lat="48.3208985" lon="0.8227871">
    <name>Brocéliande</name>
    <desc>Type: Restaurant, Ligne droite jusqu'à l'itinéraire: 13 m, Kilomètre d'itinéraire: 198.9 km</desc>
    <type>Restaurant</type>
  </wpt>
  <wpt lat="48.3213485" lon="0.8210637">
    <name>U Express</name>
    <desc>Type: Supermarché, Ligne droite jusqu'à l'itinéraire: 52 m, Kilomètre d'itinéraire: 198.9 km</desc>
    <type>Supermarché</type>
  </wpt>
  <wpt lat="48.3216949" lon="0.8192377">
    <name>Le Fournil de la Herse</name>
    <desc>Type: Boulangerie, Ligne droite jusqu'à l'itinéraire: 179 m, Kilomètre d'itinéraire: 199.0 km</desc>
    <type>Boulangerie</type>
  </wpt>
  <wpt lat="48.3218447" lon="0.8203844">
    <name>Le Circonflexe</name>
    <desc>Type: Restaurant, Ligne droite jusqu'à l'itinéraire: 111 m, Kilomètre d'itinéraire: 199.0 km</desc>
    <type>Restaurant</type>
  </wpt>
  <wpt lat="48.3218199" lon="0.8206505">
    <name>La Mie Câline</name>
    <desc>Type: Boulangerie, Ligne droite jusqu'à l'itinéraire: 91 m, Kilomètre d'itinéraire: 199.0 km</desc>
    <type>Boulangerie</type>
  </wpt>
  <wpt lat="48.3218672" lon="0.8214491">
    <name>Toilettes</name>
    <desc>Type: Toilettes, Ligne droite jusqu'à l'itinéraire: 34 m, Kilomètre d'itinéraire: 199.0 km</desc>
    <type>Toilettes</type>
  </wpt>
  <wpt lat="48.3220056" lon="0.8216214">
    <name>La Casa Line</name>
    <desc>Type: Restaurant, Ligne droite jusqu'à l'itinéraire: 24 m, Kilomètre d'itinéraire: 199.0 km</desc>
    <type>Restaurant</type>
  </wpt>
  <wpt lat="48.3223669" lon="0.820763">
    <name>La Terrasse Saint-Pol</name>
    <desc>Type: Restaurant, Ligne droite jusqu'à l'itinéraire: 89 m, Kilomètre d'itinéraire: 199.1 km</desc>
    <type>Restaurant</type>
  </wpt>
  <wpt lat="48.3224373" lon="0.8218236">
    <name>Du Peps</name>
    <desc>Type: Restaurant, Ligne droite jusqu'à l'itinéraire: 18 m, Kilomètre d'itinéraire: 199.1 km</desc>
    <type>Restaurant</type>
  </wpt>
  <wpt lat="48.3225506" lon="0.8216874">
    <name>Indian street</name>
    <desc>Type: Restaurant, Ligne droite jusqu'à l'itinéraire: 30 m, Kilomètre d'itinéraire: 199.1 km</desc>
    <type>Restaurant</type>
  </wpt>
  <wpt lat="48.3230814" lon="0.8214406">
    <name>Anita et Antony Caron</name>
    <desc>Type: Boulangerie, Ligne droite jusqu'à l'itinéraire: 3 m, Kilomètre d'itinéraire: 199.2 km</desc>
    <type>Boulangerie</type>
  </wpt>
  <wpt lat="48.3233016" lon="0.8210605">
    <name>Restaurant Maison Italie</name>
    <desc>Type: Restaurant, Ligne droite jusqu'à l'itinéraire: 17 m, Kilomètre d'itinéraire: 199.2 km</desc>
    <type>Restaurant</type>
  </wpt>
  <wpt lat="48.3243458" lon="0.8202644">
    <name>Sully</name>
    <desc>Type: Hôtel, Ligne droite jusqu'à l'itinéraire: 124 m, Kilomètre d'itinéraire: 199.3 km</desc>
    <type>Hôtel</type>
  </wpt>
  <wpt lat="48.324191" lon="0.8194043">
    <name>Affinité Bio</name>
    <desc>Type: Supermarché, Ligne droite jusqu'à l'itinéraire: 97 m, Kilomètre d'itinéraire: 199.4 km</desc>
    <type>Supermarché</type>
  </wpt>
  <wpt lat="48.3218647" lon="0.8183373">
    <name>Toilettes</name>
    <desc>Type: Toilettes, Ligne droite jusqu'à l'itinéraire: 170 m, Kilomètre d'itinéraire: 199.4 km</desc>
    <type>Toilettes</type>
  </wpt>
  <wpt lat="48.3237253" lon="0.8163934">
    <name>Le 42 chambres d'hôtes</name>
    <desc>Type: Chambre d'hôtes, Ligne droite jusqu'à l'itinéraire: 14 m, Kilomètre d'itinéraire: 199.6 km</desc>
    <type>Chambre d'hôtes</type>
  </wpt>
  <wpt lat="48.3213629" lon="0.8153077">
    <name>Le berlinois</name>
    <desc>Type: Restauration rapide, Ligne droite jusqu'à l'itinéraire: 258 m, Kilomètre d'itinéraire: 199.6 km</desc>
    <type>Restauration rapide</type>
  </wpt>
  <wpt lat="48.3238123" lon="0.8153328">
    <name>Crêperie La Bigoudine</name>
    <desc>Type: Restaurant, Ligne droite jusqu'à l'itinéraire: 12 m, Kilomètre d'itinéraire: 199.7 km</desc>
    <type>Restaurant</type>
  </wpt>
  <wpt lat="48.3238513" lon="0.8152431">
    <name>boulangerie patisserie</name>
    <desc>Type: Boulangerie, Ligne droite jusqu'à l'itinéraire: 15 m, Kilomètre d'itinéraire: 199.7 km</desc>
    <type>Boulangerie</type>
  </wpt>
  <wpt lat="48.3239912" lon="0.8115477">
    <name>Boulangerie</name>
    <desc>Type: Boulangerie, Ligne droite jusqu'à l'itinéraire: 43 m, Kilomètre d'itinéraire: 199.9 km</desc>
    <type>Boulangerie</type>
  </wpt>
  <wpt lat="48.325018" lon="0.8106787">
    <name>l'Étoile d'Asie</name>
    <desc>Type: Restaurant, Ligne droite jusqu'à l'itinéraire: 155 m, Kilomètre d'itinéraire: 199.9 km</desc>
    <type>Restaurant</type>
  </wpt>
  <wpt lat="48.3254279" lon="0.8107594">
    <name>Bergamasca</name>
    <desc>Type: Restaurant, Ligne droite jusqu'à l'itinéraire: 187 m, Kilomètre d'itinéraire: 199.9 km</desc>
    <type>Restaurant</type>
  </wpt>
  <wpt lat="48.320857828629734" lon="0.8103057825382854">
    <name>Cimetière (eau potable)</name>
    <desc>Type: Cimetière (eau potable), Ligne droite jusqu'à l'itinéraire: 105 m, Kilomètre d'itinéraire: 200.2 km</desc>
    <type>Cimetière (eau potable)</type>
  </wpt>
  <wpt lat="48.3063178" lon="0.808289">
    <name>Total Contact</name>
    <desc>Type: Épicerie, Ligne droite jusqu'à l'itinéraire: 25 m, Kilomètre d'itinéraire: 202.2 km</desc>
    <type>Épicerie</type>
  </wpt>
  <wpt lat="48.27100247464551" lon="0.7415928158836192">
    <name>Cimetière (eau potable)</name>
    <desc>Type: Cimetière (eau potable), Ligne droite jusqu'à l'itinéraire: 29 m, Kilomètre d'itinéraire: 208.8 km</desc>
    <type>Cimetière (eau potable)</type>
  </wpt>
  <wpt lat="48.25497895" lon="0.6948452000000007">
    <name>Station-service</name>
    <desc>Type: Station-service, Ligne droite jusqu'à l'itinéraire: 276 m, Kilomètre d'itinéraire: 212.9 km</desc>
    <type>Station-service</type>
  </wpt>
  <wpt lat="48.22771975" lon="0.6754569000000004">
    <name>Toilettes</name>
    <desc>Type: Toilettes, Ligne droite jusqu'à l'itinéraire: 440 m, Kilomètre d'itinéraire: 216.2 km</desc>
    <type>Toilettes</type>
  </wpt>
  <wpt lat="48.2271436" lon="0.6784914">
    <name>Café</name>
    <desc>Type: Café, Ligne droite jusqu'à l'itinéraire: 205 m, Kilomètre d'itinéraire: 216.2 km</desc>
    <type>Café</type>
  </wpt>
  <wpt lat="48.2259284" lon="0.6808569">
    <name>Le Cheval Blanc</name>
    <desc>Type: Restaurant, Ligne droite jusqu'à l'itinéraire: 2 m, Kilomètre d'itinéraire: 216.3 km</desc>
    <type>Restaurant</type>
  </wpt>
  <wpt lat="48.22485788326478" lon="0.67694747008846">
    <name>Cimetière (eau potable)</name>
    <desc>Type: Cimetière (eau potable), Ligne droite jusqu'à l'itinéraire: 257 m, Kilomètre d'itinéraire: 216.4 km</desc>
    <type>Cimetière (eau potable)</type>
  </wpt>
  <wpt lat="48.19273344836626" lon="0.6637767239267746">
    <name>ALDI</name>
    <desc>Type: Supermarché, Ligne droite jusqu'à l'itinéraire: 87 m, Kilomètre d'itinéraire: 220.2 km</desc>
    <type>Supermarché</type>
  </wpt>
  <wpt lat="48.1918767" lon="0.6620263">
    <name>Total Access</name>
    <desc>Type: Station-service, Ligne droite jusqu'à l'itinéraire: 22 m, Kilomètre d'itinéraire: 220.4 km</desc>
    <type>Station-service</type>
  </wpt>
  <wpt lat="48.185797" lon="0.6574771">
    <name>Boulangerie Benoît</name>
    <desc>Type: Boulangerie, Ligne droite jusqu'à l'itinéraire: 65 m, Kilomètre d'itinéraire: 221.1 km</desc>
    <type>Boulangerie</type>
  </wpt>
  <wpt lat="48.1857344" lon="0.6575066">
    <name>Kampaii</name>
    <desc>Type: Restaurant, Ligne droite jusqu'à l'itinéraire: 71 m, Kilomètre d'itinéraire: 221.1 km</desc>
    <type>Restaurant</type>
  </wpt>
  <wpt lat="48.1844325" lon="0.6578017">
    <name>Nora</name>
    <desc>Type: Restaurant, Ligne droite jusqu'à l'itinéraire: 216 m, Kilomètre d'itinéraire: 221.1 km</desc>
    <type>Restaurant</type>
  </wpt>
  <wpt lat="48.184293" lon="0.6578339">
    <name>Restaurant</name>
    <desc>Type: Restaurant, Ligne droite jusqu'à l'itinéraire: 231 m, Kilomètre d'itinéraire: 221.1 km</desc>
    <type>Restaurant</type>
  </wpt>
  <wpt lat="48.1838903" lon="0.6583026">
    <name>Le Celtic</name>
    <desc>Type: Café, Ligne droite jusqu'à l'itinéraire: 280 m, Kilomètre d'itinéraire: 221.1 km</desc>
    <type>Café</type>
  </wpt>
  <wpt lat="48.1865021" lon="0.6574263">
    <name>La Perdrix</name>
    <desc>Type: Restaurant, Ligne droite jusqu'à l'itinéraire: 10 m, Kilomètre d'itinéraire: 221.1 km</desc>
    <type>Restaurant</type>
  </wpt>
  <wpt lat="48.1852623" lon="0.6570024">
    <name>Toilettes</name>
    <desc>Type: Toilettes, Ligne droite jusqu'à l'itinéraire: 131 m, Kilomètre d'itinéraire: 221.1 km</desc>
    <type>Toilettes</type>
  </wpt>
  <wpt lat="48.1865226" lon="0.6572853">
    <name>La Perdrix</name>
    <desc>Type: Hôtel, Ligne droite jusqu'à l'itinéraire: 10 m, Kilomètre d'itinéraire: 221.1 km</desc>
    <type>Hôtel</type>
  </wpt>
  <wpt lat="48.18525983845373" lon="0.6546278458652394">
    <name>Au Bistronome</name>
    <desc>Type: Restaurant, Ligne droite jusqu'à l'itinéraire: 174 m, Kilomètre d'itinéraire: 221.3 km</desc>
    <type>Restaurant</type>
  </wpt>
  <wpt lat="48.1869128" lon="0.6550143">
    <name>Café du Commerce</name>
    <desc>Type: Café, Ligne droite jusqu'à l'itinéraire: 11 m, Kilomètre d'itinéraire: 221.3 km</desc>
    <type>Café</type>
  </wpt>
  <wpt lat="48.1850472" lon="0.6541645">
    <name>Le Cygne</name>
    <desc>Type: Restaurant, Ligne droite jusqu'à l'itinéraire: 206 m, Kilomètre d'itinéraire: 221.3 km</desc>
    <type>Restaurant</type>
  </wpt>
  <wpt lat="48.1853037" lon="0.6540713">
    <name>Aux Délices Fertois</name>
    <desc>Type: Boulangerie, Ligne droite jusqu'à l'itinéraire: 180 m, Kilomètre d'itinéraire: 221.3 km</desc>
    <type>Boulangerie</type>
  </wpt>
  <wpt lat="48.1860413" lon="0.6541184">
    <name>Madame Moustache</name>
    <desc>Type: Restaurant, Ligne droite jusqu'à l'itinéraire: 99 m, Kilomètre d'itinéraire: 221.3 km</desc>
    <type>Restaurant</type>
  </wpt>
  <wpt lat="48.1867386" lon="0.6542333">
    <name>Le Bacchus</name>
    <desc>Type: Restaurant, Ligne droite jusqu'à l'itinéraire: 22 m, Kilomètre d'itinéraire: 221.4 km</desc>
    <type>Restaurant</type>
  </wpt>
  <wpt lat="48.1856074" lon="0.653816">
    <name>La Tour de Pizze</name>
    <desc>Type: Restaurant, Ligne droite jusqu'à l'itinéraire: 152 m, Kilomètre d'itinéraire: 221.4 km</desc>
    <type>Restaurant</type>
  </wpt>
  <wpt lat="48.1861967" lon="0.6539324">
    <name>Toilettes</name>
    <desc>Type: Toilettes, Ligne droite jusqu'à l'itinéraire: 86 m, Kilomètre d'itinéraire: 221.4 km</desc>
    <type>Toilettes</type>
  </wpt>
  <wpt lat="48.185663" lon="0.6537712">
    <name>Le P'tit Grumeau</name>
    <desc>Type: Restaurant, Ligne droite jusqu'à l'itinéraire: 147 m, Kilomètre d'itinéraire: 221.4 km</desc>
    <type>Restaurant</type>
  </wpt>
  <wpt lat="48.1854808" lon="0.6537147">
    <name>Subway</name>
    <desc>Type: Restauration rapide, Ligne droite jusqu'à l'itinéraire: 167 m, Kilomètre d'itinéraire: 221.4 km</desc>
    <type>Restauration rapide</type>
  </wpt>
  <wpt lat="48.1856159" lon="0.6534785">
    <name>Le Marais</name>
    <desc>Type: Restaurant, Ligne droite jusqu'à l'itinéraire: 157 m, Kilomètre d'itinéraire: 221.4 km</desc>
    <type>Restaurant</type>
  </wpt>
  <wpt lat="48.185557" lon="0.6533006">
    <name>Comme à la maison</name>
    <desc>Type: Restaurant, Ligne droite jusqu'à l'itinéraire: 166 m, Kilomètre d'itinéraire: 221.4 km</desc>
    <type>Restaurant</type>
  </wpt>
  <wpt lat="48.185524" lon="0.6533455">
    <name>Au p'tit primeur</name>
    <desc>Type: Épicerie, Ligne droite jusqu'à l'itinéraire: 169 m, Kilomètre d'itinéraire: 221.4 km</desc>
    <type>Épicerie</type>
  </wpt>
  <wpt lat="48.1857969" lon="0.6529855">
    <name>Carrefour Express</name>
    <desc>Type: Épicerie, Ligne droite jusqu'à l'itinéraire: 146 m, Kilomètre d'itinéraire: 221.4 km</desc>
    <type>Épicerie</type>
  </wpt>
  <wpt lat="48.1833524" lon="0.6521624">
    <name>La Pause Gourmande</name>
    <desc>Type: Boulangerie, Ligne droite jusqu'à l'itinéraire: 425 m, Kilomètre d'itinéraire: 221.4 km</desc>
    <type>Boulangerie</type>
  </wpt>
  <wpt lat="48.1855295" lon="0.6526981">
    <name>Rest'O Vin</name>
    <desc>Type: Restaurant, Ligne droite jusqu'à l'itinéraire: 180 m, Kilomètre d'itinéraire: 221.4 km</desc>
    <type>Restaurant</type>
  </wpt>
  <wpt lat="48.1881362" lon="0.6535868">
    <name>Le Stade</name>
    <desc>Type: Restaurant, Ligne droite jusqu'à l'itinéraire: 117 m, Kilomètre d'itinéraire: 221.4 km</desc>
    <type>Restaurant</type>
  </wpt>
  <wpt lat="48.1880962" lon="0.6534237">
    <name>Le stade</name>
    <desc>Type: Hôtel, Ligne droite jusqu'à l'itinéraire: 110 m, Kilomètre d'itinéraire: 221.4 km</desc>
    <type>Hôtel</type>
  </wpt>
  <wpt lat="48.1863752" lon="0.6521305">
    <name>Pizza number one</name>
    <desc>Type: Restaurant, Ligne droite jusqu'à l'itinéraire: 99 m, Kilomètre d'itinéraire: 221.5 km</desc>
    <type>Restaurant</type>
  </wpt>
  <wpt lat="48.186632" lon="0.6514637">
    <name>Le Dauphin</name>
    <desc>Type: Restaurant, Ligne droite jusqu'à l'itinéraire: 84 m, Kilomètre d'itinéraire: 221.6 km</desc>
    <type>Restaurant</type>
  </wpt>
  <wpt lat="48.1862717" lon="0.650496">
    <name>Boulangerie</name>
    <desc>Type: Boulangerie, Ligne droite jusqu'à l'itinéraire: 140 m, Kilomètre d'itinéraire: 221.6 km</desc>
    <type>Boulangerie</type>
  </wpt>
  <wpt lat="48.1855702" lon="0.6487144">
    <name>U Express</name>
    <desc>Type: Épicerie, Ligne droite jusqu'à l'itinéraire: 240 m, Kilomètre d'itinéraire: 221.7 km</desc>
    <type>Épicerie</type>
  </wpt>
  <wpt lat="48.1881958" lon="0.644687">
    <name>Le Fast Food Kebab</name>
    <desc>Type: Restauration rapide, Ligne droite jusqu'à l'itinéraire: 11 m, Kilomètre d'itinéraire: 222.1 km</desc>
    <type>Restauration rapide</type>
  </wpt>
  <wpt lat="48.1872705933906" lon="0.6427753926107678">
    <name>Coccinelle Express</name>
    <desc>Type: Supermarché, Ligne droite jusqu'à l'itinéraire: 109 m, Kilomètre d'itinéraire: 222.2 km</desc>
    <type>Supermarché</type>
  </wpt>
  <wpt lat="48.1876227" lon="0.6422482">
    <name>Le Fournil de Saint-Antoine</name>
    <desc>Type: Boulangerie, Ligne droite jusqu'à l'itinéraire: 75 m, Kilomètre d'itinéraire: 222.3 km</desc>
    <type>Boulangerie</type>
  </wpt>
  <wpt lat="48.187313857661586" lon="0.6409803718228024">
    <name>Toilettes</name>
    <desc>Type: Toilettes, Ligne droite jusqu'à l'itinéraire: 89 m, Kilomètre d'itinéraire: 222.5 km</desc>
    <type>Toilettes</type>
  </wpt>
  <wpt lat="48.1868055" lon="0.6398731">
    <name>L'étoile orientale</name>
    <desc>Type: Restaurant, Ligne droite jusqu'à l'itinéraire: 27 m, Kilomètre d'itinéraire: 222.6 km</desc>
    <type>Restaurant</type>
  </wpt>
  <wpt lat="48.1694697" lon="0.6307359">
    <name>Toilettes</name>
    <desc>Type: Toilettes, Ligne droite jusqu'à l'itinéraire: 183 m, Kilomètre d'itinéraire: 225.5 km</desc>
    <type>Toilettes</type>
  </wpt>
  <wpt lat="48.14943147857421" lon="0.5957476269304076">
    <name>Cimetière (eau potable)</name>
    <desc>Type: Cimetière (eau potable), Ligne droite jusqu'à l'itinéraire: 180 m, Kilomètre d'itinéraire: 228.7 km</desc>
    <type>Cimetière (eau potable)</type>
  </wpt>
  <wpt lat="48.13218205355467" lon="0.5702809326749942">
    <name>Restaurant</name>
    <desc>Type: Restaurant, Ligne droite jusqu'à l'itinéraire: 16 m, Kilomètre d'itinéraire: 231.6 km</desc>
    <type>Restaurant</type>
  </wpt>
  <wpt lat="48.0828095" lon="0.5106959">
    <name>Toilettes</name>
    <desc>Type: Toilettes, Ligne droite jusqu'à l'itinéraire: 119 m, Kilomètre d'itinéraire: 240.0 km</desc>
    <type>Toilettes</type>
  </wpt>
  <wpt lat="48.083966580472556" lon="0.5095393506562749">
    <name>Cimetière (eau potable)</name>
    <desc>Type: Cimetière (eau potable), Ligne droite jusqu'à l'itinéraire: 36 m, Kilomètre d'itinéraire: 240.0 km</desc>
    <type>Cimetière (eau potable)</type>
  </wpt>
  <wpt lat="48.04944772680697" lon="0.41919974445650493">
    <name>Cimetière Saint-André de Pont-de-Gennes</name>
    <desc>Type: Cimetière (eau potable), Ligne droite jusqu'à l'itinéraire: 35 m, Kilomètre d'itinéraire: 248.3 km</desc>
    <type>Cimetière (eau potable)</type>
  </wpt>
  <wpt lat="48.05039917489294" lon="0.4171139188267575">
    <name>Super U</name>
    <desc>Type: Supermarché, Ligne droite jusqu'à l'itinéraire: 210 m, Kilomètre d'itinéraire: 248.4 km</desc>
    <type>Supermarché</type>
  </wpt>
  <wpt lat="48.0463619" lon="0.4192628">
    <name>Toilettes</name>
    <desc>Type: Toilettes, Ligne droite jusqu'à l'itinéraire: 250 m, Kilomètre d'itinéraire: 248.5 km</desc>
    <type>Toilettes</type>
  </wpt>
  <wpt lat="48.04781500475807" lon="0.41687281442525553">
    <name>Toilettes</name>
    <desc>Type: Toilettes, Ligne droite jusqu'à l'itinéraire: 36 m, Kilomètre d'itinéraire: 248.5 km</desc>
    <type>Toilettes</type>
  </wpt>
  <wpt lat="48.0477914" lon="0.4150142">
    <name>Boulangerie</name>
    <desc>Type: Boulangerie, Ligne droite jusqu'à l'itinéraire: 28 m, Kilomètre d'itinéraire: 248.7 km</desc>
    <type>Boulangerie</type>
  </wpt>
  <wpt lat="48.0485466" lon="0.4044947">
    <name>Épicerie solidaire le panier</name>
    <desc>Type: Épicerie, Ligne droite jusqu'à l'itinéraire: 80 m, Kilomètre d'itinéraire: 249.5 km</desc>
    <type>Épicerie</type>
  </wpt>
  <wpt lat="48.0483989" lon="0.4040976">
    <name>Le Blé Noir</name>
    <desc>Type: Restaurant, Ligne droite jusqu'à l'itinéraire: 70 m, Kilomètre d'itinéraire: 249.5 km</desc>
    <type>Restaurant</type>
  </wpt>
  <wpt lat="48.04835736854129" lon="0.4031611983488731">
    <name>Au péché gourmand</name>
    <desc>Type: Boulangerie, Ligne droite jusqu'à l'itinéraire: 66 m, Kilomètre d'itinéraire: 249.6 km</desc>
    <type>Boulangerie</type>
  </wpt>
  <wpt lat="48.04920216659213" lon="0.40279510106929833">
    <name>Toilettes</name>
    <desc>Type: Toilettes, Ligne droite jusqu'à l'itinéraire: 142 m, Kilomètre d'itinéraire: 249.7 km</desc>
    <type>Toilettes</type>
  </wpt>
  <wpt lat="48.051773980618755" lon="0.3961879939354099">
    <name>Cimetière Notre-Dame de Montfort-le-Rotrou</name>
    <desc>Type: Cimetière (eau potable), Ligne droite jusqu'à l'itinéraire: 356 m, Kilomètre d'itinéraire: 250.1 km</desc>
    <type>Cimetière (eau potable)</type>
  </wpt>
  <wpt lat="48.042639" lon="0.3853284">
    <name>Eau potable</name>
    <desc>Type: Eau potable, Ligne droite jusqu'à l'itinéraire: 82 m, Kilomètre d'itinéraire: 251.3 km</desc>
    <type>Eau potable</type>
  </wpt>
  <wpt lat="48.0433064" lon="0.3229159">
    <name>Gîte La Ferme du Petit Etaloir</name>
    <desc>Type: Chambre d'hôtes, Ligne droite jusqu'à l'itinéraire: 211 m, Kilomètre d'itinéraire: 256.6 km</desc>
    <type>Chambre d'hôtes</type>
  </wpt>
  <wpt lat="48.043305736283116" lon="0.30251850052128637">
    <name>Le Mans Country Club</name>
    <desc>Type: Hôtel, Ligne droite jusqu'à l'itinéraire: 197 m, Kilomètre d'itinéraire: 258.1 km</desc>
    <type>Hôtel</type>
  </wpt>
  <wpt lat="48.0163423" lon="0.226876">
    <name>Les Délices du Villaret</name>
    <desc>Type: Boulangerie, Ligne droite jusqu'à l'itinéraire: 113 m, Kilomètre d'itinéraire: 265.2 km</desc>
    <type>Boulangerie</type>
  </wpt>
  <wpt lat="48.01368604684477" lon="0.21867502806291558">
    <name>Toilettes</name>
    <desc>Type: Toilettes, Ligne droite jusqu'à l'itinéraire: 219 m, Kilomètre d'itinéraire: 265.6 km</desc>
    <type>Toilettes</type>
  </wpt>
  <wpt lat="48.0161845" lon="0.2183747">
    <name>Carrefour</name>
    <desc>Type: Station-service, Ligne droite jusqu'à l'itinéraire: 96 m, Kilomètre d'itinéraire: 265.9 km</desc>
    <type>Station-service</type>
  </wpt>
  <wpt lat="48.016365242541326" lon="0.21879165288640828">
    <name>Carrefour Market</name>
    <desc>Type: Épicerie, Ligne droite jusqu'à l'itinéraire: 59 m, Kilomètre d'itinéraire: 265.9 km</desc>
    <type>Épicerie</type>
  </wpt>
  <wpt lat="48.017605639348716" lon="0.21928683232923651">
    <name>Total</name>
    <desc>Type: Station-service, Ligne droite jusqu'à l'itinéraire: 43 m, Kilomètre d'itinéraire: 266.0 km</desc>
    <type>Station-service</type>
  </wpt>
  <wpt lat="48.01913898339023" lon="0.2181088990933007">
    <name>Toilettes</name>
    <desc>Type: Toilettes, Ligne droite jusqu'à l'itinéraire: 175 m, Kilomètre d'itinéraire: 266.0 km</desc>
    <type>Toilettes</type>
  </wpt>
  <wpt lat="48.0203028" lon="0.2130425">
    <name>Le Fournil de Bellevue</name>
    <desc>Type: Boulangerie, Ligne droite jusqu'à l'itinéraire: 459 m, Kilomètre d'itinéraire: 266.2 km</desc>
    <type>Boulangerie</type>
  </wpt>
  <wpt lat="48.0203396" lon="0.2129164">
    <name>Épicerie Exotic</name>
    <desc>Type: Épicerie, Ligne droite jusqu'à l'itinéraire: 467 m, Kilomètre d'itinéraire: 266.3 km</desc>
    <type>Épicerie</type>
  </wpt>
  <wpt lat="48.0166644" lon="0.2150246">
    <name>Au fil des Saveurs</name>
    <desc>Type: Boulangerie, Ligne droite jusqu'à l'itinéraire: 32 m, Kilomètre d'itinéraire: 266.3 km</desc>
    <type>Boulangerie</type>
  </wpt>
  <wpt lat="48.0163858" lon="0.2150745">
    <name>Le Longchamp</name>
    <desc>Type: Café, Ligne droite jusqu'à l'itinéraire: 3 m, Kilomètre d'itinéraire: 266.3 km</desc>
    <type>Café</type>
  </wpt>
  <wpt lat="48.016322" lon="0.2148903">
    <name>Les Délices des Maillets</name>
    <desc>Type: Boulangerie, Ligne droite jusqu'à l'itinéraire: 3 m, Kilomètre d'itinéraire: 266.3 km</desc>
    <type>Boulangerie</type>
  </wpt>
  <wpt lat="48.01595783343442" lon="0.21470743044116636">
    <name>Toilettes</name>
    <desc>Type: Toilettes, Ligne droite jusqu'à l'itinéraire: 26 m, Kilomètre d'itinéraire: 266.4 km</desc>
    <type>Toilettes</type>
  </wpt>
  <wpt lat="48.0161167" lon="0.2144499">
    <name>Miam's</name>
    <desc>Type: Restauration rapide, Ligne droite jusqu'à l'itinéraire: 2 m, Kilomètre d'itinéraire: 266.4 km</desc>
    <type>Restauration rapide</type>
  </wpt>
  <wpt lat="48.01307546119512" lon="0.21291536760050644">
    <name>Cimetière (eau potable)</name>
    <desc>Type: Cimetière (eau potable), Ligne droite jusqu'à l'itinéraire: 248 m, Kilomètre d'itinéraire: 266.6 km</desc>
    <type>Cimetière (eau potable)</type>
  </wpt>
  <wpt lat="48.0130435" lon="0.2068469">
    <name>Le Vincennes</name>
    <desc>Type: Café, Ligne droite jusqu'à l'itinéraire: 8 m, Kilomètre d'itinéraire: 267.0 km</desc>
    <type>Café</type>
  </wpt>
  <wpt lat="48.0127441" lon="0.2063511">
    <name>Resto Takos</name>
    <desc>Type: Restauration rapide, Ligne droite jusqu'à l'itinéraire: 7 m, Kilomètre d'itinéraire: 267.1 km</desc>
    <type>Restauration rapide</type>
  </wpt>
  <wpt lat="48.012546" lon="0.2058568">
    <name>Carrefour City</name>
    <desc>Type: Épicerie, Ligne droite jusqu'à l'itinéraire: 12 m, Kilomètre d'itinéraire: 267.1 km</desc>
    <type>Épicerie</type>
  </wpt>
  <wpt lat="48.0122205" lon="0.2059548">
    <name>Marignier - Pâtissier boulanger</name>
    <desc>Type: Boulangerie, Ligne droite jusqu'à l'itinéraire: 23 m, Kilomètre d'itinéraire: 267.2 km</desc>
    <type>Boulangerie</type>
  </wpt>
  <wpt lat="48.012131" lon="0.2057556">
    <name>Les Compères</name>
    <desc>Type: Restaurant, Ligne droite jusqu'à l'itinéraire: 24 m, Kilomètre d'itinéraire: 267.2 km</desc>
    <type>Restaurant</type>
  </wpt>
  <wpt lat="48.0124062" lon="0.2054927">
    <name>Prends la pause</name>
    <desc>Type: Restauration rapide, Ligne droite jusqu'à l'itinéraire: 13 m, Kilomètre d'itinéraire: 267.2 km</desc>
    <type>Restauration rapide</type>
  </wpt>
  <wpt lat="48.0122362" lon="0.205075">
    <name>So'Tacos</name>
    <desc>Type: Restauration rapide, Ligne droite jusqu'à l'itinéraire: 12 m, Kilomètre d'itinéraire: 267.2 km</desc>
    <type>Restauration rapide</type>
  </wpt>
  <wpt lat="48.0152814" lon="0.202224">
    <name>Boulangerie</name>
    <desc>Type: Boulangerie, Ligne droite jusqu'à l'itinéraire: 412 m, Kilomètre d'itinéraire: 267.2 km</desc>
    <type>Boulangerie</type>
  </wpt>
  <wpt lat="48.0077673" lon="0.20784735">
    <name>Toilettes</name>
    <desc>Type: Toilettes, Ligne droite jusqu'à l'itinéraire: 498 m, Kilomètre d'itinéraire: 267.4 km</desc>
    <type>Toilettes</type>
  </wpt>
  <wpt lat="48.0098979" lon="0.2045208">
    <name>Toilettes</name>
    <desc>Type: Toilettes, Ligne droite jusqu'à l'itinéraire: 155 m, Kilomètre d'itinéraire: 267.4 km</desc>
    <type>Toilettes</type>
  </wpt>
  <wpt lat="48.0080209" lon="0.2064369">
    <name>Aux saveurs des pains</name>
    <desc>Type: Boulangerie, Ligne droite jusqu'à l'itinéraire: 403 m, Kilomètre d'itinéraire: 267.5 km</desc>
    <type>Boulangerie</type>
  </wpt>
  <wpt lat="48.0078991" lon="0.2046257">
    <name>Havana Café</name>
    <desc>Type: Café, Ligne droite jusqu'à l'itinéraire: 316 m, Kilomètre d'itinéraire: 267.6 km</desc>
    <type>Café</type>
  </wpt>
  <wpt lat="48.01084330214729" lon="0.19925556972927475">
    <name>Délices marocains</name>
    <desc>Type: Restaurant, Ligne droite jusqu'à l'itinéraire: 200 m, Kilomètre d'itinéraire: 267.6 km</desc>
    <type>Restaurant</type>
  </wpt>
  <wpt lat="48.0108714" lon="0.19916">
    <name>Atelier n° 2</name>
    <desc>Type: Boulangerie, Ligne droite jusqu'à l'itinéraire: 207 m, Kilomètre d'itinéraire: 267.6 km</desc>
    <type>Boulangerie</type>
  </wpt>
  <wpt lat="48.010709" lon="0.1992384">
    <name>Le Saint-Vincent</name>
    <desc>Type: Café, Ligne droite jusqu'à l'itinéraire: 190 m, Kilomètre d'itinéraire: 267.6 km</desc>
    <type>Café</type>
  </wpt>
  <wpt lat="48.0106789" lon="0.1991498">
    <name>Smessa Pizzeria</name>
    <desc>Type: Restauration rapide, Ligne droite jusqu'à l'itinéraire: 193 m, Kilomètre d'itinéraire: 267.6 km</desc>
    <type>Restauration rapide</type>
  </wpt>
  <wpt lat="48.0106954" lon="0.1988913">
    <name>Le Galopin</name>
    <desc>Type: Café, Ligne droite jusqu'à l'itinéraire: 208 m, Kilomètre d'itinéraire: 267.7 km</desc>
    <type>Café</type>
  </wpt>
  <wpt lat="48.00895776024007" lon="0.19965979246731863">
    <name>Toilettes</name>
    <desc>Type: Toilettes, Ligne droite jusqu'à l'itinéraire: 32 m, Kilomètre d'itinéraire: 267.8 km</desc>
    <type>Toilettes</type>
  </wpt>
  <wpt lat="48.0089749" lon="0.1996269">
    <name>Toilettes</name>
    <desc>Type: Toilettes, Ligne droite jusqu'à l'itinéraire: 35 m, Kilomètre d'itinéraire: 267.8 km</desc>
    <type>Toilettes</type>
  </wpt>
  <wpt lat="48.0085204" lon="0.1985259">
    <name>Café Jet d'eau</name>
    <desc>Type: Café, Ligne droite jusqu'à l'itinéraire: 54 m, Kilomètre d'itinéraire: 267.8 km</desc>
    <type>Café</type>
  </wpt>
  <wpt lat="48.0074604" lon="0.1988737">
    <name>U &amp; Mi</name>
    <desc>Type: Restaurant, Ligne droite jusqu'à l'itinéraire: 46 m, Kilomètre d'itinéraire: 267.9 km</desc>
    <type>Restaurant</type>
  </wpt>
  <wpt lat="48.00726720169963" lon="0.19914299056645432">
    <name>Brasserie Madeleine</name>
    <desc>Type: Restaurant, Ligne droite jusqu'à l'itinéraire: 74 m, Kilomètre d'itinéraire: 267.9 km</desc>
    <type>Restaurant</type>
  </wpt>
  <wpt lat="48.00717406167091" lon="0.19888326659837866">
    <name>Le Capitole</name>
    <desc>Type: Restaurant, Ligne droite jusqu'à l'itinéraire: 76 m, Kilomètre d'itinéraire: 267.9 km</desc>
    <type>Restaurant</type>
  </wpt>
  <wpt lat="48.0054145" lon="0.1992227">
    <name>Sakura</name>
    <desc>Type: Restauration rapide, Ligne droite jusqu'à l'itinéraire: 273 m, Kilomètre d'itinéraire: 267.9 km</desc>
    <type>Restauration rapide</type>
  </wpt>
  <wpt lat="48.0048673" lon="0.1996435">
    <name>Malatang 72</name>
    <desc>Type: Restaurant, Ligne droite jusqu'à l'itinéraire: 339 m, Kilomètre d'itinéraire: 267.9 km</desc>
    <type>Restaurant</type>
  </wpt>
  <wpt lat="48.0047661" lon="0.1996564">
    <name>La Panetière</name>
    <desc>Type: Boulangerie, Ligne droite jusqu'à l'itinéraire: 350 m, Kilomètre d'itinéraire: 267.9 km</desc>
    <type>Boulangerie</type>
  </wpt>
  <wpt lat="48.0046608" lon="0.1996532">
    <name>E. Leclerc</name>
    <desc>Type: Supermarché, Ligne droite jusqu'à l'itinéraire: 362 m, Kilomètre d'itinéraire: 267.9 km</desc>
    <type>Supermarché</type>
  </wpt>
  <wpt lat="48.0051446" lon="0.2018765">
    <name>3H Service Market</name>
    <desc>Type: Épicerie, Ligne droite jusqu'à l'itinéraire: 385 m, Kilomètre d'itinéraire: 267.9 km</desc>
    <type>Épicerie</type>
  </wpt>
  <wpt lat="48.0046892" lon="0.2020682">
    <name>Ragnarök</name>
    <desc>Type: Magasin de boissons, Ligne droite jusqu'à l'itinéraire: 434 m, Kilomètre d'itinéraire: 267.9 km</desc>
    <type>Magasin de boissons</type>
  </wpt>
  <wpt lat="48.0039093" lon="0.1995515">
    <name>Bistrot de la Préfecture</name>
    <desc>Type: Café, Ligne droite jusqu'à l'itinéraire: 442 m, Kilomètre d'itinéraire: 267.9 km</desc>
    <type>Café</type>
  </wpt>
  <wpt lat="48.0038982" lon="0.200378">
    <name>U Express</name>
    <desc>Type: Supermarché, Ligne droite jusqu'à l'itinéraire: 457 m, Kilomètre d'itinéraire: 267.9 km</desc>
    <type>Supermarché</type>
  </wpt>
  <wpt lat="48.007083343212486" lon="0.1985920860229878">
    <name>Délices d'Asie</name>
    <desc>Type: Restaurant, Ligne droite jusqu'à l'itinéraire: 84 m, Kilomètre d'itinéraire: 267.9 km</desc>
    <type>Restaurant</type>
  </wpt>
  <wpt lat="48.00703912052234" lon="0.19864252241853858">
    <name>L'africaine</name>
    <desc>Type: Restaurant, Ligne droite jusqu'à l'itinéraire: 89 m, Kilomètre d'itinéraire: 267.9 km</desc>
    <type>Restaurant</type>
  </wpt>
  <wpt lat="48.0068085" lon="0.1979162">
    <name>C'Gouts R'Mans</name>
    <desc>Type: Restaurant, Ligne droite jusqu'à l'itinéraire: 126 m, Kilomètre d'itinéraire: 267.9 km</desc>
    <type>Restaurant</type>
  </wpt>
  <wpt lat="48.0068177" lon="0.1977688">
    <name>Crêperie Le Roy d'Ys</name>
    <desc>Type: Restaurant, Ligne droite jusqu'à l'itinéraire: 131 m, Kilomètre d'itinéraire: 267.9 km</desc>
    <type>Restaurant</type>
  </wpt>
  <wpt lat="48.006688" lon="0.198083">
    <name>Ernest inn</name>
    <desc>Type: Restaurant, Ligne droite jusqu'à l'itinéraire: 134 m, Kilomètre d'itinéraire: 267.9 km</desc>
    <type>Restaurant</type>
  </wpt>
  <wpt lat="48.0067409" lon="0.1978773">
    <name>La Table de Luc</name>
    <desc>Type: Restaurant, Ligne droite jusqu'à l'itinéraire: 134 m, Kilomètre d'itinéraire: 267.9 km</desc>
    <type>Restaurant</type>
  </wpt>
  <wpt lat="48.006649" lon="0.1980382">
    <name>Pizzeria Don Camillo</name>
    <desc>Type: Restaurant, Ligne droite jusqu'à l'itinéraire: 140 m, Kilomètre d'itinéraire: 267.9 km</desc>
    <type>Restaurant</type>
  </wpt>
  <wpt lat="48.0065735" lon="0.1982756">
    <name>Pizza Maio</name>
    <desc>Type: Restaurant, Ligne droite jusqu'à l'itinéraire: 143 m, Kilomètre d'itinéraire: 267.9 km</desc>
    <type>Restaurant</type>
  </wpt>
  <wpt lat="48.0065207" lon="0.1984839">
    <name>La Mie Câline</name>
    <desc>Type: Boulangerie, Ligne droite jusqu'à l'itinéraire: 147 m, Kilomètre d'itinéraire: 267.9 km</desc>
    <type>Boulangerie</type>
  </wpt>
  <wpt lat="48.00649456581551" lon="0.19872540056356622">
    <name>La Sirène</name>
    <desc>Type: Café, Ligne droite jusqu'à l'itinéraire: 150 m, Kilomètre d'itinéraire: 267.9 km</desc>
    <type>Café</type>
  </wpt>
  <wpt lat="48.0063646" lon="0.1986295">
    <name>Bchef - Le Mans</name>
    <desc>Type: Restauration rapide, Ligne droite jusqu'à l'itinéraire: 164 m, Kilomètre d'itinéraire: 267.9 km</desc>
    <type>Restauration rapide</type>
  </wpt>
  <wpt lat="48.0063697" lon="0.1982148">
    <name>Délices Marocains</name>
    <desc>Type: Restaurant, Ligne droite jusqu'à l'itinéraire: 166 m, Kilomètre d'itinéraire: 267.9 km</desc>
    <type>Restaurant</type>
  </wpt>
  <wpt lat="48.0062204" lon="0.1981211">
    <name>Le clan des Mamma - Antonia</name>
    <desc>Type: Restaurant, Ligne droite jusqu'à l'itinéraire: 184 m, Kilomètre d'itinéraire: 267.9 km</desc>
    <type>Restaurant</type>
  </wpt>
  <wpt lat="48.0053924" lon="0.198903">
    <name>Taster</name>
    <desc>Type: Restauration rapide, Ligne droite jusqu'à l'itinéraire: 273 m, Kilomètre d'itinéraire: 267.9 km</desc>
    <type>Restauration rapide</type>
  </wpt>
  <wpt lat="48.0053185" lon="0.198628">
    <name>L'instant Renaud</name>
    <desc>Type: Café, Ligne droite jusqu'à l'itinéraire: 280 m, Kilomètre d'itinéraire: 267.9 km</desc>
    <type>Café</type>
  </wpt>
  <wpt lat="48.0051536" lon="0.198745">
    <name>La Boîte à Déjeuner</name>
    <desc>Type: Restaurant, Ligne droite jusqu'à l'itinéraire: 299 m, Kilomètre d'itinéraire: 267.9 km</desc>
    <type>Restaurant</type>
  </wpt>
  <wpt lat="48.0052209" lon="0.1973503">
    <name>Le Palais de Bangkok</name>
    <desc>Type: Restaurant, Ligne droite jusqu'à l'itinéraire: 306 m, Kilomètre d'itinéraire: 267.9 km</desc>
    <type>Restaurant</type>
  </wpt>
  <wpt lat="48.0051786" lon="0.1974173">
    <name>Gomu</name>
    <desc>Type: Restauration rapide, Ligne droite jusqu'à l'itinéraire: 309 m, Kilomètre d'itinéraire: 267.9 km</desc>
    <type>Restauration rapide</type>
  </wpt>
  <wpt lat="48.0051243" lon="0.1974972">
    <name>Cup's Coffee Shop</name>
    <desc>Type: Restauration rapide, Ligne droite jusqu'à l'itinéraire: 314 m, Kilomètre d'itinéraire: 267.9 km</desc>
    <type>Restauration rapide</type>
  </wpt>
  <wpt lat="48.0050055" lon="0.1966099">
    <name>Mia House</name>
    <desc>Type: Café, Ligne droite jusqu'à l'itinéraire: 348 m, Kilomètre d'itinéraire: 267.9 km</desc>
    <type>Café</type>
  </wpt>
  <wpt lat="48.0045434" lon="0.1982928">
    <name>Crêperie Saladerie</name>
    <desc>Type: Restaurant, Ligne droite jusqu'à l'itinéraire: 367 m, Kilomètre d'itinéraire: 267.9 km</desc>
    <type>Restaurant</type>
  </wpt>
  <wpt lat="48.0045106" lon="0.1976493">
    <name>Eat Salad</name>
    <desc>Type: Restauration rapide, Ligne droite jusqu'à l'itinéraire: 377 m, Kilomètre d'itinéraire: 267.9 km</desc>
    <type>Restauration rapide</type>
  </wpt>
  <wpt lat="48.0044528" lon="0.1977674">
    <name>Olerk</name>
    <desc>Type: Restaurant, Ligne droite jusqu'à l'itinéraire: 382 m, Kilomètre d'itinéraire: 267.9 km</desc>
    <type>Restaurant</type>
  </wpt>
  <wpt lat="48.0042412" lon="0.199052">
    <name>Les Citrons Givrés</name>
    <desc>Type: Boulangerie, Ligne droite jusqu'à l'itinéraire: 401 m, Kilomètre d'itinéraire: 267.9 km</desc>
    <type>Boulangerie</type>
  </wpt>
  <wpt lat="48.0039464" lon="0.1980049">
    <name>Le Globe</name>
    <desc>Type: Restaurant, Ligne droite jusqu'à l'itinéraire: 435 m, Kilomètre d'itinéraire: 267.9 km</desc>
    <type>Restaurant</type>
  </wpt>
  <wpt lat="48.0038964" lon="0.1984513">
    <name>L'Atelier de l'Ozanne</name>
    <desc>Type: Boulangerie, Ligne droite jusqu'à l'itinéraire: 439 m, Kilomètre d'itinéraire: 267.9 km</desc>
    <type>Boulangerie</type>
  </wpt>
  <wpt lat="48.0038713" lon="0.197674">
    <name>Brasserie de France</name>
    <desc>Type: Restaurant, Ligne droite jusqu'à l'itinéraire: 447 m, Kilomètre d'itinéraire: 267.9 km</desc>
    <type>Restaurant</type>
  </wpt>
  <wpt lat="48.003704" lon="0.198659">
    <name>Five Pizza Original</name>
    <desc>Type: Restaurant, Ligne droite jusqu'à l'itinéraire: 460 m, Kilomètre d'itinéraire: 267.9 km</desc>
    <type>Restaurant</type>
  </wpt>
  <wpt lat="48.0033917" lon="0.1993143">
    <name>Hangar à Léo</name>
    <desc>Type: Café, Ligne droite jusqu'à l'itinéraire: 497 m, Kilomètre d'itinéraire: 267.9 km</desc>
    <type>Café</type>
  </wpt>
  <wpt lat="48.0082688" lon="0.1982503">
    <name>Café du Square</name>
    <desc>Type: Café, Ligne droite jusqu'à l'itinéraire: 20 m, Kilomètre d'itinéraire: 267.9 km</desc>
    <type>Café</type>
  </wpt>
  <wpt lat="48.0083756" lon="0.1983704">
    <name>Le Bistrot</name>
    <desc>Type: Café, Ligne droite jusqu'à l'itinéraire: 35 m, Kilomètre d'itinéraire: 267.9 km</desc>
    <type>Café</type>
  </wpt>
  <wpt lat="48.0078708" lon="0.1975999">
    <name>Maison Gathi</name>
    <desc>Type: Restaurant, Ligne droite jusqu'à l'itinéraire: 45 m, Kilomètre d'itinéraire: 268.0 km</desc>
    <type>Restaurant</type>
  </wpt>
  <wpt lat="48.0079923" lon="0.1974859">
    <name>Mo'Mans Gourmands</name>
    <desc>Type: Restaurant, Ligne droite jusqu'à l'itinéraire: 40 m, Kilomètre d'itinéraire: 268.0 km</desc>
    <type>Restaurant</type>
  </wpt>
  <wpt lat="48.0076982" lon="0.1969569">
    <name>Salon de Thé</name>
    <desc>Type: Café, Ligne droite jusqu'à l'itinéraire: 90 m, Kilomètre d'itinéraire: 268.0 km</desc>
    <type>Café</type>
  </wpt>
  <wpt lat="48.0074039" lon="0.1964312">
    <name>Auberge des 7 plats</name>
    <desc>Type: Restaurant, Ligne droite jusqu'à l'itinéraire: 140 m, Kilomètre d'itinéraire: 268.0 km</desc>
    <type>Restaurant</type>
  </wpt>
  <wpt lat="48.007522" lon="0.196576">
    <name>La Baraque à Bœuf</name>
    <desc>Type: Restaurant, Ligne droite jusqu'à l'itinéraire: 123 m, Kilomètre d'itinéraire: 268.0 km</desc>
    <type>Restaurant</type>
  </wpt>
  <wpt lat="48.0074872" lon="0.1965323">
    <name>O' Comptoir des Cocottes</name>
    <desc>Type: Restaurant, Ligne droite jusqu'à l'itinéraire: 128 m, Kilomètre d'itinéraire: 268.0 km</desc>
    <type>Restaurant</type>
  </wpt>
  <wpt lat="48.007581" lon="0.1966402">
    <name>La Crêperie des 7 plats</name>
    <desc>Type: Restaurant, Ligne droite jusqu'à l'itinéraire: 115 m, Kilomètre d'itinéraire: 268.0 km</desc>
    <type>Restaurant</type>
  </wpt>
  <wpt lat="48.0081442" lon="0.1971848">
    <name>Le Jardin de FéEluna</name>
    <desc>Type: Café, Ligne droite jusqu'à l'itinéraire: 41 m, Kilomètre d'itinéraire: 268.0 km</desc>
    <type>Café</type>
  </wpt>
  <wpt lat="48.0080682" lon="0.1970485">
    <name>Le Fou du Roy</name>
    <desc>Type: Restaurant, Ligne droite jusqu'à l'itinéraire: 53 m, Kilomètre d'itinéraire: 268.0 km</desc>
    <type>Restaurant</type>
  </wpt>
  <wpt lat="48.0082773" lon="0.1970308">
    <name>Le Pilier rouge</name>
    <desc>Type: Café, Ligne droite jusqu'à l'itinéraire: 36 m, Kilomètre d'itinéraire: 268.0 km</desc>
    <type>Café</type>
  </wpt>
  <wpt lat="48.0091728" lon="0.1980194">
    <name>Gaspard &amp; Marcel</name>
    <desc>Type: Boulangerie, Ligne droite jusqu'à l'itinéraire: 88 m, Kilomètre d'itinéraire: 268.0 km</desc>
    <type>Boulangerie</type>
  </wpt>
  <wpt lat="48.0079599" lon="0.1963748">
    <name>Eau potable</name>
    <desc>Type: Eau potable, Ligne droite jusqu'à l'itinéraire: 94 m, Kilomètre d'itinéraire: 268.0 km</desc>
    <type>Eau potable</type>
  </wpt>
  <wpt lat="48.008075" lon="0.1964926">
    <name>Le Vaud'</name>
    <desc>Type: Café, Ligne droite jusqu'à l'itinéraire: 79 m, Kilomètre d'itinéraire: 268.0 km</desc>
    <type>Café</type>
  </wpt>
  <wpt lat="48.0081335" lon="0.1965504">
    <name>Le Boeuf tient le pavé</name>
    <desc>Type: Restaurant, Ligne droite jusqu'à l'itinéraire: 71 m, Kilomètre d'itinéraire: 268.0 km</desc>
    <type>Restaurant</type>
  </wpt>
  <wpt lat="48.008193" lon="0.1966019">
    <name>Épicerie du Pavé</name>
    <desc>Type: Épicerie, Ligne droite jusqu'à l'itinéraire: 63 m, Kilomètre d'itinéraire: 268.0 km</desc>
    <type>Épicerie</type>
  </wpt>
  <wpt lat="48.008356" lon="0.1966192">
    <name>Eau potable</name>
    <desc>Type: Eau potable, Ligne droite jusqu'à l'itinéraire: 48 m, Kilomètre d'itinéraire: 268.1 km</desc>
    <type>Eau potable</type>
  </wpt>
  <wpt lat="48.0095406" lon="0.1979115">
    <name>Chez Cha’Cheshire</name>
    <desc>Type: Café, Ligne droite jusqu'à l'itinéraire: 115 m, Kilomètre d'itinéraire: 268.1 km</desc>
    <type>Café</type>
  </wpt>
  <wpt lat="48.0107311" lon="0.193824">
    <name>L'épicerie du Pré</name>
    <desc>Type: Restaurant, Ligne droite jusqu'à l'itinéraire: 174 m, Kilomètre d'itinéraire: 268.2 km</desc>
    <type>Restaurant</type>
  </wpt>
  <wpt lat="48.0111111" lon="0.1892607">
    <name>Aux Délices de RZ</name>
    <desc>Type: Boulangerie, Ligne droite jusqu'à l'itinéraire: 476 m, Kilomètre d'itinéraire: 268.3 km</desc>
    <type>Boulangerie</type>
  </wpt>
  <wpt lat="48.0081459" lon="0.1946318">
    <name>Le Parvis Saint-Hilaire</name>
    <desc>Type: Restaurant, Ligne droite jusqu'à l'itinéraire: 39 m, Kilomètre d'itinéraire: 268.4 km</desc>
    <type>Restaurant</type>
  </wpt>
  <wpt lat="48.0073882" lon="0.195763">
    <name>Les frères Mom</name>
    <desc>Type: Restaurant, Ligne droite jusqu'à l'itinéraire: 156 m, Kilomètre d'itinéraire: 268.4 km</desc>
    <type>Restaurant</type>
  </wpt>
  <wpt lat="48.0076054" lon="0.195229">
    <name>Eau potable</name>
    <desc>Type: Eau potable, Ligne droite jusqu'à l'itinéraire: 109 m, Kilomètre d'itinéraire: 268.4 km</desc>
    <type>Eau potable</type>
  </wpt>
  <wpt lat="48.00741142713966" lon="0.19560540985382444">
    <name>Toilettes</name>
    <desc>Type: Toilettes, Ligne droite jusqu'à l'itinéraire: 144 m, Kilomètre d'itinéraire: 268.4 km</desc>
    <type>Toilettes</type>
  </wpt>
  <wpt lat="48.0069674" lon="0.1958575">
    <name>Eau potable</name>
    <desc>Type: Eau potable, Ligne droite jusqu'à l'itinéraire: 187 m, Kilomètre d'itinéraire: 268.4 km</desc>
    <type>Eau potable</type>
  </wpt>
  <wpt lat="48.0071233" lon="0.1952917">
    <name>Eau potable</name>
    <desc>Type: Eau potable, Ligne droite jusqu'à l'itinéraire: 142 m, Kilomètre d'itinéraire: 268.5 km</desc>
    <type>Eau potable</type>
  </wpt>
  <wpt lat="48.0067801" lon="0.1955009">
    <name>Picnic</name>
    <desc>Type: Restauration rapide, Ligne droite jusqu'à l'itinéraire: 176 m, Kilomètre d'itinéraire: 268.5 km</desc>
    <type>Restauration rapide</type>
  </wpt>
  <wpt lat="48.0067246" lon="0.1949691">
    <name>Grain’El</name>
    <desc>Type: Restaurant, Ligne droite jusqu'à l'itinéraire: 146 m, Kilomètre d'itinéraire: 268.5 km</desc>
    <type>Restaurant</type>
  </wpt>
  <wpt lat="48.0065258" lon="0.1947718">
    <name>Eau potable</name>
    <desc>Type: Eau potable, Ligne droite jusqu'à l'itinéraire: 146 m, Kilomètre d'itinéraire: 268.5 km</desc>
    <type>Eau potable</type>
  </wpt>
  <wpt lat="48.0086708" lon="0.1890294">
    <name>Maison Legui</name>
    <desc>Type: Boulangerie, Ligne droite jusqu'à l'itinéraire: 344 m, Kilomètre d'itinéraire: 268.6 km</desc>
    <type>Boulangerie</type>
  </wpt>
  <wpt lat="48.0060041" lon="0.1948813">
    <name>L'Explorateur</name>
    <desc>Type: Restauration rapide, Ligne droite jusqu'à l'itinéraire: 184 m, Kilomètre d'itinéraire: 268.6 km</desc>
    <type>Restauration rapide</type>
  </wpt>
  <wpt lat="48.0059868" lon="0.1948252">
    <name>Zilwa</name>
    <desc>Type: Restaurant, Ligne droite jusqu'à l'itinéraire: 182 m, Kilomètre d'itinéraire: 268.6 km</desc>
    <type>Restaurant</type>
  </wpt>
  <wpt lat="48.0056524" lon="0.1955102">
    <name>Le Grenier à Sel</name>
    <desc>Type: Restaurant, Ligne droite jusqu'à l'itinéraire: 245 m, Kilomètre d'itinéraire: 268.6 km</desc>
    <type>Restaurant</type>
  </wpt>
  <wpt lat="48.0059869" lon="0.1947022">
    <name>La Fabrique</name>
    <desc>Type: Restaurant, Ligne droite jusqu'à l'itinéraire: 174 m, Kilomètre d'itinéraire: 268.6 km</desc>
    <type>Restaurant</type>
  </wpt>
  <wpt lat="48.0053841" lon="0.1959764">
    <name>Haohao</name>
    <desc>Type: Restaurant, Ligne droite jusqu'à l'itinéraire: 290 m, Kilomètre d'itinéraire: 268.6 km</desc>
    <type>Restaurant</type>
  </wpt>
  <wpt lat="48.00593" lon="0.1945935">
    <name>L'Hatitude</name>
    <desc>Type: Restaurant, Ligne droite jusqu'à l'itinéraire: 171 m, Kilomètre d'itinéraire: 268.6 km</desc>
    <type>Restaurant</type>
  </wpt>
  <wpt lat="48.0058645" lon="0.194666">
    <name>La Ciboulette</name>
    <desc>Type: Restaurant, Ligne droite jusqu'à l'itinéraire: 179 m, Kilomètre d'itinéraire: 268.6 km</desc>
    <type>Restaurant</type>
  </wpt>
  <wpt lat="48.0072051" lon="0.1916591">
    <name>B&amp;B Hotel</name>
    <desc>Type: Hôtel, Ligne droite jusqu'à l'itinéraire: 90 m, Kilomètre d'itinéraire: 268.6 km</desc>
    <type>Hôtel</type>
  </wpt>
  <wpt lat="48.0081997" lon="0.1892848">
    <name>L'Origanum</name>
    <desc>Type: Restaurant, Ligne droite jusqu'à l'itinéraire: 299 m, Kilomètre d'itinéraire: 268.6 km</desc>
    <type>Restaurant</type>
  </wpt>
  <wpt lat="48.0057474" lon="0.1947102">
    <name>Le Bistrot de la Vieille Porte</name>
    <desc>Type: Restaurant, Ligne droite jusqu'à l'itinéraire: 189 m, Kilomètre d'itinéraire: 268.6 km</desc>
    <type>Restaurant</type>
  </wpt>
  <wpt lat="48.0057551" lon="0.1946206">
    <name>Le Bel'Helen</name>
    <desc>Type: Restaurant, Ligne droite jusqu'à l'itinéraire: 183 m, Kilomètre d'itinéraire: 268.6 km</desc>
    <type>Restaurant</type>
  </wpt>
  <wpt lat="48.00617" lon="0.1933835">
    <name>La Vie Claire</name>
    <desc>Type: Épicerie, Ligne droite jusqu'à l'itinéraire: 80 m, Kilomètre d'itinéraire: 268.6 km</desc>
    <type>Épicerie</type>
  </wpt>
  <wpt lat="48.005613" lon="0.194774">
    <name>Chez Hubert</name>
    <desc>Type: Restaurant, Ligne droite jusqu'à l'itinéraire: 201 m, Kilomètre d'itinéraire: 268.6 km</desc>
    <type>Restaurant</type>
  </wpt>
  <wpt lat="48.0055676" lon="0.1947845">
    <name>L'Epi'Curieux</name>
    <desc>Type: Restaurant, Ligne droite jusqu'à l'itinéraire: 204 m, Kilomètre d'itinéraire: 268.6 km</desc>
    <type>Restaurant</type>
  </wpt>
  <wpt lat="48.0074539" lon="0.1893127">
    <name>Carrefour City</name>
    <desc>Type: Épicerie, Ligne droite jusqu'à l'itinéraire: 252 m, Kilomètre d'itinéraire: 268.6 km</desc>
    <type>Épicerie</type>
  </wpt>
  <wpt lat="48.0057247" lon="0.1942371">
    <name>À Kaboul</name>
    <desc>Type: Restaurant, Ligne droite jusqu'à l'itinéraire: 160 m, Kilomètre d'itinéraire: 268.6 km</desc>
    <type>Restaurant</type>
  </wpt>
  <wpt lat="48.0067577" lon="0.1904981">
    <name>Le Balto</name>
    <desc>Type: Café, Ligne droite jusqu'à l'itinéraire: 138 m, Kilomètre d'itinéraire: 268.7 km</desc>
    <type>Café</type>
  </wpt>
  <wpt lat="48.0070597" lon="0.1895108">
    <name>La Croquise</name>
    <desc>Type: Boulangerie, Ligne droite jusqu'à l'itinéraire: 219 m, Kilomètre d'itinéraire: 268.7 km</desc>
    <type>Boulangerie</type>
  </wpt>
  <wpt lat="48.0074316" lon="0.1886994">
    <name>Le Saint-Pavin</name>
    <desc>Type: Café, Ligne droite jusqu'à l'itinéraire: 291 m, Kilomètre d'itinéraire: 268.7 km</desc>
    <type>Café</type>
  </wpt>
  <wpt lat="48.0073937" lon="0.1885052">
    <name>Planet Food</name>
    <desc>Type: Restauration rapide, Ligne droite jusqu'à l'itinéraire: 302 m, Kilomètre d'itinéraire: 268.7 km</desc>
    <type>Restauration rapide</type>
  </wpt>
  <wpt lat="48.0065876" lon="0.1905364">
    <name>Africa Market</name>
    <desc>Type: Épicerie, Ligne droite jusqu'à l'itinéraire: 129 m, Kilomètre d'itinéraire: 268.7 km</desc>
    <type>Épicerie</type>
  </wpt>
  <wpt lat="48.0057067" lon="0.1927932">
    <name>Le Comptant</name>
    <desc>Type: Restaurant, Ligne droite jusqu'à l'itinéraire: 54 m, Kilomètre d'itinéraire: 268.7 km</desc>
    <type>Restaurant</type>
  </wpt>
  <wpt lat="48.0055091" lon="0.1949612">
    <name>Bombay</name>
    <desc>Type: Restaurant, Ligne droite jusqu'à l'itinéraire: 218 m, Kilomètre d'itinéraire: 268.7 km</desc>
    <type>Restaurant</type>
  </wpt>
  <wpt lat="48.0054804" lon="0.1946827">
    <name>Casa Mia</name>
    <desc>Type: Restaurant, Ligne droite jusqu'à l'itinéraire: 198 m, Kilomètre d'itinéraire: 268.7 km</desc>
    <type>Restaurant</type>
  </wpt>
  <wpt lat="48.0055322" lon="0.1931586">
    <name>Ximiti</name>
    <desc>Type: Épicerie, Ligne droite jusqu'à l'itinéraire: 85 m, Kilomètre d'itinéraire: 268.7 km</desc>
    <type>Épicerie</type>
  </wpt>
  <wpt lat="48.0055582" lon="0.1923519">
    <name>Taconaan</name>
    <desc>Type: Restauration rapide, Ligne droite jusqu'à l'itinéraire: 25 m, Kilomètre d'itinéraire: 268.7 km</desc>
    <type>Restauration rapide</type>
  </wpt>
  <wpt lat="48.0054703" lon="0.1932947">
    <name>La Cuisine de Madeleine</name>
    <desc>Type: Restaurant, Ligne droite jusqu'à l'itinéraire: 96 m, Kilomètre d'itinéraire: 268.7 km</desc>
    <type>Restaurant</type>
  </wpt>
  <wpt lat="48.0055093" lon="0.192362">
    <name>Épicerie Pasteur</name>
    <desc>Type: Épicerie, Ligne droite jusqu'à l'itinéraire: 26 m, Kilomètre d'itinéraire: 268.7 km</desc>
    <type>Épicerie</type>
  </wpt>
  <wpt lat="48.0052305" lon="0.1950415">
    <name>Cotta Pizza</name>
    <desc>Type: Restauration rapide, Ligne droite jusqu'à l'itinéraire: 229 m, Kilomètre d'itinéraire: 268.8 km</desc>
    <type>Restauration rapide</type>
  </wpt>
  <wpt lat="48.0052083" lon="0.1951273">
    <name>Chicken Queen</name>
    <desc>Type: Restauration rapide, Ligne droite jusqu'à l'itinéraire: 235 m, Kilomètre d'itinéraire: 268.8 km</desc>
    <type>Restauration rapide</type>
  </wpt>
  <wpt lat="48.0051364" lon="0.1960924">
    <name>L'aromate</name>
    <desc>Type: Restauration rapide, Ligne droite jusqu'à l'itinéraire: 308 m, Kilomètre d'itinéraire: 268.8 km</desc>
    <type>Restauration rapide</type>
  </wpt>
  <wpt lat="48.0050876" lon="0.195415">
    <name>Au Tajmahal</name>
    <desc>Type: Restaurant, Ligne droite jusqu'à l'itinéraire: 259 m, Kilomètre d'itinéraire: 268.8 km</desc>
    <type>Restaurant</type>
  </wpt>
  <wpt lat="48.005123" lon="0.1943656">
    <name>Délice de l'Éperon</name>
    <desc>Type: Restauration rapide, Ligne droite jusqu'à l'itinéraire: 181 m, Kilomètre d'itinéraire: 268.8 km</desc>
    <type>Restauration rapide</type>
  </wpt>
  <wpt lat="48.005049" lon="0.1952729">
    <name>Station Cité</name>
    <desc>Type: Restaurant, Ligne droite jusqu'à l'itinéraire: 249 m, Kilomètre d'itinéraire: 268.8 km</desc>
    <type>Restaurant</type>
  </wpt>
  <wpt lat="48.0049184" lon="0.1953471">
    <name>Cafe Folk</name>
    <desc>Type: Café, Ligne droite jusqu'à l'itinéraire: 257 m, Kilomètre d'itinéraire: 268.8 km</desc>
    <type>Café</type>
  </wpt>
  <wpt lat="48.0049561" lon="0.1955109">
    <name>El Taquito</name>
    <desc>Type: Restaurant, Ligne droite jusqu'à l'itinéraire: 268 m, Kilomètre d'itinéraire: 268.8 km</desc>
    <type>Restaurant</type>
  </wpt>
  <wpt lat="48.0046594" lon="0.1964771">
    <name>Le Venez</name>
    <desc>Type: Restaurant, Ligne droite jusqu'à l'itinéraire: 345 m, Kilomètre d'itinéraire: 268.8 km</desc>
    <type>Restaurant</type>
  </wpt>
  <wpt lat="48.0048058" lon="0.1948189">
    <name>Jasmin Sushi</name>
    <desc>Type: Restaurant, Ligne droite jusqu'à l'itinéraire: 220 m, Kilomètre d'itinéraire: 268.8 km</desc>
    <type>Restaurant</type>
  </wpt>
  <wpt lat="48.0046484" lon="0.1961597">
    <name>U Express</name>
    <desc>Type: Supermarché, Ligne droite jusqu'à l'itinéraire: 322 m, Kilomètre d'itinéraire: 268.8 km</desc>
    <type>Supermarché</type>
  </wpt>
  <wpt lat="48.0047762" lon="0.1948786">
    <name>Broc'angerie</name>
    <desc>Type: Café, Ligne droite jusqu'à l'itinéraire: 225 m, Kilomètre d'itinéraire: 268.8 km</desc>
    <type>Café</type>
  </wpt>
  <wpt lat="48.0045344" lon="0.196104">
    <name>O'Tacos</name>
    <desc>Type: Restauration rapide, Ligne droite jusqu'à l'itinéraire: 319 m, Kilomètre d'itinéraire: 268.8 km</desc>
    <type>Restauration rapide</type>
  </wpt>
  <wpt lat="48.0045127" lon="0.1960293">
    <name>Le Coin Plaisir</name>
    <desc>Type: Restaurant, Ligne droite jusqu'à l'itinéraire: 314 m, Kilomètre d'itinéraire: 268.8 km</desc>
    <type>Restaurant</type>
  </wpt>
  <wpt lat="48.0045856" lon="0.1948791">
    <name>Le Khedive</name>
    <desc>Type: Café, Ligne droite jusqu'à l'itinéraire: 228 m, Kilomètre d'itinéraire: 268.8 km</desc>
    <type>Café</type>
  </wpt>
  <wpt lat="48.0044466" lon="0.195891">
    <name>La Réserve</name>
    <desc>Type: Restaurant, Ligne droite jusqu'à l'itinéraire: 305 m, Kilomètre d'itinéraire: 268.8 km</desc>
    <type>Restaurant</type>
  </wpt>
  <wpt lat="48.0044538" lon="0.1956506">
    <name>Le Vigo</name>
    <desc>Type: Restaurant, Ligne droite jusqu'à l'itinéraire: 288 m, Kilomètre d'itinéraire: 268.8 km</desc>
    <type>Restaurant</type>
  </wpt>
  <wpt lat="48.0047044" lon="0.1929318">
    <name>Les 3 Mâts</name>
    <desc>Type: Restaurant, Ligne droite jusqu'à l'itinéraire: 83 m, Kilomètre d'itinéraire: 268.8 km</desc>
    <type>Restaurant</type>
  </wpt>
  <wpt lat="48.00442698363901" lon="0.19512711968595284">
    <name>Biocoop</name>
    <desc>Type: Supermarché, Ligne droite jusqu'à l'itinéraire: 250 m, Kilomètre d'itinéraire: 268.8 km</desc>
    <type>Supermarché</type>
  </wpt>
  <wpt lat="48.00423992645168" lon="0.19537796099395519">
    <name>Komichi</name>
    <desc>Type: Restaurant, Ligne droite jusqu'à l'itinéraire: 271 m, Kilomètre d'itinéraire: 268.8 km</desc>
    <type>Restaurant</type>
  </wpt>
  <wpt lat="48.0041716" lon="0.1947012">
    <name>Liberta</name>
    <desc>Type: Restaurant, Ligne droite jusqu'à l'itinéraire: 223 m, Kilomètre d'itinéraire: 268.9 km</desc>
    <type>Restaurant</type>
  </wpt>
  <wpt lat="48.0042107" lon="0.1949218">
    <name>Dressing</name>
    <desc>Type: Restaurant, Ligne droite jusqu'à l'itinéraire: 238 m, Kilomètre d'itinéraire: 268.9 km</desc>
    <type>Restaurant</type>
  </wpt>
  <wpt lat="48.0041017" lon="0.1958133">
    <name>Toilettes</name>
    <desc>Type: Toilettes, Ligne droite jusqu'à l'itinéraire: 306 m, Kilomètre d'itinéraire: 268.9 km</desc>
    <type>Toilettes</type>
  </wpt>
  <wpt lat="48.0040167" lon="0.1958457">
    <name>L'Office</name>
    <desc>Type: Restaurant, Ligne droite jusqu'à l'itinéraire: 310 m, Kilomètre d'itinéraire: 268.9 km</desc>
    <type>Restaurant</type>
  </wpt>
  <wpt lat="48.0041727" lon="0.1934924">
    <name>Bistrot des gourmets</name>
    <desc>Type: Café, Ligne droite jusqu'à l'itinéraire: 134 m, Kilomètre d'itinéraire: 268.9 km</desc>
    <type>Café</type>
  </wpt>
  <wpt lat="48.00399550559869" lon="0.1946251292474253">
    <name>Le camion de mamie</name>
    <desc>Type: Restaurant, Ligne droite jusqu'à l'itinéraire: 220 m, Kilomètre d'itinéraire: 268.9 km</desc>
    <type>Restaurant</type>
  </wpt>
  <wpt lat="48.0040627" lon="0.1937007">
    <name>Le Mans Centre Palais des Congrés</name>
    <desc>Type: Hôtel, Ligne droite jusqu'à l'itinéraire: 151 m, Kilomètre d'itinéraire: 268.9 km</desc>
    <type>Hôtel</type>
  </wpt>
  <wpt lat="48.00363795763776" lon="0.1952093830905087">
    <name>Leprince Hôtel - Spa</name>
    <desc>Type: Hôtel, Ligne droite jusqu'à l'itinéraire: 270 m, Kilomètre d'itinéraire: 268.9 km</desc>
    <type>Hôtel</type>
  </wpt>
  <wpt lat="48.0035506" lon="0.1957686">
    <name>Monoprix</name>
    <desc>Type: Supermarché, Ligne droite jusqu'à l'itinéraire: 313 m, Kilomètre d'itinéraire: 268.9 km</desc>
    <type>Supermarché</type>
  </wpt>
  <wpt lat="48.0037076" lon="0.1959048">
    <name>McDonald's</name>
    <desc>Type: Restauration rapide, Ligne droite jusqu'à l'itinéraire: 320 m, Kilomètre d'itinéraire: 268.9 km</desc>
    <type>Restauration rapide</type>
  </wpt>
  <wpt lat="48.0034209" lon="0.196219">
    <name>KFC</name>
    <desc>Type: Restauration rapide, Ligne droite jusqu'à l'itinéraire: 348 m, Kilomètre d'itinéraire: 268.9 km</desc>
    <type>Restauration rapide</type>
  </wpt>
  <wpt lat="48.0034559" lon="0.1963536">
    <name>Le Moderne</name>
    <desc>Type: Restaurant, Ligne droite jusqu'à l'itinéraire: 357 m, Kilomètre d'itinéraire: 268.9 km</desc>
    <type>Restaurant</type>
  </wpt>
  <wpt lat="48.0033882" lon="0.196742">
    <name>Yuku Ramen</name>
    <desc>Type: Restaurant, Ligne droite jusqu'à l'itinéraire: 387 m, Kilomètre d'itinéraire: 268.9 km</desc>
    <type>Restaurant</type>
  </wpt>
  <wpt lat="48.0032927" lon="0.197349">
    <name>Phô 72</name>
    <desc>Type: Restaurant, Ligne droite jusqu'à l'itinéraire: 434 m, Kilomètre d'itinéraire: 268.9 km</desc>
    <type>Restaurant</type>
  </wpt>
  <wpt lat="48.0033573" lon="0.1976115">
    <name>Pokawa</name>
    <desc>Type: Restauration rapide, Ligne droite jusqu'à l'itinéraire: 452 m, Kilomètre d'itinéraire: 268.9 km</desc>
    <type>Restauration rapide</type>
  </wpt>
  <wpt lat="48.00402958526107" lon="0.19223206680888572">
    <name>B&amp;B Hotel</name>
    <desc>Type: Hôtel, Ligne droite jusqu'à l'itinéraire: 44 m, Kilomètre d'itinéraire: 268.9 km</desc>
    <type>Hôtel</type>
  </wpt>
  <wpt lat="48.0033853" lon="0.1960823">
    <name>Pub Corner</name>
    <desc>Type: Restaurant, Ligne droite jusqu'à l'itinéraire: 339 m, Kilomètre d'itinéraire: 268.9 km</desc>
    <type>Restaurant</type>
  </wpt>
  <wpt lat="48.0032237" lon="0.1974151">
    <name>Sushi Shop</name>
    <desc>Type: Restauration rapide, Ligne droite jusqu'à l'itinéraire: 440 m, Kilomètre d'itinéraire: 268.9 km</desc>
    <type>Restauration rapide</type>
  </wpt>
  <wpt lat="48.0031682" lon="0.1974441">
    <name>Restaurant</name>
    <desc>Type: Restaurant, Ligne droite jusqu'à l'itinéraire: 443 m, Kilomètre d'itinéraire: 268.9 km</desc>
    <type>Restaurant</type>
  </wpt>
  <wpt lat="48.0031207" lon="0.1978552">
    <name>Artyster</name>
    <desc>Type: Hôtel, Ligne droite jusqu'à l'itinéraire: 474 m, Kilomètre d'itinéraire: 268.9 km</desc>
    <type>Hôtel</type>
  </wpt>
  <wpt lat="48.0030922" lon="0.1978786">
    <name>Artyster</name>
    <desc>Type: Restaurant, Ligne droite jusqu'à l'itinéraire: 476 m, Kilomètre d'itinéraire: 268.9 km</desc>
    <type>Restaurant</type>
  </wpt>
  <wpt lat="48.0032896" lon="0.1957654">
    <name>Chamas Tacos</name>
    <desc>Type: Restauration rapide, Ligne droite jusqu'à l'itinéraire: 317 m, Kilomètre d'itinéraire: 268.9 km</desc>
    <type>Restauration rapide</type>
  </wpt>
  <wpt lat="48.0031418" lon="0.1967166">
    <name>Augustin</name>
    <desc>Type: Boulangerie, Ligne droite jusqu'à l'itinéraire: 390 m, Kilomètre d'itinéraire: 269.0 km</desc>
    <type>Boulangerie</type>
  </wpt>
  <wpt lat="48.0031712" lon="0.195961">
    <name>La gerbe d'or</name>
    <desc>Type: Boulangerie, Ligne droite jusqu'à l'itinéraire: 334 m, Kilomètre d'itinéraire: 269.0 km</desc>
    <type>Boulangerie</type>
  </wpt>
  <wpt lat="48.0031584" lon="0.1958307">
    <name>Canopée</name>
    <desc>Type: Café, Ligne droite jusqu'à l'itinéraire: 324 m, Kilomètre d'itinéraire: 269.0 km</desc>
    <type>Café</type>
  </wpt>
  <wpt lat="48.0032146" lon="0.1949393">
    <name>Le pyramide</name>
    <desc>Type: Restauration rapide, Ligne droite jusqu'à l'itinéraire: 258 m, Kilomètre d'itinéraire: 269.0 km</desc>
    <type>Restauration rapide</type>
  </wpt>
  <wpt lat="48.0030604" lon="0.1949441">
    <name>Number One</name>
    <desc>Type: Restauration rapide, Ligne droite jusqu'à l'itinéraire: 261 m, Kilomètre d'itinéraire: 269.0 km</desc>
    <type>Restauration rapide</type>
  </wpt>
  <wpt lat="48.0028008" lon="0.1971625">
    <name>Starbucks</name>
    <desc>Type: Café, Ligne droite jusqu'à l'itinéraire: 429 m, Kilomètre d'itinéraire: 269.0 km</desc>
    <type>Café</type>
  </wpt>
  <wpt lat="48.0030405" lon="0.1948624">
    <name>King Pizza</name>
    <desc>Type: Restauration rapide, Ligne droite jusqu'à l'itinéraire: 255 m, Kilomètre d'itinéraire: 269.0 km</desc>
    <type>Restauration rapide</type>
  </wpt>
  <wpt lat="48.0030209" lon="0.194793">
    <name>King Kebab</name>
    <desc>Type: Restauration rapide, Ligne droite jusqu'à l'itinéraire: 250 m, Kilomètre d'itinéraire: 269.0 km</desc>
    <type>Restauration rapide</type>
  </wpt>
  <wpt lat="48.0037762" lon="0.1868051">
    <name>Le Burger Libération</name>
    <desc>Type: Restauration rapide, Ligne droite jusqu'à l'itinéraire: 351 m, Kilomètre d'itinéraire: 269.0 km</desc>
    <type>Restauration rapide</type>
  </wpt>
  <wpt lat="48.002976" lon="0.1940346">
    <name>Sucré &amp; Salé</name>
    <desc>Type: Restauration rapide, Ligne droite jusqu'à l'itinéraire: 195 m, Kilomètre d'itinéraire: 269.0 km</desc>
    <type>Restauration rapide</type>
  </wpt>
  <wpt lat="48.0029605" lon="0.1939772">
    <name>Five food</name>
    <desc>Type: Restauration rapide, Ligne droite jusqu'à l'itinéraire: 191 m, Kilomètre d'itinéraire: 269.0 km</desc>
    <type>Restauration rapide</type>
  </wpt>
  <wpt lat="48.003756035537236" lon="0.18641735588107253">
    <name>Toilettes</name>
    <desc>Type: Toilettes, Ligne droite jusqu'à l'itinéraire: 379 m, Kilomètre d'itinéraire: 269.0 km</desc>
    <type>Toilettes</type>
  </wpt>
  <wpt lat="48.0026467" lon="0.1960971">
    <name>Le Sultan</name>
    <desc>Type: Restaurant, Ligne droite jusqu'à l'itinéraire: 353 m, Kilomètre d'itinéraire: 269.0 km</desc>
    <type>Restaurant</type>
  </wpt>
  <wpt lat="48.0028464" lon="0.1935629">
    <name>Carrefour City</name>
    <desc>Type: Épicerie, Ligne droite jusqu'à l'itinéraire: 163 m, Kilomètre d'itinéraire: 269.0 km</desc>
    <type>Épicerie</type>
  </wpt>
  <wpt lat="48.0028739" lon="0.1936935">
    <name>L'Himalaya</name>
    <desc>Type: Restaurant, Ligne droite jusqu'à l'itinéraire: 172 m, Kilomètre d'itinéraire: 269.0 km</desc>
    <type>Restaurant</type>
  </wpt>
  <wpt lat="48.0027048" lon="0.1946553">
    <name>Le Chalet</name>
    <desc>Type: Restaurant, Ligne droite jusqu'à l'itinéraire: 246 m, Kilomètre d'itinéraire: 269.0 km</desc>
    <type>Restaurant</type>
  </wpt>
  <wpt lat="48.0025589" lon="0.1959708">
    <name>BBQ Club</name>
    <desc>Type: Restaurant, Ligne droite jusqu'à l'itinéraire: 346 m, Kilomètre d'itinéraire: 269.0 km</desc>
    <type>Restaurant</type>
  </wpt>
  <wpt lat="48.002532" lon="0.1961654">
    <name>Ariana Gaule</name>
    <desc>Type: Restaurant, Ligne droite jusqu'à l'itinéraire: 360 m, Kilomètre d'itinéraire: 269.0 km</desc>
    <type>Restaurant</type>
  </wpt>
  <wpt lat="48.0024392" lon="0.1966029">
    <name>Yummi</name>
    <desc>Type: Restauration rapide, Ligne droite jusqu'à l'itinéraire: 394 m, Kilomètre d'itinéraire: 269.0 km</desc>
    <type>Restauration rapide</type>
  </wpt>
  <wpt lat="48.0032602" lon="0.1895463">
    <name>Mélanie</name>
    <desc>Type: Boulangerie, Ligne droite jusqu'à l'itinéraire: 140 m, Kilomètre d'itinéraire: 269.0 km</desc>
    <type>Boulangerie</type>
  </wpt>
  <wpt lat="48.0035433" lon="0.1865805">
    <name>La part des anges</name>
    <desc>Type: Restaurant, Ligne droite jusqu'à l'itinéraire: 364 m, Kilomètre d'itinéraire: 269.0 km</desc>
    <type>Restaurant</type>
  </wpt>
  <wpt lat="48.0024088" lon="0.1965215">
    <name>Aro I Sushi</name>
    <desc>Type: Restauration rapide, Ligne droite jusqu'à l'itinéraire: 389 m, Kilomètre d'itinéraire: 269.0 km</desc>
    <type>Restauration rapide</type>
  </wpt>
  <wpt lat="48.0026647" lon="0.1935719">
    <name>Yang Cha Hubble Tea</name>
    <desc>Type: Café, Ligne droite jusqu'à l'itinéraire: 167 m, Kilomètre d'itinéraire: 269.0 km</desc>
    <type>Café</type>
  </wpt>
  <wpt lat="48.0023774" lon="0.1964273">
    <name>Biche</name>
    <desc>Type: Café, Ligne droite jusqu'à l'itinéraire: 382 m, Kilomètre d'itinéraire: 269.0 km</desc>
    <type>Café</type>
  </wpt>
  <wpt lat="48.0023122" lon="0.1962458">
    <name>Shika</name>
    <desc>Type: Restaurant, Ligne droite jusqu'à l'itinéraire: 370 m, Kilomètre d'itinéraire: 269.1 km</desc>
    <type>Restaurant</type>
  </wpt>
  <wpt lat="48.0022741" lon="0.1961406">
    <name>Ban Ban Nouilles</name>
    <desc>Type: Restaurant, Ligne droite jusqu'à l'itinéraire: 363 m, Kilomètre d'itinéraire: 269.1 km</desc>
    <type>Restaurant</type>
  </wpt>
  <wpt lat="48.0022255" lon="0.1961758">
    <name>Layaly 24</name>
    <desc>Type: Restaurant, Ligne droite jusqu'à l'itinéraire: 367 m, Kilomètre d'itinéraire: 269.1 km</desc>
    <type>Restaurant</type>
  </wpt>
  <wpt lat="48.0022206" lon="0.1948031">
    <name>Pitacos 72</name>
    <desc>Type: Restauration rapide, Ligne droite jusqu'à l'itinéraire: 266 m, Kilomètre d'itinéraire: 269.1 km</desc>
    <type>Restauration rapide</type>
  </wpt>
  <wpt lat="48.0018371" lon="0.1976364">
    <name>La Boutique by Esatco</name>
    <desc>Type: Épicerie, Ligne droite jusqu'à l'itinéraire: 481 m, Kilomètre d'itinéraire: 269.1 km</desc>
    <type>Épicerie</type>
  </wpt>
  <wpt lat="48.0021608" lon="0.1945911">
    <name>Le 212</name>
    <desc>Type: Restauration rapide, Ligne droite jusqu'à l'itinéraire: 251 m, Kilomètre d'itinéraire: 269.1 km</desc>
    <type>Restauration rapide</type>
  </wpt>
  <wpt lat="48.0016575" lon="0.1970223">
    <name>L'Oriental</name>
    <desc>Type: Café, Ligne droite jusqu'à l'itinéraire: 439 m, Kilomètre d'itinéraire: 269.1 km</desc>
    <type>Café</type>
  </wpt>
  <wpt lat="48.0015643" lon="0.1975726">
    <name>Miss Cookies Coffee</name>
    <desc>Type: Café, Ligne droite jusqu'à l'itinéraire: 482 m, Kilomètre d'itinéraire: 269.1 km</desc>
    <type>Café</type>
  </wpt>
  <wpt lat="48.00204430102579" lon="0.192926945078721">
    <name>Le Punjab</name>
    <desc>Type: Restaurant, Ligne droite jusqu'à l'itinéraire: 131 m, Kilomètre d'itinéraire: 269.1 km</desc>
    <type>Restaurant</type>
  </wpt>
  <wpt lat="48.002505858684266" lon="0.18504139680829432">
    <name>Station U</name>
    <desc>Type: Station-service, Ligne droite jusqu'à l'itinéraire: 458 m, Kilomètre d'itinéraire: 269.2 km</desc>
    <type>Station-service</type>
  </wpt>
  <wpt lat="48.0012457" lon="0.1972617">
    <name>Subway</name>
    <desc>Type: Restauration rapide, Ligne droite jusqu'à l'itinéraire: 464 m, Kilomètre d'itinéraire: 269.2 km</desc>
    <type>Restauration rapide</type>
  </wpt>
  <wpt lat="48.0012112" lon="0.1971665">
    <name>Mikiya</name>
    <desc>Type: Restaurant, Ligne droite jusqu'à l'itinéraire: 458 m, Kilomètre d'itinéraire: 269.2 km</desc>
    <type>Restaurant</type>
  </wpt>
  <wpt lat="48.0009855" lon="0.1972256">
    <name>Street food</name>
    <desc>Type: Restauration rapide, Ligne droite jusqu'à l'itinéraire: 467 m, Kilomètre d'itinéraire: 269.2 km</desc>
    <type>Restauration rapide</type>
  </wpt>
  <wpt lat="48.0009398" lon="0.1975022">
    <name>La Bodega Shop</name>
    <desc>Type: Épicerie, Ligne droite jusqu'à l'itinéraire: 488 m, Kilomètre d'itinéraire: 269.2 km</desc>
    <type>Épicerie</type>
  </wpt>
  <wpt lat="48.0008728" lon="0.1971276">
    <name>Lokoriko</name>
    <desc>Type: Restauration rapide, Ligne droite jusqu'à l'itinéraire: 461 m, Kilomètre d'itinéraire: 269.2 km</desc>
    <type>Restauration rapide</type>
  </wpt>
  <wpt lat="48.000668" lon="0.1972557">
    <name>Valérie dollar exotique</name>
    <desc>Type: Épicerie, Ligne droite jusqu'à l'itinéraire: 475 m, Kilomètre d'itinéraire: 269.2 km</desc>
    <type>Épicerie</type>
  </wpt>
  <wpt lat="48.0008163" lon="0.1973946">
    <name>Le diamant vert</name>
    <desc>Type: Restauration rapide, Ligne droite jusqu'à l'itinéraire: 482 m, Kilomètre d'itinéraire: 269.2 km</desc>
    <type>Restauration rapide</type>
  </wpt>
  <wpt lat="48.00049929216751" lon="0.19650231431803816">
    <name>Concordia Hotel</name>
    <desc>Type: Hôtel, Ligne droite jusqu'à l'itinéraire: 422 m, Kilomètre d'itinéraire: 269.2 km</desc>
    <type>Hôtel</type>
  </wpt>
  <wpt lat="48.0005784" lon="0.1965885">
    <name>L'amphitryon</name>
    <desc>Type: Restaurant, Ligne droite jusqu'à l'itinéraire: 427 m, Kilomètre d'itinéraire: 269.2 km</desc>
    <type>Restaurant</type>
  </wpt>
  <wpt lat="48.0025172" lon="0.1844971">
    <name>Utile</name>
    <desc>Type: Épicerie, Ligne droite jusqu'à l'itinéraire: 498 m, Kilomètre d'itinéraire: 269.2 km</desc>
    <type>Épicerie</type>
  </wpt>
  <wpt lat="48.0005622" lon="0.192448">
    <name>Rajastan</name>
    <desc>Type: Restaurant, Ligne droite jusqu'à l'itinéraire: 126 m, Kilomètre d'itinéraire: 269.3 km</desc>
    <type>Restaurant</type>
  </wpt>
  <wpt lat="48.0004802" lon="0.1924951">
    <name>Le Congrès</name>
    <desc>Type: Café, Ligne droite jusqu'à l'itinéraire: 133 m, Kilomètre d'itinéraire: 269.3 km</desc>
    <type>Café</type>
  </wpt>
  <wpt lat="48.0003124" lon="0.1953208">
    <name>9Wagram</name>
    <desc>Type: Auberge de jeunesse, Ligne droite jusqu'à l'itinéraire: 339 m, Kilomètre d'itinéraire: 269.3 km</desc>
    <type>Auberge de jeunesse</type>
  </wpt>
  <wpt lat="47.9998651" lon="0.1961901">
    <name>Le bistro des copains</name>
    <desc>Type: Restaurant, Ligne droite jusqu'à l'itinéraire: 415 m, Kilomètre d'itinéraire: 269.3 km</desc>
    <type>Restaurant</type>
  </wpt>
  <wpt lat="47.9998962" lon="0.1962612">
    <name>Le bistro des copains</name>
    <desc>Type: Café, Ligne droite jusqu'à l'itinéraire: 419 m, Kilomètre d'itinéraire: 269.3 km</desc>
    <type>Café</type>
  </wpt>
  <wpt lat="47.9994625" lon="0.1961861">
    <name>Délice Food</name>
    <desc>Type: Restaurant, Ligne droite jusqu'à l'itinéraire: 430 m, Kilomètre d'itinéraire: 269.3 km</desc>
    <type>Restaurant</type>
  </wpt>
  <wpt lat="48.0003003" lon="0.1926108">
    <name>Chez Clémence</name>
    <desc>Type: Restaurant, Ligne droite jusqu'à l'itinéraire: 149 m, Kilomètre d'itinéraire: 269.3 km</desc>
    <type>Restaurant</type>
  </wpt>
  <wpt lat="48.000255" lon="0.1926782">
    <name>Boulangerie pâtisserie du Congrès</name>
    <desc>Type: Boulangerie, Ligne droite jusqu'à l'itinéraire: 156 m, Kilomètre d'itinéraire: 269.3 km</desc>
    <type>Boulangerie</type>
  </wpt>
  <wpt lat="48.0009253" lon="0.1867084">
    <name>Aquatique Soleil</name>
    <desc>Type: Hôtel, Ligne droite jusqu'à l'itinéraire: 270 m, Kilomètre d'itinéraire: 269.4 km</desc>
    <type>Hôtel</type>
  </wpt>
  <wpt lat="47.9991662" lon="0.1883484">
    <name>Eau potable</name>
    <desc>Type: Eau potable, Ligne droite jusqu'à l'itinéraire: 68 m, Kilomètre d'itinéraire: 269.5 km</desc>
    <type>Eau potable</type>
  </wpt>
  <wpt lat="47.999010417572826" lon="0.1878618475540179">
    <name>Toilettes</name>
    <desc>Type: Toilettes, Ligne droite jusqu'à l'itinéraire: 92 m, Kilomètre d'itinéraire: 269.6 km</desc>
    <type>Toilettes</type>
  </wpt>
  <wpt lat="48.0008069" lon="0.1831479">
    <name>Le Derby</name>
    <desc>Type: Café, Ligne droite jusqu'à l'itinéraire: 496 m, Kilomètre d'itinéraire: 269.6 km</desc>
    <type>Café</type>
  </wpt>
  <wpt lat="47.99609605439668" lon="0.18656215641855006">
    <name>Total Access</name>
    <desc>Type: Station-service, Ligne droite jusqu'à l'itinéraire: 252 m, Kilomètre d'itinéraire: 269.8 km</desc>
    <type>Station-service</type>
  </wpt>
  <wpt lat="47.9955023" lon="0.1860414">
    <name>Bread Lab</name>
    <desc>Type: Boulangerie, Ligne droite jusqu'à l'itinéraire: 321 m, Kilomètre d'itinéraire: 269.8 km</desc>
    <type>Boulangerie</type>
  </wpt>
  <wpt lat="47.9953391" lon="0.187015">
    <name>Restauval Ouest</name>
    <desc>Type: Restaurant, Ligne droite jusqu'à l'itinéraire: 272 m, Kilomètre d'itinéraire: 269.8 km</desc>
    <type>Restaurant</type>
  </wpt>
  <wpt lat="47.9951036" lon="0.187432">
    <name>Zenitude Hôtel-Résidences</name>
    <desc>Type: Hôtel, Ligne droite jusqu'à l'itinéraire: 269 m, Kilomètre d'itinéraire: 269.8 km</desc>
    <type>Hôtel</type>
  </wpt>
  <wpt lat="47.9935342" lon="0.1855633">
    <name>RIE ATLAS</name>
    <desc>Type: Restauration rapide, Ligne droite jusqu'à l'itinéraire: 492 m, Kilomètre d'itinéraire: 269.8 km</desc>
    <type>Restauration rapide</type>
  </wpt>
  <trk>
    <name>veloscenic_le_mans-25238407-1790026190-995</name>
    <trkseg>
      <trkpt lat="48.85615" lon="2.34645">
        <ele>46.0</ele>
      </trkpt>
      <trkpt lat="48.8556" lon="2.34609">
        <ele>48.0</ele>
      </trkpt>
      <trkpt lat="48.85525" lon="2.3458">
        <ele>47.0</ele>
      </trkpt>
      <trkpt lat="48.85496" lon="2.34552">
        <ele>46.0</ele>
      </trkpt>
      <trkpt lat="48.85428" lon="2.34482">
        <ele>41.0</ele>
      </trkpt>
      <trkpt lat="48.85389" lon="2.34439">
        <ele>41.0</ele>
      </trkpt>
      <trkpt lat="48.85382" lon="2.34432">
        <ele>41.0</ele>
      </trkpt>
      <trkpt lat="48.85379" lon="2.34429">
        <ele>41.0</ele>
      </trkpt>
      <trkpt lat="48.85344" lon="2.34414">
        <ele>43.0</ele>
      </trkpt>
      <trkpt lat="48.85312" lon="2.34399">
        <ele>46.0</ele>
      </trkpt>
      <trkpt lat="48.85277" lon="2.34382">
        <ele>49.0</ele>
      </trkpt>
      <trkpt lat="48.85184" lon="2.34338">
        <ele>49.0</ele>
      </trkpt>
      <trkpt lat="48.8514" lon="2.34317">
        <ele>48.0</ele>
      </trkpt>
      <trkpt lat="48.85134" lon="2.34314">
        <ele>48.0</ele>
      </trkpt>
      <trkpt lat="48.85165" lon="2.3419">
        <ele>47.0</ele>
      </trkpt>
      <trkpt lat="48.85217" lon="2.33977">
        <ele>46.0</ele>
      </trkpt>
      <trkpt lat="48.8523" lon="2.33922">
        <ele>46.0</ele>
      </trkpt>
      <trkpt lat="48.85242" lon="2.33874">
        <ele>47.0</ele>
      </trkpt>
      <trkpt lat="48.85264" lon="2.33781">
        <ele>49.0</ele>
      </trkpt>
      <trkpt lat="48.85287" lon="2.33689">
        <ele>50.0</ele>
      </trkpt>
      <trkpt lat="48.85312" lon="2.33587">
        <ele>51.0</ele>
      </trkpt>
      <trkpt lat="48.85313" lon="2.33582">
        <ele>51.0</ele>
      </trkpt>
      <trkpt lat="48.85288" lon="2.33495">
        <ele>49.0</ele>
      </trkpt>
      <trkpt lat="48.85278" lon="2.33444">
        <ele>48.0</ele>
      </trkpt>
      <trkpt lat="48.8527" lon="2.33392">
        <ele>48.0</ele>
      </trkpt>
      <trkpt lat="48.85263" lon="2.33297">
        <ele>49.0</ele>
      </trkpt>
      <trkpt lat="48.85246" lon="2.33193">
        <ele>47.0</ele>
      </trkpt>
      <trkpt lat="48.85166" lon="2.33118">
        <ele>52.0</ele>
      </trkpt>
      <trkpt lat="48.85135" lon="2.33089">
        <ele>52.0</ele>
      </trkpt>
      <trkpt lat="48.85096" lon="2.33055">
        <ele>52.0</ele>
      </trkpt>
      <trkpt lat="48.85038" lon="2.33002">
        <ele>51.0</ele>
      </trkpt>
      <trkpt lat="48.84997" lon="2.32964">
        <ele>52.0</ele>
      </trkpt>
      <trkpt lat="48.84934" lon="2.32907">
        <ele>51.0</ele>
      </trkpt>
      <trkpt lat="48.84886" lon="2.32863">
        <ele>52.0</ele>
      </trkpt>
      <trkpt lat="48.84828" lon="2.3281">
        <ele>52.0</ele>
      </trkpt>
      <trkpt lat="48.84773" lon="2.32761">
        <ele>53.0</ele>
      </trkpt>
      <trkpt lat="48.84726" lon="2.32718">
        <ele>53.0</ele>
      </trkpt>
      <trkpt lat="48.84672" lon="2.32665">
        <ele>53.0</ele>
      </trkpt>
      <trkpt lat="48.8462" lon="2.32614">
        <ele>56.0</ele>
      </trkpt>
      <trkpt lat="48.84553" lon="2.32549">
        <ele>57.0</ele>
      </trkpt>
      <trkpt lat="48.8448" lon="2.32477">
        <ele>58.0</ele>
      </trkpt>
      <trkpt lat="48.84446" lon="2.32444">
        <ele>59.0</ele>
      </trkpt>
      <trkpt lat="48.84417" lon="2.32416">
        <ele>59.0</ele>
      </trkpt>
      <trkpt lat="48.84374" lon="2.32427">
        <ele>61.0</ele>
      </trkpt>
      <trkpt lat="48.84336" lon="2.32426">
        <ele>62.0</ele>
      </trkpt>
      <trkpt lat="48.84291" lon="2.32391">
        <ele>62.0</ele>
      </trkpt>
      <trkpt lat="48.84206" lon="2.32285">
        <ele>60.0</ele>
      </trkpt>
      <trkpt lat="48.84107" lon="2.32162">
        <ele>62.0</ele>
      </trkpt>
      <trkpt lat="48.84058" lon="2.32176">
        <ele>64.0</ele>
      </trkpt>
      <trkpt lat="48.84017" lon="2.32193">
        <ele>64.0</ele>
      </trkpt>
      <trkpt lat="48.84005" lon="2.32169">
        <ele>63.0</ele>
      </trkpt>
      <trkpt lat="48.83969" lon="2.32128">
        <ele>66.0</ele>
      </trkpt>
      <trkpt lat="48.83876" lon="2.32014">
        <ele>68.0</ele>
      </trkpt>
      <trkpt lat="48.8378" lon="2.31902">
        <ele>78.0</ele>
      </trkpt>
      <trkpt lat="48.83741" lon="2.31859">
        <ele>74.0</ele>
      </trkpt>
      <trkpt lat="48.83747" lon="2.31818">
        <ele>72.0</ele>
      </trkpt>
      <trkpt lat="48.83725" lon="2.31787">
        <ele>70.0</ele>
      </trkpt>
      <trkpt lat="48.8373" lon="2.31727">
        <ele>68.0</ele>
      </trkpt>
      <trkpt lat="48.83716" lon="2.31679">
        <ele>65.0</ele>
      </trkpt>
      <trkpt lat="48.83666" lon="2.31593">
        <ele>62.0</ele>
      </trkpt>
      <trkpt lat="48.83611" lon="2.31536">
        <ele>64.0</ele>
      </trkpt>
      <trkpt lat="48.83549" lon="2.31537">
        <ele>65.0</ele>
      </trkpt>
      <trkpt lat="48.83518" lon="2.3149">
        <ele>66.0</ele>
      </trkpt>
      <trkpt lat="48.8348" lon="2.31427">
        <ele>67.0</ele>
      </trkpt>
      <trkpt lat="48.8343" lon="2.31346">
        <ele>68.0</ele>
      </trkpt>
      <trkpt lat="48.83384" lon="2.31285">
        <ele>65.0</ele>
      </trkpt>
      <trkpt lat="48.83355" lon="2.31247">
        <ele>64.0</ele>
      </trkpt>
      <trkpt lat="48.83323" lon="2.31206">
        <ele>63.0</ele>
      </trkpt>
      <trkpt lat="48.83276" lon="2.31148">
        <ele>62.0</ele>
      </trkpt>
      <trkpt lat="48.83234" lon="2.31081">
        <ele>60.0</ele>
      </trkpt>
      <trkpt lat="48.83172" lon="2.30963">
        <ele>61.0</ele>
      </trkpt>
      <trkpt lat="48.83145" lon="2.30916">
        <ele>61.0</ele>
      </trkpt>
      <trkpt lat="48.83119" lon="2.30876">
        <ele>61.0</ele>
      </trkpt>
      <trkpt lat="48.8307" lon="2.30815">
        <ele>62.0</ele>
      </trkpt>
      <trkpt lat="48.83041" lon="2.30779">
        <ele>64.0</ele>
      </trkpt>
      <trkpt lat="48.82994" lon="2.30719">
        <ele>66.0</ele>
      </trkpt>
      <trkpt lat="48.82956" lon="2.30672">
        <ele>66.0</ele>
      </trkpt>
      <trkpt lat="48.82919" lon="2.3064">
        <ele>65.0</ele>
      </trkpt>
      <trkpt lat="48.82884" lon="2.30604">
        <ele>65.0</ele>
      </trkpt>
      <trkpt lat="48.82861" lon="2.30555">
        <ele>65.0</ele>
      </trkpt>
      <trkpt lat="48.82802" lon="2.30479">
        <ele>66.0</ele>
      </trkpt>
      <trkpt lat="48.82771" lon="2.30443">
        <ele>68.0</ele>
      </trkpt>
      <trkpt lat="48.82738" lon="2.30404">
        <ele>68.0</ele>
      </trkpt>
      <trkpt lat="48.82673" lon="2.30341">
        <ele>65.0</ele>
      </trkpt>
      <trkpt lat="48.82612" lon="2.30261">
        <ele>64.0</ele>
      </trkpt>
      <trkpt lat="48.82548" lon="2.30217">
        <ele>64.0</ele>
      </trkpt>
      <trkpt lat="48.82503" lon="2.302">
        <ele>64.0</ele>
      </trkpt>
      <trkpt lat="48.82477" lon="2.30148">
        <ele>65.0</ele>
      </trkpt>
      <trkpt lat="48.82459" lon="2.30104">
        <ele>65.0</ele>
      </trkpt>
      <trkpt lat="48.8243" lon="2.30065">
        <ele>65.0</ele>
      </trkpt>
      <trkpt lat="48.82366" lon="2.29989">
        <ele>66.0</ele>
      </trkpt>
      <trkpt lat="48.823" lon="2.29934">
        <ele>65.0</ele>
      </trkpt>
      <trkpt lat="48.82315" lon="2.29885">
        <ele>66.0</ele>
      </trkpt>
      <trkpt lat="48.82281" lon="2.29843">
        <ele>67.0</ele>
      </trkpt>
      <trkpt lat="48.82226" lon="2.29788">
        <ele>67.0</ele>
      </trkpt>
      <trkpt lat="48.82193" lon="2.29768">
        <ele>68.0</ele>
      </trkpt>
      <trkpt lat="48.8216" lon="2.29747">
        <ele>69.0</ele>
      </trkpt>
      <trkpt lat="48.82134" lon="2.2971">
        <ele>69.0</ele>
      </trkpt>
      <trkpt lat="48.82097" lon="2.29661">
        <ele>68.0</ele>
      </trkpt>
      <trkpt lat="48.82061" lon="2.29623">
        <ele>67.0</ele>
      </trkpt>
      <trkpt lat="48.82017" lon="2.29579">
        <ele>68.0</ele>
      </trkpt>
      <trkpt lat="48.81968" lon="2.29553">
        <ele>69.0</ele>
      </trkpt>
      <trkpt lat="48.81923" lon="2.29541">
        <ele>70.0</ele>
      </trkpt>
      <trkpt lat="48.81924" lon="2.29481">
        <ele>70.0</ele>
      </trkpt>
      <trkpt lat="48.81843" lon="2.29461">
        <ele>70.0</ele>
      </trkpt>
      <trkpt lat="48.81784" lon="2.29466">
        <ele>68.0</ele>
      </trkpt>
      <trkpt lat="48.8173" lon="2.29482">
        <ele>67.0</ele>
      </trkpt>
      <trkpt lat="48.81648" lon="2.29531">
        <ele>69.0</ele>
      </trkpt>
      <trkpt lat="48.81598" lon="2.29569">
        <ele>71.0</ele>
      </trkpt>
      <trkpt lat="48.81484" lon="2.29689">
        <ele>71.0</ele>
      </trkpt>
      <trkpt lat="48.81308" lon="2.29876">
        <ele>77.0</ele>
      </trkpt>
      <trkpt lat="48.81193" lon="2.29997">
        <ele>79.0</ele>
      </trkpt>
      <trkpt lat="48.81162" lon="2.30033">
        <ele>80.0</ele>
      </trkpt>
      <trkpt lat="48.81153" lon="2.30043">
        <ele>80.0</ele>
      </trkpt>
      <trkpt lat="48.8115" lon="2.3004">
        <ele>80.0</ele>
      </trkpt>
      <trkpt lat="48.81087" lon="2.29981">
        <ele>79.0</ele>
      </trkpt>
      <trkpt lat="48.81057" lon="2.29981">
        <ele>80.0</ele>
      </trkpt>
      <trkpt lat="48.81011" lon="2.30033">
        <ele>82.0</ele>
      </trkpt>
      <trkpt lat="48.80998" lon="2.30021">
        <ele>82.0</ele>
      </trkpt>
      <trkpt lat="48.80861" lon="2.29956">
        <ele>89.0</ele>
      </trkpt>
      <trkpt lat="48.80812" lon="2.29931">
        <ele>89.0</ele>
      </trkpt>
      <trkpt lat="48.80754" lon="2.29856">
        <ele>90.0</ele>
      </trkpt>
      <trkpt lat="48.80754" lon="2.29826">
        <ele>91.0</ele>
      </trkpt>
      <trkpt lat="48.80702" lon="2.29758">
        <ele>91.0</ele>
      </trkpt>
      <trkpt lat="48.80652" lon="2.29697">
        <ele>92.0</ele>
      </trkpt>
      <trkpt lat="48.80597" lon="2.29637">
        <ele>93.0</ele>
      </trkpt>
      <trkpt lat="48.80543" lon="2.29569">
        <ele>95.0</ele>
      </trkpt>
      <trkpt lat="48.80483" lon="2.29503">
        <ele>96.0</ele>
      </trkpt>
      <trkpt lat="48.80441" lon="2.29509">
        <ele>97.0</ele>
      </trkpt>
      <trkpt lat="48.80408" lon="2.29491">
        <ele>98.0</ele>
      </trkpt>
      <trkpt lat="48.80376" lon="2.29463">
        <ele>99.0</ele>
      </trkpt>
      <trkpt lat="48.80334" lon="2.29455">
        <ele>101.0</ele>
      </trkpt>
      <trkpt lat="48.80283" lon="2.29446">
        <ele>101.0</ele>
      </trkpt>
      <trkpt lat="48.8022" lon="2.29479">
        <ele>101.0</ele>
      </trkpt>
      <trkpt lat="48.80162" lon="2.29533">
        <ele>100.0</ele>
      </trkpt>
      <trkpt lat="48.80092" lon="2.29591">
        <ele>97.0</ele>
      </trkpt>
      <trkpt lat="48.80034" lon="2.29608">
        <ele>95.0</ele>
      </trkpt>
      <trkpt lat="48.8" lon="2.29603">
        <ele>94.0</ele>
      </trkpt>
      <trkpt lat="48.79965" lon="2.29598">
        <ele>94.0</ele>
      </trkpt>
      <trkpt lat="48.79898" lon="2.29576">
        <ele>95.0</ele>
      </trkpt>
      <trkpt lat="48.79817" lon="2.29575">
        <ele>97.0</ele>
      </trkpt>
      <trkpt lat="48.79766" lon="2.29678">
        <ele>97.0</ele>
      </trkpt>
      <trkpt lat="48.79742" lon="2.29657">
        <ele>97.0</ele>
      </trkpt>
      <trkpt lat="48.79679" lon="2.29582">
        <ele>95.0</ele>
      </trkpt>
      <trkpt lat="48.7962" lon="2.29528">
        <ele>95.0</ele>
      </trkpt>
      <trkpt lat="48.79569" lon="2.29473">
        <ele>95.0</ele>
      </trkpt>
      <trkpt lat="48.79556" lon="2.29463">
        <ele>95.0</ele>
      </trkpt>
      <trkpt lat="48.79519" lon="2.29467">
        <ele>94.0</ele>
      </trkpt>
      <trkpt lat="48.79438" lon="2.29413">
        <ele>92.0</ele>
      </trkpt>
      <trkpt lat="48.79369" lon="2.29333">
        <ele>95.0</ele>
      </trkpt>
      <trkpt lat="48.79315" lon="2.293">
        <ele>99.0</ele>
      </trkpt>
      <trkpt lat="48.79237" lon="2.29275">
        <ele>102.0</ele>
      </trkpt>
      <trkpt lat="48.79173" lon="2.29255">
        <ele>103.0</ele>
      </trkpt>
      <trkpt lat="48.79143" lon="2.29214">
        <ele>104.0</ele>
      </trkpt>
      <trkpt lat="48.79101" lon="2.292">
        <ele>105.0</ele>
      </trkpt>
      <trkpt lat="48.79058" lon="2.29185">
        <ele>106.0</ele>
      </trkpt>
      <trkpt lat="48.79016" lon="2.29182">
        <ele>106.0</ele>
      </trkpt>
      <trkpt lat="48.7897" lon="2.29171">
        <ele>104.0</ele>
      </trkpt>
      <trkpt lat="48.78912" lon="2.29158">
        <ele>99.0</ele>
      </trkpt>
      <trkpt lat="48.78884" lon="2.29093">
        <ele>93.0</ele>
      </trkpt>
      <trkpt lat="48.78831" lon="2.2912">
        <ele>85.0</ele>
      </trkpt>
      <trkpt lat="48.78792" lon="2.2905">
        <ele>83.0</ele>
      </trkpt>
      <trkpt lat="48.78759" lon="2.29074">
        <ele>80.0</ele>
      </trkpt>
      <trkpt lat="48.78732" lon="2.2903">
        <ele>82.0</ele>
      </trkpt>
      <trkpt lat="48.78681" lon="2.29001">
        <ele>83.0</ele>
      </trkpt>
      <trkpt lat="48.78616" lon="2.28963">
        <ele>81.0</ele>
      </trkpt>
      <trkpt lat="48.78561" lon="2.28928">
        <ele>81.0</ele>
      </trkpt>
      <trkpt lat="48.78514" lon="2.28866">
        <ele>82.0</ele>
      </trkpt>
      <trkpt lat="48.7846" lon="2.28832">
        <ele>81.0</ele>
      </trkpt>
      <trkpt lat="48.78418" lon="2.2881">
        <ele>79.0</ele>
      </trkpt>
      <trkpt lat="48.78383" lon="2.28793">
        <ele>78.0</ele>
      </trkpt>
      <trkpt lat="48.7835" lon="2.28756">
        <ele>77.0</ele>
      </trkpt>
      <trkpt lat="48.7832" lon="2.28715">
        <ele>78.0</ele>
      </trkpt>
      <trkpt lat="48.78271" lon="2.28685">
        <ele>81.0</ele>
      </trkpt>
      <trkpt lat="48.78211" lon="2.28728">
        <ele>85.0</ele>
      </trkpt>
      <trkpt lat="48.78161" lon="2.28689">
        <ele>88.0</ele>
      </trkpt>
      <trkpt lat="48.78101" lon="2.28697">
        <ele>92.0</ele>
      </trkpt>
      <trkpt lat="48.78052" lon="2.28666">
        <ele>94.0</ele>
      </trkpt>
      <trkpt lat="48.77993" lon="2.28658">
        <ele>97.0</ele>
      </trkpt>
      <trkpt lat="48.77889" lon="2.28642">
        <ele>101.0</ele>
      </trkpt>
      <trkpt lat="48.77792" lon="2.28626">
        <ele>99.0</ele>
      </trkpt>
      <trkpt lat="48.77701" lon="2.28611">
        <ele>93.0</ele>
      </trkpt>
      <trkpt lat="48.77638" lon="2.28589">
        <ele>88.0</ele>
      </trkpt>
      <trkpt lat="48.77577" lon="2.28576">
        <ele>83.0</ele>
      </trkpt>
      <trkpt lat="48.77482" lon="2.28557">
        <ele>78.0</ele>
      </trkpt>
      <trkpt lat="48.77445" lon="2.28548">
        <ele>76.0</ele>
      </trkpt>
      <trkpt lat="48.7736" lon="2.28552">
        <ele>76.0</ele>
      </trkpt>
      <trkpt lat="48.77291" lon="2.28537">
        <ele>79.0</ele>
      </trkpt>
      <trkpt lat="48.77222" lon="2.28495">
        <ele>82.0</ele>
      </trkpt>
      <trkpt lat="48.77173" lon="2.28479">
        <ele>83.0</ele>
      </trkpt>
      <trkpt lat="48.77136" lon="2.28492">
        <ele>84.0</ele>
      </trkpt>
      <trkpt lat="48.7708" lon="2.28508">
        <ele>85.0</ele>
      </trkpt>
      <trkpt lat="48.77021" lon="2.28506">
        <ele>86.0</ele>
      </trkpt>
      <trkpt lat="48.76982" lon="2.28505">
        <ele>87.0</ele>
      </trkpt>
      <trkpt lat="48.76943" lon="2.28504">
        <ele>88.0</ele>
      </trkpt>
      <trkpt lat="48.76908" lon="2.28502">
        <ele>88.0</ele>
      </trkpt>
      <trkpt lat="48.7683" lon="2.28467">
        <ele>91.0</ele>
      </trkpt>
      <trkpt lat="48.76754" lon="2.28466">
        <ele>91.0</ele>
      </trkpt>
      <trkpt lat="48.76672" lon="2.28465">
        <ele>90.0</ele>
      </trkpt>
      <trkpt lat="48.76587" lon="2.28469">
        <ele>87.0</ele>
      </trkpt>
      <trkpt lat="48.76557" lon="2.28497">
        <ele>87.0</ele>
      </trkpt>
      <trkpt lat="48.7649" lon="2.28502">
        <ele>86.0</ele>
      </trkpt>
      <trkpt lat="48.76434" lon="2.28485">
        <ele>85.0</ele>
      </trkpt>
      <trkpt lat="48.76396" lon="2.28485">
        <ele>84.0</ele>
      </trkpt>
      <trkpt lat="48.76321" lon="2.28486">
        <ele>83.0</ele>
      </trkpt>
      <trkpt lat="48.76278" lon="2.2849">
        <ele>83.0</ele>
      </trkpt>
      <trkpt lat="48.7624" lon="2.285">
        <ele>82.0</ele>
      </trkpt>
      <trkpt lat="48.762" lon="2.285">
        <ele>82.0</ele>
      </trkpt>
      <trkpt lat="48.76157" lon="2.28471">
        <ele>84.0</ele>
      </trkpt>
      <trkpt lat="48.76114" lon="2.28477">
        <ele>85.0</ele>
      </trkpt>
      <trkpt lat="48.76078" lon="2.28495">
        <ele>85.0</ele>
      </trkpt>
      <trkpt lat="48.76003" lon="2.28469">
        <ele>88.0</ele>
      </trkpt>
      <trkpt lat="48.76034" lon="2.2844">
        <ele>89.0</ele>
      </trkpt>
      <trkpt lat="48.75955" lon="2.28463">
        <ele>91.0</ele>
      </trkpt>
      <trkpt lat="48.75907" lon="2.28459">
        <ele>92.0</ele>
      </trkpt>
      <trkpt lat="48.75859" lon="2.28451">
        <ele>92.0</ele>
      </trkpt>
      <trkpt lat="48.75822" lon="2.28445">
        <ele>92.0</ele>
      </trkpt>
      <trkpt lat="48.75764" lon="2.28434">
        <ele>92.0</ele>
      </trkpt>
      <trkpt lat="48.75701" lon="2.28421">
        <ele>91.0</ele>
      </trkpt>
      <trkpt lat="48.75664" lon="2.28417">
        <ele>90.0</ele>
      </trkpt>
      <trkpt lat="48.75624" lon="2.28444">
        <ele>89.0</ele>
      </trkpt>
      <trkpt lat="48.7557" lon="2.28452">
        <ele>87.0</ele>
      </trkpt>
      <trkpt lat="48.75481" lon="2.28408">
        <ele>86.0</ele>
      </trkpt>
      <trkpt lat="48.75426" lon="2.28392">
        <ele>86.0</ele>
      </trkpt>
      <trkpt lat="48.75393" lon="2.28376">
        <ele>87.0</ele>
      </trkpt>
      <trkpt lat="48.75351" lon="2.28356">
        <ele>87.0</ele>
      </trkpt>
      <trkpt lat="48.75312" lon="2.28341">
        <ele>86.0</ele>
      </trkpt>
      <trkpt lat="48.75277" lon="2.28321">
        <ele>83.0</ele>
      </trkpt>
      <trkpt lat="48.75243" lon="2.28301">
        <ele>82.0</ele>
      </trkpt>
      <trkpt lat="48.75149" lon="2.28243">
        <ele>80.0</ele>
      </trkpt>
      <trkpt lat="48.75132" lon="2.28169">
        <ele>79.0</ele>
      </trkpt>
      <trkpt lat="48.75092" lon="2.28126">
        <ele>77.0</ele>
      </trkpt>
      <trkpt lat="48.75057" lon="2.28104">
        <ele>76.0</ele>
      </trkpt>
      <trkpt lat="48.75021" lon="2.28079">
        <ele>76.0</ele>
      </trkpt>
      <trkpt lat="48.7496" lon="2.2804">
        <ele>77.0</ele>
      </trkpt>
      <trkpt lat="48.74913" lon="2.2799">
        <ele>79.0</ele>
      </trkpt>
      <trkpt lat="48.74873" lon="2.27945">
        <ele>76.0</ele>
      </trkpt>
      <trkpt lat="48.74846" lon="2.27904">
        <ele>76.0</ele>
      </trkpt>
      <trkpt lat="48.74809" lon="2.27886">
        <ele>76.0</ele>
      </trkpt>
      <trkpt lat="48.74755" lon="2.27842">
        <ele>78.0</ele>
      </trkpt>
      <trkpt lat="48.74733" lon="2.27799">
        <ele>78.0</ele>
      </trkpt>
      <trkpt lat="48.74698" lon="2.27831">
        <ele>77.0</ele>
      </trkpt>
      <trkpt lat="48.74658" lon="2.27816">
        <ele>76.0</ele>
      </trkpt>
      <trkpt lat="48.74642" lon="2.27754">
        <ele>76.0</ele>
      </trkpt>
      <trkpt lat="48.74578" lon="2.27774">
        <ele>72.0</ele>
      </trkpt>
      <trkpt lat="48.74516" lon="2.278">
        <ele>66.0</ele>
      </trkpt>
      <trkpt lat="48.74462" lon="2.27741">
        <ele>66.0</ele>
      </trkpt>
      <trkpt lat="48.74455" lon="2.27738">
        <ele>66.0</ele>
      </trkpt>
      <trkpt lat="48.74135" lon="2.27538">
        <ele>60.0</ele>
      </trkpt>
      <trkpt lat="48.74088" lon="2.27476">
        <ele>61.0</ele>
      </trkpt>
      <trkpt lat="48.74033" lon="2.27464">
        <ele>62.0</ele>
      </trkpt>
      <trkpt lat="48.73943" lon="2.27398">
        <ele>63.0</ele>
      </trkpt>
      <trkpt lat="48.73881" lon="2.27357">
        <ele>60.0</ele>
      </trkpt>
      <trkpt lat="48.73834" lon="2.27322">
        <ele>60.0</ele>
      </trkpt>
      <trkpt lat="48.73805" lon="2.27265">
        <ele>59.0</ele>
      </trkpt>
      <trkpt lat="48.73751" lon="2.27294">
        <ele>62.0</ele>
      </trkpt>
      <trkpt lat="48.73747" lon="2.27288">
        <ele>62.0</ele>
      </trkpt>
      <trkpt lat="48.7355" lon="2.27131">
        <ele>67.0</ele>
      </trkpt>
      <trkpt lat="48.73474" lon="2.27087">
        <ele>67.0</ele>
      </trkpt>
      <trkpt lat="48.73446" lon="2.27048">
        <ele>66.0</ele>
      </trkpt>
      <trkpt lat="48.73398" lon="2.27104">
        <ele>72.0</ele>
      </trkpt>
      <trkpt lat="48.73354" lon="2.27125">
        <ele>73.0</ele>
      </trkpt>
      <trkpt lat="48.73298" lon="2.27129">
        <ele>71.0</ele>
      </trkpt>
      <trkpt lat="48.73246" lon="2.27131">
        <ele>68.0</ele>
      </trkpt>
      <trkpt lat="48.73185" lon="2.27151">
        <ele>71.0</ele>
      </trkpt>
      <trkpt lat="48.73135" lon="2.27168">
        <ele>72.0</ele>
      </trkpt>
      <trkpt lat="48.7309" lon="2.27187">
        <ele>74.0</ele>
      </trkpt>
      <trkpt lat="48.73051" lon="2.27199">
        <ele>75.0</ele>
      </trkpt>
      <trkpt lat="48.73038" lon="2.27189">
        <ele>74.0</ele>
      </trkpt>
      <trkpt lat="48.73031" lon="2.27099">
        <ele>71.0</ele>
      </trkpt>
      <trkpt lat="48.7302" lon="2.27049">
        <ele>70.0</ele>
      </trkpt>
      <trkpt lat="48.73004" lon="2.26998">
        <ele>70.0</ele>
      </trkpt>
      <trkpt lat="48.72952" lon="2.26979">
        <ele>70.0</ele>
      </trkpt>
      <trkpt lat="48.72958" lon="2.26896">
        <ele>70.0</ele>
      </trkpt>
      <trkpt lat="48.72965" lon="2.26891">
        <ele>70.0</ele>
      </trkpt>
      <trkpt lat="48.72958" lon="2.26855">
        <ele>72.0</ele>
      </trkpt>
      <trkpt lat="48.72928" lon="2.26768">
        <ele>73.0</ele>
      </trkpt>
      <trkpt lat="48.72892" lon="2.26683">
        <ele>74.0</ele>
      </trkpt>
      <trkpt lat="48.72868" lon="2.266">
        <ele>76.0</ele>
      </trkpt>
      <trkpt lat="48.72844" lon="2.2656">
        <ele>77.0</ele>
      </trkpt>
      <trkpt lat="48.72799" lon="2.26501">
        <ele>79.0</ele>
      </trkpt>
      <trkpt lat="48.72772" lon="2.26465">
        <ele>80.0</ele>
      </trkpt>
      <trkpt lat="48.72704" lon="2.2638">
        <ele>81.0</ele>
      </trkpt>
      <trkpt lat="48.72624" lon="2.26275">
        <ele>83.0</ele>
      </trkpt>
      <trkpt lat="48.72595" lon="2.26232">
        <ele>84.0</ele>
      </trkpt>
      <trkpt lat="48.72571" lon="2.26192">
        <ele>83.0</ele>
      </trkpt>
      <trkpt lat="48.72549" lon="2.26162">
        <ele>83.0</ele>
      </trkpt>
      <trkpt lat="48.72516" lon="2.26118">
        <ele>83.0</ele>
      </trkpt>
      <trkpt lat="48.72466" lon="2.26055">
        <ele>85.0</ele>
      </trkpt>
      <trkpt lat="48.72472" lon="2.26044">
        <ele>85.0</ele>
      </trkpt>
      <trkpt lat="48.72417" lon="2.25973">
        <ele>86.0</ele>
      </trkpt>
      <trkpt lat="48.72388" lon="2.25935">
        <ele>86.0</ele>
      </trkpt>
      <trkpt lat="48.72378" lon="2.25882">
        <ele>85.0</ele>
      </trkpt>
      <trkpt lat="48.72352" lon="2.25849">
        <ele>85.0</ele>
      </trkpt>
      <trkpt lat="48.72318" lon="2.258">
        <ele>86.0</ele>
      </trkpt>
      <trkpt lat="48.72295" lon="2.2576">
        <ele>86.0</ele>
      </trkpt>
      <trkpt lat="48.72268" lon="2.25726">
        <ele>87.0</ele>
      </trkpt>
      <trkpt lat="48.72217" lon="2.25666">
        <ele>87.0</ele>
      </trkpt>
      <trkpt lat="48.72161" lon="2.256">
        <ele>89.0</ele>
      </trkpt>
      <trkpt lat="48.72088" lon="2.25528">
        <ele>93.0</ele>
      </trkpt>
      <trkpt lat="48.72046" lon="2.25501">
        <ele>95.0</ele>
      </trkpt>
      <trkpt lat="48.72011" lon="2.25485">
        <ele>95.0</ele>
      </trkpt>
      <trkpt lat="48.71989" lon="2.25439">
        <ele>96.0</ele>
      </trkpt>
      <trkpt lat="48.72007" lon="2.25382">
        <ele>98.0</ele>
      </trkpt>
      <trkpt lat="48.72045" lon="2.25318">
        <ele>95.0</ele>
      </trkpt>
      <trkpt lat="48.72079" lon="2.25254">
        <ele>91.0</ele>
      </trkpt>
      <trkpt lat="48.72098" lon="2.2519">
        <ele>93.0</ele>
      </trkpt>
      <trkpt lat="48.72109" lon="2.25136">
        <ele>94.0</ele>
      </trkpt>
      <trkpt lat="48.72108" lon="2.25135">
        <ele>94.0</ele>
      </trkpt>
      <trkpt lat="48.7206" lon="2.25116">
        <ele>94.0</ele>
      </trkpt>
      <trkpt lat="48.71991" lon="2.25095">
        <ele>94.0</ele>
      </trkpt>
      <trkpt lat="48.71987" lon="2.25105">
        <ele>94.0</ele>
      </trkpt>
      <trkpt lat="48.71977" lon="2.25088">
        <ele>94.0</ele>
      </trkpt>
      <trkpt lat="48.71875" lon="2.24946">
        <ele>93.0</ele>
      </trkpt>
      <trkpt lat="48.71824" lon="2.24969">
        <ele>91.0</ele>
      </trkpt>
      <trkpt lat="48.71808" lon="2.24999">
        <ele>91.0</ele>
      </trkpt>
      <trkpt lat="48.71789" lon="2.24917">
        <ele>88.0</ele>
      </trkpt>
      <trkpt lat="48.71689" lon="2.24864">
        <ele>84.0</ele>
      </trkpt>
      <trkpt lat="48.71609" lon="2.24826">
        <ele>81.0</ele>
      </trkpt>
      <trkpt lat="48.71535" lon="2.2482">
        <ele>78.0</ele>
      </trkpt>
      <trkpt lat="48.71463" lon="2.24835">
        <ele>75.0</ele>
      </trkpt>
      <trkpt lat="48.71459" lon="2.24837">
        <ele>74.0</ele>
      </trkpt>
      <trkpt lat="48.71455" lon="2.24835">
        <ele>74.0</ele>
      </trkpt>
      <trkpt lat="48.71454" lon="2.24833">
        <ele>74.0</ele>
      </trkpt>
      <trkpt lat="48.71432" lon="2.24829">
        <ele>73.0</ele>
      </trkpt>
      <trkpt lat="48.71428" lon="2.24831">
        <ele>73.0</ele>
      </trkpt>
      <trkpt lat="48.71423" lon="2.24824">
        <ele>73.0</ele>
      </trkpt>
      <trkpt lat="48.71424" lon="2.24819">
        <ele>73.0</ele>
      </trkpt>
      <trkpt lat="48.71419" lon="2.24803">
        <ele>74.0</ele>
      </trkpt>
      <trkpt lat="48.71374" lon="2.24736">
        <ele>76.0</ele>
      </trkpt>
      <trkpt lat="48.71341" lon="2.24687">
        <ele>76.0</ele>
      </trkpt>
      <trkpt lat="48.71311" lon="2.24645">
        <ele>75.0</ele>
      </trkpt>
      <trkpt lat="48.71258" lon="2.2458">
        <ele>74.0</ele>
      </trkpt>
      <trkpt lat="48.71227" lon="2.24551">
        <ele>72.0</ele>
      </trkpt>
      <trkpt lat="48.71158" lon="2.24491">
        <ele>67.0</ele>
      </trkpt>
      <trkpt lat="48.7106" lon="2.24406">
        <ele>64.0</ele>
      </trkpt>
      <trkpt lat="48.71024" lon="2.24365">
        <ele>60.0</ele>
      </trkpt>
      <trkpt lat="48.70977" lon="2.24311">
        <ele>58.0</ele>
      </trkpt>
      <trkpt lat="48.70903" lon="2.2421">
        <ele>59.0</ele>
      </trkpt>
      <trkpt lat="48.70834" lon="2.24113">
        <ele>64.0</ele>
      </trkpt>
      <trkpt lat="48.70758" lon="2.24005">
        <ele>70.0</ele>
      </trkpt>
      <trkpt lat="48.70684" lon="2.23906">
        <ele>73.0</ele>
      </trkpt>
      <trkpt lat="48.70735" lon="2.23958">
        <ele>71.0</ele>
      </trkpt>
      <trkpt lat="48.70735" lon="2.23958">
        <ele>71.0</ele>
      </trkpt>
      <trkpt lat="48.70758" lon="2.24005">
        <ele>70.0</ele>
      </trkpt>
      <trkpt lat="48.70684" lon="2.23906">
        <ele>73.0</ele>
      </trkpt>
      <trkpt lat="48.70672" lon="2.23879">
        <ele>73.0</ele>
      </trkpt>
      <trkpt lat="48.70646" lon="2.23826">
        <ele>74.0</ele>
      </trkpt>
      <trkpt lat="48.70566" lon="2.2367">
        <ele>78.0</ele>
      </trkpt>
      <trkpt lat="48.70527" lon="2.23593">
        <ele>80.0</ele>
      </trkpt>
      <trkpt lat="48.7049" lon="2.23525">
        <ele>78.0</ele>
      </trkpt>
      <trkpt lat="48.70466" lon="2.2348">
        <ele>77.0</ele>
      </trkpt>
      <trkpt lat="48.70423" lon="2.23381">
        <ele>75.0</ele>
      </trkpt>
      <trkpt lat="48.70406" lon="2.2331">
        <ele>75.0</ele>
      </trkpt>
      <trkpt lat="48.70398" lon="2.23258">
        <ele>75.0</ele>
      </trkpt>
      <trkpt lat="48.70387" lon="2.23187">
        <ele>75.0</ele>
      </trkpt>
      <trkpt lat="48.70386" lon="2.23124">
        <ele>74.0</ele>
      </trkpt>
      <trkpt lat="48.70391" lon="2.23003">
        <ele>73.0</ele>
      </trkpt>
      <trkpt lat="48.70388" lon="2.22937">
        <ele>72.0</ele>
      </trkpt>
      <trkpt lat="48.70385" lon="2.22886">
        <ele>71.0</ele>
      </trkpt>
      <trkpt lat="48.7038" lon="2.22809">
        <ele>69.0</ele>
      </trkpt>
      <trkpt lat="48.70376" lon="2.22754">
        <ele>67.0</ele>
      </trkpt>
      <trkpt lat="48.70372" lon="2.2266">
        <ele>67.0</ele>
      </trkpt>
      <trkpt lat="48.70369" lon="2.22603">
        <ele>67.0</ele>
      </trkpt>
      <trkpt lat="48.70365" lon="2.22535">
        <ele>67.0</ele>
      </trkpt>
      <trkpt lat="48.70362" lon="2.2248">
        <ele>67.0</ele>
      </trkpt>
      <trkpt lat="48.70347" lon="2.22403">
        <ele>66.0</ele>
      </trkpt>
      <trkpt lat="48.70325" lon="2.22328">
        <ele>65.0</ele>
      </trkpt>
      <trkpt lat="48.70281" lon="2.22185">
        <ele>58.0</ele>
      </trkpt>
      <trkpt lat="48.70244" lon="2.22132">
        <ele>55.0</ele>
      </trkpt>
      <trkpt lat="48.702" lon="2.22104">
        <ele>56.0</ele>
      </trkpt>
      <trkpt lat="48.70146" lon="2.22068">
        <ele>57.0</ele>
      </trkpt>
      <trkpt lat="48.70113" lon="2.22015">
        <ele>59.0</ele>
      </trkpt>
      <trkpt lat="48.70085" lon="2.21942">
        <ele>61.0</ele>
      </trkpt>
      <trkpt lat="48.70028" lon="2.21793">
        <ele>65.0</ele>
      </trkpt>
      <trkpt lat="48.70008" lon="2.21724">
        <ele>67.0</ele>
      </trkpt>
      <trkpt lat="48.69999" lon="2.21637">
        <ele>68.0</ele>
      </trkpt>
      <trkpt lat="48.69995" lon="2.21555">
        <ele>67.0</ele>
      </trkpt>
      <trkpt lat="48.69995" lon="2.21482">
        <ele>66.0</ele>
      </trkpt>
      <trkpt lat="48.69999" lon="2.21418">
        <ele>68.0</ele>
      </trkpt>
      <trkpt lat="48.70003" lon="2.21359">
        <ele>67.0</ele>
      </trkpt>
      <trkpt lat="48.70008" lon="2.21261">
        <ele>69.0</ele>
      </trkpt>
      <trkpt lat="48.69992" lon="2.21171">
        <ele>70.0</ele>
      </trkpt>
      <trkpt lat="48.69935" lon="2.21007">
        <ele>76.0</ele>
      </trkpt>
      <trkpt lat="48.69915" lon="2.20913">
        <ele>78.0</ele>
      </trkpt>
      <trkpt lat="48.69902" lon="2.20828">
        <ele>81.0</ele>
      </trkpt>
      <trkpt lat="48.69884" lon="2.2072">
        <ele>84.0</ele>
      </trkpt>
      <trkpt lat="48.69872" lon="2.20663">
        <ele>86.0</ele>
      </trkpt>
      <trkpt lat="48.69857" lon="2.20609">
        <ele>88.0</ele>
      </trkpt>
      <trkpt lat="48.69772" lon="2.20322">
        <ele>85.0</ele>
      </trkpt>
      <trkpt lat="48.69665" lon="2.19962">
        <ele>86.0</ele>
      </trkpt>
      <trkpt lat="48.69643" lon="2.1989">
        <ele>91.0</ele>
      </trkpt>
      <trkpt lat="48.69635" lon="2.1981">
        <ele>94.0</ele>
      </trkpt>
      <trkpt lat="48.69628" lon="2.19698">
        <ele>93.0</ele>
      </trkpt>
      <trkpt lat="48.69628" lon="2.19603">
        <ele>94.0</ele>
      </trkpt>
      <trkpt lat="48.69629" lon="2.19469">
        <ele>91.0</ele>
      </trkpt>
      <trkpt lat="48.69632" lon="2.19347">
        <ele>90.0</ele>
      </trkpt>
      <trkpt lat="48.69627" lon="2.19268">
        <ele>90.0</ele>
      </trkpt>
      <trkpt lat="48.69626" lon="2.19203">
        <ele>90.0</ele>
      </trkpt>
      <trkpt lat="48.69632" lon="2.19103">
        <ele>90.0</ele>
      </trkpt>
      <trkpt lat="48.69648" lon="2.19032">
        <ele>88.0</ele>
      </trkpt>
      <trkpt lat="48.69666" lon="2.18961">
        <ele>86.0</ele>
      </trkpt>
      <trkpt lat="48.6968" lon="2.18913">
        <ele>85.0</ele>
      </trkpt>
      <trkpt lat="48.69682" lon="2.18806">
        <ele>84.0</ele>
      </trkpt>
      <trkpt lat="48.69684" lon="2.18688">
        <ele>85.0</ele>
      </trkpt>
      <trkpt lat="48.69679" lon="2.1863">
        <ele>86.0</ele>
      </trkpt>
      <trkpt lat="48.69672" lon="2.18574">
        <ele>88.0</ele>
      </trkpt>
      <trkpt lat="48.69662" lon="2.18489">
        <ele>88.0</ele>
      </trkpt>
      <trkpt lat="48.69655" lon="2.18484">
        <ele>89.0</ele>
      </trkpt>
      <trkpt lat="48.69651" lon="2.18469">
        <ele>89.0</ele>
      </trkpt>
      <trkpt lat="48.69654" lon="2.18458">
        <ele>89.0</ele>
      </trkpt>
      <trkpt lat="48.69656" lon="2.18456">
        <ele>89.0</ele>
      </trkpt>
      <trkpt lat="48.69656" lon="2.18415">
        <ele>89.0</ele>
      </trkpt>
      <trkpt lat="48.69645" lon="2.18303">
        <ele>91.0</ele>
      </trkpt>
      <trkpt lat="48.69634" lon="2.18206">
        <ele>89.0</ele>
      </trkpt>
      <trkpt lat="48.69625" lon="2.1814">
        <ele>88.0</ele>
      </trkpt>
      <trkpt lat="48.69612" lon="2.18088">
        <ele>88.0</ele>
      </trkpt>
      <trkpt lat="48.69594" lon="2.18032">
        <ele>89.0</ele>
      </trkpt>
      <trkpt lat="48.69562" lon="2.17944">
        <ele>88.0</ele>
      </trkpt>
      <trkpt lat="48.69545" lon="2.17848">
        <ele>85.0</ele>
      </trkpt>
      <trkpt lat="48.69542" lon="2.17644">
        <ele>90.0</ele>
      </trkpt>
      <trkpt lat="48.69539" lon="2.17522">
        <ele>92.0</ele>
      </trkpt>
      <trkpt lat="48.69529" lon="2.1736">
        <ele>92.0</ele>
      </trkpt>
      <trkpt lat="48.69519" lon="2.1719">
        <ele>96.0</ele>
      </trkpt>
      <trkpt lat="48.69516" lon="2.17128">
        <ele>99.0</ele>
      </trkpt>
      <trkpt lat="48.69525" lon="2.17048">
        <ele>99.0</ele>
      </trkpt>
      <trkpt lat="48.69528" lon="2.17015">
        <ele>99.0</ele>
      </trkpt>
      <trkpt lat="48.69519" lon="2.16966">
        <ele>99.0</ele>
      </trkpt>
      <trkpt lat="48.69521" lon="2.16957">
        <ele>98.0</ele>
      </trkpt>
      <trkpt lat="48.69518" lon="2.16919">
        <ele>97.0</ele>
      </trkpt>
      <trkpt lat="48.69515" lon="2.16815">
        <ele>98.0</ele>
      </trkpt>
      <trkpt lat="48.69515" lon="2.16755">
        <ele>99.0</ele>
      </trkpt>
      <trkpt lat="48.69494" lon="2.16658">
        <ele>100.0</ele>
      </trkpt>
      <trkpt lat="48.69472" lon="2.16573">
        <ele>98.0</ele>
      </trkpt>
      <trkpt lat="48.69451" lon="2.16554">
        <ele>99.0</ele>
      </trkpt>
      <trkpt lat="48.69435" lon="2.1655">
        <ele>100.0</ele>
      </trkpt>
      <trkpt lat="48.69428" lon="2.16531">
        <ele>98.0</ele>
      </trkpt>
      <trkpt lat="48.69429" lon="2.16518">
        <ele>97.0</ele>
      </trkpt>
      <trkpt lat="48.69437" lon="2.16504">
        <ele>96.0</ele>
      </trkpt>
      <trkpt lat="48.69442" lon="2.16433">
        <ele>94.0</ele>
      </trkpt>
      <trkpt lat="48.69421" lon="2.16366">
        <ele>93.0</ele>
      </trkpt>
      <trkpt lat="48.69391" lon="2.16308">
        <ele>94.0</ele>
      </trkpt>
      <trkpt lat="48.69331" lon="2.16205">
        <ele>96.0</ele>
      </trkpt>
      <trkpt lat="48.69301" lon="2.16152">
        <ele>96.0</ele>
      </trkpt>
      <trkpt lat="48.69267" lon="2.16091">
        <ele>95.0</ele>
      </trkpt>
      <trkpt lat="48.69236" lon="2.16055">
        <ele>95.0</ele>
      </trkpt>
      <trkpt lat="48.69227" lon="2.16051">
        <ele>96.0</ele>
      </trkpt>
      <trkpt lat="48.69175" lon="2.16087">
        <ele>102.0</ele>
      </trkpt>
      <trkpt lat="48.69132" lon="2.16103">
        <ele>106.0</ele>
      </trkpt>
      <trkpt lat="48.69076" lon="2.16101">
        <ele>112.0</ele>
      </trkpt>
      <trkpt lat="48.69029" lon="2.16078">
        <ele>119.0</ele>
      </trkpt>
      <trkpt lat="48.68979" lon="2.16062">
        <ele>125.0</ele>
      </trkpt>
      <trkpt lat="48.68938" lon="2.16044">
        <ele>130.0</ele>
      </trkpt>
      <trkpt lat="48.68891" lon="2.16003">
        <ele>130.0</ele>
      </trkpt>
      <trkpt lat="48.68845" lon="2.15984">
        <ele>132.0</ele>
      </trkpt>
      <trkpt lat="48.68805" lon="2.15987">
        <ele>135.0</ele>
      </trkpt>
      <trkpt lat="48.68761" lon="2.15987">
        <ele>139.0</ele>
      </trkpt>
      <trkpt lat="48.68725" lon="2.15918">
        <ele>137.0</ele>
      </trkpt>
      <trkpt lat="48.68699" lon="2.15886">
        <ele>137.0</ele>
      </trkpt>
      <trkpt lat="48.68671" lon="2.15858">
        <ele>137.0</ele>
      </trkpt>
      <trkpt lat="48.68585" lon="2.1576">
        <ele>145.0</ele>
      </trkpt>
      <trkpt lat="48.68503" lon="2.15679">
        <ele>139.0</ele>
      </trkpt>
      <trkpt lat="48.68453" lon="2.15628">
        <ele>142.0</ele>
      </trkpt>
      <trkpt lat="48.68416" lon="2.15593">
        <ele>149.0</ele>
      </trkpt>
      <trkpt lat="48.68319" lon="2.1551">
        <ele>152.0</ele>
      </trkpt>
      <trkpt lat="48.68312" lon="2.15502">
        <ele>152.0</ele>
      </trkpt>
      <trkpt lat="48.68266" lon="2.15469">
        <ele>148.0</ele>
      </trkpt>
      <trkpt lat="48.68208" lon="2.15436">
        <ele>149.0</ele>
      </trkpt>
      <trkpt lat="48.68123" lon="2.15388">
        <ele>150.0</ele>
      </trkpt>
      <trkpt lat="48.68075" lon="2.15365">
        <ele>149.0</ele>
      </trkpt>
      <trkpt lat="48.68042" lon="2.1535">
        <ele>149.0</ele>
      </trkpt>
      <trkpt lat="48.67977" lon="2.15318">
        <ele>143.0</ele>
      </trkpt>
      <trkpt lat="48.67913" lon="2.15275">
        <ele>128.0</ele>
      </trkpt>
      <trkpt lat="48.67852" lon="2.15226">
        <ele>132.0</ele>
      </trkpt>
      <trkpt lat="48.67792" lon="2.15173">
        <ele>139.0</ele>
      </trkpt>
      <trkpt lat="48.67727" lon="2.15092">
        <ele>145.0</ele>
      </trkpt>
      <trkpt lat="48.67679" lon="2.15018">
        <ele>148.0</ele>
      </trkpt>
      <trkpt lat="48.67657" lon="2.14973">
        <ele>149.0</ele>
      </trkpt>
      <trkpt lat="48.67595" lon="2.14862">
        <ele>150.0</ele>
      </trkpt>
      <trkpt lat="48.6754" lon="2.14901">
        <ele>150.0</ele>
      </trkpt>
      <trkpt lat="48.67451" lon="2.14827">
        <ele>153.0</ele>
      </trkpt>
      <trkpt lat="48.67379" lon="2.14775">
        <ele>155.0</ele>
      </trkpt>
      <trkpt lat="48.67322" lon="2.14736">
        <ele>157.0</ele>
      </trkpt>
      <trkpt lat="48.6734" lon="2.14632">
        <ele>158.0</ele>
      </trkpt>
      <trkpt lat="48.67343" lon="2.14519">
        <ele>160.0</ele>
      </trkpt>
      <trkpt lat="48.67342" lon="2.14441">
        <ele>161.0</ele>
      </trkpt>
      <trkpt lat="48.67341" lon="2.14307">
        <ele>161.0</ele>
      </trkpt>
      <trkpt lat="48.67343" lon="2.14141">
        <ele>161.0</ele>
      </trkpt>
      <trkpt lat="48.67336" lon="2.14058">
        <ele>161.0</ele>
      </trkpt>
      <trkpt lat="48.67258" lon="2.13898">
        <ele>161.0</ele>
      </trkpt>
      <trkpt lat="48.67262" lon="2.13834">
        <ele>163.0</ele>
      </trkpt>
      <trkpt lat="48.67299" lon="2.13808">
        <ele>163.0</ele>
      </trkpt>
      <trkpt lat="48.67352" lon="2.13762">
        <ele>162.0</ele>
      </trkpt>
      <trkpt lat="48.67355" lon="2.13754">
        <ele>161.0</ele>
      </trkpt>
      <trkpt lat="48.67319" lon="2.13694">
        <ele>163.0</ele>
      </trkpt>
      <trkpt lat="48.67306" lon="2.13613">
        <ele>164.0</ele>
      </trkpt>
      <trkpt lat="48.6726" lon="2.13591">
        <ele>166.0</ele>
      </trkpt>
      <trkpt lat="48.67222" lon="2.13523">
        <ele>166.0</ele>
      </trkpt>
      <trkpt lat="48.67208" lon="2.13471">
        <ele>166.0</ele>
      </trkpt>
      <trkpt lat="48.67141" lon="2.13226">
        <ele>169.0</ele>
      </trkpt>
      <trkpt lat="48.67109" lon="2.13162">
        <ele>170.0</ele>
      </trkpt>
      <trkpt lat="48.6703" lon="2.12882">
        <ele>169.0</ele>
      </trkpt>
      <trkpt lat="48.6701" lon="2.12813">
        <ele>168.0</ele>
      </trkpt>
      <trkpt lat="48.66997" lon="2.12751">
        <ele>167.0</ele>
      </trkpt>
      <trkpt lat="48.66988" lon="2.12682">
        <ele>165.0</ele>
      </trkpt>
      <trkpt lat="48.66966" lon="2.12567">
        <ele>163.0</ele>
      </trkpt>
      <trkpt lat="48.66957" lon="2.12506">
        <ele>163.0</ele>
      </trkpt>
      <trkpt lat="48.66941" lon="2.12451">
        <ele>163.0</ele>
      </trkpt>
      <trkpt lat="48.6692" lon="2.1236">
        <ele>162.0</ele>
      </trkpt>
      <trkpt lat="48.66911" lon="2.12269">
        <ele>161.0</ele>
      </trkpt>
      <trkpt lat="48.66886" lon="2.12167">
        <ele>161.0</ele>
      </trkpt>
      <trkpt lat="48.66848" lon="2.12051">
        <ele>160.0</ele>
      </trkpt>
      <trkpt lat="48.66835" lon="2.11931">
        <ele>159.0</ele>
      </trkpt>
      <trkpt lat="48.66865" lon="2.11894">
        <ele>158.0</ele>
      </trkpt>
      <trkpt lat="48.66908" lon="2.1188">
        <ele>158.0</ele>
      </trkpt>
      <trkpt lat="48.66873" lon="2.11866">
        <ele>158.0</ele>
      </trkpt>
      <trkpt lat="48.66839" lon="2.11869">
        <ele>159.0</ele>
      </trkpt>
      <trkpt lat="48.6682" lon="2.11822">
        <ele>159.0</ele>
      </trkpt>
      <trkpt lat="48.66829" lon="2.11785">
        <ele>158.0</ele>
      </trkpt>
      <trkpt lat="48.66782" lon="2.11777">
        <ele>159.0</ele>
      </trkpt>
      <trkpt lat="48.66729" lon="2.11773">
        <ele>160.0</ele>
      </trkpt>
      <trkpt lat="48.66678" lon="2.11721">
        <ele>161.0</ele>
      </trkpt>
      <trkpt lat="48.65974" lon="2.09323">
        <ele>177.0</ele>
      </trkpt>
      <trkpt lat="48.65707" lon="2.08409">
        <ele>177.0</ele>
      </trkpt>
      <trkpt lat="48.65577" lon="2.07963">
        <ele>175.0</ele>
      </trkpt>
      <trkpt lat="48.6554" lon="2.07859">
        <ele>177.0</ele>
      </trkpt>
      <trkpt lat="48.6551" lon="2.07765">
        <ele>177.0</ele>
      </trkpt>
      <trkpt lat="48.65496" lon="2.07716">
        <ele>177.0</ele>
      </trkpt>
      <trkpt lat="48.65478" lon="2.07665">
        <ele>176.0</ele>
      </trkpt>
      <trkpt lat="48.65459" lon="2.07615">
        <ele>176.0</ele>
      </trkpt>
      <trkpt lat="48.65425" lon="2.07527">
        <ele>177.0</ele>
      </trkpt>
      <trkpt lat="48.65367" lon="2.07402">
        <ele>176.0</ele>
      </trkpt>
      <trkpt lat="48.65332" lon="2.07334">
        <ele>176.0</ele>
      </trkpt>
      <trkpt lat="48.65279" lon="2.0724">
        <ele>176.0</ele>
      </trkpt>
      <trkpt lat="48.65238" lon="2.07172">
        <ele>177.0</ele>
      </trkpt>
      <trkpt lat="48.65199" lon="2.07109">
        <ele>176.0</ele>
      </trkpt>
      <trkpt lat="48.65108" lon="2.06983">
        <ele>174.0</ele>
      </trkpt>
      <trkpt lat="48.65047" lon="2.06908">
        <ele>174.0</ele>
      </trkpt>
      <trkpt lat="48.65009" lon="2.06868">
        <ele>175.0</ele>
      </trkpt>
      <trkpt lat="48.64974" lon="2.06832">
        <ele>172.0</ele>
      </trkpt>
      <trkpt lat="48.64943" lon="2.06801">
        <ele>170.0</ele>
      </trkpt>
      <trkpt lat="48.64889" lon="2.06749">
        <ele>167.0</ele>
      </trkpt>
      <trkpt lat="48.64838" lon="2.06708">
        <ele>160.0</ele>
      </trkpt>
      <trkpt lat="48.64805" lon="2.06684">
        <ele>158.0</ele>
      </trkpt>
      <trkpt lat="48.64727" lon="2.06623">
        <ele>153.0</ele>
      </trkpt>
      <trkpt lat="48.64641" lon="2.0655">
        <ele>153.0</ele>
      </trkpt>
      <trkpt lat="48.64595" lon="2.06501">
        <ele>156.0</ele>
      </trkpt>
      <trkpt lat="48.64548" lon="2.06434">
        <ele>158.0</ele>
      </trkpt>
      <trkpt lat="48.6449" lon="2.06396">
        <ele>161.0</ele>
      </trkpt>
      <trkpt lat="48.64486" lon="2.06432">
        <ele>160.0</ele>
      </trkpt>
      <trkpt lat="48.64416" lon="2.06384">
        <ele>168.0</ele>
      </trkpt>
      <trkpt lat="48.64356" lon="2.06331">
        <ele>169.0</ele>
      </trkpt>
      <trkpt lat="48.64307" lon="2.06284">
        <ele>169.0</ele>
      </trkpt>
      <trkpt lat="48.64243" lon="2.06235">
        <ele>169.0</ele>
      </trkpt>
      <trkpt lat="48.64168" lon="2.06171">
        <ele>171.0</ele>
      </trkpt>
      <trkpt lat="48.64083" lon="2.06101">
        <ele>176.0</ele>
      </trkpt>
      <trkpt lat="48.63975" lon="2.06009">
        <ele>173.0</ele>
      </trkpt>
      <trkpt lat="48.63881" lon="2.05931">
        <ele>174.0</ele>
      </trkpt>
      <trkpt lat="48.63831" lon="2.05871">
        <ele>173.0</ele>
      </trkpt>
      <trkpt lat="48.63754" lon="2.05755">
        <ele>171.0</ele>
      </trkpt>
      <trkpt lat="48.63679" lon="2.05605">
        <ele>171.0</ele>
      </trkpt>
      <trkpt lat="48.63637" lon="2.05476">
        <ele>172.0</ele>
      </trkpt>
      <trkpt lat="48.63513" lon="2.04979">
        <ele>154.0</ele>
      </trkpt>
      <trkpt lat="48.63484" lon="2.04859">
        <ele>150.0</ele>
      </trkpt>
      <trkpt lat="48.63468" lon="2.048">
        <ele>147.0</ele>
      </trkpt>
      <trkpt lat="48.63433" lon="2.04702">
        <ele>146.0</ele>
      </trkpt>
      <trkpt lat="48.63378" lon="2.04588">
        <ele>147.0</ele>
      </trkpt>
      <trkpt lat="48.63285" lon="2.04448">
        <ele>151.0</ele>
      </trkpt>
      <trkpt lat="48.63247" lon="2.04405">
        <ele>153.0</ele>
      </trkpt>
      <trkpt lat="48.6321" lon="2.04363">
        <ele>155.0</ele>
      </trkpt>
      <trkpt lat="48.63172" lon="2.04318">
        <ele>157.0</ele>
      </trkpt>
      <trkpt lat="48.63135" lon="2.04276">
        <ele>156.0</ele>
      </trkpt>
      <trkpt lat="48.63084" lon="2.04218">
        <ele>155.0</ele>
      </trkpt>
      <trkpt lat="48.62999" lon="2.04121">
        <ele>150.0</ele>
      </trkpt>
      <trkpt lat="48.62938" lon="2.04029">
        <ele>144.0</ele>
      </trkpt>
      <trkpt lat="48.6291" lon="2.03975">
        <ele>144.0</ele>
      </trkpt>
      <trkpt lat="48.62878" lon="2.03904">
        <ele>145.0</ele>
      </trkpt>
      <trkpt lat="48.62858" lon="2.03854">
        <ele>147.0</ele>
      </trkpt>
      <trkpt lat="48.6282" lon="2.03745">
        <ele>152.0</ele>
      </trkpt>
      <trkpt lat="48.6279" lon="2.03651">
        <ele>155.0</ele>
      </trkpt>
      <trkpt lat="48.62755" lon="2.03542">
        <ele>154.0</ele>
      </trkpt>
      <trkpt lat="48.62739" lon="2.03445">
        <ele>153.0</ele>
      </trkpt>
      <trkpt lat="48.62727" lon="2.03293">
        <ele>154.0</ele>
      </trkpt>
      <trkpt lat="48.6273" lon="2.03153">
        <ele>155.0</ele>
      </trkpt>
      <trkpt lat="48.62723" lon="2.0302">
        <ele>157.0</ele>
      </trkpt>
      <trkpt lat="48.62711" lon="2.02895">
        <ele>156.0</ele>
      </trkpt>
      <trkpt lat="48.62697" lon="2.02785">
        <ele>156.0</ele>
      </trkpt>
      <trkpt lat="48.62687" lon="2.02699">
        <ele>156.0</ele>
      </trkpt>
      <trkpt lat="48.62677" lon="2.02622">
        <ele>154.0</ele>
      </trkpt>
      <trkpt lat="48.62654" lon="2.02545">
        <ele>152.0</ele>
      </trkpt>
      <trkpt lat="48.62607" lon="2.02417">
        <ele>148.0</ele>
      </trkpt>
      <trkpt lat="48.62535" lon="2.0228">
        <ele>144.0</ele>
      </trkpt>
      <trkpt lat="48.62525" lon="2.02228">
        <ele>145.0</ele>
      </trkpt>
      <trkpt lat="48.62487" lon="2.02199">
        <ele>140.0</ele>
      </trkpt>
      <trkpt lat="48.62446" lon="2.02213">
        <ele>135.0</ele>
      </trkpt>
      <trkpt lat="48.62363" lon="2.02063">
        <ele>129.0</ele>
      </trkpt>
      <trkpt lat="48.62327" lon="2.01996">
        <ele>129.0</ele>
      </trkpt>
      <trkpt lat="48.6225" lon="2.01877">
        <ele>128.0</ele>
      </trkpt>
      <trkpt lat="48.62227" lon="2.01881">
        <ele>127.0</ele>
      </trkpt>
      <trkpt lat="48.62235" lon="2.01814">
        <ele>129.0</ele>
      </trkpt>
      <trkpt lat="48.62241" lon="2.01731">
        <ele>130.0</ele>
      </trkpt>
      <trkpt lat="48.62189" lon="2.01709">
        <ele>128.0</ele>
      </trkpt>
      <trkpt lat="48.62136" lon="2.01684">
        <ele>127.0</ele>
      </trkpt>
      <trkpt lat="48.62078" lon="2.01663">
        <ele>126.0</ele>
      </trkpt>
      <trkpt lat="48.62023" lon="2.01648">
        <ele>125.0</ele>
      </trkpt>
      <trkpt lat="48.61967" lon="2.01634">
        <ele>124.0</ele>
      </trkpt>
      <trkpt lat="48.61915" lon="2.01621">
        <ele>123.0</ele>
      </trkpt>
      <trkpt lat="48.61855" lon="2.01599">
        <ele>123.0</ele>
      </trkpt>
      <trkpt lat="48.61799" lon="2.01567">
        <ele>122.0</ele>
      </trkpt>
      <trkpt lat="48.61743" lon="2.0155">
        <ele>122.0</ele>
      </trkpt>
      <trkpt lat="48.61684" lon="2.01542">
        <ele>123.0</ele>
      </trkpt>
      <trkpt lat="48.61627" lon="2.01532">
        <ele>125.0</ele>
      </trkpt>
      <trkpt lat="48.61574" lon="2.01526">
        <ele>127.0</ele>
      </trkpt>
      <trkpt lat="48.61519" lon="2.01515">
        <ele>127.0</ele>
      </trkpt>
      <trkpt lat="48.61463" lon="2.01523">
        <ele>126.0</ele>
      </trkpt>
      <trkpt lat="48.61398" lon="2.0153">
        <ele>124.0</ele>
      </trkpt>
      <trkpt lat="48.61341" lon="2.01533">
        <ele>123.0</ele>
      </trkpt>
      <trkpt lat="48.61306" lon="2.01524">
        <ele>122.0</ele>
      </trkpt>
      <trkpt lat="48.61271" lon="2.01516">
        <ele>122.0</ele>
      </trkpt>
      <trkpt lat="48.61202" lon="2.01477">
        <ele>122.0</ele>
      </trkpt>
      <trkpt lat="48.61165" lon="2.01453">
        <ele>122.0</ele>
      </trkpt>
      <trkpt lat="48.61128" lon="2.0143">
        <ele>121.0</ele>
      </trkpt>
      <trkpt lat="48.61098" lon="2.01408">
        <ele>119.0</ele>
      </trkpt>
      <trkpt lat="48.61049" lon="2.01368">
        <ele>119.0</ele>
      </trkpt>
      <trkpt lat="48.60995" lon="2.0131">
        <ele>121.0</ele>
      </trkpt>
      <trkpt lat="48.60952" lon="2.01266">
        <ele>124.0</ele>
      </trkpt>
      <trkpt lat="48.60891" lon="2.01223">
        <ele>125.0</ele>
      </trkpt>
      <trkpt lat="48.60836" lon="2.01179">
        <ele>122.0</ele>
      </trkpt>
      <trkpt lat="48.60776" lon="2.01148">
        <ele>118.0</ele>
      </trkpt>
      <trkpt lat="48.60742" lon="2.01138">
        <ele>116.0</ele>
      </trkpt>
      <trkpt lat="48.60709" lon="2.01132">
        <ele>115.0</ele>
      </trkpt>
      <trkpt lat="48.6065" lon="2.01112">
        <ele>114.0</ele>
      </trkpt>
      <trkpt lat="48.6059" lon="2.01076">
        <ele>113.0</ele>
      </trkpt>
      <trkpt lat="48.60529" lon="2.01033">
        <ele>112.0</ele>
      </trkpt>
      <trkpt lat="48.60498" lon="2.01005">
        <ele>111.0</ele>
      </trkpt>
      <trkpt lat="48.60471" lon="2.00965">
        <ele>110.0</ele>
      </trkpt>
      <trkpt lat="48.6042" lon="2.00907">
        <ele>109.0</ele>
      </trkpt>
      <trkpt lat="48.60419" lon="2.00908">
        <ele>109.0</ele>
      </trkpt>
      <trkpt lat="48.60394" lon="2.00862">
        <ele>109.0</ele>
      </trkpt>
      <trkpt lat="48.60366" lon="2.00801">
        <ele>110.0</ele>
      </trkpt>
      <trkpt lat="48.60324" lon="2.00705">
        <ele>111.0</ele>
      </trkpt>
      <trkpt lat="48.60314" lon="2.00704">
        <ele>111.0</ele>
      </trkpt>
      <trkpt lat="48.60312" lon="2.00701">
        <ele>111.0</ele>
      </trkpt>
      <trkpt lat="48.60187" lon="2.0071">
        <ele>107.0</ele>
      </trkpt>
      <trkpt lat="48.6014" lon="2.00724">
        <ele>105.0</ele>
      </trkpt>
      <trkpt lat="48.60081" lon="2.00763">
        <ele>103.0</ele>
      </trkpt>
      <trkpt lat="48.60006" lon="2.00843">
        <ele>100.0</ele>
      </trkpt>
      <trkpt lat="48.59897" lon="2.00961">
        <ele>94.0</ele>
      </trkpt>
      <trkpt lat="48.59861" lon="2.00999">
        <ele>92.0</ele>
      </trkpt>
      <trkpt lat="48.59809" lon="2.01053">
        <ele>93.0</ele>
      </trkpt>
      <trkpt lat="48.59769" lon="2.01096">
        <ele>98.0</ele>
      </trkpt>
      <trkpt lat="48.59738" lon="2.01128">
        <ele>101.0</ele>
      </trkpt>
      <trkpt lat="48.59705" lon="2.01164">
        <ele>102.0</ele>
      </trkpt>
      <trkpt lat="48.5966" lon="2.01212">
        <ele>102.0</ele>
      </trkpt>
      <trkpt lat="48.59623" lon="2.0125">
        <ele>100.0</ele>
      </trkpt>
      <trkpt lat="48.59576" lon="2.0128">
        <ele>99.0</ele>
      </trkpt>
      <trkpt lat="48.59485" lon="2.01279">
        <ele>96.0</ele>
      </trkpt>
      <trkpt lat="48.59416" lon="2.01298">
        <ele>94.0</ele>
      </trkpt>
      <trkpt lat="48.59365" lon="2.01336">
        <ele>93.0</ele>
      </trkpt>
      <trkpt lat="48.59327" lon="2.01369">
        <ele>93.0</ele>
      </trkpt>
      <trkpt lat="48.59289" lon="2.01401">
        <ele>93.0</ele>
      </trkpt>
      <trkpt lat="48.59263" lon="2.01433">
        <ele>94.0</ele>
      </trkpt>
      <trkpt lat="48.59236" lon="2.01468">
        <ele>94.0</ele>
      </trkpt>
      <trkpt lat="48.59184" lon="2.01524">
        <ele>93.0</ele>
      </trkpt>
      <trkpt lat="48.59118" lon="2.01571">
        <ele>94.0</ele>
      </trkpt>
      <trkpt lat="48.5906" lon="2.0159">
        <ele>94.0</ele>
      </trkpt>
      <trkpt lat="48.59048" lon="2.01565">
        <ele>92.0</ele>
      </trkpt>
      <trkpt lat="48.59014" lon="2.01457">
        <ele>88.0</ele>
      </trkpt>
      <trkpt lat="48.58997" lon="2.01368">
        <ele>89.0</ele>
      </trkpt>
      <trkpt lat="48.58883" lon="2.01288">
        <ele>88.0</ele>
      </trkpt>
      <trkpt lat="48.58689" lon="2.01132">
        <ele>99.0</ele>
      </trkpt>
      <trkpt lat="48.58484" lon="2.0088">
        <ele>111.0</ele>
      </trkpt>
      <trkpt lat="48.58338" lon="2.00669">
        <ele>109.0</ele>
      </trkpt>
      <trkpt lat="48.58036" lon="2.00235">
        <ele>112.0</ele>
      </trkpt>
      <trkpt lat="48.57947" lon="2.00047">
        <ele>104.0</ele>
      </trkpt>
      <trkpt lat="48.57923" lon="1.99982">
        <ele>102.0</ele>
      </trkpt>
      <trkpt lat="48.57906" lon="1.99928">
        <ele>100.0</ele>
      </trkpt>
      <trkpt lat="48.57883" lon="1.99864">
        <ele>100.0</ele>
      </trkpt>
      <trkpt lat="48.57864" lon="1.99789">
        <ele>99.0</ele>
      </trkpt>
      <trkpt lat="48.57848" lon="1.9968">
        <ele>98.0</ele>
      </trkpt>
      <trkpt lat="48.57848" lon="1.9958">
        <ele>96.0</ele>
      </trkpt>
      <trkpt lat="48.57849" lon="1.99484">
        <ele>99.0</ele>
      </trkpt>
      <trkpt lat="48.57857" lon="1.99222">
        <ele>101.0</ele>
      </trkpt>
      <trkpt lat="48.57854" lon="1.9915">
        <ele>102.0</ele>
      </trkpt>
      <trkpt lat="48.57832" lon="1.9906">
        <ele>102.0</ele>
      </trkpt>
      <trkpt lat="48.57826" lon="1.99004">
        <ele>101.0</ele>
      </trkpt>
      <trkpt lat="48.57803" lon="1.98945">
        <ele>99.0</ele>
      </trkpt>
      <trkpt lat="48.57727" lon="1.98893">
        <ele>95.0</ele>
      </trkpt>
      <trkpt lat="48.57669" lon="1.98895">
        <ele>95.0</ele>
      </trkpt>
      <trkpt lat="48.57596" lon="1.98869">
        <ele>99.0</ele>
      </trkpt>
      <trkpt lat="48.57591" lon="1.98793">
        <ele>99.0</ele>
      </trkpt>
      <trkpt lat="48.5758" lon="1.98745">
        <ele>100.0</ele>
      </trkpt>
      <trkpt lat="48.57556" lon="1.98696">
        <ele>101.0</ele>
      </trkpt>
      <trkpt lat="48.57497" lon="1.98615">
        <ele>102.0</ele>
      </trkpt>
      <trkpt lat="48.5749" lon="1.98604">
        <ele>102.0</ele>
      </trkpt>
      <trkpt lat="48.57423" lon="1.98505">
        <ele>107.0</ele>
      </trkpt>
      <trkpt lat="48.57296" lon="1.98326">
        <ele>111.0</ele>
      </trkpt>
      <trkpt lat="48.57239" lon="1.98249">
        <ele>113.0</ele>
      </trkpt>
      <trkpt lat="48.57171" lon="1.98152">
        <ele>117.0</ele>
      </trkpt>
      <trkpt lat="48.57128" lon="1.98085">
        <ele>118.0</ele>
      </trkpt>
      <trkpt lat="48.57091" lon="1.98013">
        <ele>117.0</ele>
      </trkpt>
      <trkpt lat="48.56926" lon="1.97619">
        <ele>121.0</ele>
      </trkpt>
      <trkpt lat="48.56883" lon="1.97519">
        <ele>125.0</ele>
      </trkpt>
      <trkpt lat="48.56885" lon="1.97463">
        <ele>126.0</ele>
      </trkpt>
      <trkpt lat="48.56887" lon="1.97408">
        <ele>125.0</ele>
      </trkpt>
      <trkpt lat="48.5688" lon="1.97356">
        <ele>125.0</ele>
      </trkpt>
      <trkpt lat="48.56887" lon="1.97292">
        <ele>123.0</ele>
      </trkpt>
      <trkpt lat="48.56906" lon="1.97192">
        <ele>119.0</ele>
      </trkpt>
      <trkpt lat="48.56901" lon="1.97086">
        <ele>119.0</ele>
      </trkpt>
      <trkpt lat="48.56898" lon="1.96986">
        <ele>121.0</ele>
      </trkpt>
      <trkpt lat="48.5691" lon="1.96901">
        <ele>122.0</ele>
      </trkpt>
      <trkpt lat="48.56945" lon="1.9678">
        <ele>122.0</ele>
      </trkpt>
      <trkpt lat="48.56956" lon="1.96725">
        <ele>122.0</ele>
      </trkpt>
      <trkpt lat="48.56968" lon="1.9665">
        <ele>123.0</ele>
      </trkpt>
      <trkpt lat="48.56994" lon="1.96502">
        <ele>123.0</ele>
      </trkpt>
      <trkpt lat="48.57002" lon="1.96437">
        <ele>124.0</ele>
      </trkpt>
      <trkpt lat="48.57" lon="1.96357">
        <ele>123.0</ele>
      </trkpt>
      <trkpt lat="48.56977" lon="1.96226">
        <ele>123.0</ele>
      </trkpt>
      <trkpt lat="48.56989" lon="1.96143">
        <ele>122.0</ele>
      </trkpt>
      <trkpt lat="48.56997" lon="1.96032">
        <ele>121.0</ele>
      </trkpt>
      <trkpt lat="48.57018" lon="1.95932">
        <ele>121.0</ele>
      </trkpt>
      <trkpt lat="48.57037" lon="1.95846">
        <ele>121.0</ele>
      </trkpt>
      <trkpt lat="48.57045" lon="1.95738">
        <ele>119.0</ele>
      </trkpt>
      <trkpt lat="48.57049" lon="1.95629">
        <ele>116.0</ele>
      </trkpt>
      <trkpt lat="48.5704" lon="1.95576">
        <ele>115.0</ele>
      </trkpt>
      <trkpt lat="48.57027" lon="1.95516">
        <ele>115.0</ele>
      </trkpt>
      <trkpt lat="48.57027" lon="1.9544">
        <ele>117.0</ele>
      </trkpt>
      <trkpt lat="48.57031" lon="1.95382">
        <ele>119.0</ele>
      </trkpt>
      <trkpt lat="48.57031" lon="1.95326">
        <ele>121.0</ele>
      </trkpt>
      <trkpt lat="48.57026" lon="1.952">
        <ele>122.0</ele>
      </trkpt>
      <trkpt lat="48.57004" lon="1.95081">
        <ele>119.0</ele>
      </trkpt>
      <trkpt lat="48.56956" lon="1.94982">
        <ele>117.0</ele>
      </trkpt>
      <trkpt lat="48.56919" lon="1.94905">
        <ele>118.0</ele>
      </trkpt>
      <trkpt lat="48.56908" lon="1.94806">
        <ele>119.0</ele>
      </trkpt>
      <trkpt lat="48.56924" lon="1.9448">
        <ele>116.0</ele>
      </trkpt>
      <trkpt lat="48.56973" lon="1.94488">
        <ele>115.0</ele>
      </trkpt>
      <trkpt lat="48.57024" lon="1.94484">
        <ele>114.0</ele>
      </trkpt>
      <trkpt lat="48.57077" lon="1.94481">
        <ele>114.0</ele>
      </trkpt>
      <trkpt lat="48.57122" lon="1.94476">
        <ele>114.0</ele>
      </trkpt>
      <trkpt lat="48.57122" lon="1.94488">
        <ele>114.0</ele>
      </trkpt>
      <trkpt lat="48.57167" lon="1.94482">
        <ele>115.0</ele>
      </trkpt>
      <trkpt lat="48.57211" lon="1.94472">
        <ele>119.0</ele>
      </trkpt>
      <trkpt lat="48.57322" lon="1.94421">
        <ele>126.0</ele>
      </trkpt>
      <trkpt lat="48.57335" lon="1.94424">
        <ele>127.0</ele>
      </trkpt>
      <trkpt lat="48.57292" lon="1.94227">
        <ele>126.0</ele>
      </trkpt>
      <trkpt lat="48.57368" lon="1.9421">
        <ele>128.0</ele>
      </trkpt>
      <trkpt lat="48.57418" lon="1.94232">
        <ele>129.0</ele>
      </trkpt>
      <trkpt lat="48.57479" lon="1.9427">
        <ele>131.0</ele>
      </trkpt>
      <trkpt lat="48.57549" lon="1.94305">
        <ele>133.0</ele>
      </trkpt>
      <trkpt lat="48.57532" lon="1.94351">
        <ele>133.0</ele>
      </trkpt>
      <trkpt lat="48.57437" lon="1.94415">
        <ele>130.0</ele>
      </trkpt>
      <trkpt lat="48.57394" lon="1.94418">
        <ele>128.0</ele>
      </trkpt>
      <trkpt lat="48.57394" lon="1.94418">
        <ele>128.0</ele>
      </trkpt>
      <trkpt lat="48.57379" lon="1.94307">
        <ele>128.0</ele>
      </trkpt>
      <trkpt lat="48.57368" lon="1.9421">
        <ele>128.0</ele>
      </trkpt>
      <trkpt lat="48.57418" lon="1.94232">
        <ele>129.0</ele>
      </trkpt>
      <trkpt lat="48.57479" lon="1.9427">
        <ele>131.0</ele>
      </trkpt>
      <trkpt lat="48.57549" lon="1.94305">
        <ele>133.0</ele>
      </trkpt>
      <trkpt lat="48.57616" lon="1.94279">
        <ele>135.0</ele>
      </trkpt>
      <trkpt lat="48.57666" lon="1.94286">
        <ele>138.0</ele>
      </trkpt>
      <trkpt lat="48.57725" lon="1.94313">
        <ele>137.0</ele>
      </trkpt>
      <trkpt lat="48.5779" lon="1.94348">
        <ele>139.0</ele>
      </trkpt>
      <trkpt lat="48.57851" lon="1.9436">
        <ele>141.0</ele>
      </trkpt>
      <trkpt lat="48.57904" lon="1.94332">
        <ele>144.0</ele>
      </trkpt>
      <trkpt lat="48.57944" lon="1.94312">
        <ele>145.0</ele>
      </trkpt>
      <trkpt lat="48.57995" lon="1.94281">
        <ele>143.0</ele>
      </trkpt>
      <trkpt lat="48.5803" lon="1.94243">
        <ele>142.0</ele>
      </trkpt>
      <trkpt lat="48.58064" lon="1.94175">
        <ele>141.0</ele>
      </trkpt>
      <trkpt lat="48.58202" lon="1.93811">
        <ele>145.0</ele>
      </trkpt>
      <trkpt lat="48.58241" lon="1.93707">
        <ele>146.0</ele>
      </trkpt>
      <trkpt lat="48.5824" lon="1.93667">
        <ele>146.0</ele>
      </trkpt>
      <trkpt lat="48.58238" lon="1.93663">
        <ele>146.0</ele>
      </trkpt>
      <trkpt lat="48.58242" lon="1.93636">
        <ele>147.0</ele>
      </trkpt>
      <trkpt lat="48.58255" lon="1.93635">
        <ele>147.0</ele>
      </trkpt>
      <trkpt lat="48.58293" lon="1.9362">
        <ele>147.0</ele>
      </trkpt>
      <trkpt lat="48.58327" lon="1.9361">
        <ele>146.0</ele>
      </trkpt>
      <trkpt lat="48.58478" lon="1.93581">
        <ele>153.0</ele>
      </trkpt>
      <trkpt lat="48.58548" lon="1.93552">
        <ele>158.0</ele>
      </trkpt>
      <trkpt lat="48.5866" lon="1.93511">
        <ele>161.0</ele>
      </trkpt>
      <trkpt lat="48.58712" lon="1.93474">
        <ele>161.0</ele>
      </trkpt>
      <trkpt lat="48.58788" lon="1.9343">
        <ele>159.0</ele>
      </trkpt>
      <trkpt lat="48.58841" lon="1.93396">
        <ele>155.0</ele>
      </trkpt>
      <trkpt lat="48.58954" lon="1.93324">
        <ele>149.0</ele>
      </trkpt>
      <trkpt lat="48.59042" lon="1.93255">
        <ele>147.0</ele>
      </trkpt>
      <trkpt lat="48.5912" lon="1.9319">
        <ele>146.0</ele>
      </trkpt>
      <trkpt lat="48.59206" lon="1.93132">
        <ele>141.0</ele>
      </trkpt>
      <trkpt lat="48.59337" lon="1.93048">
        <ele>136.0</ele>
      </trkpt>
      <trkpt lat="48.59394" lon="1.93014">
        <ele>136.0</ele>
      </trkpt>
      <trkpt lat="48.59451" lon="1.92979">
        <ele>135.0</ele>
      </trkpt>
      <trkpt lat="48.59523" lon="1.92943">
        <ele>134.0</ele>
      </trkpt>
      <trkpt lat="48.59605" lon="1.92874">
        <ele>135.0</ele>
      </trkpt>
      <trkpt lat="48.59651" lon="1.92835">
        <ele>135.0</ele>
      </trkpt>
      <trkpt lat="48.59759" lon="1.92784">
        <ele>132.0</ele>
      </trkpt>
      <trkpt lat="48.59734" lon="1.92572">
        <ele>133.0</ele>
      </trkpt>
      <trkpt lat="48.59721" lon="1.92489">
        <ele>134.0</ele>
      </trkpt>
      <trkpt lat="48.59763" lon="1.92324">
        <ele>134.0</ele>
      </trkpt>
      <trkpt lat="48.59828" lon="1.9205">
        <ele>132.0</ele>
      </trkpt>
      <trkpt lat="48.5987" lon="1.9191">
        <ele>133.0</ele>
      </trkpt>
      <trkpt lat="48.60017" lon="1.91622">
        <ele>132.0</ele>
      </trkpt>
      <trkpt lat="48.60069" lon="1.91499">
        <ele>134.0</ele>
      </trkpt>
      <trkpt lat="48.60151" lon="1.91307">
        <ele>133.0</ele>
      </trkpt>
      <trkpt lat="48.6017" lon="1.91249">
        <ele>133.0</ele>
      </trkpt>
      <trkpt lat="48.60254" lon="1.90997">
        <ele>137.0</ele>
      </trkpt>
      <trkpt lat="48.60375" lon="1.90755">
        <ele>143.0</ele>
      </trkpt>
      <trkpt lat="48.60488" lon="1.90572">
        <ele>143.0</ele>
      </trkpt>
      <trkpt lat="48.60608" lon="1.90368">
        <ele>143.0</ele>
      </trkpt>
      <trkpt lat="48.60704" lon="1.90209">
        <ele>143.0</ele>
      </trkpt>
      <trkpt lat="48.60776" lon="1.90103">
        <ele>142.0</ele>
      </trkpt>
      <trkpt lat="48.60918" lon="1.90228">
        <ele>135.0</ele>
      </trkpt>
      <trkpt lat="48.61119" lon="1.90436">
        <ele>129.0</ele>
      </trkpt>
      <trkpt lat="48.61306" lon="1.90782">
        <ele>132.0</ele>
      </trkpt>
      <trkpt lat="48.61369" lon="1.90736">
        <ele>131.0</ele>
      </trkpt>
      <trkpt lat="48.61457" lon="1.90716">
        <ele>133.0</ele>
      </trkpt>
      <trkpt lat="48.61503" lon="1.9069">
        <ele>134.0</ele>
      </trkpt>
      <trkpt lat="48.61572" lon="1.90634">
        <ele>132.0</ele>
      </trkpt>
      <trkpt lat="48.61643" lon="1.90581">
        <ele>131.0</ele>
      </trkpt>
      <trkpt lat="48.6171" lon="1.90545">
        <ele>133.0</ele>
      </trkpt>
      <trkpt lat="48.61817" lon="1.90492">
        <ele>134.0</ele>
      </trkpt>
      <trkpt lat="48.61911" lon="1.90473">
        <ele>135.0</ele>
      </trkpt>
      <trkpt lat="48.61971" lon="1.9046">
        <ele>136.0</ele>
      </trkpt>
      <trkpt lat="48.62008" lon="1.90425">
        <ele>136.0</ele>
      </trkpt>
      <trkpt lat="48.62039" lon="1.90346">
        <ele>137.0</ele>
      </trkpt>
      <trkpt lat="48.6207" lon="1.90265">
        <ele>140.0</ele>
      </trkpt>
      <trkpt lat="48.62027" lon="1.90194">
        <ele>137.0</ele>
      </trkpt>
      <trkpt lat="48.62" lon="1.90094">
        <ele>138.0</ele>
      </trkpt>
      <trkpt lat="48.61943" lon="1.89958">
        <ele>140.0</ele>
      </trkpt>
      <trkpt lat="48.61901" lon="1.89882">
        <ele>138.0</ele>
      </trkpt>
      <trkpt lat="48.61854" lon="1.89782">
        <ele>137.0</ele>
      </trkpt>
      <trkpt lat="48.61824" lon="1.8967">
        <ele>137.0</ele>
      </trkpt>
      <trkpt lat="48.61793" lon="1.89554">
        <ele>137.0</ele>
      </trkpt>
      <trkpt lat="48.61784" lon="1.89471">
        <ele>135.0</ele>
      </trkpt>
      <trkpt lat="48.61779" lon="1.89316">
        <ele>135.0</ele>
      </trkpt>
      <trkpt lat="48.61778" lon="1.89253">
        <ele>135.0</ele>
      </trkpt>
      <trkpt lat="48.61797" lon="1.89207">
        <ele>135.0</ele>
      </trkpt>
      <trkpt lat="48.61853" lon="1.89085">
        <ele>139.0</ele>
      </trkpt>
      <trkpt lat="48.61918" lon="1.88891">
        <ele>143.0</ele>
      </trkpt>
      <trkpt lat="48.6197" lon="1.88702">
        <ele>145.0</ele>
      </trkpt>
      <trkpt lat="48.6199" lon="1.8861">
        <ele>147.0</ele>
      </trkpt>
      <trkpt lat="48.61984" lon="1.88153">
        <ele>149.0</ele>
      </trkpt>
      <trkpt lat="48.61959" lon="1.88068">
        <ele>149.0</ele>
      </trkpt>
      <trkpt lat="48.61899" lon="1.88004">
        <ele>148.0</ele>
      </trkpt>
      <trkpt lat="48.61868" lon="1.87972">
        <ele>152.0</ele>
      </trkpt>
      <trkpt lat="48.61831" lon="1.87935">
        <ele>156.0</ele>
      </trkpt>
      <trkpt lat="48.61802" lon="1.87905">
        <ele>160.0</ele>
      </trkpt>
      <trkpt lat="48.61769" lon="1.87879">
        <ele>164.0</ele>
      </trkpt>
      <trkpt lat="48.61712" lon="1.87838">
        <ele>166.0</ele>
      </trkpt>
      <trkpt lat="48.61677" lon="1.87809">
        <ele>166.0</ele>
      </trkpt>
      <trkpt lat="48.61632" lon="1.87762">
        <ele>166.0</ele>
      </trkpt>
      <trkpt lat="48.61575" lon="1.87704">
        <ele>166.0</ele>
      </trkpt>
      <trkpt lat="48.61533" lon="1.87668">
        <ele>168.0</ele>
      </trkpt>
      <trkpt lat="48.61411" lon="1.87568">
        <ele>166.0</ele>
      </trkpt>
      <trkpt lat="48.61361" lon="1.87512">
        <ele>166.0</ele>
      </trkpt>
      <trkpt lat="48.61516" lon="1.87118">
        <ele>172.0</ele>
      </trkpt>
      <trkpt lat="48.61596" lon="1.86919">
        <ele>172.0</ele>
      </trkpt>
      <trkpt lat="48.61926" lon="1.86145">
        <ele>171.0</ele>
      </trkpt>
      <trkpt lat="48.62238" lon="1.85359">
        <ele>176.0</ele>
      </trkpt>
      <trkpt lat="48.62462" lon="1.84794">
        <ele>171.0</ele>
      </trkpt>
      <trkpt lat="48.62628" lon="1.84378">
        <ele>163.0</ele>
      </trkpt>
      <trkpt lat="48.627" lon="1.84407">
        <ele>160.0</ele>
      </trkpt>
      <trkpt lat="48.62778" lon="1.84456">
        <ele>160.0</ele>
      </trkpt>
      <trkpt lat="48.628" lon="1.84517">
        <ele>161.0</ele>
      </trkpt>
      <trkpt lat="48.62809" lon="1.84588">
        <ele>162.0</ele>
      </trkpt>
      <trkpt lat="48.62861" lon="1.84691">
        <ele>166.0</ele>
      </trkpt>
      <trkpt lat="48.62922" lon="1.84781">
        <ele>164.0</ele>
      </trkpt>
      <trkpt lat="48.62964" lon="1.84882">
        <ele>165.0</ele>
      </trkpt>
      <trkpt lat="48.62998" lon="1.84971">
        <ele>165.0</ele>
      </trkpt>
      <trkpt lat="48.63035" lon="1.85049">
        <ele>164.0</ele>
      </trkpt>
      <trkpt lat="48.63089" lon="1.85025">
        <ele>163.0</ele>
      </trkpt>
      <trkpt lat="48.63263" lon="1.84782">
        <ele>166.0</ele>
      </trkpt>
      <trkpt lat="48.63376" lon="1.84624">
        <ele>168.0</ele>
      </trkpt>
      <trkpt lat="48.63471" lon="1.84491">
        <ele>169.0</ele>
      </trkpt>
      <trkpt lat="48.63646" lon="1.8425">
        <ele>165.0</ele>
      </trkpt>
      <trkpt lat="48.63722" lon="1.84132">
        <ele>164.0</ele>
      </trkpt>
      <trkpt lat="48.63755" lon="1.84013">
        <ele>163.0</ele>
      </trkpt>
      <trkpt lat="48.63765" lon="1.83922">
        <ele>164.0</ele>
      </trkpt>
      <trkpt lat="48.63774" lon="1.83842">
        <ele>164.0</ele>
      </trkpt>
      <trkpt lat="48.63841" lon="1.83728">
        <ele>166.0</ele>
      </trkpt>
      <trkpt lat="48.63845" lon="1.83712">
        <ele>166.0</ele>
      </trkpt>
      <trkpt lat="48.6385" lon="1.83711">
        <ele>166.0</ele>
      </trkpt>
      <trkpt lat="48.63897" lon="1.83607">
        <ele>167.0</ele>
      </trkpt>
      <trkpt lat="48.63952" lon="1.83525">
        <ele>167.0</ele>
      </trkpt>
      <trkpt lat="48.63976" lon="1.8349">
        <ele>166.0</ele>
      </trkpt>
      <trkpt lat="48.63922" lon="1.83468">
        <ele>168.0</ele>
      </trkpt>
      <trkpt lat="48.63881" lon="1.83454">
        <ele>169.0</ele>
      </trkpt>
      <trkpt lat="48.63816" lon="1.83418">
        <ele>170.0</ele>
      </trkpt>
      <trkpt lat="48.6375" lon="1.83351">
        <ele>168.0</ele>
      </trkpt>
      <trkpt lat="48.63716" lon="1.83298">
        <ele>166.0</ele>
      </trkpt>
      <trkpt lat="48.63697" lon="1.83252">
        <ele>165.0</ele>
      </trkpt>
      <trkpt lat="48.6369" lon="1.83255">
        <ele>165.0</ele>
      </trkpt>
      <trkpt lat="48.63682" lon="1.83248">
        <ele>164.0</ele>
      </trkpt>
      <trkpt lat="48.63685" lon="1.83228">
        <ele>164.0</ele>
      </trkpt>
      <trkpt lat="48.63664" lon="1.83144">
        <ele>163.0</ele>
      </trkpt>
      <trkpt lat="48.63649" lon="1.8305">
        <ele>162.0</ele>
      </trkpt>
      <trkpt lat="48.63653" lon="1.82963">
        <ele>160.0</ele>
      </trkpt>
      <trkpt lat="48.63664" lon="1.82865">
        <ele>160.0</ele>
      </trkpt>
      <trkpt lat="48.63659" lon="1.82856">
        <ele>160.0</ele>
      </trkpt>
      <trkpt lat="48.63659" lon="1.82852">
        <ele>160.0</ele>
      </trkpt>
      <trkpt lat="48.63618" lon="1.82816">
        <ele>162.0</ele>
      </trkpt>
      <trkpt lat="48.63616" lon="1.82795">
        <ele>163.0</ele>
      </trkpt>
      <trkpt lat="48.63631" lon="1.82787">
        <ele>163.0</ele>
      </trkpt>
      <trkpt lat="48.63637" lon="1.82816">
        <ele>162.0</ele>
      </trkpt>
      <trkpt lat="48.63638" lon="1.82816">
        <ele>162.0</ele>
      </trkpt>
      <trkpt lat="48.63664" lon="1.82842">
        <ele>160.0</ele>
      </trkpt>
      <trkpt lat="48.63675" lon="1.82854">
        <ele>160.0</ele>
      </trkpt>
      <trkpt lat="48.63664" lon="1.82865">
        <ele>160.0</ele>
      </trkpt>
      <trkpt lat="48.63659" lon="1.82856">
        <ele>160.0</ele>
      </trkpt>
      <trkpt lat="48.63659" lon="1.82852">
        <ele>160.0</ele>
      </trkpt>
      <trkpt lat="48.63618" lon="1.82816">
        <ele>162.0</ele>
      </trkpt>
      <trkpt lat="48.63616" lon="1.82795">
        <ele>163.0</ele>
      </trkpt>
      <trkpt lat="48.6375" lon="1.82727">
        <ele>160.0</ele>
      </trkpt>
      <trkpt lat="48.63817" lon="1.82708">
        <ele>161.0</ele>
      </trkpt>
      <trkpt lat="48.63889" lon="1.82691">
        <ele>160.0</ele>
      </trkpt>
      <trkpt lat="48.63951" lon="1.82677">
        <ele>158.0</ele>
      </trkpt>
      <trkpt lat="48.64015" lon="1.82652">
        <ele>156.0</ele>
      </trkpt>
      <trkpt lat="48.64048" lon="1.8263">
        <ele>155.0</ele>
      </trkpt>
      <trkpt lat="48.64085" lon="1.82606">
        <ele>154.0</ele>
      </trkpt>
      <trkpt lat="48.64149" lon="1.82546">
        <ele>151.0</ele>
      </trkpt>
      <trkpt lat="48.64119" lon="1.8249">
        <ele>151.0</ele>
      </trkpt>
      <trkpt lat="48.641" lon="1.82398">
        <ele>151.0</ele>
      </trkpt>
      <trkpt lat="48.64107" lon="1.82386">
        <ele>151.0</ele>
      </trkpt>
      <trkpt lat="48.64115" lon="1.82351">
        <ele>151.0</ele>
      </trkpt>
      <trkpt lat="48.64146" lon="1.82368">
        <ele>149.0</ele>
      </trkpt>
      <trkpt lat="48.64218" lon="1.82211">
        <ele>149.0</ele>
      </trkpt>
      <trkpt lat="48.64227" lon="1.82127">
        <ele>148.0</ele>
      </trkpt>
      <trkpt lat="48.64169" lon="1.82045">
        <ele>151.0</ele>
      </trkpt>
      <trkpt lat="48.64103" lon="1.81959">
        <ele>150.0</ele>
      </trkpt>
      <trkpt lat="48.63975" lon="1.81792">
        <ele>151.0</ele>
      </trkpt>
      <trkpt lat="48.63988" lon="1.81775">
        <ele>151.0</ele>
      </trkpt>
      <trkpt lat="48.64066" lon="1.81613">
        <ele>150.0</ele>
      </trkpt>
      <trkpt lat="48.6414" lon="1.81459">
        <ele>150.0</ele>
      </trkpt>
      <trkpt lat="48.6415" lon="1.81408">
        <ele>149.0</ele>
      </trkpt>
      <trkpt lat="48.64146" lon="1.81352">
        <ele>149.0</ele>
      </trkpt>
      <trkpt lat="48.64177" lon="1.81329">
        <ele>148.0</ele>
      </trkpt>
      <trkpt lat="48.64209" lon="1.8131">
        <ele>148.0</ele>
      </trkpt>
      <trkpt lat="48.6429" lon="1.81137">
        <ele>147.0</ele>
      </trkpt>
      <trkpt lat="48.6441" lon="1.80882">
        <ele>147.0</ele>
      </trkpt>
      <trkpt lat="48.64475" lon="1.80743">
        <ele>151.0</ele>
      </trkpt>
      <trkpt lat="48.64439" lon="1.80655">
        <ele>150.0</ele>
      </trkpt>
      <trkpt lat="48.6432" lon="1.80367">
        <ele>149.0</ele>
      </trkpt>
      <trkpt lat="48.64298" lon="1.80314">
        <ele>149.0</ele>
      </trkpt>
      <trkpt lat="48.64254" lon="1.80202">
        <ele>148.0</ele>
      </trkpt>
      <trkpt lat="48.64182" lon="1.8004">
        <ele>150.0</ele>
      </trkpt>
      <trkpt lat="48.64083" lon="1.79846">
        <ele>150.0</ele>
      </trkpt>
      <trkpt lat="48.63975" lon="1.79646">
        <ele>149.0</ele>
      </trkpt>
      <trkpt lat="48.6389" lon="1.79497">
        <ele>150.0</ele>
      </trkpt>
      <trkpt lat="48.63812" lon="1.79416">
        <ele>146.0</ele>
      </trkpt>
      <trkpt lat="48.6378" lon="1.79324">
        <ele>146.0</ele>
      </trkpt>
      <trkpt lat="48.63758" lon="1.79238">
        <ele>148.0</ele>
      </trkpt>
      <trkpt lat="48.63717" lon="1.79169">
        <ele>150.0</ele>
      </trkpt>
      <trkpt lat="48.63669" lon="1.79094">
        <ele>151.0</ele>
      </trkpt>
      <trkpt lat="48.63579" lon="1.78976">
        <ele>150.0</ele>
      </trkpt>
      <trkpt lat="48.63519" lon="1.78953">
        <ele>147.0</ele>
      </trkpt>
      <trkpt lat="48.63479" lon="1.78949">
        <ele>146.0</ele>
      </trkpt>
      <trkpt lat="48.63443" lon="1.78959">
        <ele>146.0</ele>
      </trkpt>
      <trkpt lat="48.63415" lon="1.78996">
        <ele>145.0</ele>
      </trkpt>
      <trkpt lat="48.63372" lon="1.79061">
        <ele>142.0</ele>
      </trkpt>
      <trkpt lat="48.63328" lon="1.79079">
        <ele>141.0</ele>
      </trkpt>
      <trkpt lat="48.63264" lon="1.79108">
        <ele>147.0</ele>
      </trkpt>
      <trkpt lat="48.63249" lon="1.79006">
        <ele>148.0</ele>
      </trkpt>
      <trkpt lat="48.63231" lon="1.78937">
        <ele>151.0</ele>
      </trkpt>
      <trkpt lat="48.63191" lon="1.7887">
        <ele>155.0</ele>
      </trkpt>
      <trkpt lat="48.63169" lon="1.78814">
        <ele>155.0</ele>
      </trkpt>
      <trkpt lat="48.6316" lon="1.78737">
        <ele>151.0</ele>
      </trkpt>
      <trkpt lat="48.63124" lon="1.78605">
        <ele>145.0</ele>
      </trkpt>
      <trkpt lat="48.63078" lon="1.78566">
        <ele>145.0</ele>
      </trkpt>
      <trkpt lat="48.62969" lon="1.78553">
        <ele>148.0</ele>
      </trkpt>
      <trkpt lat="48.62899" lon="1.7847">
        <ele>155.0</ele>
      </trkpt>
      <trkpt lat="48.62846" lon="1.78404">
        <ele>159.0</ele>
      </trkpt>
      <trkpt lat="48.62857" lon="1.7832">
        <ele>160.0</ele>
      </trkpt>
      <trkpt lat="48.62854" lon="1.78263">
        <ele>161.0</ele>
      </trkpt>
      <trkpt lat="48.6285" lon="1.78163">
        <ele>161.0</ele>
      </trkpt>
      <trkpt lat="48.6285" lon="1.78033">
        <ele>162.0</ele>
      </trkpt>
      <trkpt lat="48.62874" lon="1.77894">
        <ele>162.0</ele>
      </trkpt>
      <trkpt lat="48.62883" lon="1.77804">
        <ele>164.0</ele>
      </trkpt>
      <trkpt lat="48.62891" lon="1.77742">
        <ele>165.0</ele>
      </trkpt>
      <trkpt lat="48.62892" lon="1.77683">
        <ele>165.0</ele>
      </trkpt>
      <trkpt lat="48.62909" lon="1.77631">
        <ele>166.0</ele>
      </trkpt>
      <trkpt lat="48.62924" lon="1.77539">
        <ele>167.0</ele>
      </trkpt>
      <trkpt lat="48.62953" lon="1.77428">
        <ele>167.0</ele>
      </trkpt>
      <trkpt lat="48.6299" lon="1.77337">
        <ele>165.0</ele>
      </trkpt>
      <trkpt lat="48.63023" lon="1.77254">
        <ele>164.0</ele>
      </trkpt>
      <trkpt lat="48.62966" lon="1.77258">
        <ele>164.0</ele>
      </trkpt>
      <trkpt lat="48.62911" lon="1.77262">
        <ele>165.0</ele>
      </trkpt>
      <trkpt lat="48.62856" lon="1.77263">
        <ele>165.0</ele>
      </trkpt>
      <trkpt lat="48.62793" lon="1.77256">
        <ele>165.0</ele>
      </trkpt>
      <trkpt lat="48.62724" lon="1.77256">
        <ele>165.0</ele>
      </trkpt>
      <trkpt lat="48.62684" lon="1.77256">
        <ele>165.0</ele>
      </trkpt>
      <trkpt lat="48.62643" lon="1.77259">
        <ele>165.0</ele>
      </trkpt>
      <trkpt lat="48.62587" lon="1.77263">
        <ele>165.0</ele>
      </trkpt>
      <trkpt lat="48.62526" lon="1.77267">
        <ele>164.0</ele>
      </trkpt>
      <trkpt lat="48.62492" lon="1.77256">
        <ele>164.0</ele>
      </trkpt>
      <trkpt lat="48.62418" lon="1.77168">
        <ele>166.0</ele>
      </trkpt>
      <trkpt lat="48.62388" lon="1.77137">
        <ele>165.0</ele>
      </trkpt>
      <trkpt lat="48.62264" lon="1.77081">
        <ele>164.0</ele>
      </trkpt>
      <trkpt lat="48.62137" lon="1.77012">
        <ele>165.0</ele>
      </trkpt>
      <trkpt lat="48.62106" lon="1.76992">
        <ele>166.0</ele>
      </trkpt>
      <trkpt lat="48.62036" lon="1.76943">
        <ele>165.0</ele>
      </trkpt>
      <trkpt lat="48.6193" lon="1.76843">
        <ele>164.0</ele>
      </trkpt>
      <trkpt lat="48.61819" lon="1.76727">
        <ele>165.0</ele>
      </trkpt>
      <trkpt lat="48.61709" lon="1.76606">
        <ele>168.0</ele>
      </trkpt>
      <trkpt lat="48.61476" lon="1.76325">
        <ele>173.0</ele>
      </trkpt>
      <trkpt lat="48.61418" lon="1.76223">
        <ele>175.0</ele>
      </trkpt>
      <trkpt lat="48.61359" lon="1.76124">
        <ele>178.0</ele>
      </trkpt>
      <trkpt lat="48.61331" lon="1.76092">
        <ele>178.0</ele>
      </trkpt>
      <trkpt lat="48.61297" lon="1.76059">
        <ele>177.0</ele>
      </trkpt>
      <trkpt lat="48.61247" lon="1.76018">
        <ele>176.0</ele>
      </trkpt>
      <trkpt lat="48.61141" lon="1.75904">
        <ele>172.0</ele>
      </trkpt>
      <trkpt lat="48.61105" lon="1.75891">
        <ele>170.0</ele>
      </trkpt>
      <trkpt lat="48.60767" lon="1.75893">
        <ele>172.0</ele>
      </trkpt>
      <trkpt lat="48.60702" lon="1.75886">
        <ele>174.0</ele>
      </trkpt>
      <trkpt lat="48.60608" lon="1.75832">
        <ele>176.0</ele>
      </trkpt>
      <trkpt lat="48.60434" lon="1.75671">
        <ele>175.0</ele>
      </trkpt>
      <trkpt lat="48.60273" lon="1.75565">
        <ele>173.0</ele>
      </trkpt>
      <trkpt lat="48.60132" lon="1.75439">
        <ele>174.0</ele>
      </trkpt>
      <trkpt lat="48.60072" lon="1.75338">
        <ele>175.0</ele>
      </trkpt>
      <trkpt lat="48.60011" lon="1.75312">
        <ele>177.0</ele>
      </trkpt>
      <trkpt lat="48.5999" lon="1.75267">
        <ele>176.0</ele>
      </trkpt>
      <trkpt lat="48.59583" lon="1.74479">
        <ele>165.0</ele>
      </trkpt>
      <trkpt lat="48.5955" lon="1.74366">
        <ele>164.0</ele>
      </trkpt>
      <trkpt lat="48.59524" lon="1.7432">
        <ele>164.0</ele>
      </trkpt>
      <trkpt lat="48.59472" lon="1.74242">
        <ele>165.0</ele>
      </trkpt>
      <trkpt lat="48.59427" lon="1.74069">
        <ele>165.0</ele>
      </trkpt>
      <trkpt lat="48.5939" lon="1.73865">
        <ele>162.0</ele>
      </trkpt>
      <trkpt lat="48.59362" lon="1.73713">
        <ele>162.0</ele>
      </trkpt>
      <trkpt lat="48.59356" lon="1.73646">
        <ele>162.0</ele>
      </trkpt>
      <trkpt lat="48.59358" lon="1.73562">
        <ele>163.0</ele>
      </trkpt>
      <trkpt lat="48.59363" lon="1.73495">
        <ele>164.0</ele>
      </trkpt>
      <trkpt lat="48.59394" lon="1.73328">
        <ele>164.0</ele>
      </trkpt>
      <trkpt lat="48.59407" lon="1.7325">
        <ele>162.0</ele>
      </trkpt>
      <trkpt lat="48.59416" lon="1.73175">
        <ele>161.0</ele>
      </trkpt>
      <trkpt lat="48.594" lon="1.73066">
        <ele>160.0</ele>
      </trkpt>
      <trkpt lat="48.5936" lon="1.72957">
        <ele>154.0</ele>
      </trkpt>
      <trkpt lat="48.59398" lon="1.72847">
        <ele>153.0</ele>
      </trkpt>
      <trkpt lat="48.59412" lon="1.72794">
        <ele>152.0</ele>
      </trkpt>
      <trkpt lat="48.59403" lon="1.72738">
        <ele>149.0</ele>
      </trkpt>
      <trkpt lat="48.59368" lon="1.72754">
        <ele>145.0</ele>
      </trkpt>
      <trkpt lat="48.59342" lon="1.72812">
        <ele>143.0</ele>
      </trkpt>
      <trkpt lat="48.59287" lon="1.72892">
        <ele>140.0</ele>
      </trkpt>
      <trkpt lat="48.59263" lon="1.72989">
        <ele>138.0</ele>
      </trkpt>
      <trkpt lat="48.59244" lon="1.73058">
        <ele>138.0</ele>
      </trkpt>
      <trkpt lat="48.59208" lon="1.73103">
        <ele>136.0</ele>
      </trkpt>
      <trkpt lat="48.59153" lon="1.73109">
        <ele>132.0</ele>
      </trkpt>
      <trkpt lat="48.59083" lon="1.73101">
        <ele>134.0</ele>
      </trkpt>
      <trkpt lat="48.5904" lon="1.73074">
        <ele>138.0</ele>
      </trkpt>
      <trkpt lat="48.59045" lon="1.72982">
        <ele>141.0</ele>
      </trkpt>
      <trkpt lat="48.59023" lon="1.72937">
        <ele>144.0</ele>
      </trkpt>
      <trkpt lat="48.59044" lon="1.7289">
        <ele>144.0</ele>
      </trkpt>
      <trkpt lat="48.59074" lon="1.72823">
        <ele>144.0</ele>
      </trkpt>
      <trkpt lat="48.59095" lon="1.72773">
        <ele>144.0</ele>
      </trkpt>
      <trkpt lat="48.59112" lon="1.72711">
        <ele>144.0</ele>
      </trkpt>
      <trkpt lat="48.59134" lon="1.72638">
        <ele>144.0</ele>
      </trkpt>
      <trkpt lat="48.59155" lon="1.72593">
        <ele>143.0</ele>
      </trkpt>
      <trkpt lat="48.5917" lon="1.7254">
        <ele>144.0</ele>
      </trkpt>
      <trkpt lat="48.59189" lon="1.72448">
        <ele>144.0</ele>
      </trkpt>
      <trkpt lat="48.59208" lon="1.72387">
        <ele>145.0</ele>
      </trkpt>
      <trkpt lat="48.5924" lon="1.72295">
        <ele>147.0</ele>
      </trkpt>
      <trkpt lat="48.59261" lon="1.72189">
        <ele>146.0</ele>
      </trkpt>
      <trkpt lat="48.59271" lon="1.72135">
        <ele>145.0</ele>
      </trkpt>
      <trkpt lat="48.5929" lon="1.72075">
        <ele>145.0</ele>
      </trkpt>
      <trkpt lat="48.59368" lon="1.71998">
        <ele>138.0</ele>
      </trkpt>
      <trkpt lat="48.59406" lon="1.71893">
        <ele>137.0</ele>
      </trkpt>
      <trkpt lat="48.59422" lon="1.7182">
        <ele>138.0</ele>
      </trkpt>
      <trkpt lat="48.59483" lon="1.71696">
        <ele>133.0</ele>
      </trkpt>
      <trkpt lat="48.59489" lon="1.71648">
        <ele>130.0</ele>
      </trkpt>
      <trkpt lat="48.59497" lon="1.71574">
        <ele>125.0</ele>
      </trkpt>
      <trkpt lat="48.59528" lon="1.71444">
        <ele>124.0</ele>
      </trkpt>
      <trkpt lat="48.59545" lon="1.71368">
        <ele>124.0</ele>
      </trkpt>
      <trkpt lat="48.59559" lon="1.71321">
        <ele>123.0</ele>
      </trkpt>
      <trkpt lat="48.59585" lon="1.71279">
        <ele>124.0</ele>
      </trkpt>
      <trkpt lat="48.5964" lon="1.71233">
        <ele>126.0</ele>
      </trkpt>
      <trkpt lat="48.59675" lon="1.71195">
        <ele>128.0</ele>
      </trkpt>
      <trkpt lat="48.59739" lon="1.71117">
        <ele>134.0</ele>
      </trkpt>
      <trkpt lat="48.59775" lon="1.71068">
        <ele>135.0</ele>
      </trkpt>
      <trkpt lat="48.59806" lon="1.71017">
        <ele>136.0</ele>
      </trkpt>
      <trkpt lat="48.59838" lon="1.70925">
        <ele>136.0</ele>
      </trkpt>
      <trkpt lat="48.59844" lon="1.70863">
        <ele>136.0</ele>
      </trkpt>
      <trkpt lat="48.59845" lon="1.7072">
        <ele>136.0</ele>
      </trkpt>
      <trkpt lat="48.59834" lon="1.70623">
        <ele>139.0</ele>
      </trkpt>
      <trkpt lat="48.59868" lon="1.7051">
        <ele>136.0</ele>
      </trkpt>
      <trkpt lat="48.5989" lon="1.70414">
        <ele>132.0</ele>
      </trkpt>
      <trkpt lat="48.59904" lon="1.70359">
        <ele>132.0</ele>
      </trkpt>
      <trkpt lat="48.59944" lon="1.70313">
        <ele>131.0</ele>
      </trkpt>
      <trkpt lat="48.59986" lon="1.70293">
        <ele>128.0</ele>
      </trkpt>
      <trkpt lat="48.60013" lon="1.70259">
        <ele>126.0</ele>
      </trkpt>
      <trkpt lat="48.60055" lon="1.70214">
        <ele>124.0</ele>
      </trkpt>
      <trkpt lat="48.60084" lon="1.70151">
        <ele>125.0</ele>
      </trkpt>
      <trkpt lat="48.60123" lon="1.70056">
        <ele>127.0</ele>
      </trkpt>
      <trkpt lat="48.60185" lon="1.69904">
        <ele>129.0</ele>
      </trkpt>
      <trkpt lat="48.6021" lon="1.69839">
        <ele>130.0</ele>
      </trkpt>
      <trkpt lat="48.60223" lon="1.6978">
        <ele>131.0</ele>
      </trkpt>
      <trkpt lat="48.60224" lon="1.69705">
        <ele>133.0</ele>
      </trkpt>
      <trkpt lat="48.60238" lon="1.69622">
        <ele>132.0</ele>
      </trkpt>
      <trkpt lat="48.60262" lon="1.69533">
        <ele>133.0</ele>
      </trkpt>
      <trkpt lat="48.60286" lon="1.69476">
        <ele>132.0</ele>
      </trkpt>
      <trkpt lat="48.60311" lon="1.69417">
        <ele>130.0</ele>
      </trkpt>
      <trkpt lat="48.60338" lon="1.69354">
        <ele>129.0</ele>
      </trkpt>
      <trkpt lat="48.60368" lon="1.69276">
        <ele>134.0</ele>
      </trkpt>
      <trkpt lat="48.60413" lon="1.69161">
        <ele>128.0</ele>
      </trkpt>
      <trkpt lat="48.60433" lon="1.69102">
        <ele>129.0</ele>
      </trkpt>
      <trkpt lat="48.60448" lon="1.69038">
        <ele>130.0</ele>
      </trkpt>
      <trkpt lat="48.60464" lon="1.68978">
        <ele>131.0</ele>
      </trkpt>
      <trkpt lat="48.60504" lon="1.68866">
        <ele>131.0</ele>
      </trkpt>
      <trkpt lat="48.60562" lon="1.68722">
        <ele>129.0</ele>
      </trkpt>
      <trkpt lat="48.60583" lon="1.68666">
        <ele>126.0</ele>
      </trkpt>
      <trkpt lat="48.60614" lon="1.68577">
        <ele>126.0</ele>
      </trkpt>
      <trkpt lat="48.60638" lon="1.68509">
        <ele>124.0</ele>
      </trkpt>
      <trkpt lat="48.60657" lon="1.68467">
        <ele>120.0</ele>
      </trkpt>
      <trkpt lat="48.6068" lon="1.68429">
        <ele>119.0</ele>
      </trkpt>
      <trkpt lat="48.60678" lon="1.6841">
        <ele>119.0</ele>
      </trkpt>
      <trkpt lat="48.60691" lon="1.68415">
        <ele>119.0</ele>
      </trkpt>
      <trkpt lat="48.60725" lon="1.68346">
        <ele>117.0</ele>
      </trkpt>
      <trkpt lat="48.60748" lon="1.68282">
        <ele>116.0</ele>
      </trkpt>
      <trkpt lat="48.60753" lon="1.68206">
        <ele>114.0</ele>
      </trkpt>
      <trkpt lat="48.60748" lon="1.68148">
        <ele>114.0</ele>
      </trkpt>
      <trkpt lat="48.60769" lon="1.68099">
        <ele>115.0</ele>
      </trkpt>
      <trkpt lat="48.60823" lon="1.68004">
        <ele>115.0</ele>
      </trkpt>
      <trkpt lat="48.60855" lon="1.67934">
        <ele>117.0</ele>
      </trkpt>
      <trkpt lat="48.60866" lon="1.67925">
        <ele>118.0</ele>
      </trkpt>
      <trkpt lat="48.60876" lon="1.67912">
        <ele>119.0</ele>
      </trkpt>
      <trkpt lat="48.60897" lon="1.67834">
        <ele>122.0</ele>
      </trkpt>
      <trkpt lat="48.60933" lon="1.67781">
        <ele>127.0</ele>
      </trkpt>
      <trkpt lat="48.60929" lon="1.67751">
        <ele>128.0</ele>
      </trkpt>
      <trkpt lat="48.609" lon="1.67705">
        <ele>123.0</ele>
      </trkpt>
      <trkpt lat="48.60904" lon="1.67626">
        <ele>121.0</ele>
      </trkpt>
      <trkpt lat="48.60935" lon="1.67586">
        <ele>121.0</ele>
      </trkpt>
      <trkpt lat="48.60964" lon="1.67548">
        <ele>119.0</ele>
      </trkpt>
      <trkpt lat="48.60992" lon="1.67478">
        <ele>118.0</ele>
      </trkpt>
      <trkpt lat="48.60989" lon="1.67394">
        <ele>118.0</ele>
      </trkpt>
      <trkpt lat="48.60978" lon="1.67224">
        <ele>119.0</ele>
      </trkpt>
      <trkpt lat="48.6094" lon="1.67196">
        <ele>121.0</ele>
      </trkpt>
      <trkpt lat="48.6088" lon="1.67166">
        <ele>120.0</ele>
      </trkpt>
      <trkpt lat="48.60778" lon="1.67112">
        <ele>121.0</ele>
      </trkpt>
      <trkpt lat="48.60778" lon="1.67019">
        <ele>126.0</ele>
      </trkpt>
      <trkpt lat="48.60744" lon="1.66985">
        <ele>123.0</ele>
      </trkpt>
      <trkpt lat="48.60672" lon="1.66938">
        <ele>122.0</ele>
      </trkpt>
      <trkpt lat="48.60637" lon="1.66907">
        <ele>124.0</ele>
      </trkpt>
      <trkpt lat="48.606" lon="1.66858">
        <ele>129.0</ele>
      </trkpt>
      <trkpt lat="48.60572" lon="1.66782">
        <ele>133.0</ele>
      </trkpt>
      <trkpt lat="48.60549" lon="1.66705">
        <ele>136.0</ele>
      </trkpt>
      <trkpt lat="48.60535" lon="1.66628">
        <ele>138.0</ele>
      </trkpt>
      <trkpt lat="48.60524" lon="1.66557">
        <ele>138.0</ele>
      </trkpt>
      <trkpt lat="48.60501" lon="1.66485">
        <ele>137.0</ele>
      </trkpt>
      <trkpt lat="48.60487" lon="1.66428">
        <ele>136.0</ele>
      </trkpt>
      <trkpt lat="48.60469" lon="1.66339">
        <ele>134.0</ele>
      </trkpt>
      <trkpt lat="48.60457" lon="1.6623">
        <ele>134.0</ele>
      </trkpt>
      <trkpt lat="48.60446" lon="1.66128">
        <ele>132.0</ele>
      </trkpt>
      <trkpt lat="48.60438" lon="1.66024">
        <ele>131.0</ele>
      </trkpt>
      <trkpt lat="48.60435" lon="1.65966">
        <ele>130.0</ele>
      </trkpt>
      <trkpt lat="48.60431" lon="1.65882">
        <ele>129.0</ele>
      </trkpt>
      <trkpt lat="48.60416" lon="1.65785">
        <ele>128.0</ele>
      </trkpt>
      <trkpt lat="48.60404" lon="1.65705">
        <ele>128.0</ele>
      </trkpt>
      <trkpt lat="48.60392" lon="1.65627">
        <ele>128.0</ele>
      </trkpt>
      <trkpt lat="48.60324" lon="1.65587">
        <ele>127.0</ele>
      </trkpt>
      <trkpt lat="48.60278" lon="1.6555">
        <ele>126.0</ele>
      </trkpt>
      <trkpt lat="48.60247" lon="1.65523">
        <ele>124.0</ele>
      </trkpt>
      <trkpt lat="48.60171" lon="1.65462">
        <ele>121.0</ele>
      </trkpt>
      <trkpt lat="48.60115" lon="1.65416">
        <ele>116.0</ele>
      </trkpt>
      <trkpt lat="48.60087" lon="1.65465">
        <ele>115.0</ele>
      </trkpt>
      <trkpt lat="48.60063" lon="1.65514">
        <ele>115.0</ele>
      </trkpt>
      <trkpt lat="48.60045" lon="1.65559">
        <ele>115.0</ele>
      </trkpt>
      <trkpt lat="48.60024" lon="1.65613">
        <ele>114.0</ele>
      </trkpt>
      <trkpt lat="48.59912" lon="1.65532">
        <ele>113.0</ele>
      </trkpt>
      <trkpt lat="48.59971" lon="1.65319">
        <ele>115.0</ele>
      </trkpt>
      <trkpt lat="48.60004" lon="1.65206">
        <ele>115.0</ele>
      </trkpt>
      <trkpt lat="48.60065" lon="1.65014">
        <ele>114.0</ele>
      </trkpt>
      <trkpt lat="48.60065" lon="1.65014">
        <ele>114.0</ele>
      </trkpt>
      <trkpt lat="48.60079" lon="1.65027">
        <ele>114.0</ele>
      </trkpt>
      <trkpt lat="48.60141" lon="1.65067">
        <ele>113.0</ele>
      </trkpt>
      <trkpt lat="48.60196" lon="1.65065">
        <ele>114.0</ele>
      </trkpt>
      <trkpt lat="48.60215" lon="1.64929">
        <ele>114.0</ele>
      </trkpt>
      <trkpt lat="48.60233" lon="1.64857">
        <ele>114.0</ele>
      </trkpt>
      <trkpt lat="48.60285" lon="1.64687">
        <ele>113.0</ele>
      </trkpt>
      <trkpt lat="48.60295" lon="1.64624">
        <ele>112.0</ele>
      </trkpt>
      <trkpt lat="48.60287" lon="1.6461">
        <ele>112.0</ele>
      </trkpt>
      <trkpt lat="48.60259" lon="1.64579">
        <ele>110.0</ele>
      </trkpt>
      <trkpt lat="48.60227" lon="1.64544">
        <ele>110.0</ele>
      </trkpt>
      <trkpt lat="48.60192" lon="1.64501">
        <ele>110.0</ele>
      </trkpt>
      <trkpt lat="48.60157" lon="1.64452">
        <ele>109.0</ele>
      </trkpt>
      <trkpt lat="48.60113" lon="1.64372">
        <ele>110.0</ele>
      </trkpt>
      <trkpt lat="48.60091" lon="1.64332">
        <ele>111.0</ele>
      </trkpt>
      <trkpt lat="48.60059" lon="1.64286">
        <ele>113.0</ele>
      </trkpt>
      <trkpt lat="48.60028" lon="1.64311">
        <ele>114.0</ele>
      </trkpt>
      <trkpt lat="48.59946" lon="1.64438">
        <ele>113.0</ele>
      </trkpt>
      <trkpt lat="48.59909" lon="1.64493">
        <ele>114.0</ele>
      </trkpt>
      <trkpt lat="48.59869" lon="1.6455">
        <ele>114.0</ele>
      </trkpt>
      <trkpt lat="48.59814" lon="1.64638">
        <ele>117.0</ele>
      </trkpt>
      <trkpt lat="48.5981" lon="1.6464">
        <ele>118.0</ele>
      </trkpt>
      <trkpt lat="48.59858" lon="1.64686">
        <ele>115.0</ele>
      </trkpt>
      <trkpt lat="48.59889" lon="1.64715">
        <ele>113.0</ele>
      </trkpt>
      <trkpt lat="48.59938" lon="1.64776">
        <ele>112.0</ele>
      </trkpt>
      <trkpt lat="48.5998" lon="1.64673">
        <ele>110.0</ele>
      </trkpt>
      <trkpt lat="48.60027" lon="1.64579">
        <ele>111.0</ele>
      </trkpt>
      <trkpt lat="48.60053" lon="1.64501">
        <ele>111.0</ele>
      </trkpt>
      <trkpt lat="48.60077" lon="1.64447">
        <ele>110.0</ele>
      </trkpt>
      <trkpt lat="48.60121" lon="1.64387">
        <ele>110.0</ele>
      </trkpt>
      <trkpt lat="48.60157" lon="1.64452">
        <ele>109.0</ele>
      </trkpt>
      <trkpt lat="48.60202" lon="1.64513">
        <ele>110.0</ele>
      </trkpt>
      <trkpt lat="48.6024" lon="1.64558">
        <ele>110.0</ele>
      </trkpt>
      <trkpt lat="48.60287" lon="1.6461">
        <ele>112.0</ele>
      </trkpt>
      <trkpt lat="48.60295" lon="1.64624">
        <ele>112.0</ele>
      </trkpt>
      <trkpt lat="48.60336" lon="1.64588">
        <ele>112.0</ele>
      </trkpt>
      <trkpt lat="48.60385" lon="1.64546">
        <ele>117.0</ele>
      </trkpt>
      <trkpt lat="48.60418" lon="1.64493">
        <ele>120.0</ele>
      </trkpt>
      <trkpt lat="48.60445" lon="1.64432">
        <ele>121.0</ele>
      </trkpt>
      <trkpt lat="48.60518" lon="1.64253">
        <ele>120.0</ele>
      </trkpt>
      <trkpt lat="48.60559" lon="1.64174">
        <ele>119.0</ele>
      </trkpt>
      <trkpt lat="48.6058" lon="1.64134">
        <ele>119.0</ele>
      </trkpt>
      <trkpt lat="48.60613" lon="1.64074">
        <ele>117.0</ele>
      </trkpt>
      <trkpt lat="48.60698" lon="1.63975">
        <ele>115.0</ele>
      </trkpt>
      <trkpt lat="48.60733" lon="1.63898">
        <ele>115.0</ele>
      </trkpt>
      <trkpt lat="48.60763" lon="1.63817">
        <ele>117.0</ele>
      </trkpt>
      <trkpt lat="48.60821" lon="1.63728">
        <ele>119.0</ele>
      </trkpt>
      <trkpt lat="48.60859" lon="1.63672">
        <ele>119.0</ele>
      </trkpt>
      <trkpt lat="48.60903" lon="1.63591">
        <ele>119.0</ele>
      </trkpt>
      <trkpt lat="48.60937" lon="1.63543">
        <ele>117.0</ele>
      </trkpt>
      <trkpt lat="48.60968" lon="1.63519">
        <ele>117.0</ele>
      </trkpt>
      <trkpt lat="48.61055" lon="1.63463">
        <ele>116.0</ele>
      </trkpt>
      <trkpt lat="48.61133" lon="1.63424">
        <ele>116.0</ele>
      </trkpt>
      <trkpt lat="48.61179" lon="1.63391">
        <ele>117.0</ele>
      </trkpt>
      <trkpt lat="48.61233" lon="1.63319">
        <ele>117.0</ele>
      </trkpt>
      <trkpt lat="48.61279" lon="1.63235">
        <ele>118.0</ele>
      </trkpt>
      <trkpt lat="48.61341" lon="1.63112">
        <ele>118.0</ele>
      </trkpt>
      <trkpt lat="48.61389" lon="1.63024">
        <ele>118.0</ele>
      </trkpt>
      <trkpt lat="48.61422" lon="1.62979">
        <ele>119.0</ele>
      </trkpt>
      <trkpt lat="48.61477" lon="1.62906">
        <ele>118.0</ele>
      </trkpt>
      <trkpt lat="48.61516" lon="1.62857">
        <ele>118.0</ele>
      </trkpt>
      <trkpt lat="48.6157" lon="1.62812">
        <ele>116.0</ele>
      </trkpt>
      <trkpt lat="48.61609" lon="1.6275">
        <ele>114.0</ele>
      </trkpt>
      <trkpt lat="48.61632" lon="1.62656">
        <ele>113.0</ele>
      </trkpt>
      <trkpt lat="48.61658" lon="1.62543">
        <ele>113.0</ele>
      </trkpt>
      <trkpt lat="48.61672" lon="1.62424">
        <ele>111.0</ele>
      </trkpt>
      <trkpt lat="48.61681" lon="1.62368">
        <ele>110.0</ele>
      </trkpt>
      <trkpt lat="48.617" lon="1.6231">
        <ele>109.0</ele>
      </trkpt>
      <trkpt lat="48.61809" lon="1.6212">
        <ele>110.0</ele>
      </trkpt>
      <trkpt lat="48.61794" lon="1.62059">
        <ele>110.0</ele>
      </trkpt>
      <trkpt lat="48.61784" lon="1.62001">
        <ele>109.0</ele>
      </trkpt>
      <trkpt lat="48.6178" lon="1.61928">
        <ele>108.0</ele>
      </trkpt>
      <trkpt lat="48.61775" lon="1.61839">
        <ele>108.0</ele>
      </trkpt>
      <trkpt lat="48.61751" lon="1.61734">
        <ele>108.0</ele>
      </trkpt>
      <trkpt lat="48.61692" lon="1.61636">
        <ele>111.0</ele>
      </trkpt>
      <trkpt lat="48.61633" lon="1.61579">
        <ele>111.0</ele>
      </trkpt>
      <trkpt lat="48.61594" lon="1.61543">
        <ele>111.0</ele>
      </trkpt>
      <trkpt lat="48.61543" lon="1.61517">
        <ele>109.0</ele>
      </trkpt>
      <trkpt lat="48.61518" lon="1.61468">
        <ele>109.0</ele>
      </trkpt>
      <trkpt lat="48.61493" lon="1.61408">
        <ele>111.0</ele>
      </trkpt>
      <trkpt lat="48.61465" lon="1.61328">
        <ele>113.0</ele>
      </trkpt>
      <trkpt lat="48.6144" lon="1.61213">
        <ele>112.0</ele>
      </trkpt>
      <trkpt lat="48.6143" lon="1.61136">
        <ele>111.0</ele>
      </trkpt>
      <trkpt lat="48.6143" lon="1.61065">
        <ele>110.0</ele>
      </trkpt>
      <trkpt lat="48.61408" lon="1.61003">
        <ele>107.0</ele>
      </trkpt>
      <trkpt lat="48.61368" lon="1.60972">
        <ele>106.0</ele>
      </trkpt>
      <trkpt lat="48.61325" lon="1.60959">
        <ele>106.0</ele>
      </trkpt>
      <trkpt lat="48.61286" lon="1.60942">
        <ele>108.0</ele>
      </trkpt>
      <trkpt lat="48.61251" lon="1.60923">
        <ele>111.0</ele>
      </trkpt>
      <trkpt lat="48.61202" lon="1.60895">
        <ele>112.0</ele>
      </trkpt>
      <trkpt lat="48.61222" lon="1.60819">
        <ele>112.0</ele>
      </trkpt>
      <trkpt lat="48.61228" lon="1.60706">
        <ele>111.0</ele>
      </trkpt>
      <trkpt lat="48.61232" lon="1.60654">
        <ele>111.0</ele>
      </trkpt>
      <trkpt lat="48.61247" lon="1.60493">
        <ele>112.0</ele>
      </trkpt>
      <trkpt lat="48.61269" lon="1.60357">
        <ele>112.0</ele>
      </trkpt>
      <trkpt lat="48.61286" lon="1.60263">
        <ele>111.0</ele>
      </trkpt>
      <trkpt lat="48.61302" lon="1.60166">
        <ele>111.0</ele>
      </trkpt>
      <trkpt lat="48.61331" lon="1.60011">
        <ele>111.0</ele>
      </trkpt>
      <trkpt lat="48.61363" lon="1.59891">
        <ele>111.0</ele>
      </trkpt>
      <trkpt lat="48.61385" lon="1.59833">
        <ele>110.0</ele>
      </trkpt>
      <trkpt lat="48.61414" lon="1.59754">
        <ele>107.0</ele>
      </trkpt>
      <trkpt lat="48.61429" lon="1.59693">
        <ele>106.0</ele>
      </trkpt>
      <trkpt lat="48.61443" lon="1.59638">
        <ele>105.0</ele>
      </trkpt>
      <trkpt lat="48.61456" lon="1.59543">
        <ele>105.0</ele>
      </trkpt>
      <trkpt lat="48.61461" lon="1.59478">
        <ele>104.0</ele>
      </trkpt>
      <trkpt lat="48.61458" lon="1.59402">
        <ele>105.0</ele>
      </trkpt>
      <trkpt lat="48.61452" lon="1.59347">
        <ele>106.0</ele>
      </trkpt>
      <trkpt lat="48.61445" lon="1.59283">
        <ele>106.0</ele>
      </trkpt>
      <trkpt lat="48.61434" lon="1.59189">
        <ele>106.0</ele>
      </trkpt>
      <trkpt lat="48.61411" lon="1.59127">
        <ele>107.0</ele>
      </trkpt>
      <trkpt lat="48.61454" lon="1.59004">
        <ele>106.0</ele>
      </trkpt>
      <trkpt lat="48.61473" lon="1.58937">
        <ele>106.0</ele>
      </trkpt>
      <trkpt lat="48.61496" lon="1.58896">
        <ele>104.0</ele>
      </trkpt>
      <trkpt lat="48.61546" lon="1.58833">
        <ele>106.0</ele>
      </trkpt>
      <trkpt lat="48.61611" lon="1.58759">
        <ele>104.0</ele>
      </trkpt>
      <trkpt lat="48.61662" lon="1.58692">
        <ele>103.0</ele>
      </trkpt>
      <trkpt lat="48.6169" lon="1.58632">
        <ele>103.0</ele>
      </trkpt>
      <trkpt lat="48.61707" lon="1.58588">
        <ele>103.0</ele>
      </trkpt>
      <trkpt lat="48.61727" lon="1.58533">
        <ele>102.0</ele>
      </trkpt>
      <trkpt lat="48.61744" lon="1.58474">
        <ele>101.0</ele>
      </trkpt>
      <trkpt lat="48.61766" lon="1.5839">
        <ele>102.0</ele>
      </trkpt>
      <trkpt lat="48.61776" lon="1.5834">
        <ele>103.0</ele>
      </trkpt>
      <trkpt lat="48.61782" lon="1.5827">
        <ele>104.0</ele>
      </trkpt>
      <trkpt lat="48.61784" lon="1.58208">
        <ele>104.0</ele>
      </trkpt>
      <trkpt lat="48.61789" lon="1.58111">
        <ele>103.0</ele>
      </trkpt>
      <trkpt lat="48.61801" lon="1.58019">
        <ele>102.0</ele>
      </trkpt>
      <trkpt lat="48.61806" lon="1.57965">
        <ele>102.0</ele>
      </trkpt>
      <trkpt lat="48.61818" lon="1.57861">
        <ele>104.0</ele>
      </trkpt>
      <trkpt lat="48.61825" lon="1.57806">
        <ele>104.0</ele>
      </trkpt>
      <trkpt lat="48.61835" lon="1.57758">
        <ele>104.0</ele>
      </trkpt>
      <trkpt lat="48.61855" lon="1.5768">
        <ele>104.0</ele>
      </trkpt>
      <trkpt lat="48.61882" lon="1.57592">
        <ele>103.0</ele>
      </trkpt>
      <trkpt lat="48.61904" lon="1.57517">
        <ele>104.0</ele>
      </trkpt>
      <trkpt lat="48.61937" lon="1.57439">
        <ele>104.0</ele>
      </trkpt>
      <trkpt lat="48.61977" lon="1.57379">
        <ele>102.0</ele>
      </trkpt>
      <trkpt lat="48.61981" lon="1.57272">
        <ele>100.0</ele>
      </trkpt>
      <trkpt lat="48.61963" lon="1.57173">
        <ele>99.0</ele>
      </trkpt>
      <trkpt lat="48.61947" lon="1.57127">
        <ele>99.0</ele>
      </trkpt>
      <trkpt lat="48.61927" lon="1.57067">
        <ele>99.0</ele>
      </trkpt>
      <trkpt lat="48.61906" lon="1.56968">
        <ele>101.0</ele>
      </trkpt>
      <trkpt lat="48.61906" lon="1.56897">
        <ele>102.0</ele>
      </trkpt>
      <trkpt lat="48.6192" lon="1.56758">
        <ele>104.0</ele>
      </trkpt>
      <trkpt lat="48.61941" lon="1.5666">
        <ele>108.0</ele>
      </trkpt>
      <trkpt lat="48.61955" lon="1.56605">
        <ele>109.0</ele>
      </trkpt>
      <trkpt lat="48.61989" lon="1.56512">
        <ele>106.0</ele>
      </trkpt>
      <trkpt lat="48.61958" lon="1.56426">
        <ele>106.0</ele>
      </trkpt>
      <trkpt lat="48.61899" lon="1.56426">
        <ele>108.0</ele>
      </trkpt>
      <trkpt lat="48.61833" lon="1.5644">
        <ele>110.0</ele>
      </trkpt>
      <trkpt lat="48.61753" lon="1.56454">
        <ele>109.0</ele>
      </trkpt>
      <trkpt lat="48.61702" lon="1.56465">
        <ele>106.0</ele>
      </trkpt>
      <trkpt lat="48.61651" lon="1.56486">
        <ele>104.0</ele>
      </trkpt>
      <trkpt lat="48.61585" lon="1.56479">
        <ele>102.0</ele>
      </trkpt>
      <trkpt lat="48.61513" lon="1.5647">
        <ele>100.0</ele>
      </trkpt>
      <trkpt lat="48.61432" lon="1.56469">
        <ele>99.0</ele>
      </trkpt>
      <trkpt lat="48.61396" lon="1.56477">
        <ele>99.0</ele>
      </trkpt>
      <trkpt lat="48.61356" lon="1.56489">
        <ele>98.0</ele>
      </trkpt>
      <trkpt lat="48.61286" lon="1.56516">
        <ele>98.0</ele>
      </trkpt>
      <trkpt lat="48.61201" lon="1.56547">
        <ele>98.0</ele>
      </trkpt>
      <trkpt lat="48.61106" lon="1.56585">
        <ele>100.0</ele>
      </trkpt>
      <trkpt lat="48.61043" lon="1.56611">
        <ele>100.0</ele>
      </trkpt>
      <trkpt lat="48.61006" lon="1.56624">
        <ele>100.0</ele>
      </trkpt>
      <trkpt lat="48.60969" lon="1.56634">
        <ele>99.0</ele>
      </trkpt>
      <trkpt lat="48.60925" lon="1.56643">
        <ele>98.0</ele>
      </trkpt>
      <trkpt lat="48.60864" lon="1.5667">
        <ele>100.0</ele>
      </trkpt>
      <trkpt lat="48.60832" lon="1.56714">
        <ele>102.0</ele>
      </trkpt>
      <trkpt lat="48.60796" lon="1.56759">
        <ele>103.0</ele>
      </trkpt>
      <trkpt lat="48.60723" lon="1.56816">
        <ele>105.0</ele>
      </trkpt>
      <trkpt lat="48.60654" lon="1.56848">
        <ele>106.0</ele>
      </trkpt>
      <trkpt lat="48.60585" lon="1.56877">
        <ele>108.0</ele>
      </trkpt>
      <trkpt lat="48.60518" lon="1.5691">
        <ele>108.0</ele>
      </trkpt>
      <trkpt lat="48.60483" lon="1.56925">
        <ele>108.0</ele>
      </trkpt>
      <trkpt lat="48.60438" lon="1.56946">
        <ele>108.0</ele>
      </trkpt>
      <trkpt lat="48.60354" lon="1.56976">
        <ele>109.0</ele>
      </trkpt>
      <trkpt lat="48.60274" lon="1.56992">
        <ele>108.0</ele>
      </trkpt>
      <trkpt lat="48.60223" lon="1.57001">
        <ele>106.0</ele>
      </trkpt>
      <trkpt lat="48.60178" lon="1.57015">
        <ele>105.0</ele>
      </trkpt>
      <trkpt lat="48.60142" lon="1.57029">
        <ele>105.0</ele>
      </trkpt>
      <trkpt lat="48.60051" lon="1.5705">
        <ele>104.0</ele>
      </trkpt>
      <trkpt lat="48.60016" lon="1.5708">
        <ele>104.0</ele>
      </trkpt>
      <trkpt lat="48.5997" lon="1.57108">
        <ele>105.0</ele>
      </trkpt>
      <trkpt lat="48.59933" lon="1.57134">
        <ele>107.0</ele>
      </trkpt>
      <trkpt lat="48.59903" lon="1.57158">
        <ele>106.0</ele>
      </trkpt>
      <trkpt lat="48.59862" lon="1.57216">
        <ele>107.0</ele>
      </trkpt>
      <trkpt lat="48.59798" lon="1.57349">
        <ele>106.0</ele>
      </trkpt>
      <trkpt lat="48.59756" lon="1.57443">
        <ele>109.0</ele>
      </trkpt>
      <trkpt lat="48.5973" lon="1.57493">
        <ele>111.0</ele>
      </trkpt>
      <trkpt lat="48.59691" lon="1.5755">
        <ele>109.0</ele>
      </trkpt>
      <trkpt lat="48.59609" lon="1.57663">
        <ele>107.0</ele>
      </trkpt>
      <trkpt lat="48.59564" lon="1.5773">
        <ele>107.0</ele>
      </trkpt>
      <trkpt lat="48.5952" lon="1.57791">
        <ele>108.0</ele>
      </trkpt>
      <trkpt lat="48.59473" lon="1.57844">
        <ele>108.0</ele>
      </trkpt>
      <trkpt lat="48.59426" lon="1.57885">
        <ele>107.0</ele>
      </trkpt>
      <trkpt lat="48.59398" lon="1.57925">
        <ele>108.0</ele>
      </trkpt>
      <trkpt lat="48.5936" lon="1.57964">
        <ele>108.0</ele>
      </trkpt>
      <trkpt lat="48.59312" lon="1.58019">
        <ele>108.0</ele>
      </trkpt>
      <trkpt lat="48.59247" lon="1.58101">
        <ele>110.0</ele>
      </trkpt>
      <trkpt lat="48.592" lon="1.58171">
        <ele>111.0</ele>
      </trkpt>
      <trkpt lat="48.59159" lon="1.58239">
        <ele>110.0</ele>
      </trkpt>
      <trkpt lat="48.59138" lon="1.58279">
        <ele>111.0</ele>
      </trkpt>
      <trkpt lat="48.59032" lon="1.58361">
        <ele>112.0</ele>
      </trkpt>
      <trkpt lat="48.5899" lon="1.58151">
        <ele>102.0</ele>
      </trkpt>
      <trkpt lat="48.58951" lon="1.57951">
        <ele>102.0</ele>
      </trkpt>
      <trkpt lat="48.58949" lon="1.57943">
        <ele>102.0</ele>
      </trkpt>
      <trkpt lat="48.58891" lon="1.58082">
        <ele>102.0</ele>
      </trkpt>
      <trkpt lat="48.5885" lon="1.5818">
        <ele>103.0</ele>
      </trkpt>
      <trkpt lat="48.58811" lon="1.58271">
        <ele>102.0</ele>
      </trkpt>
      <trkpt lat="48.58742" lon="1.58432">
        <ele>107.0</ele>
      </trkpt>
      <trkpt lat="48.5871" lon="1.58509">
        <ele>109.0</ele>
      </trkpt>
      <trkpt lat="48.58701" lon="1.58532">
        <ele>110.0</ele>
      </trkpt>
      <trkpt lat="48.58632" lon="1.587">
        <ele>114.0</ele>
      </trkpt>
      <trkpt lat="48.58634" lon="1.58707">
        <ele>114.0</ele>
      </trkpt>
      <trkpt lat="48.58627" lon="1.58719">
        <ele>114.0</ele>
      </trkpt>
      <trkpt lat="48.5862" lon="1.58709">
        <ele>114.0</ele>
      </trkpt>
      <trkpt lat="48.5857" lon="1.58752">
        <ele>112.0</ele>
      </trkpt>
      <trkpt lat="48.58509" lon="1.5882">
        <ele>111.0</ele>
      </trkpt>
      <trkpt lat="48.58464" lon="1.58871">
        <ele>112.0</ele>
      </trkpt>
      <trkpt lat="48.58412" lon="1.58925">
        <ele>112.0</ele>
      </trkpt>
      <trkpt lat="48.58361" lon="1.58966">
        <ele>110.0</ele>
      </trkpt>
      <trkpt lat="48.58328" lon="1.58992">
        <ele>108.0</ele>
      </trkpt>
      <trkpt lat="48.5829" lon="1.59021">
        <ele>107.0</ele>
      </trkpt>
      <trkpt lat="48.58155" lon="1.59088">
        <ele>105.0</ele>
      </trkpt>
      <trkpt lat="48.58099" lon="1.59117">
        <ele>105.0</ele>
      </trkpt>
      <trkpt lat="48.58016" lon="1.59166">
        <ele>106.0</ele>
      </trkpt>
      <trkpt lat="48.57932" lon="1.59211">
        <ele>106.0</ele>
      </trkpt>
      <trkpt lat="48.57701" lon="1.59297">
        <ele>110.0</ele>
      </trkpt>
      <trkpt lat="48.57595" lon="1.59349">
        <ele>111.0</ele>
      </trkpt>
      <trkpt lat="48.57209" lon="1.59332">
        <ele>107.0</ele>
      </trkpt>
      <trkpt lat="48.57131" lon="1.59324">
        <ele>108.0</ele>
      </trkpt>
      <trkpt lat="48.56953" lon="1.59291">
        <ele>105.0</ele>
      </trkpt>
      <trkpt lat="48.56889" lon="1.59289">
        <ele>105.0</ele>
      </trkpt>
      <trkpt lat="48.56829" lon="1.59308">
        <ele>106.0</ele>
      </trkpt>
      <trkpt lat="48.56714" lon="1.59304">
        <ele>110.0</ele>
      </trkpt>
      <trkpt lat="48.56666" lon="1.59288">
        <ele>110.0</ele>
      </trkpt>
      <trkpt lat="48.56604" lon="1.59261">
        <ele>109.0</ele>
      </trkpt>
      <trkpt lat="48.56484" lon="1.59208">
        <ele>105.0</ele>
      </trkpt>
      <trkpt lat="48.56364" lon="1.59159">
        <ele>106.0</ele>
      </trkpt>
      <trkpt lat="48.56331" lon="1.59145">
        <ele>105.0</ele>
      </trkpt>
      <trkpt lat="48.56264" lon="1.59119">
        <ele>105.0</ele>
      </trkpt>
      <trkpt lat="48.56178" lon="1.59087">
        <ele>106.0</ele>
      </trkpt>
      <trkpt lat="48.56111" lon="1.59061">
        <ele>106.0</ele>
      </trkpt>
      <trkpt lat="48.55994" lon="1.59014">
        <ele>104.0</ele>
      </trkpt>
      <trkpt lat="48.55901" lon="1.58978">
        <ele>105.0</ele>
      </trkpt>
      <trkpt lat="48.55796" lon="1.58932">
        <ele>106.0</ele>
      </trkpt>
      <trkpt lat="48.55711" lon="1.58902">
        <ele>106.0</ele>
      </trkpt>
      <trkpt lat="48.55631" lon="1.58872">
        <ele>106.0</ele>
      </trkpt>
      <trkpt lat="48.55584" lon="1.58862">
        <ele>106.0</ele>
      </trkpt>
      <trkpt lat="48.55525" lon="1.58851">
        <ele>106.0</ele>
      </trkpt>
      <trkpt lat="48.55462" lon="1.58842">
        <ele>105.0</ele>
      </trkpt>
      <trkpt lat="48.55399" lon="1.58832">
        <ele>105.0</ele>
      </trkpt>
      <trkpt lat="48.55357" lon="1.58825">
        <ele>106.0</ele>
      </trkpt>
      <trkpt lat="48.55289" lon="1.5882">
        <ele>106.0</ele>
      </trkpt>
      <trkpt lat="48.55244" lon="1.58825">
        <ele>106.0</ele>
      </trkpt>
      <trkpt lat="48.55189" lon="1.58829">
        <ele>105.0</ele>
      </trkpt>
      <trkpt lat="48.55188" lon="1.58835">
        <ele>105.0</ele>
      </trkpt>
      <trkpt lat="48.55184" lon="1.58831">
        <ele>104.0</ele>
      </trkpt>
      <trkpt lat="48.55127" lon="1.58837">
        <ele>105.0</ele>
      </trkpt>
      <trkpt lat="48.55086" lon="1.58835">
        <ele>105.0</ele>
      </trkpt>
      <trkpt lat="48.55036" lon="1.58825">
        <ele>105.0</ele>
      </trkpt>
      <trkpt lat="48.54988" lon="1.5881">
        <ele>106.0</ele>
      </trkpt>
      <trkpt lat="48.54955" lon="1.5879">
        <ele>105.0</ele>
      </trkpt>
      <trkpt lat="48.5489" lon="1.58744">
        <ele>105.0</ele>
      </trkpt>
      <trkpt lat="48.54844" lon="1.58724">
        <ele>105.0</ele>
      </trkpt>
      <trkpt lat="48.54799" lon="1.58702">
        <ele>105.0</ele>
      </trkpt>
      <trkpt lat="48.5476" lon="1.58693">
        <ele>105.0</ele>
      </trkpt>
      <trkpt lat="48.54696" lon="1.58672">
        <ele>106.0</ele>
      </trkpt>
      <trkpt lat="48.5464" lon="1.58653">
        <ele>106.0</ele>
      </trkpt>
      <trkpt lat="48.54559" lon="1.58623">
        <ele>107.0</ele>
      </trkpt>
      <trkpt lat="48.54522" lon="1.58611">
        <ele>107.0</ele>
      </trkpt>
      <trkpt lat="48.54466" lon="1.58592">
        <ele>108.0</ele>
      </trkpt>
      <trkpt lat="48.54395" lon="1.58568">
        <ele>108.0</ele>
      </trkpt>
      <trkpt lat="48.54325" lon="1.58544">
        <ele>107.0</ele>
      </trkpt>
      <trkpt lat="48.54235" lon="1.5851">
        <ele>108.0</ele>
      </trkpt>
      <trkpt lat="48.54099" lon="1.58461">
        <ele>107.0</ele>
      </trkpt>
      <trkpt lat="48.54029" lon="1.58447">
        <ele>108.0</ele>
      </trkpt>
      <trkpt lat="48.5397" lon="1.58411">
        <ele>109.0</ele>
      </trkpt>
      <trkpt lat="48.53911" lon="1.58369">
        <ele>109.0</ele>
      </trkpt>
      <trkpt lat="48.53857" lon="1.58334">
        <ele>109.0</ele>
      </trkpt>
      <trkpt lat="48.53806" lon="1.583">
        <ele>109.0</ele>
      </trkpt>
      <trkpt lat="48.53733" lon="1.58236">
        <ele>107.0</ele>
      </trkpt>
      <trkpt lat="48.53678" lon="1.58187">
        <ele>107.0</ele>
      </trkpt>
      <trkpt lat="48.53644" lon="1.58163">
        <ele>107.0</ele>
      </trkpt>
      <trkpt lat="48.53594" lon="1.58136">
        <ele>106.0</ele>
      </trkpt>
      <trkpt lat="48.53547" lon="1.58136">
        <ele>106.0</ele>
      </trkpt>
      <trkpt lat="48.53489" lon="1.58133">
        <ele>107.0</ele>
      </trkpt>
      <trkpt lat="48.53437" lon="1.58119">
        <ele>109.0</ele>
      </trkpt>
      <trkpt lat="48.53383" lon="1.58111">
        <ele>110.0</ele>
      </trkpt>
      <trkpt lat="48.53345" lon="1.58086">
        <ele>111.0</ele>
      </trkpt>
      <trkpt lat="48.53295" lon="1.5806">
        <ele>110.0</ele>
      </trkpt>
      <trkpt lat="48.53257" lon="1.5805">
        <ele>109.0</ele>
      </trkpt>
      <trkpt lat="48.53215" lon="1.58053">
        <ele>108.0</ele>
      </trkpt>
      <trkpt lat="48.53176" lon="1.58049">
        <ele>108.0</ele>
      </trkpt>
      <trkpt lat="48.5313" lon="1.58037">
        <ele>109.0</ele>
      </trkpt>
      <trkpt lat="48.53086" lon="1.58016">
        <ele>110.0</ele>
      </trkpt>
      <trkpt lat="48.53028" lon="1.57974">
        <ele>110.0</ele>
      </trkpt>
      <trkpt lat="48.52979" lon="1.57928">
        <ele>110.0</ele>
      </trkpt>
      <trkpt lat="48.52944" lon="1.57893">
        <ele>110.0</ele>
      </trkpt>
      <trkpt lat="48.52903" lon="1.57849">
        <ele>111.0</ele>
      </trkpt>
      <trkpt lat="48.52855" lon="1.57817">
        <ele>112.0</ele>
      </trkpt>
      <trkpt lat="48.52815" lon="1.57797">
        <ele>114.0</ele>
      </trkpt>
      <trkpt lat="48.52788" lon="1.57763">
        <ele>113.0</ele>
      </trkpt>
      <trkpt lat="48.52757" lon="1.5773">
        <ele>113.0</ele>
      </trkpt>
      <trkpt lat="48.52651" lon="1.57631">
        <ele>114.0</ele>
      </trkpt>
      <trkpt lat="48.52536" lon="1.57543">
        <ele>114.0</ele>
      </trkpt>
      <trkpt lat="48.52458" lon="1.57496">
        <ele>115.0</ele>
      </trkpt>
      <trkpt lat="48.52419" lon="1.57504">
        <ele>120.0</ele>
      </trkpt>
      <trkpt lat="48.52369" lon="1.57478">
        <ele>125.0</ele>
      </trkpt>
      <trkpt lat="48.52294" lon="1.57388">
        <ele>126.0</ele>
      </trkpt>
      <trkpt lat="48.52237" lon="1.57303">
        <ele>123.0</ele>
      </trkpt>
      <trkpt lat="48.52181" lon="1.57207">
        <ele>121.0</ele>
      </trkpt>
      <trkpt lat="48.52146" lon="1.57138">
        <ele>120.0</ele>
      </trkpt>
      <trkpt lat="48.52109" lon="1.57084">
        <ele>120.0</ele>
      </trkpt>
      <trkpt lat="48.52033" lon="1.5699">
        <ele>120.0</ele>
      </trkpt>
      <trkpt lat="48.52003" lon="1.56955">
        <ele>119.0</ele>
      </trkpt>
      <trkpt lat="48.51964" lon="1.56917">
        <ele>119.0</ele>
      </trkpt>
      <trkpt lat="48.5193" lon="1.56882">
        <ele>120.0</ele>
      </trkpt>
      <trkpt lat="48.51876" lon="1.5682">
        <ele>121.0</ele>
      </trkpt>
      <trkpt lat="48.51826" lon="1.56751">
        <ele>118.0</ele>
      </trkpt>
      <trkpt lat="48.51775" lon="1.56676">
        <ele>121.0</ele>
      </trkpt>
      <trkpt lat="48.51735" lon="1.56609">
        <ele>119.0</ele>
      </trkpt>
      <trkpt lat="48.51692" lon="1.56529">
        <ele>116.0</ele>
      </trkpt>
      <trkpt lat="48.51648" lon="1.56458">
        <ele>115.0</ele>
      </trkpt>
      <trkpt lat="48.5161" lon="1.56409">
        <ele>115.0</ele>
      </trkpt>
      <trkpt lat="48.51577" lon="1.56381">
        <ele>115.0</ele>
      </trkpt>
      <trkpt lat="48.51518" lon="1.56343">
        <ele>118.0</ele>
      </trkpt>
      <trkpt lat="48.51448" lon="1.56258">
        <ele>121.0</ele>
      </trkpt>
      <trkpt lat="48.51401" lon="1.56201">
        <ele>120.0</ele>
      </trkpt>
      <trkpt lat="48.51327" lon="1.56112">
        <ele>122.0</ele>
      </trkpt>
      <trkpt lat="48.5127" lon="1.56039">
        <ele>123.0</ele>
      </trkpt>
      <trkpt lat="48.5121" lon="1.55974">
        <ele>121.0</ele>
      </trkpt>
      <trkpt lat="48.51171" lon="1.55927">
        <ele>119.0</ele>
      </trkpt>
      <trkpt lat="48.51125" lon="1.5587">
        <ele>121.0</ele>
      </trkpt>
      <trkpt lat="48.51075" lon="1.55811">
        <ele>120.0</ele>
      </trkpt>
      <trkpt lat="48.51048" lon="1.55777">
        <ele>121.0</ele>
      </trkpt>
      <trkpt lat="48.51011" lon="1.55718">
        <ele>119.0</ele>
      </trkpt>
      <trkpt lat="48.50967" lon="1.55669">
        <ele>121.0</ele>
      </trkpt>
      <trkpt lat="48.5095" lon="1.55599">
        <ele>116.0</ele>
      </trkpt>
      <trkpt lat="48.50896" lon="1.55505">
        <ele>116.0</ele>
      </trkpt>
      <trkpt lat="48.5085" lon="1.55418">
        <ele>117.0</ele>
      </trkpt>
      <trkpt lat="48.50807" lon="1.55337">
        <ele>121.0</ele>
      </trkpt>
      <trkpt lat="48.5077" lon="1.55263">
        <ele>121.0</ele>
      </trkpt>
      <trkpt lat="48.5074" lon="1.55193">
        <ele>120.0</ele>
      </trkpt>
      <trkpt lat="48.50699" lon="1.55101">
        <ele>119.0</ele>
      </trkpt>
      <trkpt lat="48.50643" lon="1.55003">
        <ele>121.0</ele>
      </trkpt>
      <trkpt lat="48.50562" lon="1.54834">
        <ele>120.0</ele>
      </trkpt>
      <trkpt lat="48.50532" lon="1.54784">
        <ele>122.0</ele>
      </trkpt>
      <trkpt lat="48.50498" lon="1.54737">
        <ele>123.0</ele>
      </trkpt>
      <trkpt lat="48.50447" lon="1.54662">
        <ele>122.0</ele>
      </trkpt>
      <trkpt lat="48.50404" lon="1.54613">
        <ele>122.0</ele>
      </trkpt>
      <trkpt lat="48.50356" lon="1.54566">
        <ele>122.0</ele>
      </trkpt>
      <trkpt lat="48.5031" lon="1.54518">
        <ele>123.0</ele>
      </trkpt>
      <trkpt lat="48.50259" lon="1.54474">
        <ele>123.0</ele>
      </trkpt>
      <trkpt lat="48.50223" lon="1.54437">
        <ele>123.0</ele>
      </trkpt>
      <trkpt lat="48.50177" lon="1.54382">
        <ele>122.0</ele>
      </trkpt>
      <trkpt lat="48.50132" lon="1.54336">
        <ele>121.0</ele>
      </trkpt>
      <trkpt lat="48.50093" lon="1.54301">
        <ele>121.0</ele>
      </trkpt>
      <trkpt lat="48.50056" lon="1.54251">
        <ele>119.0</ele>
      </trkpt>
      <trkpt lat="48.50015" lon="1.54227">
        <ele>121.0</ele>
      </trkpt>
      <trkpt lat="48.49952" lon="1.54195">
        <ele>124.0</ele>
      </trkpt>
      <trkpt lat="48.49897" lon="1.54178">
        <ele>126.0</ele>
      </trkpt>
      <trkpt lat="48.49863" lon="1.54168">
        <ele>126.0</ele>
      </trkpt>
      <trkpt lat="48.49815" lon="1.54146">
        <ele>127.0</ele>
      </trkpt>
      <trkpt lat="48.49772" lon="1.54125">
        <ele>127.0</ele>
      </trkpt>
      <trkpt lat="48.49682" lon="1.54067">
        <ele>125.0</ele>
      </trkpt>
      <trkpt lat="48.49641" lon="1.54045">
        <ele>125.0</ele>
      </trkpt>
      <trkpt lat="48.49576" lon="1.5402">
        <ele>123.0</ele>
      </trkpt>
      <trkpt lat="48.4951" lon="1.54001">
        <ele>124.0</ele>
      </trkpt>
      <trkpt lat="48.49447" lon="1.53982">
        <ele>126.0</ele>
      </trkpt>
      <trkpt lat="48.49378" lon="1.53958">
        <ele>126.0</ele>
      </trkpt>
      <trkpt lat="48.49323" lon="1.53936">
        <ele>123.0</ele>
      </trkpt>
      <trkpt lat="48.49269" lon="1.53914">
        <ele>121.0</ele>
      </trkpt>
      <trkpt lat="48.49229" lon="1.53905">
        <ele>123.0</ele>
      </trkpt>
      <trkpt lat="48.49153" lon="1.53866">
        <ele>123.0</ele>
      </trkpt>
      <trkpt lat="48.49117" lon="1.53846">
        <ele>121.0</ele>
      </trkpt>
      <trkpt lat="48.49072" lon="1.53816">
        <ele>120.0</ele>
      </trkpt>
      <trkpt lat="48.4904" lon="1.53784">
        <ele>119.0</ele>
      </trkpt>
      <trkpt lat="48.49002" lon="1.53733">
        <ele>117.0</ele>
      </trkpt>
      <trkpt lat="48.48964" lon="1.53715">
        <ele>118.0</ele>
      </trkpt>
      <trkpt lat="48.48925" lon="1.53696">
        <ele>118.0</ele>
      </trkpt>
      <trkpt lat="48.48893" lon="1.53679">
        <ele>119.0</ele>
      </trkpt>
      <trkpt lat="48.4886" lon="1.53662">
        <ele>119.0</ele>
      </trkpt>
      <trkpt lat="48.48839" lon="1.53614">
        <ele>117.0</ele>
      </trkpt>
      <trkpt lat="48.48801" lon="1.53507">
        <ele>116.0</ele>
      </trkpt>
      <trkpt lat="48.48763" lon="1.53394">
        <ele>119.0</ele>
      </trkpt>
      <trkpt lat="48.48752" lon="1.53309">
        <ele>120.0</ele>
      </trkpt>
      <trkpt lat="48.4872" lon="1.53243">
        <ele>118.0</ele>
      </trkpt>
      <trkpt lat="48.48701" lon="1.53173">
        <ele>116.0</ele>
      </trkpt>
      <trkpt lat="48.48697" lon="1.53106">
        <ele>116.0</ele>
      </trkpt>
      <trkpt lat="48.48696" lon="1.53011">
        <ele>117.0</ele>
      </trkpt>
      <trkpt lat="48.48669" lon="1.52933">
        <ele>116.0</ele>
      </trkpt>
      <trkpt lat="48.48627" lon="1.52856">
        <ele>118.0</ele>
      </trkpt>
      <trkpt lat="48.48591" lon="1.52787">
        <ele>119.0</ele>
      </trkpt>
      <trkpt lat="48.48552" lon="1.5269">
        <ele>120.0</ele>
      </trkpt>
      <trkpt lat="48.48538" lon="1.52672">
        <ele>120.0</ele>
      </trkpt>
      <trkpt lat="48.4851" lon="1.5262">
        <ele>120.0</ele>
      </trkpt>
      <trkpt lat="48.48431" lon="1.52467">
        <ele>117.0</ele>
      </trkpt>
      <trkpt lat="48.48374" lon="1.52387">
        <ele>120.0</ele>
      </trkpt>
      <trkpt lat="48.48366" lon="1.52281">
        <ele>121.0</ele>
      </trkpt>
      <trkpt lat="48.48368" lon="1.52137">
        <ele>120.0</ele>
      </trkpt>
      <trkpt lat="48.48366" lon="1.52021">
        <ele>120.0</ele>
      </trkpt>
      <trkpt lat="48.48365" lon="1.51915">
        <ele>120.0</ele>
      </trkpt>
      <trkpt lat="48.4836" lon="1.51783">
        <ele>121.0</ele>
      </trkpt>
      <trkpt lat="48.48364" lon="1.51716">
        <ele>121.0</ele>
      </trkpt>
      <trkpt lat="48.48389" lon="1.51494">
        <ele>126.0</ele>
      </trkpt>
      <trkpt lat="48.48398" lon="1.51406">
        <ele>126.0</ele>
      </trkpt>
      <trkpt lat="48.48408" lon="1.51321">
        <ele>124.0</ele>
      </trkpt>
      <trkpt lat="48.48414" lon="1.51181">
        <ele>125.0</ele>
      </trkpt>
      <trkpt lat="48.48398" lon="1.51124">
        <ele>125.0</ele>
      </trkpt>
      <trkpt lat="48.48364" lon="1.51068">
        <ele>125.0</ele>
      </trkpt>
      <trkpt lat="48.48337" lon="1.5102">
        <ele>127.0</ele>
      </trkpt>
      <trkpt lat="48.48301" lon="1.50953">
        <ele>129.0</ele>
      </trkpt>
      <trkpt lat="48.48251" lon="1.50868">
        <ele>130.0</ele>
      </trkpt>
      <trkpt lat="48.48222" lon="1.50831">
        <ele>130.0</ele>
      </trkpt>
      <trkpt lat="48.48171" lon="1.50765">
        <ele>131.0</ele>
      </trkpt>
      <trkpt lat="48.48136" lon="1.50732">
        <ele>131.0</ele>
      </trkpt>
      <trkpt lat="48.48096" lon="1.50663">
        <ele>130.0</ele>
      </trkpt>
      <trkpt lat="48.48066" lon="1.50616">
        <ele>129.0</ele>
      </trkpt>
      <trkpt lat="48.48025" lon="1.5056">
        <ele>129.0</ele>
      </trkpt>
      <trkpt lat="48.47965" lon="1.50492">
        <ele>129.0</ele>
      </trkpt>
      <trkpt lat="48.47906" lon="1.50422">
        <ele>127.0</ele>
      </trkpt>
      <trkpt lat="48.47873" lon="1.50389">
        <ele>127.0</ele>
      </trkpt>
      <trkpt lat="48.47844" lon="1.50358">
        <ele>129.0</ele>
      </trkpt>
      <trkpt lat="48.47777" lon="1.50258">
        <ele>127.0</ele>
      </trkpt>
      <trkpt lat="48.47719" lon="1.502">
        <ele>129.0</ele>
      </trkpt>
      <trkpt lat="48.4768" lon="1.50159">
        <ele>131.0</ele>
      </trkpt>
      <trkpt lat="48.47652" lon="1.50103">
        <ele>130.0</ele>
      </trkpt>
      <trkpt lat="48.47621" lon="1.50051">
        <ele>129.0</ele>
      </trkpt>
      <trkpt lat="48.47565" lon="1.49994">
        <ele>128.0</ele>
      </trkpt>
      <trkpt lat="48.47492" lon="1.4989">
        <ele>128.0</ele>
      </trkpt>
      <trkpt lat="48.47399" lon="1.49751">
        <ele>127.0</ele>
      </trkpt>
      <trkpt lat="48.4736" lon="1.49686">
        <ele>128.0</ele>
      </trkpt>
      <trkpt lat="48.47318" lon="1.49624">
        <ele>128.0</ele>
      </trkpt>
      <trkpt lat="48.47242" lon="1.49546">
        <ele>131.0</ele>
      </trkpt>
      <trkpt lat="48.47205" lon="1.49473">
        <ele>131.0</ele>
      </trkpt>
      <trkpt lat="48.47162" lon="1.49365">
        <ele>127.0</ele>
      </trkpt>
      <trkpt lat="48.47128" lon="1.49272">
        <ele>129.0</ele>
      </trkpt>
      <trkpt lat="48.47088" lon="1.49191">
        <ele>131.0</ele>
      </trkpt>
      <trkpt lat="48.47062" lon="1.49101">
        <ele>130.0</ele>
      </trkpt>
      <trkpt lat="48.47055" lon="1.49051">
        <ele>127.0</ele>
      </trkpt>
      <trkpt lat="48.47044" lon="1.4899">
        <ele>124.0</ele>
      </trkpt>
      <trkpt lat="48.47025" lon="1.49001">
        <ele>126.0</ele>
      </trkpt>
      <trkpt lat="48.47022" lon="1.48987">
        <ele>126.0</ele>
      </trkpt>
      <trkpt lat="48.47019" lon="1.48891">
        <ele>123.0</ele>
      </trkpt>
      <trkpt lat="48.47016" lon="1.48839">
        <ele>123.0</ele>
      </trkpt>
      <trkpt lat="48.47002" lon="1.48783">
        <ele>123.0</ele>
      </trkpt>
      <trkpt lat="48.46933" lon="1.48655">
        <ele>125.0</ele>
      </trkpt>
      <trkpt lat="48.46894" lon="1.48571">
        <ele>126.0</ele>
      </trkpt>
      <trkpt lat="48.46859" lon="1.485">
        <ele>125.0</ele>
      </trkpt>
      <trkpt lat="48.46833" lon="1.48452">
        <ele>125.0</ele>
      </trkpt>
      <trkpt lat="48.46797" lon="1.48404">
        <ele>125.0</ele>
      </trkpt>
      <trkpt lat="48.46804" lon="1.48346">
        <ele>124.0</ele>
      </trkpt>
      <trkpt lat="48.46804" lon="1.48346">
        <ele>124.0</ele>
      </trkpt>
      <trkpt lat="48.4683" lon="1.48326">
        <ele>125.0</ele>
      </trkpt>
      <trkpt lat="48.46823" lon="1.48304">
        <ele>125.0</ele>
      </trkpt>
      <trkpt lat="48.46754" lon="1.48258">
        <ele>125.0</ele>
      </trkpt>
      <trkpt lat="48.46697" lon="1.48246">
        <ele>122.0</ele>
      </trkpt>
      <trkpt lat="48.46691" lon="1.48332">
        <ele>123.0</ele>
      </trkpt>
      <trkpt lat="48.4665" lon="1.48319">
        <ele>123.0</ele>
      </trkpt>
      <trkpt lat="48.46601" lon="1.48313">
        <ele>124.0</ele>
      </trkpt>
      <trkpt lat="48.46555" lon="1.4831">
        <ele>125.0</ele>
      </trkpt>
      <trkpt lat="48.46497" lon="1.48294">
        <ele>126.0</ele>
      </trkpt>
      <trkpt lat="48.46446" lon="1.48283">
        <ele>126.0</ele>
      </trkpt>
      <trkpt lat="48.46404" lon="1.4829">
        <ele>126.0</ele>
      </trkpt>
      <trkpt lat="48.46367" lon="1.48321">
        <ele>126.0</ele>
      </trkpt>
      <trkpt lat="48.46338" lon="1.48352">
        <ele>126.0</ele>
      </trkpt>
      <trkpt lat="48.46302" lon="1.48399">
        <ele>125.0</ele>
      </trkpt>
      <trkpt lat="48.46244" lon="1.4847">
        <ele>126.0</ele>
      </trkpt>
      <trkpt lat="48.46203" lon="1.48522">
        <ele>126.0</ele>
      </trkpt>
      <trkpt lat="48.46145" lon="1.48578">
        <ele>125.0</ele>
      </trkpt>
      <trkpt lat="48.46069" lon="1.48674">
        <ele>124.0</ele>
      </trkpt>
      <trkpt lat="48.46027" lon="1.48729">
        <ele>125.0</ele>
      </trkpt>
      <trkpt lat="48.45978" lon="1.48765">
        <ele>126.0</ele>
      </trkpt>
      <trkpt lat="48.45916" lon="1.48745">
        <ele>129.0</ele>
      </trkpt>
      <trkpt lat="48.45852" lon="1.4878">
        <ele>128.0</ele>
      </trkpt>
      <trkpt lat="48.45795" lon="1.48839">
        <ele>127.0</ele>
      </trkpt>
      <trkpt lat="48.45761" lon="1.48859">
        <ele>127.0</ele>
      </trkpt>
      <trkpt lat="48.45728" lon="1.48869">
        <ele>127.0</ele>
      </trkpt>
      <trkpt lat="48.45688" lon="1.48872">
        <ele>127.0</ele>
      </trkpt>
      <trkpt lat="48.45519" lon="1.48884">
        <ele>127.0</ele>
      </trkpt>
      <trkpt lat="48.45468" lon="1.48885">
        <ele>128.0</ele>
      </trkpt>
      <trkpt lat="48.45419" lon="1.48884">
        <ele>128.0</ele>
      </trkpt>
      <trkpt lat="48.45368" lon="1.48882">
        <ele>128.0</ele>
      </trkpt>
      <trkpt lat="48.45316" lon="1.48857">
        <ele>129.0</ele>
      </trkpt>
      <trkpt lat="48.4531" lon="1.48873">
        <ele>129.0</ele>
      </trkpt>
      <trkpt lat="48.453" lon="1.48935">
        <ele>127.0</ele>
      </trkpt>
      <trkpt lat="48.45294" lon="1.49058">
        <ele>125.0</ele>
      </trkpt>
      <trkpt lat="48.45278" lon="1.49128">
        <ele>125.0</ele>
      </trkpt>
      <trkpt lat="48.4524" lon="1.49151">
        <ele>125.0</ele>
      </trkpt>
      <trkpt lat="48.4517" lon="1.49159">
        <ele>126.0</ele>
      </trkpt>
      <trkpt lat="48.45106" lon="1.49164">
        <ele>127.0</ele>
      </trkpt>
      <trkpt lat="48.4507" lon="1.49168">
        <ele>127.0</ele>
      </trkpt>
      <trkpt lat="48.44998" lon="1.49187">
        <ele>128.0</ele>
      </trkpt>
      <trkpt lat="48.44939" lon="1.49222">
        <ele>128.0</ele>
      </trkpt>
      <trkpt lat="48.44813" lon="1.49296">
        <ele>129.0</ele>
      </trkpt>
      <trkpt lat="48.44753" lon="1.49338">
        <ele>128.0</ele>
      </trkpt>
      <trkpt lat="48.44695" lon="1.49387">
        <ele>129.0</ele>
      </trkpt>
      <trkpt lat="48.44641" lon="1.49412">
        <ele>130.0</ele>
      </trkpt>
      <trkpt lat="48.44599" lon="1.49461">
        <ele>128.0</ele>
      </trkpt>
      <trkpt lat="48.4449" lon="1.49575">
        <ele>128.0</ele>
      </trkpt>
      <trkpt lat="48.44474" lon="1.49512">
        <ele>129.0</ele>
      </trkpt>
      <trkpt lat="48.44461" lon="1.49397">
        <ele>128.0</ele>
      </trkpt>
      <trkpt lat="48.44464" lon="1.49393">
        <ele>128.0</ele>
      </trkpt>
      <trkpt lat="48.44463" lon="1.49389">
        <ele>128.0</ele>
      </trkpt>
      <trkpt lat="48.44455" lon="1.49367">
        <ele>129.0</ele>
      </trkpt>
      <trkpt lat="48.44433" lon="1.49311">
        <ele>130.0</ele>
      </trkpt>
      <trkpt lat="48.44393" lon="1.49355">
        <ele>128.0</ele>
      </trkpt>
      <trkpt lat="48.44351" lon="1.49401">
        <ele>127.0</ele>
      </trkpt>
      <trkpt lat="48.44348" lon="1.49406">
        <ele>127.0</ele>
      </trkpt>
      <trkpt lat="48.44354" lon="1.49435">
        <ele>127.0</ele>
      </trkpt>
      <trkpt lat="48.44363" lon="1.49484">
        <ele>128.0</ele>
      </trkpt>
      <trkpt lat="48.44343" lon="1.49552">
        <ele>128.0</ele>
      </trkpt>
      <trkpt lat="48.44335" lon="1.49643">
        <ele>128.0</ele>
      </trkpt>
      <trkpt lat="48.44309" lon="1.49725">
        <ele>130.0</ele>
      </trkpt>
      <trkpt lat="48.44277" lon="1.49759">
        <ele>131.0</ele>
      </trkpt>
      <trkpt lat="48.44247" lon="1.49786">
        <ele>130.0</ele>
      </trkpt>
      <trkpt lat="48.44199" lon="1.49861">
        <ele>130.0</ele>
      </trkpt>
      <trkpt lat="48.44061" lon="1.49954">
        <ele>129.0</ele>
      </trkpt>
      <trkpt lat="48.43991" lon="1.49968">
        <ele>126.0</ele>
      </trkpt>
      <trkpt lat="48.43921" lon="1.49988">
        <ele>129.0</ele>
      </trkpt>
      <trkpt lat="48.43832" lon="1.50013">
        <ele>128.0</ele>
      </trkpt>
      <trkpt lat="48.43799" lon="1.50018">
        <ele>129.0</ele>
      </trkpt>
      <trkpt lat="48.43762" lon="1.50011">
        <ele>129.0</ele>
      </trkpt>
      <trkpt lat="48.43707" lon="1.49922">
        <ele>127.0</ele>
      </trkpt>
      <trkpt lat="48.43662" lon="1.498">
        <ele>128.0</ele>
      </trkpt>
      <trkpt lat="48.43631" lon="1.49713">
        <ele>128.0</ele>
      </trkpt>
      <trkpt lat="48.43566" lon="1.49583">
        <ele>129.0</ele>
      </trkpt>
      <trkpt lat="48.43481" lon="1.4944">
        <ele>130.0</ele>
      </trkpt>
      <trkpt lat="48.43446" lon="1.49481">
        <ele>129.0</ele>
      </trkpt>
      <trkpt lat="48.43415" lon="1.4945">
        <ele>130.0</ele>
      </trkpt>
      <trkpt lat="48.43345" lon="1.49359">
        <ele>131.0</ele>
      </trkpt>
      <trkpt lat="48.43328" lon="1.493">
        <ele>130.0</ele>
      </trkpt>
      <trkpt lat="48.43331" lon="1.49276">
        <ele>130.0</ele>
      </trkpt>
      <trkpt lat="48.43379" lon="1.49286">
        <ele>129.0</ele>
      </trkpt>
      <trkpt lat="48.43355" lon="1.49214">
        <ele>129.0</ele>
      </trkpt>
      <trkpt lat="48.43302" lon="1.49183">
        <ele>129.0</ele>
      </trkpt>
      <trkpt lat="48.43296" lon="1.49108">
        <ele>128.0</ele>
      </trkpt>
      <trkpt lat="48.43248" lon="1.49105">
        <ele>127.0</ele>
      </trkpt>
      <trkpt lat="48.43188" lon="1.49074">
        <ele>129.0</ele>
      </trkpt>
      <trkpt lat="48.43128" lon="1.49039">
        <ele>129.0</ele>
      </trkpt>
      <trkpt lat="48.43103" lon="1.49002">
        <ele>129.0</ele>
      </trkpt>
      <trkpt lat="48.43042" lon="1.48915">
        <ele>127.0</ele>
      </trkpt>
      <trkpt lat="48.43006" lon="1.48834">
        <ele>126.0</ele>
      </trkpt>
      <trkpt lat="48.42956" lon="1.48767">
        <ele>128.0</ele>
      </trkpt>
      <trkpt lat="48.42911" lon="1.4872">
        <ele>129.0</ele>
      </trkpt>
      <trkpt lat="48.42868" lon="1.4864">
        <ele>129.0</ele>
      </trkpt>
      <trkpt lat="48.42839" lon="1.48578">
        <ele>128.0</ele>
      </trkpt>
      <trkpt lat="48.42858" lon="1.48519">
        <ele>125.0</ele>
      </trkpt>
      <trkpt lat="48.42901" lon="1.48542">
        <ele>126.0</ele>
      </trkpt>
      <trkpt lat="48.42923" lon="1.48434">
        <ele>127.0</ele>
      </trkpt>
      <trkpt lat="48.4294" lon="1.48363">
        <ele>126.0</ele>
      </trkpt>
      <trkpt lat="48.42959" lon="1.48288">
        <ele>125.0</ele>
      </trkpt>
      <trkpt lat="48.42972" lon="1.48206">
        <ele>127.0</ele>
      </trkpt>
      <trkpt lat="48.42909" lon="1.48147">
        <ele>127.0</ele>
      </trkpt>
      <trkpt lat="48.42875" lon="1.48113">
        <ele>128.0</ele>
      </trkpt>
      <trkpt lat="48.42825" lon="1.48068">
        <ele>129.0</ele>
      </trkpt>
      <trkpt lat="48.42783" lon="1.48048">
        <ele>130.0</ele>
      </trkpt>
      <trkpt lat="48.42721" lon="1.48038">
        <ele>132.0</ele>
      </trkpt>
      <trkpt lat="48.42662" lon="1.48037">
        <ele>131.0</ele>
      </trkpt>
      <trkpt lat="48.42628" lon="1.48037">
        <ele>131.0</ele>
      </trkpt>
      <trkpt lat="48.42583" lon="1.4803">
        <ele>130.0</ele>
      </trkpt>
      <trkpt lat="48.42545" lon="1.48042">
        <ele>130.0</ele>
      </trkpt>
      <trkpt lat="48.42537" lon="1.48019">
        <ele>129.0</ele>
      </trkpt>
      <trkpt lat="48.42525" lon="1.48018">
        <ele>129.0</ele>
      </trkpt>
      <trkpt lat="48.42518" lon="1.48026">
        <ele>130.0</ele>
      </trkpt>
      <trkpt lat="48.42513" lon="1.48015">
        <ele>129.0</ele>
      </trkpt>
      <trkpt lat="48.4246" lon="1.4799">
        <ele>129.0</ele>
      </trkpt>
      <trkpt lat="48.42393" lon="1.4798">
        <ele>128.0</ele>
      </trkpt>
      <trkpt lat="48.42363" lon="1.48037">
        <ele>127.0</ele>
      </trkpt>
      <trkpt lat="48.4237" lon="1.48046">
        <ele>127.0</ele>
      </trkpt>
      <trkpt lat="48.42296" lon="1.48034">
        <ele>127.0</ele>
      </trkpt>
      <trkpt lat="48.42262" lon="1.48031">
        <ele>128.0</ele>
      </trkpt>
      <trkpt lat="48.42217" lon="1.48025">
        <ele>129.0</ele>
      </trkpt>
      <trkpt lat="48.42198" lon="1.48025">
        <ele>129.0</ele>
      </trkpt>
      <trkpt lat="48.42115" lon="1.48043">
        <ele>130.0</ele>
      </trkpt>
      <trkpt lat="48.42069" lon="1.48045">
        <ele>130.0</ele>
      </trkpt>
      <trkpt lat="48.42026" lon="1.48039">
        <ele>131.0</ele>
      </trkpt>
      <trkpt lat="48.41954" lon="1.48026">
        <ele>131.0</ele>
      </trkpt>
      <trkpt lat="48.41905" lon="1.48004">
        <ele>131.0</ele>
      </trkpt>
      <trkpt lat="48.41845" lon="1.47984">
        <ele>132.0</ele>
      </trkpt>
      <trkpt lat="48.41801" lon="1.47958">
        <ele>133.0</ele>
      </trkpt>
      <trkpt lat="48.41711" lon="1.47916">
        <ele>135.0</ele>
      </trkpt>
      <trkpt lat="48.41618" lon="1.47891">
        <ele>135.0</ele>
      </trkpt>
      <trkpt lat="48.41604" lon="1.47888">
        <ele>134.0</ele>
      </trkpt>
      <trkpt lat="48.41582" lon="1.47883">
        <ele>134.0</ele>
      </trkpt>
      <trkpt lat="48.41538" lon="1.47867">
        <ele>136.0</ele>
      </trkpt>
      <trkpt lat="48.41502" lon="1.47856">
        <ele>138.0</ele>
      </trkpt>
      <trkpt lat="48.41464" lon="1.47854">
        <ele>138.0</ele>
      </trkpt>
      <trkpt lat="48.41386" lon="1.47854">
        <ele>135.0</ele>
      </trkpt>
      <trkpt lat="48.41337" lon="1.47853">
        <ele>133.0</ele>
      </trkpt>
      <trkpt lat="48.41288" lon="1.47848">
        <ele>134.0</ele>
      </trkpt>
      <trkpt lat="48.41215" lon="1.47812">
        <ele>137.0</ele>
      </trkpt>
      <trkpt lat="48.41162" lon="1.47832">
        <ele>134.0</ele>
      </trkpt>
      <trkpt lat="48.41109" lon="1.47856">
        <ele>133.0</ele>
      </trkpt>
      <trkpt lat="48.41018" lon="1.4791">
        <ele>131.0</ele>
      </trkpt>
      <trkpt lat="48.40999" lon="1.47976">
        <ele>131.0</ele>
      </trkpt>
      <trkpt lat="48.40908" lon="1.48055">
        <ele>130.0</ele>
      </trkpt>
      <trkpt lat="48.4085" lon="1.48055">
        <ele>131.0</ele>
      </trkpt>
      <trkpt lat="48.40801" lon="1.48093">
        <ele>131.0</ele>
      </trkpt>
      <trkpt lat="48.4076" lon="1.48113">
        <ele>131.0</ele>
      </trkpt>
      <trkpt lat="48.40724" lon="1.48157">
        <ele>132.0</ele>
      </trkpt>
      <trkpt lat="48.40678" lon="1.48156">
        <ele>133.0</ele>
      </trkpt>
      <trkpt lat="48.40638" lon="1.48137">
        <ele>134.0</ele>
      </trkpt>
      <trkpt lat="48.40578" lon="1.4814">
        <ele>135.0</ele>
      </trkpt>
      <trkpt lat="48.40536" lon="1.48134">
        <ele>134.0</ele>
      </trkpt>
      <trkpt lat="48.40483" lon="1.48084">
        <ele>133.0</ele>
      </trkpt>
      <trkpt lat="48.40458" lon="1.4805">
        <ele>133.0</ele>
      </trkpt>
      <trkpt lat="48.40431" lon="1.4801">
        <ele>133.0</ele>
      </trkpt>
      <trkpt lat="48.40405" lon="1.47967">
        <ele>134.0</ele>
      </trkpt>
      <trkpt lat="48.40363" lon="1.47911">
        <ele>136.0</ele>
      </trkpt>
      <trkpt lat="48.40311" lon="1.47852">
        <ele>136.0</ele>
      </trkpt>
      <trkpt lat="48.40271" lon="1.47755">
        <ele>134.0</ele>
      </trkpt>
      <trkpt lat="48.40252" lon="1.47653">
        <ele>134.0</ele>
      </trkpt>
      <trkpt lat="48.4025" lon="1.47564">
        <ele>135.0</ele>
      </trkpt>
      <trkpt lat="48.40241" lon="1.47559">
        <ele>136.0</ele>
      </trkpt>
      <trkpt lat="48.40263" lon="1.47471">
        <ele>138.0</ele>
      </trkpt>
      <trkpt lat="48.40306" lon="1.47406">
        <ele>140.0</ele>
      </trkpt>
      <trkpt lat="48.4034" lon="1.47367">
        <ele>140.0</ele>
      </trkpt>
      <trkpt lat="48.40418" lon="1.47274">
        <ele>140.0</ele>
      </trkpt>
      <trkpt lat="48.4047" lon="1.47205">
        <ele>143.0</ele>
      </trkpt>
      <trkpt lat="48.40488" lon="1.47134">
        <ele>143.0</ele>
      </trkpt>
      <trkpt lat="48.40498" lon="1.47062">
        <ele>142.0</ele>
      </trkpt>
      <trkpt lat="48.40513" lon="1.46964">
        <ele>143.0</ele>
      </trkpt>
      <trkpt lat="48.40518" lon="1.46913">
        <ele>144.0</ele>
      </trkpt>
      <trkpt lat="48.40511" lon="1.46891">
        <ele>144.0</ele>
      </trkpt>
      <trkpt lat="48.40535" lon="1.46845">
        <ele>146.0</ele>
      </trkpt>
      <trkpt lat="48.40577" lon="1.46806">
        <ele>147.0</ele>
      </trkpt>
      <trkpt lat="48.40669" lon="1.4675">
        <ele>151.0</ele>
      </trkpt>
      <trkpt lat="48.40715" lon="1.46723">
        <ele>152.0</ele>
      </trkpt>
      <trkpt lat="48.40759" lon="1.46695">
        <ele>153.0</ele>
      </trkpt>
      <trkpt lat="48.40789" lon="1.46665">
        <ele>153.0</ele>
      </trkpt>
      <trkpt lat="48.40829" lon="1.46609">
        <ele>154.0</ele>
      </trkpt>
      <trkpt lat="48.40857" lon="1.46546">
        <ele>154.0</ele>
      </trkpt>
      <trkpt lat="48.40874" lon="1.46494">
        <ele>154.0</ele>
      </trkpt>
      <trkpt lat="48.40889" lon="1.46422">
        <ele>153.0</ele>
      </trkpt>
      <trkpt lat="48.40888" lon="1.4635">
        <ele>154.0</ele>
      </trkpt>
      <trkpt lat="48.40911" lon="1.46281">
        <ele>153.0</ele>
      </trkpt>
      <trkpt lat="48.40924" lon="1.46229">
        <ele>153.0</ele>
      </trkpt>
      <trkpt lat="48.40951" lon="1.4616">
        <ele>153.0</ele>
      </trkpt>
      <trkpt lat="48.40957" lon="1.46098">
        <ele>153.0</ele>
      </trkpt>
      <trkpt lat="48.40962" lon="1.4608">
        <ele>152.0</ele>
      </trkpt>
      <trkpt lat="48.40999" lon="1.4602">
        <ele>153.0</ele>
      </trkpt>
      <trkpt lat="48.41018" lon="1.45923">
        <ele>154.0</ele>
      </trkpt>
      <trkpt lat="48.41026" lon="1.45859">
        <ele>155.0</ele>
      </trkpt>
      <trkpt lat="48.41045" lon="1.45709">
        <ele>154.0</ele>
      </trkpt>
      <trkpt lat="48.41056" lon="1.45632">
        <ele>155.0</ele>
      </trkpt>
      <trkpt lat="48.41065" lon="1.4557">
        <ele>155.0</ele>
      </trkpt>
      <trkpt lat="48.41085" lon="1.45469">
        <ele>155.0</ele>
      </trkpt>
      <trkpt lat="48.41108" lon="1.45376">
        <ele>156.0</ele>
      </trkpt>
      <trkpt lat="48.41127" lon="1.45313">
        <ele>157.0</ele>
      </trkpt>
      <trkpt lat="48.41156" lon="1.45225">
        <ele>159.0</ele>
      </trkpt>
      <trkpt lat="48.41207" lon="1.45095">
        <ele>157.0</ele>
      </trkpt>
      <trkpt lat="48.41268" lon="1.44945">
        <ele>155.0</ele>
      </trkpt>
      <trkpt lat="48.41331" lon="1.44738">
        <ele>153.0</ele>
      </trkpt>
      <trkpt lat="48.41458" lon="1.4447">
        <ele>155.0</ele>
      </trkpt>
      <trkpt lat="48.4149" lon="1.44388">
        <ele>155.0</ele>
      </trkpt>
      <trkpt lat="48.41485" lon="1.44329">
        <ele>155.0</ele>
      </trkpt>
      <trkpt lat="48.4142" lon="1.44208">
        <ele>155.0</ele>
      </trkpt>
      <trkpt lat="48.41378" lon="1.44119">
        <ele>156.0</ele>
      </trkpt>
      <trkpt lat="48.4136" lon="1.44043">
        <ele>156.0</ele>
      </trkpt>
      <trkpt lat="48.41343" lon="1.43956">
        <ele>156.0</ele>
      </trkpt>
      <trkpt lat="48.41335" lon="1.43893">
        <ele>156.0</ele>
      </trkpt>
      <trkpt lat="48.4133" lon="1.43827">
        <ele>155.0</ele>
      </trkpt>
      <trkpt lat="48.4133" lon="1.43764">
        <ele>156.0</ele>
      </trkpt>
      <trkpt lat="48.4134" lon="1.43563">
        <ele>157.0</ele>
      </trkpt>
      <trkpt lat="48.41346" lon="1.43435">
        <ele>157.0</ele>
      </trkpt>
      <trkpt lat="48.4135" lon="1.43362">
        <ele>157.0</ele>
      </trkpt>
      <trkpt lat="48.41354" lon="1.43292">
        <ele>158.0</ele>
      </trkpt>
      <trkpt lat="48.41213" lon="1.42966">
        <ele>157.0</ele>
      </trkpt>
      <trkpt lat="48.41175" lon="1.42847">
        <ele>158.0</ele>
      </trkpt>
      <trkpt lat="48.4122" lon="1.42732">
        <ele>157.0</ele>
      </trkpt>
      <trkpt lat="48.41137" lon="1.42544">
        <ele>157.0</ele>
      </trkpt>
      <trkpt lat="48.41073" lon="1.424">
        <ele>156.0</ele>
      </trkpt>
      <trkpt lat="48.41021" lon="1.42284">
        <ele>156.0</ele>
      </trkpt>
      <trkpt lat="48.40948" lon="1.4212">
        <ele>155.0</ele>
      </trkpt>
      <trkpt lat="48.40901" lon="1.42012">
        <ele>154.0</ele>
      </trkpt>
      <trkpt lat="48.40849" lon="1.41898">
        <ele>153.0</ele>
      </trkpt>
      <trkpt lat="48.40815" lon="1.41825">
        <ele>152.0</ele>
      </trkpt>
      <trkpt lat="48.40781" lon="1.41762">
        <ele>152.0</ele>
      </trkpt>
      <trkpt lat="48.40726" lon="1.41724">
        <ele>151.0</ele>
      </trkpt>
      <trkpt lat="48.40669" lon="1.41689">
        <ele>150.0</ele>
      </trkpt>
      <trkpt lat="48.40627" lon="1.41672">
        <ele>150.0</ele>
      </trkpt>
      <trkpt lat="48.40591" lon="1.41658">
        <ele>150.0</ele>
      </trkpt>
      <trkpt lat="48.40546" lon="1.41634">
        <ele>150.0</ele>
      </trkpt>
      <trkpt lat="48.40494" lon="1.41586">
        <ele>150.0</ele>
      </trkpt>
      <trkpt lat="48.40446" lon="1.41526">
        <ele>151.0</ele>
      </trkpt>
      <trkpt lat="48.40416" lon="1.4149">
        <ele>151.0</ele>
      </trkpt>
      <trkpt lat="48.4036" lon="1.41423">
        <ele>151.0</ele>
      </trkpt>
      <trkpt lat="48.40298" lon="1.41354">
        <ele>151.0</ele>
      </trkpt>
      <trkpt lat="48.40216" lon="1.41248">
        <ele>153.0</ele>
      </trkpt>
      <trkpt lat="48.40139" lon="1.41154">
        <ele>154.0</ele>
      </trkpt>
      <trkpt lat="48.40092" lon="1.41096">
        <ele>155.0</ele>
      </trkpt>
      <trkpt lat="48.40053" lon="1.41069">
        <ele>155.0</ele>
      </trkpt>
      <trkpt lat="48.40054" lon="1.41055">
        <ele>154.0</ele>
      </trkpt>
      <trkpt lat="48.40005" lon="1.41046">
        <ele>155.0</ele>
      </trkpt>
      <trkpt lat="48.39954" lon="1.41058">
        <ele>154.0</ele>
      </trkpt>
      <trkpt lat="48.39909" lon="1.4108">
        <ele>154.0</ele>
      </trkpt>
      <trkpt lat="48.3984" lon="1.41096">
        <ele>152.0</ele>
      </trkpt>
      <trkpt lat="48.39791" lon="1.41046">
        <ele>151.0</ele>
      </trkpt>
      <trkpt lat="48.39739" lon="1.41189">
        <ele>151.0</ele>
      </trkpt>
      <trkpt lat="48.39688" lon="1.41295">
        <ele>150.0</ele>
      </trkpt>
      <trkpt lat="48.39616" lon="1.41245">
        <ele>148.0</ele>
      </trkpt>
      <trkpt lat="48.39594" lon="1.41311">
        <ele>148.0</ele>
      </trkpt>
      <trkpt lat="48.39513" lon="1.41263">
        <ele>145.0</ele>
      </trkpt>
      <trkpt lat="48.39507" lon="1.41256">
        <ele>145.0</ele>
      </trkpt>
      <trkpt lat="48.39473" lon="1.41265">
        <ele>144.0</ele>
      </trkpt>
      <trkpt lat="48.39423" lon="1.41255">
        <ele>143.0</ele>
      </trkpt>
      <trkpt lat="48.39392" lon="1.41341">
        <ele>143.0</ele>
      </trkpt>
      <trkpt lat="48.39364" lon="1.41373">
        <ele>143.0</ele>
      </trkpt>
      <trkpt lat="48.39264" lon="1.41249">
        <ele>142.0</ele>
      </trkpt>
      <trkpt lat="48.39115" lon="1.41071">
        <ele>143.0</ele>
      </trkpt>
      <trkpt lat="48.39088" lon="1.41039">
        <ele>142.0</ele>
      </trkpt>
      <trkpt lat="48.38989" lon="1.4091">
        <ele>140.0</ele>
      </trkpt>
      <trkpt lat="48.38886" lon="1.40793">
        <ele>143.0</ele>
      </trkpt>
      <trkpt lat="48.38793" lon="1.40687">
        <ele>149.0</ele>
      </trkpt>
      <trkpt lat="48.3875" lon="1.40652">
        <ele>149.0</ele>
      </trkpt>
      <trkpt lat="48.38706" lon="1.40637">
        <ele>150.0</ele>
      </trkpt>
      <trkpt lat="48.3867" lon="1.40635">
        <ele>151.0</ele>
      </trkpt>
      <trkpt lat="48.38577" lon="1.40628">
        <ele>150.0</ele>
      </trkpt>
      <trkpt lat="48.38449" lon="1.40616">
        <ele>145.0</ele>
      </trkpt>
      <trkpt lat="48.38373" lon="1.40609">
        <ele>143.0</ele>
      </trkpt>
      <trkpt lat="48.383" lon="1.40604">
        <ele>143.0</ele>
      </trkpt>
      <trkpt lat="48.38228" lon="1.40595">
        <ele>144.0</ele>
      </trkpt>
      <trkpt lat="48.38186" lon="1.40579">
        <ele>145.0</ele>
      </trkpt>
      <trkpt lat="48.3813" lon="1.40513">
        <ele>146.0</ele>
      </trkpt>
      <trkpt lat="48.381" lon="1.40463">
        <ele>147.0</ele>
      </trkpt>
      <trkpt lat="48.38033" lon="1.4034">
        <ele>150.0</ele>
      </trkpt>
      <trkpt lat="48.38005" lon="1.4029">
        <ele>150.0</ele>
      </trkpt>
      <trkpt lat="48.3798" lon="1.40247">
        <ele>149.0</ele>
      </trkpt>
      <trkpt lat="48.37949" lon="1.40193">
        <ele>149.0</ele>
      </trkpt>
      <trkpt lat="48.37927" lon="1.40138">
        <ele>149.0</ele>
      </trkpt>
      <trkpt lat="48.37879" lon="1.40021">
        <ele>150.0</ele>
      </trkpt>
      <trkpt lat="48.37851" lon="1.39955">
        <ele>152.0</ele>
      </trkpt>
      <trkpt lat="48.37811" lon="1.39878">
        <ele>154.0</ele>
      </trkpt>
      <trkpt lat="48.37786" lon="1.39843">
        <ele>155.0</ele>
      </trkpt>
      <trkpt lat="48.37745" lon="1.39791">
        <ele>155.0</ele>
      </trkpt>
      <trkpt lat="48.37667" lon="1.39705">
        <ele>156.0</ele>
      </trkpt>
      <trkpt lat="48.37624" lon="1.39648">
        <ele>157.0</ele>
      </trkpt>
      <trkpt lat="48.37601" lon="1.39611">
        <ele>157.0</ele>
      </trkpt>
      <trkpt lat="48.37571" lon="1.39553">
        <ele>158.0</ele>
      </trkpt>
      <trkpt lat="48.37532" lon="1.39479">
        <ele>158.0</ele>
      </trkpt>
      <trkpt lat="48.37438" lon="1.39309">
        <ele>159.0</ele>
      </trkpt>
      <trkpt lat="48.37353" lon="1.39166">
        <ele>163.0</ele>
      </trkpt>
      <trkpt lat="48.37314" lon="1.39111">
        <ele>165.0</ele>
      </trkpt>
      <trkpt lat="48.37266" lon="1.39046">
        <ele>165.0</ele>
      </trkpt>
      <trkpt lat="48.37149" lon="1.38879">
        <ele>167.0</ele>
      </trkpt>
      <trkpt lat="48.3702" lon="1.38703">
        <ele>168.0</ele>
      </trkpt>
      <trkpt lat="48.36963" lon="1.38645">
        <ele>168.0</ele>
      </trkpt>
      <trkpt lat="48.36868" lon="1.38554">
        <ele>169.0</ele>
      </trkpt>
      <trkpt lat="48.36848" lon="1.38513">
        <ele>169.0</ele>
      </trkpt>
      <trkpt lat="48.36834" lon="1.38461">
        <ele>169.0</ele>
      </trkpt>
      <trkpt lat="48.36811" lon="1.38395">
        <ele>169.0</ele>
      </trkpt>
      <trkpt lat="48.368" lon="1.38347">
        <ele>169.0</ele>
      </trkpt>
      <trkpt lat="48.36785" lon="1.3822">
        <ele>170.0</ele>
      </trkpt>
      <trkpt lat="48.36727" lon="1.38127">
        <ele>170.0</ele>
      </trkpt>
      <trkpt lat="48.36717" lon="1.38118">
        <ele>170.0</ele>
      </trkpt>
      <trkpt lat="48.36723" lon="1.38106">
        <ele>170.0</ele>
      </trkpt>
      <trkpt lat="48.36693" lon="1.38022">
        <ele>170.0</ele>
      </trkpt>
      <trkpt lat="48.36662" lon="1.37974">
        <ele>170.0</ele>
      </trkpt>
      <trkpt lat="48.36664" lon="1.37912">
        <ele>171.0</ele>
      </trkpt>
      <trkpt lat="48.36656" lon="1.37818">
        <ele>171.0</ele>
      </trkpt>
      <trkpt lat="48.3665" lon="1.37746">
        <ele>171.0</ele>
      </trkpt>
      <trkpt lat="48.36651" lon="1.37694">
        <ele>170.0</ele>
      </trkpt>
      <trkpt lat="48.36653" lon="1.37586">
        <ele>170.0</ele>
      </trkpt>
      <trkpt lat="48.36613" lon="1.37505">
        <ele>170.0</ele>
      </trkpt>
      <trkpt lat="48.36549" lon="1.37473">
        <ele>168.0</ele>
      </trkpt>
      <trkpt lat="48.36442" lon="1.37401">
        <ele>167.0</ele>
      </trkpt>
      <trkpt lat="48.36396" lon="1.3736">
        <ele>167.0</ele>
      </trkpt>
      <trkpt lat="48.3636" lon="1.37334">
        <ele>167.0</ele>
      </trkpt>
      <trkpt lat="48.36299" lon="1.37287">
        <ele>166.0</ele>
      </trkpt>
      <trkpt lat="48.36265" lon="1.37258">
        <ele>165.0</ele>
      </trkpt>
      <trkpt lat="48.36226" lon="1.37218">
        <ele>165.0</ele>
      </trkpt>
      <trkpt lat="48.36175" lon="1.37161">
        <ele>164.0</ele>
      </trkpt>
      <trkpt lat="48.3606" lon="1.37052">
        <ele>163.0</ele>
      </trkpt>
      <trkpt lat="48.36008" lon="1.37004">
        <ele>162.0</ele>
      </trkpt>
      <trkpt lat="48.35969" lon="1.36966">
        <ele>163.0</ele>
      </trkpt>
      <trkpt lat="48.35925" lon="1.36902">
        <ele>163.0</ele>
      </trkpt>
      <trkpt lat="48.35762" lon="1.36523">
        <ele>164.0</ele>
      </trkpt>
      <trkpt lat="48.35615" lon="1.36179">
        <ele>168.0</ele>
      </trkpt>
      <trkpt lat="48.3559" lon="1.36136">
        <ele>168.0</ele>
      </trkpt>
      <trkpt lat="48.35583" lon="1.36086">
        <ele>168.0</ele>
      </trkpt>
      <trkpt lat="48.35602" lon="1.35998">
        <ele>169.0</ele>
      </trkpt>
      <trkpt lat="48.35603" lon="1.35942">
        <ele>169.0</ele>
      </trkpt>
      <trkpt lat="48.35592" lon="1.35868">
        <ele>170.0</ele>
      </trkpt>
      <trkpt lat="48.35593" lon="1.35794">
        <ele>170.0</ele>
      </trkpt>
      <trkpt lat="48.35605" lon="1.35684">
        <ele>170.0</ele>
      </trkpt>
      <trkpt lat="48.35552" lon="1.35644">
        <ele>169.0</ele>
      </trkpt>
      <trkpt lat="48.35488" lon="1.35636">
        <ele>168.0</ele>
      </trkpt>
      <trkpt lat="48.3545" lon="1.35619">
        <ele>169.0</ele>
      </trkpt>
      <trkpt lat="48.35348" lon="1.35572">
        <ele>169.0</ele>
      </trkpt>
      <trkpt lat="48.35314" lon="1.35547">
        <ele>168.0</ele>
      </trkpt>
      <trkpt lat="48.35285" lon="1.35522">
        <ele>168.0</ele>
      </trkpt>
      <trkpt lat="48.35109" lon="1.3537">
        <ele>165.0</ele>
      </trkpt>
      <trkpt lat="48.34965" lon="1.35251">
        <ele>165.0</ele>
      </trkpt>
      <trkpt lat="48.34886" lon="1.3519">
        <ele>167.0</ele>
      </trkpt>
      <trkpt lat="48.34824" lon="1.3516">
        <ele>168.0</ele>
      </trkpt>
      <trkpt lat="48.34769" lon="1.35133">
        <ele>168.0</ele>
      </trkpt>
      <trkpt lat="48.34686" lon="1.35091">
        <ele>166.0</ele>
      </trkpt>
      <trkpt lat="48.34636" lon="1.35068">
        <ele>166.0</ele>
      </trkpt>
      <trkpt lat="48.34596" lon="1.35042">
        <ele>167.0</ele>
      </trkpt>
      <trkpt lat="48.34527" lon="1.34983">
        <ele>167.0</ele>
      </trkpt>
      <trkpt lat="48.34479" lon="1.34934">
        <ele>168.0</ele>
      </trkpt>
      <trkpt lat="48.34435" lon="1.34875">
        <ele>167.0</ele>
      </trkpt>
      <trkpt lat="48.34394" lon="1.34828">
        <ele>167.0</ele>
      </trkpt>
      <trkpt lat="48.34361" lon="1.34761">
        <ele>165.0</ele>
      </trkpt>
      <trkpt lat="48.34304" lon="1.34658">
        <ele>163.0</ele>
      </trkpt>
      <trkpt lat="48.34277" lon="1.34612">
        <ele>163.0</ele>
      </trkpt>
      <trkpt lat="48.34248" lon="1.34569">
        <ele>163.0</ele>
      </trkpt>
      <trkpt lat="48.34179" lon="1.34478">
        <ele>160.0</ele>
      </trkpt>
      <trkpt lat="48.34096" lon="1.34327">
        <ele>162.0</ele>
      </trkpt>
      <trkpt lat="48.34059" lon="1.3426">
        <ele>163.0</ele>
      </trkpt>
      <trkpt lat="48.34018" lon="1.3419">
        <ele>165.0</ele>
      </trkpt>
      <trkpt lat="48.33983" lon="1.34131">
        <ele>165.0</ele>
      </trkpt>
      <trkpt lat="48.33955" lon="1.34074">
        <ele>166.0</ele>
      </trkpt>
      <trkpt lat="48.3388" lon="1.33871">
        <ele>165.0</ele>
      </trkpt>
      <trkpt lat="48.33841" lon="1.33788">
        <ele>165.0</ele>
      </trkpt>
      <trkpt lat="48.33808" lon="1.33738">
        <ele>165.0</ele>
      </trkpt>
      <trkpt lat="48.33742" lon="1.33645">
        <ele>168.0</ele>
      </trkpt>
      <trkpt lat="48.33674" lon="1.33559">
        <ele>166.0</ele>
      </trkpt>
      <trkpt lat="48.33639" lon="1.33513">
        <ele>165.0</ele>
      </trkpt>
      <trkpt lat="48.33595" lon="1.33461">
        <ele>165.0</ele>
      </trkpt>
      <trkpt lat="48.33496" lon="1.3332">
        <ele>167.0</ele>
      </trkpt>
      <trkpt lat="48.33439" lon="1.33237">
        <ele>165.0</ele>
      </trkpt>
      <trkpt lat="48.33382" lon="1.33153">
        <ele>165.0</ele>
      </trkpt>
      <trkpt lat="48.33305" lon="1.33036">
        <ele>163.0</ele>
      </trkpt>
      <trkpt lat="48.33267" lon="1.32979">
        <ele>163.0</ele>
      </trkpt>
      <trkpt lat="48.33234" lon="1.32894">
        <ele>162.0</ele>
      </trkpt>
      <trkpt lat="48.33216" lon="1.32818">
        <ele>162.0</ele>
      </trkpt>
      <trkpt lat="48.33191" lon="1.32757">
        <ele>163.0</ele>
      </trkpt>
      <trkpt lat="48.33169" lon="1.32714">
        <ele>163.0</ele>
      </trkpt>
      <trkpt lat="48.33128" lon="1.32638">
        <ele>165.0</ele>
      </trkpt>
      <trkpt lat="48.33093" lon="1.32581">
        <ele>166.0</ele>
      </trkpt>
      <trkpt lat="48.33064" lon="1.32539">
        <ele>165.0</ele>
      </trkpt>
      <trkpt lat="48.32973" lon="1.32435">
        <ele>164.0</ele>
      </trkpt>
      <trkpt lat="48.3294" lon="1.32375">
        <ele>163.0</ele>
      </trkpt>
      <trkpt lat="48.3292" lon="1.32312">
        <ele>163.0</ele>
      </trkpt>
      <trkpt lat="48.32898" lon="1.32227">
        <ele>164.0</ele>
      </trkpt>
      <trkpt lat="48.32861" lon="1.32162">
        <ele>163.0</ele>
      </trkpt>
      <trkpt lat="48.32811" lon="1.3208">
        <ele>164.0</ele>
      </trkpt>
      <trkpt lat="48.32723" lon="1.31933">
        <ele>165.0</ele>
      </trkpt>
      <trkpt lat="48.32695" lon="1.31886">
        <ele>165.0</ele>
      </trkpt>
      <trkpt lat="48.32603" lon="1.31734">
        <ele>166.0</ele>
      </trkpt>
      <trkpt lat="48.32456" lon="1.31489">
        <ele>164.0</ele>
      </trkpt>
      <trkpt lat="48.3231" lon="1.31246">
        <ele>165.0</ele>
      </trkpt>
      <trkpt lat="48.32158" lon="1.30992">
        <ele>164.0</ele>
      </trkpt>
      <trkpt lat="48.32067" lon="1.30841">
        <ele>162.0</ele>
      </trkpt>
      <trkpt lat="48.31961" lon="1.30664">
        <ele>160.0</ele>
      </trkpt>
      <trkpt lat="48.31932" lon="1.30615">
        <ele>160.0</ele>
      </trkpt>
      <trkpt lat="48.31892" lon="1.30548">
        <ele>160.0</ele>
      </trkpt>
      <trkpt lat="48.31821" lon="1.30436">
        <ele>160.0</ele>
      </trkpt>
      <trkpt lat="48.31786" lon="1.30375">
        <ele>159.0</ele>
      </trkpt>
      <trkpt lat="48.31737" lon="1.30294">
        <ele>159.0</ele>
      </trkpt>
      <trkpt lat="48.31686" lon="1.30239">
        <ele>160.0</ele>
      </trkpt>
      <trkpt lat="48.3161" lon="1.30161">
        <ele>161.0</ele>
      </trkpt>
      <trkpt lat="48.31534" lon="1.30077">
        <ele>161.0</ele>
      </trkpt>
      <trkpt lat="48.31485" lon="1.29975">
        <ele>161.0</ele>
      </trkpt>
      <trkpt lat="48.31376" lon="1.29723">
        <ele>163.0</ele>
      </trkpt>
      <trkpt lat="48.3133" lon="1.29621">
        <ele>163.0</ele>
      </trkpt>
      <trkpt lat="48.31299" lon="1.2955">
        <ele>164.0</ele>
      </trkpt>
      <trkpt lat="48.31237" lon="1.29442">
        <ele>164.0</ele>
      </trkpt>
      <trkpt lat="48.31172" lon="1.29331">
        <ele>162.0</ele>
      </trkpt>
      <trkpt lat="48.31148" lon="1.29295">
        <ele>162.0</ele>
      </trkpt>
      <trkpt lat="48.31118" lon="1.2926">
        <ele>162.0</ele>
      </trkpt>
      <trkpt lat="48.31061" lon="1.2921">
        <ele>161.0</ele>
      </trkpt>
      <trkpt lat="48.3102" lon="1.29179">
        <ele>160.0</ele>
      </trkpt>
      <trkpt lat="48.3106" lon="1.29167">
        <ele>161.0</ele>
      </trkpt>
      <trkpt lat="48.31097" lon="1.29158">
        <ele>162.0</ele>
      </trkpt>
      <trkpt lat="48.31142" lon="1.29151">
        <ele>163.0</ele>
      </trkpt>
      <trkpt lat="48.31193" lon="1.29138">
        <ele>163.0</ele>
      </trkpt>
      <trkpt lat="48.31234" lon="1.29114">
        <ele>163.0</ele>
      </trkpt>
      <trkpt lat="48.31271" lon="1.29086">
        <ele>163.0</ele>
      </trkpt>
      <trkpt lat="48.31328" lon="1.29039">
        <ele>163.0</ele>
      </trkpt>
      <trkpt lat="48.31318" lon="1.28936">
        <ele>162.0</ele>
      </trkpt>
      <trkpt lat="48.31321" lon="1.28855">
        <ele>162.0</ele>
      </trkpt>
      <trkpt lat="48.31323" lon="1.28782">
        <ele>163.0</ele>
      </trkpt>
      <trkpt lat="48.31352" lon="1.28686">
        <ele>162.0</ele>
      </trkpt>
      <trkpt lat="48.3139" lon="1.28635">
        <ele>163.0</ele>
      </trkpt>
      <trkpt lat="48.31402" lon="1.28544">
        <ele>162.0</ele>
      </trkpt>
      <trkpt lat="48.31423" lon="1.28462">
        <ele>161.0</ele>
      </trkpt>
      <trkpt lat="48.31453" lon="1.2841">
        <ele>160.0</ele>
      </trkpt>
      <trkpt lat="48.31487" lon="1.28351">
        <ele>161.0</ele>
      </trkpt>
      <trkpt lat="48.31566" lon="1.2823">
        <ele>162.0</ele>
      </trkpt>
      <trkpt lat="48.31618" lon="1.28141">
        <ele>164.0</ele>
      </trkpt>
      <trkpt lat="48.31663" lon="1.28067">
        <ele>164.0</ele>
      </trkpt>
      <trkpt lat="48.31721" lon="1.28016">
        <ele>165.0</ele>
      </trkpt>
      <trkpt lat="48.31817" lon="1.27956">
        <ele>166.0</ele>
      </trkpt>
      <trkpt lat="48.31779" lon="1.27892">
        <ele>167.0</ele>
      </trkpt>
      <trkpt lat="48.31728" lon="1.27812">
        <ele>166.0</ele>
      </trkpt>
      <trkpt lat="48.31655" lon="1.27693">
        <ele>164.0</ele>
      </trkpt>
      <trkpt lat="48.31696" lon="1.27621">
        <ele>166.0</ele>
      </trkpt>
      <trkpt lat="48.3172" lon="1.27571">
        <ele>166.0</ele>
      </trkpt>
      <trkpt lat="48.31766" lon="1.27469">
        <ele>167.0</ele>
      </trkpt>
      <trkpt lat="48.31794" lon="1.27399">
        <ele>167.0</ele>
      </trkpt>
      <trkpt lat="48.31815" lon="1.27326">
        <ele>166.0</ele>
      </trkpt>
      <trkpt lat="48.31789" lon="1.27287">
        <ele>165.0</ele>
      </trkpt>
      <trkpt lat="48.31699" lon="1.27172">
        <ele>166.0</ele>
      </trkpt>
      <trkpt lat="48.3161" lon="1.27057">
        <ele>167.0</ele>
      </trkpt>
      <trkpt lat="48.31528" lon="1.26949">
        <ele>164.0</ele>
      </trkpt>
      <trkpt lat="48.31502" lon="1.26911">
        <ele>164.0</ele>
      </trkpt>
      <trkpt lat="48.31461" lon="1.26839">
        <ele>164.0</ele>
      </trkpt>
      <trkpt lat="48.31434" lon="1.26793">
        <ele>164.0</ele>
      </trkpt>
      <trkpt lat="48.31386" lon="1.26699">
        <ele>165.0</ele>
      </trkpt>
      <trkpt lat="48.31322" lon="1.26576">
        <ele>164.0</ele>
      </trkpt>
      <trkpt lat="48.31262" lon="1.26459">
        <ele>165.0</ele>
      </trkpt>
      <trkpt lat="48.31229" lon="1.26392">
        <ele>166.0</ele>
      </trkpt>
      <trkpt lat="48.31175" lon="1.26295">
        <ele>167.0</ele>
      </trkpt>
      <trkpt lat="48.31139" lon="1.26242">
        <ele>166.0</ele>
      </trkpt>
      <trkpt lat="48.31071" lon="1.26141">
        <ele>166.0</ele>
      </trkpt>
      <trkpt lat="48.30889" lon="1.25877">
        <ele>168.0</ele>
      </trkpt>
      <trkpt lat="48.30807" lon="1.2576">
        <ele>168.0</ele>
      </trkpt>
      <trkpt lat="48.3076" lon="1.25697">
        <ele>168.0</ele>
      </trkpt>
      <trkpt lat="48.30716" lon="1.25681">
        <ele>168.0</ele>
      </trkpt>
      <trkpt lat="48.30702" lon="1.25609">
        <ele>168.0</ele>
      </trkpt>
      <trkpt lat="48.30645" lon="1.25514">
        <ele>168.0</ele>
      </trkpt>
      <trkpt lat="48.30601" lon="1.25476">
        <ele>169.0</ele>
      </trkpt>
      <trkpt lat="48.30572" lon="1.254">
        <ele>169.0</ele>
      </trkpt>
      <trkpt lat="48.30431" lon="1.25185">
        <ele>169.0</ele>
      </trkpt>
      <trkpt lat="48.30326" lon="1.25037">
        <ele>167.0</ele>
      </trkpt>
      <trkpt lat="48.30281" lon="1.24976">
        <ele>167.0</ele>
      </trkpt>
      <trkpt lat="48.3023" lon="1.24909">
        <ele>166.0</ele>
      </trkpt>
      <trkpt lat="48.30194" lon="1.2487">
        <ele>165.0</ele>
      </trkpt>
      <trkpt lat="48.30144" lon="1.24808">
        <ele>165.0</ele>
      </trkpt>
      <trkpt lat="48.30069" lon="1.24703">
        <ele>164.0</ele>
      </trkpt>
      <trkpt lat="48.3003" lon="1.2465">
        <ele>164.0</ele>
      </trkpt>
      <trkpt lat="48.29988" lon="1.24593">
        <ele>163.0</ele>
      </trkpt>
      <trkpt lat="48.29958" lon="1.24546">
        <ele>162.0</ele>
      </trkpt>
      <trkpt lat="48.29965" lon="1.24516">
        <ele>162.0</ele>
      </trkpt>
      <trkpt lat="48.29963" lon="1.24408">
        <ele>159.0</ele>
      </trkpt>
      <trkpt lat="48.29906" lon="1.24464">
        <ele>158.0</ele>
      </trkpt>
      <trkpt lat="48.29862" lon="1.2451">
        <ele>156.0</ele>
      </trkpt>
      <trkpt lat="48.29825" lon="1.2455">
        <ele>156.0</ele>
      </trkpt>
      <trkpt lat="48.29782" lon="1.24592">
        <ele>157.0</ele>
      </trkpt>
      <trkpt lat="48.29745" lon="1.24625">
        <ele>157.0</ele>
      </trkpt>
      <trkpt lat="48.29726" lon="1.2463">
        <ele>157.0</ele>
      </trkpt>
      <trkpt lat="48.29722" lon="1.24559">
        <ele>154.0</ele>
      </trkpt>
      <trkpt lat="48.29724" lon="1.24497">
        <ele>152.0</ele>
      </trkpt>
      <trkpt lat="48.29726" lon="1.24408">
        <ele>150.0</ele>
      </trkpt>
      <trkpt lat="48.29713" lon="1.24348">
        <ele>152.0</ele>
      </trkpt>
      <trkpt lat="48.29698" lon="1.24335">
        <ele>153.0</ele>
      </trkpt>
      <trkpt lat="48.29696" lon="1.24332">
        <ele>153.0</ele>
      </trkpt>
      <trkpt lat="48.29694" lon="1.24331">
        <ele>153.0</ele>
      </trkpt>
      <trkpt lat="48.29665" lon="1.24292">
        <ele>154.0</ele>
      </trkpt>
      <trkpt lat="48.29636" lon="1.2426">
        <ele>155.0</ele>
      </trkpt>
      <trkpt lat="48.29574" lon="1.24164">
        <ele>156.0</ele>
      </trkpt>
      <trkpt lat="48.29568" lon="1.24109">
        <ele>156.0</ele>
      </trkpt>
      <trkpt lat="48.29523" lon="1.241">
        <ele>155.0</ele>
      </trkpt>
      <trkpt lat="48.29483" lon="1.24066">
        <ele>155.0</ele>
      </trkpt>
      <trkpt lat="48.29509" lon="1.23947">
        <ele>158.0</ele>
      </trkpt>
      <trkpt lat="48.29531" lon="1.23837">
        <ele>160.0</ele>
      </trkpt>
      <trkpt lat="48.29547" lon="1.23732">
        <ele>163.0</ele>
      </trkpt>
      <trkpt lat="48.29558" lon="1.2367">
        <ele>163.0</ele>
      </trkpt>
      <trkpt lat="48.29572" lon="1.23609">
        <ele>163.0</ele>
      </trkpt>
      <trkpt lat="48.29585" lon="1.23554">
        <ele>163.0</ele>
      </trkpt>
      <trkpt lat="48.29597" lon="1.23479">
        <ele>163.0</ele>
      </trkpt>
      <trkpt lat="48.29614" lon="1.23385">
        <ele>164.0</ele>
      </trkpt>
      <trkpt lat="48.29647" lon="1.23339">
        <ele>164.0</ele>
      </trkpt>
      <trkpt lat="48.29673" lon="1.23294">
        <ele>166.0</ele>
      </trkpt>
      <trkpt lat="48.29689" lon="1.23236">
        <ele>166.0</ele>
      </trkpt>
      <trkpt lat="48.29697" lon="1.23111">
        <ele>166.0</ele>
      </trkpt>
      <trkpt lat="48.29698" lon="1.23052">
        <ele>166.0</ele>
      </trkpt>
      <trkpt lat="48.29686" lon="1.22642">
        <ele>164.0</ele>
      </trkpt>
      <trkpt lat="48.29675" lon="1.22484">
        <ele>164.0</ele>
      </trkpt>
      <trkpt lat="48.29665" lon="1.22344">
        <ele>164.0</ele>
      </trkpt>
      <trkpt lat="48.2966" lon="1.22252">
        <ele>164.0</ele>
      </trkpt>
      <trkpt lat="48.29602" lon="1.21893">
        <ele>160.0</ele>
      </trkpt>
      <trkpt lat="48.29575" lon="1.21658">
        <ele>160.0</ele>
      </trkpt>
      <trkpt lat="48.29576" lon="1.21547">
        <ele>163.0</ele>
      </trkpt>
      <trkpt lat="48.29597" lon="1.21448">
        <ele>163.0</ele>
      </trkpt>
      <trkpt lat="48.2964" lon="1.21274">
        <ele>161.0</ele>
      </trkpt>
      <trkpt lat="48.29654" lon="1.21227">
        <ele>161.0</ele>
      </trkpt>
      <trkpt lat="48.2971" lon="1.21088">
        <ele>161.0</ele>
      </trkpt>
      <trkpt lat="48.29751" lon="1.20991">
        <ele>160.0</ele>
      </trkpt>
      <trkpt lat="48.29782" lon="1.20917">
        <ele>158.0</ele>
      </trkpt>
      <trkpt lat="48.29791" lon="1.20834">
        <ele>159.0</ele>
      </trkpt>
      <trkpt lat="48.29802" lon="1.20781">
        <ele>159.0</ele>
      </trkpt>
      <trkpt lat="48.29812" lon="1.20724">
        <ele>159.0</ele>
      </trkpt>
      <trkpt lat="48.29833" lon="1.20652">
        <ele>159.0</ele>
      </trkpt>
      <trkpt lat="48.29859" lon="1.20574">
        <ele>159.0</ele>
      </trkpt>
      <trkpt lat="48.29878" lon="1.20504">
        <ele>159.0</ele>
      </trkpt>
      <trkpt lat="48.29892" lon="1.20408">
        <ele>160.0</ele>
      </trkpt>
      <trkpt lat="48.29892" lon="1.20333">
        <ele>160.0</ele>
      </trkpt>
      <trkpt lat="48.29875" lon="1.2024">
        <ele>161.0</ele>
      </trkpt>
      <trkpt lat="48.29862" lon="1.20172">
        <ele>163.0</ele>
      </trkpt>
      <trkpt lat="48.29837" lon="1.20047">
        <ele>162.0</ele>
      </trkpt>
      <trkpt lat="48.29824" lon="1.19992">
        <ele>161.0</ele>
      </trkpt>
      <trkpt lat="48.29794" lon="1.19928">
        <ele>162.0</ele>
      </trkpt>
      <trkpt lat="48.29766" lon="1.1989">
        <ele>163.0</ele>
      </trkpt>
      <trkpt lat="48.29687" lon="1.19786">
        <ele>163.0</ele>
      </trkpt>
      <trkpt lat="48.29602" lon="1.19672">
        <ele>162.0</ele>
      </trkpt>
      <trkpt lat="48.29421" lon="1.19432">
        <ele>161.0</ele>
      </trkpt>
      <trkpt lat="48.2934" lon="1.19325">
        <ele>164.0</ele>
      </trkpt>
      <trkpt lat="48.29271" lon="1.19232">
        <ele>164.0</ele>
      </trkpt>
      <trkpt lat="48.29243" lon="1.19183">
        <ele>164.0</ele>
      </trkpt>
      <trkpt lat="48.29177" lon="1.19052">
        <ele>166.0</ele>
      </trkpt>
      <trkpt lat="48.29087" lon="1.1888">
        <ele>166.0</ele>
      </trkpt>
      <trkpt lat="48.29047" lon="1.18803">
        <ele>165.0</ele>
      </trkpt>
      <trkpt lat="48.29015" lon="1.18734">
        <ele>165.0</ele>
      </trkpt>
      <trkpt lat="48.28981" lon="1.18659">
        <ele>166.0</ele>
      </trkpt>
      <trkpt lat="48.28973" lon="1.18582">
        <ele>165.0</ele>
      </trkpt>
      <trkpt lat="48.28971" lon="1.18575">
        <ele>165.0</ele>
      </trkpt>
      <trkpt lat="48.28965" lon="1.1834">
        <ele>165.0</ele>
      </trkpt>
      <trkpt lat="48.28957" lon="1.18154">
        <ele>167.0</ele>
      </trkpt>
      <trkpt lat="48.28938" lon="1.18071">
        <ele>167.0</ele>
      </trkpt>
      <trkpt lat="48.28905" lon="1.17982">
        <ele>167.0</ele>
      </trkpt>
      <trkpt lat="48.28785" lon="1.17654">
        <ele>171.0</ele>
      </trkpt>
      <trkpt lat="48.28601" lon="1.17148">
        <ele>171.0</ele>
      </trkpt>
      <trkpt lat="48.28577" lon="1.17083">
        <ele>171.0</ele>
      </trkpt>
      <trkpt lat="48.28518" lon="1.16922">
        <ele>172.0</ele>
      </trkpt>
      <trkpt lat="48.28504" lon="1.16866">
        <ele>172.0</ele>
      </trkpt>
      <trkpt lat="48.28492" lon="1.16786">
        <ele>172.0</ele>
      </trkpt>
      <trkpt lat="48.28481" lon="1.16657">
        <ele>174.0</ele>
      </trkpt>
      <trkpt lat="48.28469" lon="1.16567">
        <ele>175.0</ele>
      </trkpt>
      <trkpt lat="48.28438" lon="1.16338">
        <ele>176.0</ele>
      </trkpt>
      <trkpt lat="48.28427" lon="1.16244">
        <ele>177.0</ele>
      </trkpt>
      <trkpt lat="48.28431" lon="1.16129">
        <ele>179.0</ele>
      </trkpt>
      <trkpt lat="48.28455" lon="1.1596">
        <ele>179.0</ele>
      </trkpt>
      <trkpt lat="48.28477" lon="1.15813">
        <ele>184.0</ele>
      </trkpt>
      <trkpt lat="48.28483" lon="1.15693">
        <ele>185.0</ele>
      </trkpt>
      <trkpt lat="48.28468" lon="1.15611">
        <ele>186.0</ele>
      </trkpt>
      <trkpt lat="48.28448" lon="1.15523">
        <ele>187.0</ele>
      </trkpt>
      <trkpt lat="48.28419" lon="1.15415">
        <ele>186.0</ele>
      </trkpt>
      <trkpt lat="48.28393" lon="1.15346">
        <ele>179.0</ele>
      </trkpt>
      <trkpt lat="48.28359" lon="1.15278">
        <ele>176.0</ele>
      </trkpt>
      <trkpt lat="48.28349" lon="1.15258">
        <ele>175.0</ele>
      </trkpt>
      <trkpt lat="48.28326" lon="1.15212">
        <ele>175.0</ele>
      </trkpt>
      <trkpt lat="48.28301" lon="1.15169">
        <ele>176.0</ele>
      </trkpt>
      <trkpt lat="48.28284" lon="1.15086">
        <ele>179.0</ele>
      </trkpt>
      <trkpt lat="48.28272" lon="1.15018">
        <ele>181.0</ele>
      </trkpt>
      <trkpt lat="48.28258" lon="1.14964">
        <ele>182.0</ele>
      </trkpt>
      <trkpt lat="48.28233" lon="1.14902">
        <ele>184.0</ele>
      </trkpt>
      <trkpt lat="48.28194" lon="1.14839">
        <ele>187.0</ele>
      </trkpt>
      <trkpt lat="48.28042" lon="1.14622">
        <ele>199.0</ele>
      </trkpt>
      <trkpt lat="48.27944" lon="1.14481">
        <ele>202.0</ele>
      </trkpt>
      <trkpt lat="48.27847" lon="1.14343">
        <ele>207.0</ele>
      </trkpt>
      <trkpt lat="48.27748" lon="1.14201">
        <ele>203.0</ele>
      </trkpt>
      <trkpt lat="48.27641" lon="1.14047">
        <ele>201.0</ele>
      </trkpt>
      <trkpt lat="48.27534" lon="1.13894">
        <ele>202.0</ele>
      </trkpt>
      <trkpt lat="48.27266" lon="1.1351">
        <ele>203.0</ele>
      </trkpt>
      <trkpt lat="48.27219" lon="1.13443">
        <ele>201.0</ele>
      </trkpt>
      <trkpt lat="48.27154" lon="1.13336">
        <ele>195.0</ele>
      </trkpt>
      <trkpt lat="48.27126" lon="1.13276">
        <ele>192.0</ele>
      </trkpt>
      <trkpt lat="48.27076" lon="1.13164">
        <ele>184.0</ele>
      </trkpt>
      <trkpt lat="48.27019" lon="1.13034">
        <ele>180.0</ele>
      </trkpt>
      <trkpt lat="48.26992" lon="1.12972">
        <ele>178.0</ele>
      </trkpt>
      <trkpt lat="48.26973" lon="1.12911">
        <ele>177.0</ele>
      </trkpt>
      <trkpt lat="48.26962" lon="1.12845">
        <ele>177.0</ele>
      </trkpt>
      <trkpt lat="48.26954" lon="1.1277">
        <ele>178.0</ele>
      </trkpt>
      <trkpt lat="48.26937" lon="1.12621">
        <ele>178.0</ele>
      </trkpt>
      <trkpt lat="48.26928" lon="1.12538">
        <ele>179.0</ele>
      </trkpt>
      <trkpt lat="48.26917" lon="1.12444">
        <ele>181.0</ele>
      </trkpt>
      <trkpt lat="48.26895" lon="1.12369">
        <ele>183.0</ele>
      </trkpt>
      <trkpt lat="48.26842" lon="1.12291">
        <ele>185.0</ele>
      </trkpt>
      <trkpt lat="48.26776" lon="1.12226">
        <ele>185.0</ele>
      </trkpt>
      <trkpt lat="48.26749" lon="1.12197">
        <ele>186.0</ele>
      </trkpt>
      <trkpt lat="48.26717" lon="1.1216">
        <ele>186.0</ele>
      </trkpt>
      <trkpt lat="48.26683" lon="1.12111">
        <ele>186.0</ele>
      </trkpt>
      <trkpt lat="48.26661" lon="1.1206">
        <ele>186.0</ele>
      </trkpt>
      <trkpt lat="48.26645" lon="1.12007">
        <ele>186.0</ele>
      </trkpt>
      <trkpt lat="48.26621" lon="1.1193">
        <ele>187.0</ele>
      </trkpt>
      <trkpt lat="48.26603" lon="1.11857">
        <ele>186.0</ele>
      </trkpt>
      <trkpt lat="48.26542" lon="1.11546">
        <ele>185.0</ele>
      </trkpt>
      <trkpt lat="48.26511" lon="1.11341">
        <ele>188.0</ele>
      </trkpt>
      <trkpt lat="48.26496" lon="1.11248">
        <ele>190.0</ele>
      </trkpt>
      <trkpt lat="48.26488" lon="1.11162">
        <ele>191.0</ele>
      </trkpt>
      <trkpt lat="48.2649" lon="1.11067">
        <ele>193.0</ele>
      </trkpt>
      <trkpt lat="48.2649" lon="1.10968">
        <ele>192.0</ele>
      </trkpt>
      <trkpt lat="48.26474" lon="1.10875">
        <ele>192.0</ele>
      </trkpt>
      <trkpt lat="48.26453" lon="1.10775">
        <ele>192.0</ele>
      </trkpt>
      <trkpt lat="48.26437" lon="1.10699">
        <ele>192.0</ele>
      </trkpt>
      <trkpt lat="48.26427" lon="1.10628">
        <ele>193.0</ele>
      </trkpt>
      <trkpt lat="48.26423" lon="1.10556">
        <ele>194.0</ele>
      </trkpt>
      <trkpt lat="48.26407" lon="1.10308">
        <ele>195.0</ele>
      </trkpt>
      <trkpt lat="48.26404" lon="1.10248">
        <ele>194.0</ele>
      </trkpt>
      <trkpt lat="48.26402" lon="1.10171">
        <ele>193.0</ele>
      </trkpt>
      <trkpt lat="48.26402" lon="1.10042">
        <ele>191.0</ele>
      </trkpt>
      <trkpt lat="48.26403" lon="1.09959">
        <ele>190.0</ele>
      </trkpt>
      <trkpt lat="48.26358" lon="1.09918">
        <ele>188.0</ele>
      </trkpt>
      <trkpt lat="48.26302" lon="1.09894">
        <ele>188.0</ele>
      </trkpt>
      <trkpt lat="48.26251" lon="1.09899">
        <ele>187.0</ele>
      </trkpt>
      <trkpt lat="48.26201" lon="1.09869">
        <ele>189.0</ele>
      </trkpt>
      <trkpt lat="48.26204" lon="1.09857">
        <ele>189.0</ele>
      </trkpt>
      <trkpt lat="48.26218" lon="1.09772">
        <ele>190.0</ele>
      </trkpt>
      <trkpt lat="48.26274" lon="1.09743">
        <ele>191.0</ele>
      </trkpt>
      <trkpt lat="48.26335" lon="1.09699">
        <ele>190.0</ele>
      </trkpt>
      <trkpt lat="48.26368" lon="1.09656">
        <ele>192.0</ele>
      </trkpt>
      <trkpt lat="48.26401" lon="1.096">
        <ele>195.0</ele>
      </trkpt>
      <trkpt lat="48.26434" lon="1.09527">
        <ele>199.0</ele>
      </trkpt>
      <trkpt lat="48.26452" lon="1.09473">
        <ele>201.0</ele>
      </trkpt>
      <trkpt lat="48.2647" lon="1.09428">
        <ele>203.0</ele>
      </trkpt>
      <trkpt lat="48.26527" lon="1.0933">
        <ele>206.0</ele>
      </trkpt>
      <trkpt lat="48.2659" lon="1.09203">
        <ele>209.0</ele>
      </trkpt>
      <trkpt lat="48.26835" lon="1.08742">
        <ele>208.0</ele>
      </trkpt>
      <trkpt lat="48.26881" lon="1.08653">
        <ele>202.0</ele>
      </trkpt>
      <trkpt lat="48.26936" lon="1.08528">
        <ele>197.0</ele>
      </trkpt>
      <trkpt lat="48.26956" lon="1.08472">
        <ele>195.0</ele>
      </trkpt>
      <trkpt lat="48.26964" lon="1.0841">
        <ele>193.0</ele>
      </trkpt>
      <trkpt lat="48.26977" lon="1.08295">
        <ele>197.0</ele>
      </trkpt>
      <trkpt lat="48.26996" lon="1.08115">
        <ele>199.0</ele>
      </trkpt>
      <trkpt lat="48.2701" lon="1.08017">
        <ele>198.0</ele>
      </trkpt>
      <trkpt lat="48.27032" lon="1.0785">
        <ele>198.0</ele>
      </trkpt>
      <trkpt lat="48.2707" lon="1.07637">
        <ele>198.0</ele>
      </trkpt>
      <trkpt lat="48.27088" lon="1.07529">
        <ele>198.0</ele>
      </trkpt>
      <trkpt lat="48.27099" lon="1.07431">
        <ele>199.0</ele>
      </trkpt>
      <trkpt lat="48.2711" lon="1.07346">
        <ele>200.0</ele>
      </trkpt>
      <trkpt lat="48.27129" lon="1.0723">
        <ele>198.0</ele>
      </trkpt>
      <trkpt lat="48.27136" lon="1.07178">
        <ele>197.0</ele>
      </trkpt>
      <trkpt lat="48.27159" lon="1.06979">
        <ele>199.0</ele>
      </trkpt>
      <trkpt lat="48.27187" lon="1.06781">
        <ele>202.0</ele>
      </trkpt>
      <trkpt lat="48.27198" lon="1.06607">
        <ele>204.0</ele>
      </trkpt>
      <trkpt lat="48.27217" lon="1.06379">
        <ele>207.0</ele>
      </trkpt>
      <trkpt lat="48.27223" lon="1.06317">
        <ele>207.0</ele>
      </trkpt>
      <trkpt lat="48.27232" lon="1.06268">
        <ele>208.0</ele>
      </trkpt>
      <trkpt lat="48.27257" lon="1.06154">
        <ele>210.0</ele>
      </trkpt>
      <trkpt lat="48.27267" lon="1.06103">
        <ele>209.0</ele>
      </trkpt>
      <trkpt lat="48.273" lon="1.05893">
        <ele>209.0</ele>
      </trkpt>
      <trkpt lat="48.27317" lon="1.05747">
        <ele>209.0</ele>
      </trkpt>
      <trkpt lat="48.27332" lon="1.0563">
        <ele>209.0</ele>
      </trkpt>
      <trkpt lat="48.2735" lon="1.05508">
        <ele>210.0</ele>
      </trkpt>
      <trkpt lat="48.27384" lon="1.05347">
        <ele>212.0</ele>
      </trkpt>
      <trkpt lat="48.27411" lon="1.05183">
        <ele>213.0</ele>
      </trkpt>
      <trkpt lat="48.27437" lon="1.05068">
        <ele>216.0</ele>
      </trkpt>
      <trkpt lat="48.27457" lon="1.04986">
        <ele>216.0</ele>
      </trkpt>
      <trkpt lat="48.27489" lon="1.04881">
        <ele>217.0</ele>
      </trkpt>
      <trkpt lat="48.27522" lon="1.04792">
        <ele>218.0</ele>
      </trkpt>
      <trkpt lat="48.27518" lon="1.04738">
        <ele>218.0</ele>
      </trkpt>
      <trkpt lat="48.27532" lon="1.04463">
        <ele>217.0</ele>
      </trkpt>
      <trkpt lat="48.2754" lon="1.04389">
        <ele>218.0</ele>
      </trkpt>
      <trkpt lat="48.27602" lon="1.04024">
        <ele>219.0</ele>
      </trkpt>
      <trkpt lat="48.2763" lon="1.03865">
        <ele>220.0</ele>
      </trkpt>
      <trkpt lat="48.27641" lon="1.03812">
        <ele>220.0</ele>
      </trkpt>
      <trkpt lat="48.2777" lon="1.0332">
        <ele>221.0</ele>
      </trkpt>
      <trkpt lat="48.27807" lon="1.03199">
        <ele>220.0</ele>
      </trkpt>
      <trkpt lat="48.2785" lon="1.03108">
        <ele>221.0</ele>
      </trkpt>
      <trkpt lat="48.27915" lon="1.0299">
        <ele>223.0</ele>
      </trkpt>
      <trkpt lat="48.2795" lon="1.02913">
        <ele>228.0</ele>
      </trkpt>
      <trkpt lat="48.27977" lon="1.02841">
        <ele>230.0</ele>
      </trkpt>
      <trkpt lat="48.28006" lon="1.02748">
        <ele>229.0</ele>
      </trkpt>
      <trkpt lat="48.28027" lon="1.02645">
        <ele>225.0</ele>
      </trkpt>
      <trkpt lat="48.28083" lon="1.0228">
        <ele>225.0</ele>
      </trkpt>
      <trkpt lat="48.28152" lon="1.023">
        <ele>230.0</ele>
      </trkpt>
      <trkpt lat="48.28187" lon="1.02304">
        <ele>232.0</ele>
      </trkpt>
      <trkpt lat="48.2828" lon="1.02284">
        <ele>235.0</ele>
      </trkpt>
      <trkpt lat="48.2832" lon="1.02225">
        <ele>236.0</ele>
      </trkpt>
      <trkpt lat="48.28339" lon="1.02162">
        <ele>236.0</ele>
      </trkpt>
      <trkpt lat="48.28384" lon="1.02126">
        <ele>237.0</ele>
      </trkpt>
      <trkpt lat="48.28414" lon="1.02062">
        <ele>238.0</ele>
      </trkpt>
      <trkpt lat="48.28449" lon="1.01998">
        <ele>239.0</ele>
      </trkpt>
      <trkpt lat="48.28469" lon="1.01936">
        <ele>238.0</ele>
      </trkpt>
      <trkpt lat="48.28502" lon="1.01921">
        <ele>238.0</ele>
      </trkpt>
      <trkpt lat="48.28552" lon="1.01942">
        <ele>238.0</ele>
      </trkpt>
      <trkpt lat="48.28707" lon="1.02006">
        <ele>238.0</ele>
      </trkpt>
      <trkpt lat="48.28791" lon="1.02027">
        <ele>238.0</ele>
      </trkpt>
      <trkpt lat="48.28864" lon="1.02006">
        <ele>240.0</ele>
      </trkpt>
      <trkpt lat="48.2907" lon="1.02071">
        <ele>243.0</ele>
      </trkpt>
      <trkpt lat="48.29184" lon="1.02086">
        <ele>245.0</ele>
      </trkpt>
      <trkpt lat="48.29232" lon="1.01997">
        <ele>244.0</ele>
      </trkpt>
      <trkpt lat="48.29281" lon="1.02017">
        <ele>242.0</ele>
      </trkpt>
      <trkpt lat="48.29325" lon="1.02066">
        <ele>240.0</ele>
      </trkpt>
      <trkpt lat="48.29371" lon="1.02087">
        <ele>240.0</ele>
      </trkpt>
      <trkpt lat="48.29532" lon="1.02151">
        <ele>245.0</ele>
      </trkpt>
      <trkpt lat="48.29694" lon="1.02195">
        <ele>249.0</ele>
      </trkpt>
      <trkpt lat="48.29867" lon="1.01981">
        <ele>249.0</ele>
      </trkpt>
      <trkpt lat="48.29896" lon="1.01936">
        <ele>251.0</ele>
      </trkpt>
      <trkpt lat="48.29921" lon="1.01821">
        <ele>255.0</ele>
      </trkpt>
      <trkpt lat="48.29961" lon="1.01675">
        <ele>257.0</ele>
      </trkpt>
      <trkpt lat="48.30041" lon="1.01594">
        <ele>262.0</ele>
      </trkpt>
      <trkpt lat="48.30113" lon="1.01522">
        <ele>260.0</ele>
      </trkpt>
      <trkpt lat="48.30151" lon="1.01466">
        <ele>257.0</ele>
      </trkpt>
      <trkpt lat="48.30141" lon="1.01358">
        <ele>257.0</ele>
      </trkpt>
      <trkpt lat="48.30141" lon="1.01306">
        <ele>256.0</ele>
      </trkpt>
      <trkpt lat="48.30131" lon="1.01255">
        <ele>255.0</ele>
      </trkpt>
      <trkpt lat="48.30115" lon="1.01191">
        <ele>256.0</ele>
      </trkpt>
      <trkpt lat="48.30108" lon="1.01083">
        <ele>257.0</ele>
      </trkpt>
      <trkpt lat="48.30098" lon="1.01021">
        <ele>256.0</ele>
      </trkpt>
      <trkpt lat="48.30116" lon="1.00875">
        <ele>257.0</ele>
      </trkpt>
      <trkpt lat="48.3014" lon="1.00638">
        <ele>259.0</ele>
      </trkpt>
      <trkpt lat="48.30192" lon="1.0063">
        <ele>258.0</ele>
      </trkpt>
      <trkpt lat="48.30246" lon="1.00672">
        <ele>256.0</ele>
      </trkpt>
      <trkpt lat="48.30342" lon="1.00646">
        <ele>253.0</ele>
      </trkpt>
      <trkpt lat="48.30357" lon="1.00559">
        <ele>254.0</ele>
      </trkpt>
      <trkpt lat="48.30376" lon="1.00513">
        <ele>255.0</ele>
      </trkpt>
      <trkpt lat="48.30402" lon="1.00436">
        <ele>256.0</ele>
      </trkpt>
      <trkpt lat="48.30458" lon="1.00372">
        <ele>256.0</ele>
      </trkpt>
      <trkpt lat="48.3051" lon="1.00353">
        <ele>254.0</ele>
      </trkpt>
      <trkpt lat="48.305" lon="1.00269">
        <ele>255.0</ele>
      </trkpt>
      <trkpt lat="48.30479" lon="1.00223">
        <ele>255.0</ele>
      </trkpt>
      <trkpt lat="48.3044" lon="1.00172">
        <ele>255.0</ele>
      </trkpt>
      <trkpt lat="48.30399" lon="1.00152">
        <ele>256.0</ele>
      </trkpt>
      <trkpt lat="48.3038" lon="1.00019">
        <ele>255.0</ele>
      </trkpt>
      <trkpt lat="48.30359" lon="0.9991">
        <ele>254.0</ele>
      </trkpt>
      <trkpt lat="48.30333" lon="0.99815">
        <ele>255.0</ele>
      </trkpt>
      <trkpt lat="48.30322" lon="0.99765">
        <ele>255.0</ele>
      </trkpt>
      <trkpt lat="48.30417" lon="0.99745">
        <ele>244.0</ele>
      </trkpt>
      <trkpt lat="48.30476" lon="0.99729">
        <ele>241.0</ele>
      </trkpt>
      <trkpt lat="48.30549" lon="0.99715">
        <ele>240.0</ele>
      </trkpt>
      <trkpt lat="48.30588" lon="0.99687">
        <ele>241.0</ele>
      </trkpt>
      <trkpt lat="48.30625" lon="0.99598">
        <ele>244.0</ele>
      </trkpt>
      <trkpt lat="48.30658" lon="0.99541">
        <ele>246.0</ele>
      </trkpt>
      <trkpt lat="48.3068" lon="0.99497">
        <ele>249.0</ele>
      </trkpt>
      <trkpt lat="48.30703" lon="0.99406">
        <ele>252.0</ele>
      </trkpt>
      <trkpt lat="48.30716" lon="0.99297">
        <ele>255.0</ele>
      </trkpt>
      <trkpt lat="48.30749" lon="0.99292">
        <ele>254.0</ele>
      </trkpt>
      <trkpt lat="48.30843" lon="0.99278">
        <ele>259.0</ele>
      </trkpt>
      <trkpt lat="48.30943" lon="0.9926">
        <ele>260.0</ele>
      </trkpt>
      <trkpt lat="48.30998" lon="0.99287">
        <ele>259.0</ele>
      </trkpt>
      <trkpt lat="48.31042" lon="0.99293">
        <ele>256.0</ele>
      </trkpt>
      <trkpt lat="48.31141" lon="0.99311">
        <ele>246.0</ele>
      </trkpt>
      <trkpt lat="48.31155" lon="0.99307">
        <ele>244.0</ele>
      </trkpt>
      <trkpt lat="48.31165" lon="0.99225">
        <ele>243.0</ele>
      </trkpt>
      <trkpt lat="48.31175" lon="0.99135">
        <ele>241.0</ele>
      </trkpt>
      <trkpt lat="48.31178" lon="0.99096">
        <ele>240.0</ele>
      </trkpt>
      <trkpt lat="48.31149" lon="0.99079">
        <ele>243.0</ele>
      </trkpt>
      <trkpt lat="48.31102" lon="0.99024">
        <ele>247.0</ele>
      </trkpt>
      <trkpt lat="48.31067" lon="0.98965">
        <ele>250.0</ele>
      </trkpt>
      <trkpt lat="48.31043" lon="0.98928">
        <ele>253.0</ele>
      </trkpt>
      <trkpt lat="48.31026" lon="0.98902">
        <ele>256.0</ele>
      </trkpt>
      <trkpt lat="48.30987" lon="0.98776">
        <ele>259.0</ele>
      </trkpt>
      <trkpt lat="48.3098" lon="0.98669">
        <ele>257.0</ele>
      </trkpt>
      <trkpt lat="48.30952" lon="0.98559">
        <ele>256.0</ele>
      </trkpt>
      <trkpt lat="48.30933" lon="0.98494">
        <ele>255.0</ele>
      </trkpt>
      <trkpt lat="48.30827" lon="0.98295">
        <ele>259.0</ele>
      </trkpt>
      <trkpt lat="48.30745" lon="0.98101">
        <ele>260.0</ele>
      </trkpt>
      <trkpt lat="48.30721" lon="0.97971">
        <ele>263.0</ele>
      </trkpt>
      <trkpt lat="48.30703" lon="0.97874">
        <ele>266.0</ele>
      </trkpt>
      <trkpt lat="48.30681" lon="0.97767">
        <ele>269.0</ele>
      </trkpt>
      <trkpt lat="48.30653" lon="0.97659">
        <ele>272.0</ele>
      </trkpt>
      <trkpt lat="48.30631" lon="0.97582">
        <ele>276.0</ele>
      </trkpt>
      <trkpt lat="48.30596" lon="0.97463">
        <ele>276.0</ele>
      </trkpt>
      <trkpt lat="48.30539" lon="0.97167">
        <ele>270.0</ele>
      </trkpt>
      <trkpt lat="48.30508" lon="0.97023">
        <ele>269.0</ele>
      </trkpt>
      <trkpt lat="48.30476" lon="0.96828">
        <ele>277.0</ele>
      </trkpt>
      <trkpt lat="48.30465" lon="0.96754">
        <ele>275.0</ele>
      </trkpt>
      <trkpt lat="48.30438" lon="0.96609">
        <ele>274.0</ele>
      </trkpt>
      <trkpt lat="48.30325" lon="0.96224">
        <ele>278.0</ele>
      </trkpt>
      <trkpt lat="48.30292" lon="0.9614">
        <ele>280.0</ele>
      </trkpt>
      <trkpt lat="48.30279" lon="0.96066">
        <ele>282.0</ele>
      </trkpt>
      <trkpt lat="48.30276" lon="0.95993">
        <ele>284.0</ele>
      </trkpt>
      <trkpt lat="48.30267" lon="0.95887">
        <ele>283.0</ele>
      </trkpt>
      <trkpt lat="48.30261" lon="0.95822">
        <ele>282.0</ele>
      </trkpt>
      <trkpt lat="48.30242" lon="0.95735">
        <ele>278.0</ele>
      </trkpt>
      <trkpt lat="48.30244" lon="0.95677">
        <ele>277.0</ele>
      </trkpt>
      <trkpt lat="48.30258" lon="0.95578">
        <ele>277.0</ele>
      </trkpt>
      <trkpt lat="48.30259" lon="0.95425">
        <ele>277.0</ele>
      </trkpt>
      <trkpt lat="48.30261" lon="0.95338">
        <ele>277.0</ele>
      </trkpt>
      <trkpt lat="48.30286" lon="0.95171">
        <ele>269.0</ele>
      </trkpt>
      <trkpt lat="48.30293" lon="0.9509">
        <ele>268.0</ele>
      </trkpt>
      <trkpt lat="48.30303" lon="0.95012">
        <ele>268.0</ele>
      </trkpt>
      <trkpt lat="48.3032" lon="0.94923">
        <ele>269.0</ele>
      </trkpt>
      <trkpt lat="48.30329" lon="0.94854">
        <ele>270.0</ele>
      </trkpt>
      <trkpt lat="48.30338" lon="0.94776">
        <ele>271.0</ele>
      </trkpt>
      <trkpt lat="48.30357" lon="0.94696">
        <ele>272.0</ele>
      </trkpt>
      <trkpt lat="48.30366" lon="0.94629">
        <ele>272.0</ele>
      </trkpt>
      <trkpt lat="48.30376" lon="0.94511">
        <ele>272.0</ele>
      </trkpt>
      <trkpt lat="48.30355" lon="0.94388">
        <ele>267.0</ele>
      </trkpt>
      <trkpt lat="48.30343" lon="0.9433">
        <ele>264.0</ele>
      </trkpt>
      <trkpt lat="48.30277" lon="0.94112">
        <ele>253.0</ele>
      </trkpt>
      <trkpt lat="48.30272" lon="0.94051">
        <ele>252.0</ele>
      </trkpt>
      <trkpt lat="48.30263" lon="0.93996">
        <ele>251.0</ele>
      </trkpt>
      <trkpt lat="48.30263" lon="0.93944">
        <ele>251.0</ele>
      </trkpt>
      <trkpt lat="48.30286" lon="0.93764">
        <ele>250.0</ele>
      </trkpt>
      <trkpt lat="48.30307" lon="0.93604">
        <ele>246.0</ele>
      </trkpt>
      <trkpt lat="48.30318" lon="0.93538">
        <ele>244.0</ele>
      </trkpt>
      <trkpt lat="48.30324" lon="0.93449">
        <ele>238.0</ele>
      </trkpt>
      <trkpt lat="48.30304" lon="0.934">
        <ele>234.0</ele>
      </trkpt>
      <trkpt lat="48.30268" lon="0.93347">
        <ele>230.0</ele>
      </trkpt>
      <trkpt lat="48.30234" lon="0.93247">
        <ele>226.0</ele>
      </trkpt>
      <trkpt lat="48.30219" lon="0.93142">
        <ele>219.0</ele>
      </trkpt>
      <trkpt lat="48.30233" lon="0.93021">
        <ele>213.0</ele>
      </trkpt>
      <trkpt lat="48.30255" lon="0.92952">
        <ele>210.0</ele>
      </trkpt>
      <trkpt lat="48.30275" lon="0.92877">
        <ele>206.0</ele>
      </trkpt>
      <trkpt lat="48.30198" lon="0.92915">
        <ele>205.0</ele>
      </trkpt>
      <trkpt lat="48.30122" lon="0.93012">
        <ele>205.0</ele>
      </trkpt>
      <trkpt lat="48.30087" lon="0.9304">
        <ele>204.0</ele>
      </trkpt>
      <trkpt lat="48.30039" lon="0.93079">
        <ele>204.0</ele>
      </trkpt>
      <trkpt lat="48.29987" lon="0.93167">
        <ele>205.0</ele>
      </trkpt>
      <trkpt lat="48.29955" lon="0.93143">
        <ele>205.0</ele>
      </trkpt>
      <trkpt lat="48.29922" lon="0.9312">
        <ele>206.0</ele>
      </trkpt>
      <trkpt lat="48.29879" lon="0.93122">
        <ele>208.0</ele>
      </trkpt>
      <trkpt lat="48.29834" lon="0.93104">
        <ele>211.0</ele>
      </trkpt>
      <trkpt lat="48.29769" lon="0.93085">
        <ele>211.0</ele>
      </trkpt>
      <trkpt lat="48.29731" lon="0.93087">
        <ele>212.0</ele>
      </trkpt>
      <trkpt lat="48.2969" lon="0.931">
        <ele>214.0</ele>
      </trkpt>
      <trkpt lat="48.29633" lon="0.93099">
        <ele>216.0</ele>
      </trkpt>
      <trkpt lat="48.29604" lon="0.93074">
        <ele>218.0</ele>
      </trkpt>
      <trkpt lat="48.29535" lon="0.93009">
        <ele>222.0</ele>
      </trkpt>
      <trkpt lat="48.29473" lon="0.92927">
        <ele>228.0</ele>
      </trkpt>
      <trkpt lat="48.29422" lon="0.92892">
        <ele>232.0</ele>
      </trkpt>
      <trkpt lat="48.29333" lon="0.92901">
        <ele>238.0</ele>
      </trkpt>
      <trkpt lat="48.2927" lon="0.92906">
        <ele>244.0</ele>
      </trkpt>
      <trkpt lat="48.29222" lon="0.92944">
        <ele>247.0</ele>
      </trkpt>
      <trkpt lat="48.2918" lon="0.92956">
        <ele>248.0</ele>
      </trkpt>
      <trkpt lat="48.29122" lon="0.92957">
        <ele>253.0</ele>
      </trkpt>
      <trkpt lat="48.29079" lon="0.92964">
        <ele>257.0</ele>
      </trkpt>
      <trkpt lat="48.28996" lon="0.92947">
        <ele>262.0</ele>
      </trkpt>
      <trkpt lat="48.29083" lon="0.92717">
        <ele>249.0</ele>
      </trkpt>
      <trkpt lat="48.2911" lon="0.92618">
        <ele>244.0</ele>
      </trkpt>
      <trkpt lat="48.29119" lon="0.92514">
        <ele>239.0</ele>
      </trkpt>
      <trkpt lat="48.29125" lon="0.92437">
        <ele>237.0</ele>
      </trkpt>
      <trkpt lat="48.29135" lon="0.92206">
        <ele>235.0</ele>
      </trkpt>
      <trkpt lat="48.29153" lon="0.9209">
        <ele>234.0</ele>
      </trkpt>
      <trkpt lat="48.29171" lon="0.92019">
        <ele>233.0</ele>
      </trkpt>
      <trkpt lat="48.29218" lon="0.91879">
        <ele>231.0</ele>
      </trkpt>
      <trkpt lat="48.29235" lon="0.91776">
        <ele>231.0</ele>
      </trkpt>
      <trkpt lat="48.29237" lon="0.917">
        <ele>232.0</ele>
      </trkpt>
      <trkpt lat="48.29229" lon="0.91616">
        <ele>232.0</ele>
      </trkpt>
      <trkpt lat="48.29231" lon="0.91562">
        <ele>231.0</ele>
      </trkpt>
      <trkpt lat="48.29249" lon="0.91461">
        <ele>231.0</ele>
      </trkpt>
      <trkpt lat="48.2925" lon="0.91366">
        <ele>232.0</ele>
      </trkpt>
      <trkpt lat="48.29255" lon="0.91298">
        <ele>232.0</ele>
      </trkpt>
      <trkpt lat="48.29261" lon="0.91171">
        <ele>233.0</ele>
      </trkpt>
      <trkpt lat="48.29271" lon="0.90948">
        <ele>234.0</ele>
      </trkpt>
      <trkpt lat="48.29275" lon="0.9083">
        <ele>232.0</ele>
      </trkpt>
      <trkpt lat="48.29277" lon="0.90703">
        <ele>231.0</ele>
      </trkpt>
      <trkpt lat="48.29309" lon="0.90445">
        <ele>229.0</ele>
      </trkpt>
      <trkpt lat="48.29362" lon="0.90181">
        <ele>224.0</ele>
      </trkpt>
      <trkpt lat="48.29377" lon="0.90102">
        <ele>222.0</ele>
      </trkpt>
      <trkpt lat="48.29316" lon="0.90089">
        <ele>221.0</ele>
      </trkpt>
      <trkpt lat="48.2927" lon="0.90047">
        <ele>220.0</ele>
      </trkpt>
      <trkpt lat="48.29176" lon="0.89948">
        <ele>214.0</ele>
      </trkpt>
      <trkpt lat="48.29113" lon="0.89883">
        <ele>212.0</ele>
      </trkpt>
      <trkpt lat="48.29054" lon="0.89812">
        <ele>211.0</ele>
      </trkpt>
      <trkpt lat="48.2901" lon="0.89753">
        <ele>212.0</ele>
      </trkpt>
      <trkpt lat="48.28982" lon="0.89681">
        <ele>211.0</ele>
      </trkpt>
      <trkpt lat="48.28969" lon="0.89632">
        <ele>209.0</ele>
      </trkpt>
      <trkpt lat="48.28963" lon="0.89579">
        <ele>207.0</ele>
      </trkpt>
      <trkpt lat="48.28919" lon="0.89377">
        <ele>206.0</ele>
      </trkpt>
      <trkpt lat="48.28888" lon="0.89233">
        <ele>204.0</ele>
      </trkpt>
      <trkpt lat="48.28869" lon="0.89135">
        <ele>200.0</ele>
      </trkpt>
      <trkpt lat="48.28869" lon="0.89069">
        <ele>196.0</ele>
      </trkpt>
      <trkpt lat="48.28855" lon="0.88994">
        <ele>193.0</ele>
      </trkpt>
      <trkpt lat="48.28847" lon="0.88913">
        <ele>191.0</ele>
      </trkpt>
      <trkpt lat="48.28844" lon="0.88841">
        <ele>189.0</ele>
      </trkpt>
      <trkpt lat="48.2884" lon="0.8878">
        <ele>186.0</ele>
      </trkpt>
      <trkpt lat="48.28834" lon="0.88696">
        <ele>183.0</ele>
      </trkpt>
      <trkpt lat="48.2882" lon="0.88612">
        <ele>181.0</ele>
      </trkpt>
      <trkpt lat="48.28796" lon="0.88542">
        <ele>178.0</ele>
      </trkpt>
      <trkpt lat="48.28772" lon="0.88473">
        <ele>172.0</ele>
      </trkpt>
      <trkpt lat="48.2875" lon="0.8842">
        <ele>167.0</ele>
      </trkpt>
      <trkpt lat="48.28715" lon="0.88355">
        <ele>163.0</ele>
      </trkpt>
      <trkpt lat="48.28685" lon="0.88306">
        <ele>159.0</ele>
      </trkpt>
      <trkpt lat="48.28621" lon="0.88253">
        <ele>154.0</ele>
      </trkpt>
      <trkpt lat="48.28662" lon="0.88173">
        <ele>152.0</ele>
      </trkpt>
      <trkpt lat="48.28703" lon="0.8809">
        <ele>150.0</ele>
      </trkpt>
      <trkpt lat="48.28758" lon="0.87973">
        <ele>148.0</ele>
      </trkpt>
      <trkpt lat="48.28808" lon="0.87884">
        <ele>147.0</ele>
      </trkpt>
      <trkpt lat="48.28838" lon="0.87815">
        <ele>147.0</ele>
      </trkpt>
      <trkpt lat="48.28856" lon="0.87768">
        <ele>148.0</ele>
      </trkpt>
      <trkpt lat="48.28924" lon="0.8768">
        <ele>149.0</ele>
      </trkpt>
      <trkpt lat="48.28954" lon="0.87643">
        <ele>149.0</ele>
      </trkpt>
      <trkpt lat="48.29005" lon="0.87548">
        <ele>147.0</ele>
      </trkpt>
      <trkpt lat="48.29046" lon="0.87496">
        <ele>145.0</ele>
      </trkpt>
      <trkpt lat="48.29103" lon="0.87421">
        <ele>145.0</ele>
      </trkpt>
      <trkpt lat="48.29154" lon="0.87373">
        <ele>144.0</ele>
      </trkpt>
      <trkpt lat="48.29192" lon="0.87313">
        <ele>143.0</ele>
      </trkpt>
      <trkpt lat="48.29245" lon="0.87214">
        <ele>141.0</ele>
      </trkpt>
      <trkpt lat="48.29291" lon="0.87127">
        <ele>140.0</ele>
      </trkpt>
      <trkpt lat="48.29337" lon="0.87061">
        <ele>140.0</ele>
      </trkpt>
      <trkpt lat="48.29398" lon="0.87009">
        <ele>141.0</ele>
      </trkpt>
      <trkpt lat="48.29438" lon="0.8697">
        <ele>140.0</ele>
      </trkpt>
      <trkpt lat="48.29518" lon="0.86872">
        <ele>139.0</ele>
      </trkpt>
      <trkpt lat="48.29569" lon="0.86825">
        <ele>138.0</ele>
      </trkpt>
      <trkpt lat="48.29627" lon="0.86746">
        <ele>138.0</ele>
      </trkpt>
      <trkpt lat="48.29685" lon="0.86656">
        <ele>141.0</ele>
      </trkpt>
      <trkpt lat="48.29734" lon="0.86581">
        <ele>140.0</ele>
      </trkpt>
      <trkpt lat="48.29762" lon="0.86535">
        <ele>138.0</ele>
      </trkpt>
      <trkpt lat="48.29793" lon="0.86463">
        <ele>136.0</ele>
      </trkpt>
      <trkpt lat="48.29837" lon="0.86377">
        <ele>135.0</ele>
      </trkpt>
      <trkpt lat="48.2989" lon="0.86287">
        <ele>135.0</ele>
      </trkpt>
      <trkpt lat="48.29933" lon="0.86213">
        <ele>136.0</ele>
      </trkpt>
      <trkpt lat="48.29962" lon="0.86166">
        <ele>137.0</ele>
      </trkpt>
      <trkpt lat="48.2999" lon="0.86134">
        <ele>138.0</ele>
      </trkpt>
      <trkpt lat="48.30033" lon="0.86081">
        <ele>139.0</ele>
      </trkpt>
      <trkpt lat="48.30064" lon="0.86033">
        <ele>139.0</ele>
      </trkpt>
      <trkpt lat="48.30085" lon="0.85993">
        <ele>139.0</ele>
      </trkpt>
      <trkpt lat="48.30126" lon="0.85947">
        <ele>141.0</ele>
      </trkpt>
      <trkpt lat="48.30165" lon="0.85899">
        <ele>144.0</ele>
      </trkpt>
      <trkpt lat="48.30213" lon="0.85791">
        <ele>148.0</ele>
      </trkpt>
      <trkpt lat="48.30243" lon="0.85721">
        <ele>149.0</ele>
      </trkpt>
      <trkpt lat="48.30268" lon="0.85648">
        <ele>145.0</ele>
      </trkpt>
      <trkpt lat="48.30298" lon="0.85615">
        <ele>146.0</ele>
      </trkpt>
      <trkpt lat="48.30347" lon="0.85598">
        <ele>149.0</ele>
      </trkpt>
      <trkpt lat="48.30417" lon="0.85569">
        <ele>152.0</ele>
      </trkpt>
      <trkpt lat="48.30471" lon="0.85525">
        <ele>150.0</ele>
      </trkpt>
      <trkpt lat="48.30513" lon="0.85474">
        <ele>147.0</ele>
      </trkpt>
      <trkpt lat="48.30559" lon="0.85427">
        <ele>142.0</ele>
      </trkpt>
      <trkpt lat="48.30602" lon="0.85426">
        <ele>141.0</ele>
      </trkpt>
      <trkpt lat="48.30668" lon="0.8545">
        <ele>141.0</ele>
      </trkpt>
      <trkpt lat="48.30705" lon="0.85409">
        <ele>144.0</ele>
      </trkpt>
      <trkpt lat="48.30698" lon="0.85354">
        <ele>143.0</ele>
      </trkpt>
      <trkpt lat="48.30684" lon="0.85308">
        <ele>141.0</ele>
      </trkpt>
      <trkpt lat="48.30683" lon="0.85248">
        <ele>141.0</ele>
      </trkpt>
      <trkpt lat="48.30713" lon="0.85169">
        <ele>143.0</ele>
      </trkpt>
      <trkpt lat="48.30744" lon="0.85113">
        <ele>143.0</ele>
      </trkpt>
      <trkpt lat="48.30812" lon="0.85003">
        <ele>141.0</ele>
      </trkpt>
      <trkpt lat="48.30839" lon="0.84961">
        <ele>140.0</ele>
      </trkpt>
      <trkpt lat="48.30911" lon="0.84826">
        <ele>136.0</ele>
      </trkpt>
      <trkpt lat="48.3092" lon="0.84727">
        <ele>135.0</ele>
      </trkpt>
      <trkpt lat="48.30929" lon="0.84657">
        <ele>133.0</ele>
      </trkpt>
      <trkpt lat="48.30943" lon="0.84553">
        <ele>130.0</ele>
      </trkpt>
      <trkpt lat="48.30951" lon="0.84462">
        <ele>133.0</ele>
      </trkpt>
      <trkpt lat="48.30956" lon="0.84397">
        <ele>136.0</ele>
      </trkpt>
      <trkpt lat="48.30953" lon="0.84311">
        <ele>139.0</ele>
      </trkpt>
      <trkpt lat="48.30974" lon="0.84282">
        <ele>142.0</ele>
      </trkpt>
      <trkpt lat="48.30983" lon="0.8423">
        <ele>145.0</ele>
      </trkpt>
      <trkpt lat="48.30982" lon="0.8417">
        <ele>147.0</ele>
      </trkpt>
      <trkpt lat="48.30979" lon="0.84036">
        <ele>152.0</ele>
      </trkpt>
      <trkpt lat="48.30978" lon="0.83905">
        <ele>157.0</ele>
      </trkpt>
      <trkpt lat="48.30989" lon="0.8382">
        <ele>163.0</ele>
      </trkpt>
      <trkpt lat="48.30989" lon="0.83805">
        <ele>163.0</ele>
      </trkpt>
      <trkpt lat="48.31007" lon="0.83678">
        <ele>164.0</ele>
      </trkpt>
      <trkpt lat="48.31027" lon="0.83541">
        <ele>165.0</ele>
      </trkpt>
      <trkpt lat="48.31045" lon="0.83454">
        <ele>165.0</ele>
      </trkpt>
      <trkpt lat="48.31056" lon="0.83406">
        <ele>164.0</ele>
      </trkpt>
      <trkpt lat="48.31074" lon="0.83352">
        <ele>163.0</ele>
      </trkpt>
      <trkpt lat="48.31094" lon="0.83296">
        <ele>162.0</ele>
      </trkpt>
      <trkpt lat="48.31129" lon="0.832">
        <ele>161.0</ele>
      </trkpt>
      <trkpt lat="48.31196" lon="0.83033">
        <ele>159.0</ele>
      </trkpt>
      <trkpt lat="48.31223" lon="0.8299">
        <ele>158.0</ele>
      </trkpt>
      <trkpt lat="48.31239" lon="0.82925">
        <ele>157.0</ele>
      </trkpt>
      <trkpt lat="48.31254" lon="0.82858">
        <ele>157.0</ele>
      </trkpt>
      <trkpt lat="48.31281" lon="0.82751">
        <ele>158.0</ele>
      </trkpt>
      <trkpt lat="48.31318" lon="0.826">
        <ele>157.0</ele>
      </trkpt>
      <trkpt lat="48.31334" lon="0.82549">
        <ele>157.0</ele>
      </trkpt>
      <trkpt lat="48.31395" lon="0.82429">
        <ele>156.0</ele>
      </trkpt>
      <trkpt lat="48.31434" lon="0.82241">
        <ele>153.0</ele>
      </trkpt>
      <trkpt lat="48.31454" lon="0.82149">
        <ele>149.0</ele>
      </trkpt>
      <trkpt lat="48.31462" lon="0.8214">
        <ele>148.0</ele>
      </trkpt>
      <trkpt lat="48.31488" lon="0.82182">
        <ele>149.0</ele>
      </trkpt>
      <trkpt lat="48.31523" lon="0.82252">
        <ele>152.0</ele>
      </trkpt>
      <trkpt lat="48.31543" lon="0.82292">
        <ele>152.0</ele>
      </trkpt>
      <trkpt lat="48.31571" lon="0.82344">
        <ele>154.0</ele>
      </trkpt>
      <trkpt lat="48.31601" lon="0.82391">
        <ele>154.0</ele>
      </trkpt>
      <trkpt lat="48.31641" lon="0.82419">
        <ele>154.0</ele>
      </trkpt>
      <trkpt lat="48.3168" lon="0.8244">
        <ele>153.0</ele>
      </trkpt>
      <trkpt lat="48.3174" lon="0.82461">
        <ele>152.0</ele>
      </trkpt>
      <trkpt lat="48.31826" lon="0.82446">
        <ele>149.0</ele>
      </trkpt>
      <trkpt lat="48.31908" lon="0.82376">
        <ele>141.0</ele>
      </trkpt>
      <trkpt lat="48.31956" lon="0.82372">
        <ele>138.0</ele>
      </trkpt>
      <trkpt lat="48.31997" lon="0.8237">
        <ele>134.0</ele>
      </trkpt>
      <trkpt lat="48.32035" lon="0.82352">
        <ele>131.0</ele>
      </trkpt>
      <trkpt lat="48.32073" lon="0.823">
        <ele>127.0</ele>
      </trkpt>
      <trkpt lat="48.32098" lon="0.82248">
        <ele>124.0</ele>
      </trkpt>
      <trkpt lat="48.3213" lon="0.82176">
        <ele>121.0</ele>
      </trkpt>
      <trkpt lat="48.32213" lon="0.82199">
        <ele>119.0</ele>
      </trkpt>
      <trkpt lat="48.32265" lon="0.82211">
        <ele>117.0</ele>
      </trkpt>
      <trkpt lat="48.32303" lon="0.82223">
        <ele>116.0</ele>
      </trkpt>
      <trkpt lat="48.32314" lon="0.8216">
        <ele>114.0</ele>
      </trkpt>
      <trkpt lat="48.32322" lon="0.82111">
        <ele>113.0</ele>
      </trkpt>
      <trkpt lat="48.32333" lon="0.82025">
        <ele>111.0</ele>
      </trkpt>
      <trkpt lat="48.3235" lon="0.81882">
        <ele>108.0</ele>
      </trkpt>
      <trkpt lat="48.32365" lon="0.81629">
        <ele>107.0</ele>
      </trkpt>
      <trkpt lat="48.32369" lon="0.81563">
        <ele>108.0</ele>
      </trkpt>
      <trkpt lat="48.32386" lon="0.81394">
        <ele>108.0</ele>
      </trkpt>
      <trkpt lat="48.32391" lon="0.81343">
        <ele>109.0</ele>
      </trkpt>
      <trkpt lat="48.32396" lon="0.81287">
        <ele>109.0</ele>
      </trkpt>
      <trkpt lat="48.32402" lon="0.81213">
        <ele>110.0</ele>
      </trkpt>
      <trkpt lat="48.32402" lon="0.81214">
        <ele>110.0</ele>
      </trkpt>
      <trkpt lat="48.32392" lon="0.81213">
        <ele>110.0</ele>
      </trkpt>
      <trkpt lat="48.32327" lon="0.81208">
        <ele>111.0</ele>
      </trkpt>
      <trkpt lat="48.32246" lon="0.81203">
        <ele>113.0</ele>
      </trkpt>
      <trkpt lat="48.32235" lon="0.812">
        <ele>114.0</ele>
      </trkpt>
      <trkpt lat="48.32216" lon="0.81194">
        <ele>115.0</ele>
      </trkpt>
      <trkpt lat="48.3216" lon="0.81164">
        <ele>117.0</ele>
      </trkpt>
      <trkpt lat="48.32144" lon="0.81158">
        <ele>117.0</ele>
      </trkpt>
      <trkpt lat="48.32129" lon="0.81158">
        <ele>117.0</ele>
      </trkpt>
      <trkpt lat="48.3212" lon="0.8116">
        <ele>117.0</ele>
      </trkpt>
      <trkpt lat="48.32109" lon="0.81165">
        <ele>117.0</ele>
      </trkpt>
      <trkpt lat="48.32095" lon="0.81172">
        <ele>117.0</ele>
      </trkpt>
      <trkpt lat="48.32075" lon="0.81184">
        <ele>116.0</ele>
      </trkpt>
      <trkpt lat="48.32037" lon="0.81204">
        <ele>114.0</ele>
      </trkpt>
      <trkpt lat="48.31989" lon="0.8123">
        <ele>112.0</ele>
      </trkpt>
      <trkpt lat="48.31894" lon="0.81282">
        <ele>107.0</ele>
      </trkpt>
      <trkpt lat="48.31879" lon="0.81291">
        <ele>106.0</ele>
      </trkpt>
      <trkpt lat="48.31871" lon="0.81303">
        <ele>106.0</ele>
      </trkpt>
      <trkpt lat="48.31856" lon="0.81336">
        <ele>106.0</ele>
      </trkpt>
      <trkpt lat="48.31853" lon="0.81342">
        <ele>106.0</ele>
      </trkpt>
      <trkpt lat="48.31834" lon="0.81386">
        <ele>106.0</ele>
      </trkpt>
      <trkpt lat="48.31822" lon="0.81413">
        <ele>106.0</ele>
      </trkpt>
      <trkpt lat="48.31813" lon="0.81436">
        <ele>106.0</ele>
      </trkpt>
      <trkpt lat="48.31787" lon="0.81481">
        <ele>107.0</ele>
      </trkpt>
      <trkpt lat="48.31727" lon="0.81567">
        <ele>107.0</ele>
      </trkpt>
      <trkpt lat="48.31688" lon="0.81522">
        <ele>107.0</ele>
      </trkpt>
      <trkpt lat="48.31668" lon="0.81503">
        <ele>107.0</ele>
      </trkpt>
      <trkpt lat="48.31661" lon="0.815">
        <ele>107.0</ele>
      </trkpt>
      <trkpt lat="48.31556" lon="0.81468">
        <ele>105.0</ele>
      </trkpt>
      <trkpt lat="48.31538" lon="0.81458">
        <ele>105.0</ele>
      </trkpt>
      <trkpt lat="48.3153" lon="0.8145">
        <ele>105.0</ele>
      </trkpt>
      <trkpt lat="48.31525" lon="0.81439">
        <ele>105.0</ele>
      </trkpt>
      <trkpt lat="48.31523" lon="0.81417">
        <ele>105.0</ele>
      </trkpt>
      <trkpt lat="48.31515" lon="0.81407">
        <ele>105.0</ele>
      </trkpt>
      <trkpt lat="48.31481" lon="0.81386">
        <ele>106.0</ele>
      </trkpt>
      <trkpt lat="48.31457" lon="0.81373">
        <ele>106.0</ele>
      </trkpt>
      <trkpt lat="48.31445" lon="0.81368">
        <ele>106.0</ele>
      </trkpt>
      <trkpt lat="48.31436" lon="0.81368">
        <ele>106.0</ele>
      </trkpt>
      <trkpt lat="48.31436" lon="0.81365">
        <ele>107.0</ele>
      </trkpt>
      <trkpt lat="48.31432" lon="0.81361">
        <ele>107.0</ele>
      </trkpt>
      <trkpt lat="48.31429" lon="0.81361">
        <ele>107.0</ele>
      </trkpt>
      <trkpt lat="48.31426" lon="0.81363">
        <ele>107.0</ele>
      </trkpt>
      <trkpt lat="48.31421" lon="0.81356">
        <ele>107.0</ele>
      </trkpt>
      <trkpt lat="48.31413" lon="0.81348">
        <ele>107.0</ele>
      </trkpt>
      <trkpt lat="48.3138" lon="0.8133">
        <ele>109.0</ele>
      </trkpt>
      <trkpt lat="48.31354" lon="0.81317">
        <ele>110.0</ele>
      </trkpt>
      <trkpt lat="48.31343" lon="0.81306">
        <ele>111.0</ele>
      </trkpt>
      <trkpt lat="48.3125" lon="0.81186">
        <ele>118.0</ele>
      </trkpt>
      <trkpt lat="48.31235" lon="0.81167">
        <ele>119.0</ele>
      </trkpt>
      <trkpt lat="48.31152" lon="0.81057">
        <ele>125.0</ele>
      </trkpt>
      <trkpt lat="48.31119" lon="0.81006">
        <ele>127.0</ele>
      </trkpt>
      <trkpt lat="48.311" lon="0.80985">
        <ele>128.0</ele>
      </trkpt>
      <trkpt lat="48.31084" lon="0.80974">
        <ele>129.0</ele>
      </trkpt>
      <trkpt lat="48.31065" lon="0.8097">
        <ele>129.0</ele>
      </trkpt>
      <trkpt lat="48.31052" lon="0.80971">
        <ele>129.0</ele>
      </trkpt>
      <trkpt lat="48.31041" lon="0.80975">
        <ele>129.0</ele>
      </trkpt>
      <trkpt lat="48.31019" lon="0.80994">
        <ele>129.0</ele>
      </trkpt>
      <trkpt lat="48.30986" lon="0.81022">
        <ele>128.0</ele>
      </trkpt>
      <trkpt lat="48.30967" lon="0.81036">
        <ele>128.0</ele>
      </trkpt>
      <trkpt lat="48.30953" lon="0.81043">
        <ele>128.0</ele>
      </trkpt>
      <trkpt lat="48.30945" lon="0.81046">
        <ele>128.0</ele>
      </trkpt>
      <trkpt lat="48.30936" lon="0.81039">
        <ele>128.0</ele>
      </trkpt>
      <trkpt lat="48.30883" lon="0.80998">
        <ele>129.0</ele>
      </trkpt>
      <trkpt lat="48.30865" lon="0.80972">
        <ele>129.0</ele>
      </trkpt>
      <trkpt lat="48.30852" lon="0.80949">
        <ele>130.0</ele>
      </trkpt>
      <trkpt lat="48.30839" lon="0.80927">
        <ele>130.0</ele>
      </trkpt>
      <trkpt lat="48.30832" lon="0.80914">
        <ele>130.0</ele>
      </trkpt>
      <trkpt lat="48.30824" lon="0.80905">
        <ele>130.0</ele>
      </trkpt>
      <trkpt lat="48.30816" lon="0.80898">
        <ele>130.0</ele>
      </trkpt>
      <trkpt lat="48.30797" lon="0.80889">
        <ele>130.0</ele>
      </trkpt>
      <trkpt lat="48.30783" lon="0.8089">
        <ele>131.0</ele>
      </trkpt>
      <trkpt lat="48.30764" lon="0.80887">
        <ele>131.0</ele>
      </trkpt>
      <trkpt lat="48.3074" lon="0.80878">
        <ele>132.0</ele>
      </trkpt>
      <trkpt lat="48.30715" lon="0.80862">
        <ele>132.0</ele>
      </trkpt>
      <trkpt lat="48.30666" lon="0.80829">
        <ele>134.0</ele>
      </trkpt>
      <trkpt lat="48.30658" lon="0.80823">
        <ele>135.0</ele>
      </trkpt>
      <trkpt lat="48.30656" lon="0.80821">
        <ele>135.0</ele>
      </trkpt>
      <trkpt lat="48.30639" lon="0.808">
        <ele>137.0</ele>
      </trkpt>
      <trkpt lat="48.30625" lon="0.80771">
        <ele>138.0</ele>
      </trkpt>
      <trkpt lat="48.30611" lon="0.80758">
        <ele>139.0</ele>
      </trkpt>
      <trkpt lat="48.30624" lon="0.80721">
        <ele>137.0</ele>
      </trkpt>
      <trkpt lat="48.30625" lon="0.80709">
        <ele>137.0</ele>
      </trkpt>
      <trkpt lat="48.30624" lon="0.80696">
        <ele>137.0</ele>
      </trkpt>
      <trkpt lat="48.30618" lon="0.8068">
        <ele>137.0</ele>
      </trkpt>
      <trkpt lat="48.30519" lon="0.80548">
        <ele>138.0</ele>
      </trkpt>
      <trkpt lat="48.3051" lon="0.80529">
        <ele>139.0</ele>
      </trkpt>
      <trkpt lat="48.30502" lon="0.80495">
        <ele>139.0</ele>
      </trkpt>
      <trkpt lat="48.30497" lon="0.80466">
        <ele>139.0</ele>
      </trkpt>
      <trkpt lat="48.30485" lon="0.80385">
        <ele>139.0</ele>
      </trkpt>
      <trkpt lat="48.30478" lon="0.80356">
        <ele>138.0</ele>
      </trkpt>
      <trkpt lat="48.3047" lon="0.80334">
        <ele>137.0</ele>
      </trkpt>
      <trkpt lat="48.30459" lon="0.80309">
        <ele>136.0</ele>
      </trkpt>
      <trkpt lat="48.30451" lon="0.80295">
        <ele>136.0</ele>
      </trkpt>
      <trkpt lat="48.30419" lon="0.80255">
        <ele>133.0</ele>
      </trkpt>
      <trkpt lat="48.30414" lon="0.8025">
        <ele>133.0</ele>
      </trkpt>
      <trkpt lat="48.30395" lon="0.80214">
        <ele>132.0</ele>
      </trkpt>
      <trkpt lat="48.30374" lon="0.80168">
        <ele>131.0</ele>
      </trkpt>
      <trkpt lat="48.30302" lon="0.79999">
        <ele>139.0</ele>
      </trkpt>
      <trkpt lat="48.30248" lon="0.7992">
        <ele>137.0</ele>
      </trkpt>
      <trkpt lat="48.30236" lon="0.79889">
        <ele>138.0</ele>
      </trkpt>
      <trkpt lat="48.30201" lon="0.79834">
        <ele>141.0</ele>
      </trkpt>
      <trkpt lat="48.30192" lon="0.79806">
        <ele>141.0</ele>
      </trkpt>
      <trkpt lat="48.3018" lon="0.79755">
        <ele>142.0</ele>
      </trkpt>
      <trkpt lat="48.30167" lon="0.79722">
        <ele>142.0</ele>
      </trkpt>
      <trkpt lat="48.3013" lon="0.79651">
        <ele>139.0</ele>
      </trkpt>
      <trkpt lat="48.3008" lon="0.79593">
        <ele>135.0</ele>
      </trkpt>
      <trkpt lat="48.30032" lon="0.79561">
        <ele>134.0</ele>
      </trkpt>
      <trkpt lat="48.3" lon="0.79537">
        <ele>133.0</ele>
      </trkpt>
      <trkpt lat="48.29966" lon="0.79473">
        <ele>135.0</ele>
      </trkpt>
      <trkpt lat="48.29955" lon="0.79437">
        <ele>138.0</ele>
      </trkpt>
      <trkpt lat="48.29956" lon="0.79391">
        <ele>140.0</ele>
      </trkpt>
      <trkpt lat="48.29959" lon="0.79357">
        <ele>141.0</ele>
      </trkpt>
      <trkpt lat="48.29936" lon="0.79267">
        <ele>147.0</ele>
      </trkpt>
      <trkpt lat="48.29882" lon="0.79117">
        <ele>143.0</ele>
      </trkpt>
      <trkpt lat="48.29816" lon="0.78941">
        <ele>136.0</ele>
      </trkpt>
      <trkpt lat="48.29785" lon="0.78838">
        <ele>137.0</ele>
      </trkpt>
      <trkpt lat="48.29751" lon="0.78754">
        <ele>139.0</ele>
      </trkpt>
      <trkpt lat="48.29691" lon="0.78604">
        <ele>133.0</ele>
      </trkpt>
      <trkpt lat="48.29656" lon="0.78546">
        <ele>130.0</ele>
      </trkpt>
      <trkpt lat="48.29564" lon="0.7846">
        <ele>124.0</ele>
      </trkpt>
      <trkpt lat="48.29509" lon="0.78398">
        <ele>126.0</ele>
      </trkpt>
      <trkpt lat="48.29351" lon="0.78201">
        <ele>134.0</ele>
      </trkpt>
      <trkpt lat="48.2929" lon="0.78136">
        <ele>135.0</ele>
      </trkpt>
      <trkpt lat="48.29273" lon="0.78112">
        <ele>135.0</ele>
      </trkpt>
      <trkpt lat="48.2926" lon="0.78084">
        <ele>135.0</ele>
      </trkpt>
      <trkpt lat="48.29215" lon="0.77934">
        <ele>128.0</ele>
      </trkpt>
      <trkpt lat="48.29183" lon="0.77872">
        <ele>126.0</ele>
      </trkpt>
      <trkpt lat="48.29146" lon="0.77799">
        <ele>124.0</ele>
      </trkpt>
      <trkpt lat="48.29094" lon="0.77707">
        <ele>120.0</ele>
      </trkpt>
      <trkpt lat="48.29037" lon="0.77653">
        <ele>118.0</ele>
      </trkpt>
      <trkpt lat="48.28954" lon="0.77469">
        <ele>122.0</ele>
      </trkpt>
      <trkpt lat="48.28915" lon="0.77406">
        <ele>124.0</ele>
      </trkpt>
      <trkpt lat="48.28813" lon="0.77241">
        <ele>133.0</ele>
      </trkpt>
      <trkpt lat="48.28782" lon="0.77198">
        <ele>135.0</ele>
      </trkpt>
      <trkpt lat="48.28755" lon="0.77161">
        <ele>136.0</ele>
      </trkpt>
      <trkpt lat="48.28724" lon="0.77117">
        <ele>137.0</ele>
      </trkpt>
      <trkpt lat="48.28687" lon="0.77091">
        <ele>139.0</ele>
      </trkpt>
      <trkpt lat="48.28655" lon="0.77076">
        <ele>140.0</ele>
      </trkpt>
      <trkpt lat="48.28627" lon="0.77062">
        <ele>141.0</ele>
      </trkpt>
      <trkpt lat="48.28599" lon="0.77035">
        <ele>141.0</ele>
      </trkpt>
      <trkpt lat="48.28582" lon="0.77013">
        <ele>140.0</ele>
      </trkpt>
      <trkpt lat="48.28573" lon="0.76992">
        <ele>140.0</ele>
      </trkpt>
      <trkpt lat="48.28558" lon="0.76926">
        <ele>140.0</ele>
      </trkpt>
      <trkpt lat="48.28533" lon="0.76829">
        <ele>145.0</ele>
      </trkpt>
      <trkpt lat="48.28517" lon="0.76798">
        <ele>145.0</ele>
      </trkpt>
      <trkpt lat="48.28488" lon="0.76741">
        <ele>145.0</ele>
      </trkpt>
      <trkpt lat="48.2844" lon="0.7666">
        <ele>146.0</ele>
      </trkpt>
      <trkpt lat="48.28346" lon="0.76459">
        <ele>155.0</ele>
      </trkpt>
      <trkpt lat="48.28252" lon="0.76224">
        <ele>151.0</ele>
      </trkpt>
      <trkpt lat="48.28204" lon="0.76042">
        <ele>142.0</ele>
      </trkpt>
      <trkpt lat="48.28172" lon="0.75947">
        <ele>138.0</ele>
      </trkpt>
      <trkpt lat="48.2815" lon="0.75905">
        <ele>135.0</ele>
      </trkpt>
      <trkpt lat="48.28086" lon="0.75838">
        <ele>130.0</ele>
      </trkpt>
      <trkpt lat="48.28043" lon="0.75819">
        <ele>127.0</ele>
      </trkpt>
      <trkpt lat="48.28022" lon="0.75804">
        <ele>126.0</ele>
      </trkpt>
      <trkpt lat="48.2797" lon="0.75722">
        <ele>123.0</ele>
      </trkpt>
      <trkpt lat="48.27939" lon="0.75674">
        <ele>122.0</ele>
      </trkpt>
      <trkpt lat="48.27844" lon="0.75475">
        <ele>119.0</ele>
      </trkpt>
      <trkpt lat="48.27823" lon="0.75437">
        <ele>118.0</ele>
      </trkpt>
      <trkpt lat="48.2778" lon="0.75362">
        <ele>116.0</ele>
      </trkpt>
      <trkpt lat="48.27724" lon="0.75222">
        <ele>112.0</ele>
      </trkpt>
      <trkpt lat="48.27706" lon="0.75189">
        <ele>111.0</ele>
      </trkpt>
      <trkpt lat="48.2765" lon="0.75101">
        <ele>108.0</ele>
      </trkpt>
      <trkpt lat="48.27567" lon="0.74943">
        <ele>110.0</ele>
      </trkpt>
      <trkpt lat="48.27551" lon="0.74909">
        <ele>111.0</ele>
      </trkpt>
      <trkpt lat="48.2737" lon="0.74729">
        <ele>125.0</ele>
      </trkpt>
      <trkpt lat="48.27331" lon="0.74686">
        <ele>126.0</ele>
      </trkpt>
      <trkpt lat="48.27232" lon="0.74503">
        <ele>120.0</ele>
      </trkpt>
      <trkpt lat="48.27173" lon="0.74435">
        <ele>119.0</ele>
      </trkpt>
      <trkpt lat="48.27129" lon="0.74394">
        <ele>122.0</ele>
      </trkpt>
      <trkpt lat="48.27124" lon="0.74391">
        <ele>123.0</ele>
      </trkpt>
      <trkpt lat="48.27063" lon="0.74358">
        <ele>125.0</ele>
      </trkpt>
      <trkpt lat="48.27041" lon="0.74339">
        <ele>125.0</ele>
      </trkpt>
      <trkpt lat="48.27032" lon="0.74329">
        <ele>125.0</ele>
      </trkpt>
      <trkpt lat="48.27028" lon="0.74322">
        <ele>125.0</ele>
      </trkpt>
      <trkpt lat="48.27026" lon="0.74318">
        <ele>125.0</ele>
      </trkpt>
      <trkpt lat="48.27033" lon="0.74295">
        <ele>124.0</ele>
      </trkpt>
      <trkpt lat="48.27054" lon="0.7421">
        <ele>122.0</ele>
      </trkpt>
      <trkpt lat="48.27105" lon="0.74082">
        <ele>117.0</ele>
      </trkpt>
      <trkpt lat="48.27115" lon="0.74036">
        <ele>117.0</ele>
      </trkpt>
      <trkpt lat="48.27126" lon="0.73962">
        <ele>117.0</ele>
      </trkpt>
      <trkpt lat="48.27135" lon="0.73895">
        <ele>116.0</ele>
      </trkpt>
      <trkpt lat="48.27147" lon="0.73854">
        <ele>116.0</ele>
      </trkpt>
      <trkpt lat="48.27166" lon="0.73812">
        <ele>115.0</ele>
      </trkpt>
      <trkpt lat="48.27184" lon="0.73773">
        <ele>112.0</ele>
      </trkpt>
      <trkpt lat="48.27191" lon="0.73739">
        <ele>111.0</ele>
      </trkpt>
      <trkpt lat="48.27194" lon="0.737">
        <ele>109.0</ele>
      </trkpt>
      <trkpt lat="48.27201" lon="0.73583">
        <ele>102.0</ele>
      </trkpt>
      <trkpt lat="48.27205" lon="0.73557">
        <ele>101.0</ele>
      </trkpt>
      <trkpt lat="48.27214" lon="0.73521">
        <ele>100.0</ele>
      </trkpt>
      <trkpt lat="48.27236" lon="0.73429">
        <ele>98.0</ele>
      </trkpt>
      <trkpt lat="48.2723" lon="0.73424">
        <ele>99.0</ele>
      </trkpt>
      <trkpt lat="48.27229" lon="0.73423">
        <ele>99.0</ele>
      </trkpt>
      <trkpt lat="48.27223" lon="0.73413">
        <ele>99.0</ele>
      </trkpt>
      <trkpt lat="48.27212" lon="0.73387">
        <ele>99.0</ele>
      </trkpt>
      <trkpt lat="48.27132" lon="0.73218">
        <ele>101.0</ele>
      </trkpt>
      <trkpt lat="48.27062" lon="0.73099">
        <ele>104.0</ele>
      </trkpt>
      <trkpt lat="48.26999" lon="0.72996">
        <ele>107.0</ele>
      </trkpt>
      <trkpt lat="48.26973" lon="0.72954">
        <ele>107.0</ele>
      </trkpt>
      <trkpt lat="48.26929" lon="0.72917">
        <ele>110.0</ele>
      </trkpt>
      <trkpt lat="48.26911" lon="0.72895">
        <ele>112.0</ele>
      </trkpt>
      <trkpt lat="48.26892" lon="0.72848">
        <ele>111.0</ele>
      </trkpt>
      <trkpt lat="48.2687" lon="0.72772">
        <ele>111.0</ele>
      </trkpt>
      <trkpt lat="48.26825" lon="0.72657">
        <ele>109.0</ele>
      </trkpt>
      <trkpt lat="48.26783" lon="0.72564">
        <ele>107.0</ele>
      </trkpt>
      <trkpt lat="48.26755" lon="0.72502">
        <ele>107.0</ele>
      </trkpt>
      <trkpt lat="48.26734" lon="0.72418">
        <ele>105.0</ele>
      </trkpt>
      <trkpt lat="48.26704" lon="0.72295">
        <ele>101.0</ele>
      </trkpt>
      <trkpt lat="48.26692" lon="0.72256">
        <ele>100.0</ele>
      </trkpt>
      <trkpt lat="48.26627" lon="0.72084">
        <ele>102.0</ele>
      </trkpt>
      <trkpt lat="48.26597" lon="0.71989">
        <ele>106.0</ele>
      </trkpt>
      <trkpt lat="48.26588" lon="0.71911">
        <ele>108.0</ele>
      </trkpt>
      <trkpt lat="48.26574" lon="0.71824">
        <ele>105.0</ele>
      </trkpt>
      <trkpt lat="48.26546" lon="0.71724">
        <ele>105.0</ele>
      </trkpt>
      <trkpt lat="48.26538" lon="0.7169">
        <ele>105.0</ele>
      </trkpt>
      <trkpt lat="48.26536" lon="0.71658">
        <ele>106.0</ele>
      </trkpt>
      <trkpt lat="48.26535" lon="0.71541">
        <ele>107.0</ele>
      </trkpt>
      <trkpt lat="48.26533" lon="0.7149">
        <ele>107.0</ele>
      </trkpt>
      <trkpt lat="48.26523" lon="0.71432">
        <ele>105.0</ele>
      </trkpt>
      <trkpt lat="48.26506" lon="0.71392">
        <ele>107.0</ele>
      </trkpt>
      <trkpt lat="48.26495" lon="0.71372">
        <ele>108.0</ele>
      </trkpt>
      <trkpt lat="48.2647" lon="0.71327">
        <ele>109.0</ele>
      </trkpt>
      <trkpt lat="48.26456" lon="0.71298">
        <ele>111.0</ele>
      </trkpt>
      <trkpt lat="48.26418" lon="0.712">
        <ele>116.0</ele>
      </trkpt>
      <trkpt lat="48.26365" lon="0.711">
        <ele>116.0</ele>
      </trkpt>
      <trkpt lat="48.26349" lon="0.71051">
        <ele>116.0</ele>
      </trkpt>
      <trkpt lat="48.26314" lon="0.70932">
        <ele>116.0</ele>
      </trkpt>
      <trkpt lat="48.2628" lon="0.70796">
        <ele>116.0</ele>
      </trkpt>
      <trkpt lat="48.26262" lon="0.70741">
        <ele>116.0</ele>
      </trkpt>
      <trkpt lat="48.26205" lon="0.70655">
        <ele>116.0</ele>
      </trkpt>
      <trkpt lat="48.26199" lon="0.70646">
        <ele>116.0</ele>
      </trkpt>
      <trkpt lat="48.2612" lon="0.70542">
        <ele>113.0</ele>
      </trkpt>
      <trkpt lat="48.2609" lon="0.70508">
        <ele>112.0</ele>
      </trkpt>
      <trkpt lat="48.25964" lon="0.70287">
        <ele>112.0</ele>
      </trkpt>
      <trkpt lat="48.25934" lon="0.70252">
        <ele>112.0</ele>
      </trkpt>
      <trkpt lat="48.25903" lon="0.70229">
        <ele>111.0</ele>
      </trkpt>
      <trkpt lat="48.25816" lon="0.70181">
        <ele>110.0</ele>
      </trkpt>
      <trkpt lat="48.25797" lon="0.7016">
        <ele>109.0</ele>
      </trkpt>
      <trkpt lat="48.25765" lon="0.70118">
        <ele>108.0</ele>
      </trkpt>
      <trkpt lat="48.25716" lon="0.70071">
        <ele>109.0</ele>
      </trkpt>
      <trkpt lat="48.25641" lon="0.70014">
        <ele>112.0</ele>
      </trkpt>
      <trkpt lat="48.25532" lon="0.69943">
        <ele>114.0</ele>
      </trkpt>
      <trkpt lat="48.25513" lon="0.6993">
        <ele>113.0</ele>
      </trkpt>
      <trkpt lat="48.25443" lon="0.69884">
        <ele>115.0</ele>
      </trkpt>
      <trkpt lat="48.25406" lon="0.69847">
        <ele>114.0</ele>
      </trkpt>
      <trkpt lat="48.25374" lon="0.69812">
        <ele>113.0</ele>
      </trkpt>
      <trkpt lat="48.25351" lon="0.6979">
        <ele>112.0</ele>
      </trkpt>
      <trkpt lat="48.25329" lon="0.69771">
        <ele>111.0</ele>
      </trkpt>
      <trkpt lat="48.25301" lon="0.6975">
        <ele>107.0</ele>
      </trkpt>
      <trkpt lat="48.25296" lon="0.69746">
        <ele>107.0</ele>
      </trkpt>
      <trkpt lat="48.2529" lon="0.69742">
        <ele>106.0</ele>
      </trkpt>
      <trkpt lat="48.25253" lon="0.69708">
        <ele>102.0</ele>
      </trkpt>
      <trkpt lat="48.25244" lon="0.69704">
        <ele>101.0</ele>
      </trkpt>
      <trkpt lat="48.25232" lon="0.69707">
        <ele>101.0</ele>
      </trkpt>
      <trkpt lat="48.2522" lon="0.69714">
        <ele>100.0</ele>
      </trkpt>
      <trkpt lat="48.25211" lon="0.69716">
        <ele>99.0</ele>
      </trkpt>
      <trkpt lat="48.25204" lon="0.69712">
        <ele>99.0</ele>
      </trkpt>
      <trkpt lat="48.25185" lon="0.69697">
        <ele>97.0</ele>
      </trkpt>
      <trkpt lat="48.25173" lon="0.69694">
        <ele>96.0</ele>
      </trkpt>
      <trkpt lat="48.25128" lon="0.69654">
        <ele>95.0</ele>
      </trkpt>
      <trkpt lat="48.25076" lon="0.69612">
        <ele>94.0</ele>
      </trkpt>
      <trkpt lat="48.25026" lon="0.69575">
        <ele>95.0</ele>
      </trkpt>
      <trkpt lat="48.24916" lon="0.69496">
        <ele>99.0</ele>
      </trkpt>
      <trkpt lat="48.24735" lon="0.69372">
        <ele>106.0</ele>
      </trkpt>
      <trkpt lat="48.24301" lon="0.69079">
        <ele>108.0</ele>
      </trkpt>
      <trkpt lat="48.24143" lon="0.68972">
        <ele>105.0</ele>
      </trkpt>
      <trkpt lat="48.24124" lon="0.68959">
        <ele>105.0</ele>
      </trkpt>
      <trkpt lat="48.23925" lon="0.68825">
        <ele>98.0</ele>
      </trkpt>
      <trkpt lat="48.23823" lon="0.68755">
        <ele>101.0</ele>
      </trkpt>
      <trkpt lat="48.23669" lon="0.68652">
        <ele>103.0</ele>
      </trkpt>
      <trkpt lat="48.23456" lon="0.68509">
        <ele>105.0</ele>
      </trkpt>
      <trkpt lat="48.23186" lon="0.68326">
        <ele>112.0</ele>
      </trkpt>
      <trkpt lat="48.23131" lon="0.68292">
        <ele>112.0</ele>
      </trkpt>
      <trkpt lat="48.23113" lon="0.68284">
        <ele>112.0</ele>
      </trkpt>
      <trkpt lat="48.23105" lon="0.68281">
        <ele>112.0</ele>
      </trkpt>
      <trkpt lat="48.23059" lon="0.68265">
        <ele>110.0</ele>
      </trkpt>
      <trkpt lat="48.22952" lon="0.68229">
        <ele>103.0</ele>
      </trkpt>
      <trkpt lat="48.22739" lon="0.68157">
        <ele>102.0</ele>
      </trkpt>
      <trkpt lat="48.22631" lon="0.68119">
        <ele>105.0</ele>
      </trkpt>
      <trkpt lat="48.22531" lon="0.68082">
        <ele>104.0</ele>
      </trkpt>
      <trkpt lat="48.22519" lon="0.68073">
        <ele>104.0</ele>
      </trkpt>
      <trkpt lat="48.22517" lon="0.68067">
        <ele>104.0</ele>
      </trkpt>
      <trkpt lat="48.22515" lon="0.68063">
        <ele>104.0</ele>
      </trkpt>
      <trkpt lat="48.22511" lon="0.68058">
        <ele>104.0</ele>
      </trkpt>
      <trkpt lat="48.22507" lon="0.68056">
        <ele>103.0</ele>
      </trkpt>
      <trkpt lat="48.22502" lon="0.68055">
        <ele>103.0</ele>
      </trkpt>
      <trkpt lat="48.22498" lon="0.68057">
        <ele>103.0</ele>
      </trkpt>
      <trkpt lat="48.22495" lon="0.68059">
        <ele>104.0</ele>
      </trkpt>
      <trkpt lat="48.22492" lon="0.68063">
        <ele>104.0</ele>
      </trkpt>
      <trkpt lat="48.22481" lon="0.68064">
        <ele>104.0</ele>
      </trkpt>
      <trkpt lat="48.22462" lon="0.68058">
        <ele>104.0</ele>
      </trkpt>
      <trkpt lat="48.22433" lon="0.68054">
        <ele>105.0</ele>
      </trkpt>
      <trkpt lat="48.22284" lon="0.68001">
        <ele>114.0</ele>
      </trkpt>
      <trkpt lat="48.22032" lon="0.67917">
        <ele>109.0</ele>
      </trkpt>
      <trkpt lat="48.21903" lon="0.67875">
        <ele>104.0</ele>
      </trkpt>
      <trkpt lat="48.21653" lon="0.6779">
        <ele>99.0</ele>
      </trkpt>
      <trkpt lat="48.21453" lon="0.67722">
        <ele>106.0</ele>
      </trkpt>
      <trkpt lat="48.21346" lon="0.67685">
        <ele>109.0</ele>
      </trkpt>
      <trkpt lat="48.21278" lon="0.67662">
        <ele>112.0</ele>
      </trkpt>
      <trkpt lat="48.20995" lon="0.67567">
        <ele>110.0</ele>
      </trkpt>
      <trkpt lat="48.20958" lon="0.67553">
        <ele>112.0</ele>
      </trkpt>
      <trkpt lat="48.208" lon="0.67501">
        <ele>125.0</ele>
      </trkpt>
      <trkpt lat="48.20749" lon="0.67478">
        <ele>128.0</ele>
      </trkpt>
      <trkpt lat="48.20714" lon="0.67459">
        <ele>129.0</ele>
      </trkpt>
      <trkpt lat="48.20665" lon="0.6743">
        <ele>129.0</ele>
      </trkpt>
      <trkpt lat="48.20623" lon="0.67399">
        <ele>127.0</ele>
      </trkpt>
      <trkpt lat="48.20571" lon="0.67356">
        <ele>124.0</ele>
      </trkpt>
      <trkpt lat="48.20494" lon="0.67291">
        <ele>119.0</ele>
      </trkpt>
      <trkpt lat="48.20108" lon="0.66958">
        <ele>111.0</ele>
      </trkpt>
      <trkpt lat="48.20049" lon="0.66906">
        <ele>109.0</ele>
      </trkpt>
      <trkpt lat="48.20037" lon="0.66896">
        <ele>108.0</ele>
      </trkpt>
      <trkpt lat="48.19931" lon="0.66805">
        <ele>106.0</ele>
      </trkpt>
      <trkpt lat="48.19845" lon="0.66731">
        <ele>112.0</ele>
      </trkpt>
      <trkpt lat="48.19776" lon="0.66665">
        <ele>112.0</ele>
      </trkpt>
      <trkpt lat="48.19746" lon="0.66627">
        <ele>113.0</ele>
      </trkpt>
      <trkpt lat="48.19745" lon="0.66617">
        <ele>112.0</ele>
      </trkpt>
      <trkpt lat="48.19742" lon="0.66608">
        <ele>112.0</ele>
      </trkpt>
      <trkpt lat="48.19737" lon="0.666">
        <ele>112.0</ele>
      </trkpt>
      <trkpt lat="48.19731" lon="0.66595">
        <ele>112.0</ele>
      </trkpt>
      <trkpt lat="48.19724" lon="0.66593">
        <ele>112.0</ele>
      </trkpt>
      <trkpt lat="48.19717" lon="0.66595">
        <ele>113.0</ele>
      </trkpt>
      <trkpt lat="48.19711" lon="0.666">
        <ele>113.0</ele>
      </trkpt>
      <trkpt lat="48.19696" lon="0.66596">
        <ele>113.0</ele>
      </trkpt>
      <trkpt lat="48.19674" lon="0.66586">
        <ele>114.0</ele>
      </trkpt>
      <trkpt lat="48.19667" lon="0.6658">
        <ele>114.0</ele>
      </trkpt>
      <trkpt lat="48.1962" lon="0.66539">
        <ele>112.0</ele>
      </trkpt>
      <trkpt lat="48.19607" lon="0.66528">
        <ele>112.0</ele>
      </trkpt>
      <trkpt lat="48.19515" lon="0.66449">
        <ele>109.0</ele>
      </trkpt>
      <trkpt lat="48.19443" lon="0.66388">
        <ele>107.0</ele>
      </trkpt>
      <trkpt lat="48.19405" lon="0.66356">
        <ele>106.0</ele>
      </trkpt>
      <trkpt lat="48.19394" lon="0.66347">
        <ele>105.0</ele>
      </trkpt>
      <trkpt lat="48.19333" lon="0.66294">
        <ele>105.0</ele>
      </trkpt>
      <trkpt lat="48.19319" lon="0.66282">
        <ele>105.0</ele>
      </trkpt>
      <trkpt lat="48.19308" lon="0.66272">
        <ele>105.0</ele>
      </trkpt>
      <trkpt lat="48.19272" lon="0.6624">
        <ele>105.0</ele>
      </trkpt>
      <trkpt lat="48.19233" lon="0.66204">
        <ele>103.0</ele>
      </trkpt>
      <trkpt lat="48.19215" lon="0.66189">
        <ele>102.0</ele>
      </trkpt>
      <trkpt lat="48.19167" lon="0.66151">
        <ele>100.0</ele>
      </trkpt>
      <trkpt lat="48.19151" lon="0.66138">
        <ele>99.0</ele>
      </trkpt>
      <trkpt lat="48.19131" lon="0.66121">
        <ele>97.0</ele>
      </trkpt>
      <trkpt lat="48.19091" lon="0.66087">
        <ele>95.0</ele>
      </trkpt>
      <trkpt lat="48.19074" lon="0.6607">
        <ele>95.0</ele>
      </trkpt>
      <trkpt lat="48.19059" lon="0.66062">
        <ele>96.0</ele>
      </trkpt>
      <trkpt lat="48.19059" lon="0.66057">
        <ele>95.0</ele>
      </trkpt>
      <trkpt lat="48.19057" lon="0.66053">
        <ele>95.0</ele>
      </trkpt>
      <trkpt lat="48.19055" lon="0.6605">
        <ele>95.0</ele>
      </trkpt>
      <trkpt lat="48.19052" lon="0.66048">
        <ele>96.0</ele>
      </trkpt>
      <trkpt lat="48.19049" lon="0.66047">
        <ele>96.0</ele>
      </trkpt>
      <trkpt lat="48.19045" lon="0.66047">
        <ele>96.0</ele>
      </trkpt>
      <trkpt lat="48.19025" lon="0.66028">
        <ele>97.0</ele>
      </trkpt>
      <trkpt lat="48.19009" lon="0.66013">
        <ele>98.0</ele>
      </trkpt>
      <trkpt lat="48.18928" lon="0.65949">
        <ele>100.0</ele>
      </trkpt>
      <trkpt lat="48.18898" lon="0.65925">
        <ele>101.0</ele>
      </trkpt>
      <trkpt lat="48.18889" lon="0.65917">
        <ele>101.0</ele>
      </trkpt>
      <trkpt lat="48.18752" lon="0.65796">
        <ele>97.0</ele>
      </trkpt>
      <trkpt lat="48.18716" lon="0.65765">
        <ele>94.0</ele>
      </trkpt>
      <trkpt lat="48.18707" lon="0.65759">
        <ele>94.0</ele>
      </trkpt>
      <trkpt lat="48.18696" lon="0.65757">
        <ele>93.0</ele>
      </trkpt>
      <trkpt lat="48.18667" lon="0.65763">
        <ele>92.0</ele>
      </trkpt>
      <trkpt lat="48.18644" lon="0.65766">
        <ele>92.0</ele>
      </trkpt>
      <trkpt lat="48.18637" lon="0.65765">
        <ele>92.0</ele>
      </trkpt>
      <trkpt lat="48.18645" lon="0.65709">
        <ele>90.0</ele>
      </trkpt>
      <trkpt lat="48.18651" lon="0.65672">
        <ele>89.0</ele>
      </trkpt>
      <trkpt lat="48.18661" lon="0.65619">
        <ele>88.0</ele>
      </trkpt>
      <trkpt lat="48.18663" lon="0.65602">
        <ele>88.0</ele>
      </trkpt>
      <trkpt lat="48.18671" lon="0.65549">
        <ele>87.0</ele>
      </trkpt>
      <trkpt lat="48.18692" lon="0.65424">
        <ele>87.0</ele>
      </trkpt>
      <trkpt lat="48.18694" lon="0.65406">
        <ele>87.0</ele>
      </trkpt>
      <trkpt lat="48.18696" lon="0.65395">
        <ele>87.0</ele>
      </trkpt>
      <trkpt lat="48.18699" lon="0.65381">
        <ele>87.0</ele>
      </trkpt>
      <trkpt lat="48.18701" lon="0.65372">
        <ele>87.0</ele>
      </trkpt>
      <trkpt lat="48.18703" lon="0.65359">
        <ele>87.0</ele>
      </trkpt>
      <trkpt lat="48.18705" lon="0.6535">
        <ele>87.0</ele>
      </trkpt>
      <trkpt lat="48.18708" lon="0.65336">
        <ele>87.0</ele>
      </trkpt>
      <trkpt lat="48.18713" lon="0.65304">
        <ele>87.0</ele>
      </trkpt>
      <trkpt lat="48.18722" lon="0.65246">
        <ele>87.0</ele>
      </trkpt>
      <trkpt lat="48.18726" lon="0.65218">
        <ele>87.0</ele>
      </trkpt>
      <trkpt lat="48.18726" lon="0.6517">
        <ele>86.0</ele>
      </trkpt>
      <trkpt lat="48.18744" lon="0.65118">
        <ele>85.0</ele>
      </trkpt>
      <trkpt lat="48.18749" lon="0.65097">
        <ele>85.0</ele>
      </trkpt>
      <trkpt lat="48.18754" lon="0.65073">
        <ele>85.0</ele>
      </trkpt>
      <trkpt lat="48.18757" lon="0.6506">
        <ele>85.0</ele>
      </trkpt>
      <trkpt lat="48.18761" lon="0.65027">
        <ele>85.0</ele>
      </trkpt>
      <trkpt lat="48.18768" lon="0.64943">
        <ele>85.0</ele>
      </trkpt>
      <trkpt lat="48.1877" lon="0.64921">
        <ele>85.0</ele>
      </trkpt>
      <trkpt lat="48.18771" lon="0.6491">
        <ele>85.0</ele>
      </trkpt>
      <trkpt lat="48.18779" lon="0.64808">
        <ele>84.0</ele>
      </trkpt>
      <trkpt lat="48.1879" lon="0.64688">
        <ele>85.0</ele>
      </trkpt>
      <trkpt lat="48.18796" lon="0.64611">
        <ele>85.0</ele>
      </trkpt>
      <trkpt lat="48.18814" lon="0.64415">
        <ele>85.0</ele>
      </trkpt>
      <trkpt lat="48.18827" lon="0.64275">
        <ele>86.0</ele>
      </trkpt>
      <trkpt lat="48.18829" lon="0.64249">
        <ele>86.0</ele>
      </trkpt>
      <trkpt lat="48.1883" lon="0.64242">
        <ele>86.0</ele>
      </trkpt>
      <trkpt lat="48.18841" lon="0.64105">
        <ele>88.0</ele>
      </trkpt>
      <trkpt lat="48.1884" lon="0.64081">
        <ele>88.0</ele>
      </trkpt>
      <trkpt lat="48.18838" lon="0.64059">
        <ele>89.0</ele>
      </trkpt>
      <trkpt lat="48.18832" lon="0.6404">
        <ele>89.0</ele>
      </trkpt>
      <trkpt lat="48.18824" lon="0.64016">
        <ele>90.0</ele>
      </trkpt>
      <trkpt lat="48.18796" lon="0.63998">
        <ele>90.0</ele>
      </trkpt>
      <trkpt lat="48.18737" lon="0.63974">
        <ele>90.0</ele>
      </trkpt>
      <trkpt lat="48.18729" lon="0.63968">
        <ele>90.0</ele>
      </trkpt>
      <trkpt lat="48.18716" lon="0.63963">
        <ele>90.0</ele>
      </trkpt>
      <trkpt lat="48.18713" lon="0.63961">
        <ele>90.0</ele>
      </trkpt>
      <trkpt lat="48.18703" lon="0.63957">
        <ele>91.0</ele>
      </trkpt>
      <trkpt lat="48.18699" lon="0.63956">
        <ele>91.0</ele>
      </trkpt>
      <trkpt lat="48.18689" lon="0.63952">
        <ele>91.0</ele>
      </trkpt>
      <trkpt lat="48.18675" lon="0.63947">
        <ele>91.0</ele>
      </trkpt>
      <trkpt lat="48.18666" lon="0.63949">
        <ele>91.0</ele>
      </trkpt>
      <trkpt lat="48.18653" lon="0.63967">
        <ele>90.0</ele>
      </trkpt>
      <trkpt lat="48.18647" lon="0.63967">
        <ele>90.0</ele>
      </trkpt>
      <trkpt lat="48.18645" lon="0.63957">
        <ele>90.0</ele>
      </trkpt>
      <trkpt lat="48.18639" lon="0.63951">
        <ele>90.0</ele>
      </trkpt>
      <trkpt lat="48.1863" lon="0.63947">
        <ele>90.0</ele>
      </trkpt>
      <trkpt lat="48.18639" lon="0.63951">
        <ele>90.0</ele>
      </trkpt>
      <trkpt lat="48.18645" lon="0.63957">
        <ele>90.0</ele>
      </trkpt>
      <trkpt lat="48.18647" lon="0.63967">
        <ele>90.0</ele>
      </trkpt>
      <trkpt lat="48.18623" lon="0.63968">
        <ele>89.0</ele>
      </trkpt>
      <trkpt lat="48.18619" lon="0.63971">
        <ele>89.0</ele>
      </trkpt>
      <trkpt lat="48.18616" lon="0.63979">
        <ele>89.0</ele>
      </trkpt>
      <trkpt lat="48.18606" lon="0.64017">
        <ele>88.0</ele>
      </trkpt>
      <trkpt lat="48.1859" lon="0.64007">
        <ele>87.0</ele>
      </trkpt>
      <trkpt lat="48.18578" lon="0.64007">
        <ele>87.0</ele>
      </trkpt>
      <trkpt lat="48.18562" lon="0.64014">
        <ele>87.0</ele>
      </trkpt>
      <trkpt lat="48.18555" lon="0.64001">
        <ele>87.0</ele>
      </trkpt>
      <trkpt lat="48.18545" lon="0.63989">
        <ele>87.0</ele>
      </trkpt>
      <trkpt lat="48.18533" lon="0.63985">
        <ele>88.0</ele>
      </trkpt>
      <trkpt lat="48.18501" lon="0.6397">
        <ele>88.0</ele>
      </trkpt>
      <trkpt lat="48.18431" lon="0.63931">
        <ele>89.0</ele>
      </trkpt>
      <trkpt lat="48.18413" lon="0.63924">
        <ele>89.0</ele>
      </trkpt>
      <trkpt lat="48.18384" lon="0.63916">
        <ele>89.0</ele>
      </trkpt>
      <trkpt lat="48.18361" lon="0.63908">
        <ele>89.0</ele>
      </trkpt>
      <trkpt lat="48.18277" lon="0.63858">
        <ele>92.0</ele>
      </trkpt>
      <trkpt lat="48.18155" lon="0.63777">
        <ele>89.0</ele>
      </trkpt>
      <trkpt lat="48.18127" lon="0.63759">
        <ele>89.0</ele>
      </trkpt>
      <trkpt lat="48.18097" lon="0.63742">
        <ele>89.0</ele>
      </trkpt>
      <trkpt lat="48.18067" lon="0.63721">
        <ele>89.0</ele>
      </trkpt>
      <trkpt lat="48.17985" lon="0.63667">
        <ele>88.0</ele>
      </trkpt>
      <trkpt lat="48.17975" lon="0.63656">
        <ele>88.0</ele>
      </trkpt>
      <trkpt lat="48.17971" lon="0.63651">
        <ele>88.0</ele>
      </trkpt>
      <trkpt lat="48.17965" lon="0.63635">
        <ele>88.0</ele>
      </trkpt>
      <trkpt lat="48.1796" lon="0.63614">
        <ele>89.0</ele>
      </trkpt>
      <trkpt lat="48.17959" lon="0.63601">
        <ele>89.0</ele>
      </trkpt>
      <trkpt lat="48.17959" lon="0.63577">
        <ele>90.0</ele>
      </trkpt>
      <trkpt lat="48.17964" lon="0.63512">
        <ele>91.0</ele>
      </trkpt>
      <trkpt lat="48.17965" lon="0.6349">
        <ele>91.0</ele>
      </trkpt>
      <trkpt lat="48.17964" lon="0.63478">
        <ele>91.0</ele>
      </trkpt>
      <trkpt lat="48.17961" lon="0.63469">
        <ele>91.0</ele>
      </trkpt>
      <trkpt lat="48.17955" lon="0.63458">
        <ele>91.0</ele>
      </trkpt>
      <trkpt lat="48.17942" lon="0.6344">
        <ele>91.0</ele>
      </trkpt>
      <trkpt lat="48.17928" lon="0.63427">
        <ele>91.0</ele>
      </trkpt>
      <trkpt lat="48.17912" lon="0.63415">
        <ele>90.0</ele>
      </trkpt>
      <trkpt lat="48.17838" lon="0.63364">
        <ele>95.0</ele>
      </trkpt>
      <trkpt lat="48.1781" lon="0.63344">
        <ele>96.0</ele>
      </trkpt>
      <trkpt lat="48.17709" lon="0.6325">
        <ele>94.0</ele>
      </trkpt>
      <trkpt lat="48.17664" lon="0.63206">
        <ele>92.0</ele>
      </trkpt>
      <trkpt lat="48.17623" lon="0.6316">
        <ele>91.0</ele>
      </trkpt>
      <trkpt lat="48.1757" lon="0.63084">
        <ele>92.0</ele>
      </trkpt>
      <trkpt lat="48.17553" lon="0.63063">
        <ele>91.0</ele>
      </trkpt>
      <trkpt lat="48.17538" lon="0.63048">
        <ele>91.0</ele>
      </trkpt>
      <trkpt lat="48.17522" lon="0.63037">
        <ele>92.0</ele>
      </trkpt>
      <trkpt lat="48.17503" lon="0.63028">
        <ele>92.0</ele>
      </trkpt>
      <trkpt lat="48.1748" lon="0.63018">
        <ele>92.0</ele>
      </trkpt>
      <trkpt lat="48.17445" lon="0.63">
        <ele>92.0</ele>
      </trkpt>
      <trkpt lat="48.17402" lon="0.62972">
        <ele>91.0</ele>
      </trkpt>
      <trkpt lat="48.17377" lon="0.62955">
        <ele>90.0</ele>
      </trkpt>
      <trkpt lat="48.17357" lon="0.62938">
        <ele>89.0</ele>
      </trkpt>
      <trkpt lat="48.17296" lon="0.62878">
        <ele>89.0</ele>
      </trkpt>
      <trkpt lat="48.17212" lon="0.62797">
        <ele>90.0</ele>
      </trkpt>
      <trkpt lat="48.17183" lon="0.62764">
        <ele>90.0</ele>
      </trkpt>
      <trkpt lat="48.17158" lon="0.62726">
        <ele>90.0</ele>
      </trkpt>
      <trkpt lat="48.17061" lon="0.62522">
        <ele>93.0</ele>
      </trkpt>
      <trkpt lat="48.17054" lon="0.62506">
        <ele>93.0</ele>
      </trkpt>
      <trkpt lat="48.17047" lon="0.62478">
        <ele>94.0</ele>
      </trkpt>
      <trkpt lat="48.17044" lon="0.62459">
        <ele>94.0</ele>
      </trkpt>
      <trkpt lat="48.17047" lon="0.6245">
        <ele>94.0</ele>
      </trkpt>
      <trkpt lat="48.17047" lon="0.6244">
        <ele>94.0</ele>
      </trkpt>
      <trkpt lat="48.17046" lon="0.62431">
        <ele>94.0</ele>
      </trkpt>
      <trkpt lat="48.17042" lon="0.6242">
        <ele>94.0</ele>
      </trkpt>
      <trkpt lat="48.17036" lon="0.62412">
        <ele>94.0</ele>
      </trkpt>
      <trkpt lat="48.1703" lon="0.62409">
        <ele>94.0</ele>
      </trkpt>
      <trkpt lat="48.17023" lon="0.62408">
        <ele>93.0</ele>
      </trkpt>
      <trkpt lat="48.17018" lon="0.6241">
        <ele>93.0</ele>
      </trkpt>
      <trkpt lat="48.17013" lon="0.62414">
        <ele>93.0</ele>
      </trkpt>
      <trkpt lat="48.17009" lon="0.6242">
        <ele>92.0</ele>
      </trkpt>
      <trkpt lat="48.17005" lon="0.62428">
        <ele>92.0</ele>
      </trkpt>
      <trkpt lat="48.17004" lon="0.62438">
        <ele>92.0</ele>
      </trkpt>
      <trkpt lat="48.17004" lon="0.62448">
        <ele>92.0</ele>
      </trkpt>
      <trkpt lat="48.17007" lon="0.62458">
        <ele>92.0</ele>
      </trkpt>
      <trkpt lat="48.17003" lon="0.62476">
        <ele>91.0</ele>
      </trkpt>
      <trkpt lat="48.16992" lon="0.62508">
        <ele>91.0</ele>
      </trkpt>
      <trkpt lat="48.16985" lon="0.62522">
        <ele>90.0</ele>
      </trkpt>
      <trkpt lat="48.16964" lon="0.62573">
        <ele>90.0</ele>
      </trkpt>
      <trkpt lat="48.16945" lon="0.62619">
        <ele>89.0</ele>
      </trkpt>
      <trkpt lat="48.1689" lon="0.62747">
        <ele>85.0</ele>
      </trkpt>
      <trkpt lat="48.16823" lon="0.62912">
        <ele>83.0</ele>
      </trkpt>
      <trkpt lat="48.16764" lon="0.62852">
        <ele>82.0</ele>
      </trkpt>
      <trkpt lat="48.16633" lon="0.62682">
        <ele>81.0</ele>
      </trkpt>
      <trkpt lat="48.16557" lon="0.62578">
        <ele>81.0</ele>
      </trkpt>
      <trkpt lat="48.16535" lon="0.62554">
        <ele>81.0</ele>
      </trkpt>
      <trkpt lat="48.16503" lon="0.62526">
        <ele>81.0</ele>
      </trkpt>
      <trkpt lat="48.16495" lon="0.62519">
        <ele>81.0</ele>
      </trkpt>
      <trkpt lat="48.16486" lon="0.62511">
        <ele>81.0</ele>
      </trkpt>
      <trkpt lat="48.16472" lon="0.62497">
        <ele>82.0</ele>
      </trkpt>
      <trkpt lat="48.1646" lon="0.62478">
        <ele>82.0</ele>
      </trkpt>
      <trkpt lat="48.16451" lon="0.62459">
        <ele>82.0</ele>
      </trkpt>
      <trkpt lat="48.16442" lon="0.62424">
        <ele>82.0</ele>
      </trkpt>
      <trkpt lat="48.16435" lon="0.62404">
        <ele>83.0</ele>
      </trkpt>
      <trkpt lat="48.16425" lon="0.62385">
        <ele>83.0</ele>
      </trkpt>
      <trkpt lat="48.16409" lon="0.62358">
        <ele>84.0</ele>
      </trkpt>
      <trkpt lat="48.164" lon="0.6234">
        <ele>85.0</ele>
      </trkpt>
      <trkpt lat="48.16384" lon="0.62298">
        <ele>85.0</ele>
      </trkpt>
      <trkpt lat="48.16372" lon="0.6227">
        <ele>85.0</ele>
      </trkpt>
      <trkpt lat="48.16358" lon="0.62246">
        <ele>85.0</ele>
      </trkpt>
      <trkpt lat="48.16298" lon="0.62168">
        <ele>85.0</ele>
      </trkpt>
      <trkpt lat="48.16272" lon="0.62121">
        <ele>85.0</ele>
      </trkpt>
      <trkpt lat="48.16256" lon="0.62099">
        <ele>85.0</ele>
      </trkpt>
      <trkpt lat="48.16144" lon="0.61975">
        <ele>84.0</ele>
      </trkpt>
      <trkpt lat="48.16126" lon="0.61943">
        <ele>84.0</ele>
      </trkpt>
      <trkpt lat="48.16058" lon="0.61784">
        <ele>85.0</ele>
      </trkpt>
      <trkpt lat="48.16047" lon="0.61761">
        <ele>85.0</ele>
      </trkpt>
      <trkpt lat="48.16038" lon="0.61742">
        <ele>85.0</ele>
      </trkpt>
      <trkpt lat="48.1603" lon="0.61726">
        <ele>85.0</ele>
      </trkpt>
      <trkpt lat="48.16006" lon="0.61686">
        <ele>84.0</ele>
      </trkpt>
      <trkpt lat="48.15752" lon="0.61294">
        <ele>84.0</ele>
      </trkpt>
      <trkpt lat="48.15723" lon="0.61259">
        <ele>83.0</ele>
      </trkpt>
      <trkpt lat="48.15672" lon="0.61211">
        <ele>82.0</ele>
      </trkpt>
      <trkpt lat="48.15669" lon="0.61205">
        <ele>82.0</ele>
      </trkpt>
      <trkpt lat="48.15663" lon="0.61194">
        <ele>82.0</ele>
      </trkpt>
      <trkpt lat="48.15661" lon="0.61186">
        <ele>82.0</ele>
      </trkpt>
      <trkpt lat="48.15659" lon="0.61169">
        <ele>83.0</ele>
      </trkpt>
      <trkpt lat="48.1566" lon="0.61152">
        <ele>83.0</ele>
      </trkpt>
      <trkpt lat="48.15662" lon="0.61146">
        <ele>83.0</ele>
      </trkpt>
      <trkpt lat="48.15664" lon="0.6114">
        <ele>84.0</ele>
      </trkpt>
      <trkpt lat="48.15671" lon="0.61126">
        <ele>84.0</ele>
      </trkpt>
      <trkpt lat="48.15677" lon="0.61113">
        <ele>85.0</ele>
      </trkpt>
      <trkpt lat="48.15679" lon="0.61106">
        <ele>85.0</ele>
      </trkpt>
      <trkpt lat="48.1568" lon="0.61097">
        <ele>85.0</ele>
      </trkpt>
      <trkpt lat="48.15679" lon="0.61082">
        <ele>85.0</ele>
      </trkpt>
      <trkpt lat="48.15675" lon="0.61065">
        <ele>85.0</ele>
      </trkpt>
      <trkpt lat="48.15672" lon="0.61056">
        <ele>85.0</ele>
      </trkpt>
      <trkpt lat="48.15616" lon="0.60934">
        <ele>86.0</ele>
      </trkpt>
      <trkpt lat="48.15593" lon="0.60875">
        <ele>88.0</ele>
      </trkpt>
      <trkpt lat="48.1557" lon="0.60828">
        <ele>90.0</ele>
      </trkpt>
      <trkpt lat="48.15523" lon="0.60729">
        <ele>90.0</ele>
      </trkpt>
      <trkpt lat="48.15498" lon="0.60656">
        <ele>91.0</ele>
      </trkpt>
      <trkpt lat="48.15484" lon="0.60592">
        <ele>92.0</ele>
      </trkpt>
      <trkpt lat="48.15477" lon="0.60568">
        <ele>92.0</ele>
      </trkpt>
      <trkpt lat="48.15466" lon="0.60546">
        <ele>92.0</ele>
      </trkpt>
      <trkpt lat="48.15409" lon="0.60496">
        <ele>91.0</ele>
      </trkpt>
      <trkpt lat="48.15399" lon="0.60475">
        <ele>90.0</ele>
      </trkpt>
      <trkpt lat="48.1538" lon="0.60423">
        <ele>90.0</ele>
      </trkpt>
      <trkpt lat="48.15371" lon="0.60406">
        <ele>90.0</ele>
      </trkpt>
      <trkpt lat="48.15361" lon="0.60391">
        <ele>90.0</ele>
      </trkpt>
      <trkpt lat="48.1535" lon="0.60376">
        <ele>90.0</ele>
      </trkpt>
      <trkpt lat="48.15274" lon="0.60259">
        <ele>91.0</ele>
      </trkpt>
      <trkpt lat="48.15173" lon="0.60083">
        <ele>93.0</ele>
      </trkpt>
      <trkpt lat="48.15154" lon="0.60054">
        <ele>94.0</ele>
      </trkpt>
      <trkpt lat="48.15127" lon="0.60028">
        <ele>94.0</ele>
      </trkpt>
      <trkpt lat="48.15027" lon="0.59966">
        <ele>91.0</ele>
      </trkpt>
      <trkpt lat="48.1499" lon="0.59934">
        <ele>90.0</ele>
      </trkpt>
      <trkpt lat="48.14925" lon="0.59852">
        <ele>90.0</ele>
      </trkpt>
      <trkpt lat="48.14897" lon="0.59809">
        <ele>91.0</ele>
      </trkpt>
      <trkpt lat="48.14879" lon="0.59786">
        <ele>92.0</ele>
      </trkpt>
      <trkpt lat="48.14859" lon="0.59769">
        <ele>92.0</ele>
      </trkpt>
      <trkpt lat="48.14849" lon="0.59761">
        <ele>92.0</ele>
      </trkpt>
      <trkpt lat="48.14827" lon="0.59742">
        <ele>91.0</ele>
      </trkpt>
      <trkpt lat="48.1482" lon="0.59735">
        <ele>91.0</ele>
      </trkpt>
      <trkpt lat="48.14787" lon="0.59703">
        <ele>89.0</ele>
      </trkpt>
      <trkpt lat="48.14737" lon="0.59643">
        <ele>87.0</ele>
      </trkpt>
      <trkpt lat="48.14719" lon="0.59613">
        <ele>87.0</ele>
      </trkpt>
      <trkpt lat="48.14704" lon="0.59584">
        <ele>87.0</ele>
      </trkpt>
      <trkpt lat="48.14694" lon="0.59546">
        <ele>87.0</ele>
      </trkpt>
      <trkpt lat="48.14684" lon="0.59497">
        <ele>87.0</ele>
      </trkpt>
      <trkpt lat="48.14672" lon="0.59466">
        <ele>86.0</ele>
      </trkpt>
      <trkpt lat="48.14654" lon="0.59438">
        <ele>86.0</ele>
      </trkpt>
      <trkpt lat="48.14645" lon="0.59427">
        <ele>87.0</ele>
      </trkpt>
      <trkpt lat="48.14575" lon="0.59334">
        <ele>90.0</ele>
      </trkpt>
      <trkpt lat="48.14543" lon="0.59279">
        <ele>92.0</ele>
      </trkpt>
      <trkpt lat="48.1451" lon="0.59216">
        <ele>92.0</ele>
      </trkpt>
      <trkpt lat="48.14482" lon="0.59161">
        <ele>91.0</ele>
      </trkpt>
      <trkpt lat="48.14468" lon="0.5913">
        <ele>90.0</ele>
      </trkpt>
      <trkpt lat="48.14458" lon="0.59084">
        <ele>89.0</ele>
      </trkpt>
      <trkpt lat="48.14454" lon="0.59061">
        <ele>89.0</ele>
      </trkpt>
      <trkpt lat="48.14442" lon="0.58956">
        <ele>88.0</ele>
      </trkpt>
      <trkpt lat="48.14435" lon="0.5887">
        <ele>87.0</ele>
      </trkpt>
      <trkpt lat="48.14427" lon="0.58805">
        <ele>88.0</ele>
      </trkpt>
      <trkpt lat="48.14414" lon="0.58731">
        <ele>88.0</ele>
      </trkpt>
      <trkpt lat="48.14407" lon="0.58703">
        <ele>88.0</ele>
      </trkpt>
      <trkpt lat="48.14392" lon="0.58648">
        <ele>88.0</ele>
      </trkpt>
      <trkpt lat="48.14387" lon="0.58623">
        <ele>88.0</ele>
      </trkpt>
      <trkpt lat="48.1438" lon="0.58574">
        <ele>87.0</ele>
      </trkpt>
      <trkpt lat="48.14373" lon="0.58509">
        <ele>88.0</ele>
      </trkpt>
      <trkpt lat="48.14371" lon="0.58499">
        <ele>88.0</ele>
      </trkpt>
      <trkpt lat="48.14356" lon="0.58402">
        <ele>89.0</ele>
      </trkpt>
      <trkpt lat="48.14348" lon="0.5837">
        <ele>91.0</ele>
      </trkpt>
      <trkpt lat="48.14341" lon="0.5835">
        <ele>91.0</ele>
      </trkpt>
      <trkpt lat="48.14319" lon="0.58303">
        <ele>90.0</ele>
      </trkpt>
      <trkpt lat="48.14294" lon="0.58253">
        <ele>88.0</ele>
      </trkpt>
      <trkpt lat="48.14278" lon="0.58216">
        <ele>87.0</ele>
      </trkpt>
      <trkpt lat="48.14239" lon="0.58087">
        <ele>84.0</ele>
      </trkpt>
      <trkpt lat="48.1423" lon="0.58058">
        <ele>84.0</ele>
      </trkpt>
      <trkpt lat="48.14212" lon="0.58013">
        <ele>84.0</ele>
      </trkpt>
      <trkpt lat="48.14195" lon="0.57987">
        <ele>84.0</ele>
      </trkpt>
      <trkpt lat="48.14172" lon="0.5796">
        <ele>83.0</ele>
      </trkpt>
      <trkpt lat="48.14132" lon="0.57921">
        <ele>83.0</ele>
      </trkpt>
      <trkpt lat="48.14047" lon="0.57845">
        <ele>83.0</ele>
      </trkpt>
      <trkpt lat="48.14009" lon="0.57811">
        <ele>82.0</ele>
      </trkpt>
      <trkpt lat="48.13911" lon="0.5774">
        <ele>82.0</ele>
      </trkpt>
      <trkpt lat="48.13856" lon="0.57688">
        <ele>81.0</ele>
      </trkpt>
      <trkpt lat="48.13841" lon="0.57674">
        <ele>80.0</ele>
      </trkpt>
      <trkpt lat="48.13679" lon="0.57508">
        <ele>82.0</ele>
      </trkpt>
      <trkpt lat="48.13636" lon="0.5746">
        <ele>82.0</ele>
      </trkpt>
      <trkpt lat="48.13618" lon="0.57444">
        <ele>82.0</ele>
      </trkpt>
      <trkpt lat="48.1357" lon="0.57403">
        <ele>82.0</ele>
      </trkpt>
      <trkpt lat="48.1337" lon="0.57249">
        <ele>86.0</ele>
      </trkpt>
      <trkpt lat="48.13308" lon="0.57202">
        <ele>87.0</ele>
      </trkpt>
      <trkpt lat="48.13284" lon="0.57181">
        <ele>87.0</ele>
      </trkpt>
      <trkpt lat="48.13272" lon="0.57167">
        <ele>86.0</ele>
      </trkpt>
      <trkpt lat="48.13266" lon="0.57155">
        <ele>87.0</ele>
      </trkpt>
      <trkpt lat="48.1326" lon="0.57139">
        <ele>88.0</ele>
      </trkpt>
      <trkpt lat="48.13253" lon="0.57117">
        <ele>89.0</ele>
      </trkpt>
      <trkpt lat="48.13246" lon="0.57085">
        <ele>91.0</ele>
      </trkpt>
      <trkpt lat="48.13236" lon="0.57018">
        <ele>90.0</ele>
      </trkpt>
      <trkpt lat="48.13235" lon="0.57007">
        <ele>90.0</ele>
      </trkpt>
      <trkpt lat="48.13232" lon="0.56994">
        <ele>90.0</ele>
      </trkpt>
      <trkpt lat="48.13227" lon="0.56986">
        <ele>90.0</ele>
      </trkpt>
      <trkpt lat="48.13218" lon="0.56977">
        <ele>89.0</ele>
      </trkpt>
      <trkpt lat="48.13209" lon="0.56998">
        <ele>89.0</ele>
      </trkpt>
      <trkpt lat="48.13162" lon="0.57101">
        <ele>86.0</ele>
      </trkpt>
      <trkpt lat="48.13145" lon="0.57134">
        <ele>85.0</ele>
      </trkpt>
      <trkpt lat="48.13134" lon="0.57151">
        <ele>84.0</ele>
      </trkpt>
      <trkpt lat="48.1312" lon="0.57166">
        <ele>84.0</ele>
      </trkpt>
      <trkpt lat="48.13108" lon="0.57177">
        <ele>84.0</ele>
      </trkpt>
      <trkpt lat="48.13096" lon="0.57184">
        <ele>84.0</ele>
      </trkpt>
      <trkpt lat="48.13071" lon="0.5719">
        <ele>84.0</ele>
      </trkpt>
      <trkpt lat="48.13063" lon="0.57192">
        <ele>84.0</ele>
      </trkpt>
      <trkpt lat="48.12977" lon="0.57201">
        <ele>82.0</ele>
      </trkpt>
      <trkpt lat="48.12946" lon="0.572">
        <ele>81.0</ele>
      </trkpt>
      <trkpt lat="48.12934" lon="0.57198">
        <ele>81.0</ele>
      </trkpt>
      <trkpt lat="48.1292" lon="0.57192">
        <ele>80.0</ele>
      </trkpt>
      <trkpt lat="48.129" lon="0.57181">
        <ele>80.0</ele>
      </trkpt>
      <trkpt lat="48.12874" lon="0.5717">
        <ele>80.0</ele>
      </trkpt>
      <trkpt lat="48.12859" lon="0.57166">
        <ele>81.0</ele>
      </trkpt>
      <trkpt lat="48.12842" lon="0.57165">
        <ele>81.0</ele>
      </trkpt>
      <trkpt lat="48.12833" lon="0.57163">
        <ele>81.0</ele>
      </trkpt>
      <trkpt lat="48.12808" lon="0.57159">
        <ele>81.0</ele>
      </trkpt>
      <trkpt lat="48.12793" lon="0.57151">
        <ele>81.0</ele>
      </trkpt>
      <trkpt lat="48.12677" lon="0.57075">
        <ele>81.0</ele>
      </trkpt>
      <trkpt lat="48.12662" lon="0.5707">
        <ele>81.0</ele>
      </trkpt>
      <trkpt lat="48.12654" lon="0.57068">
        <ele>82.0</ele>
      </trkpt>
      <trkpt lat="48.12642" lon="0.57067">
        <ele>82.0</ele>
      </trkpt>
      <trkpt lat="48.12624" lon="0.57069">
        <ele>83.0</ele>
      </trkpt>
      <trkpt lat="48.12586" lon="0.57077">
        <ele>84.0</ele>
      </trkpt>
      <trkpt lat="48.12563" lon="0.57085">
        <ele>83.0</ele>
      </trkpt>
      <trkpt lat="48.12534" lon="0.57097">
        <ele>82.0</ele>
      </trkpt>
      <trkpt lat="48.12388" lon="0.57157">
        <ele>80.0</ele>
      </trkpt>
      <trkpt lat="48.12275" lon="0.57204">
        <ele>80.0</ele>
      </trkpt>
      <trkpt lat="48.12259" lon="0.57209">
        <ele>80.0</ele>
      </trkpt>
      <trkpt lat="48.12237" lon="0.57214">
        <ele>79.0</ele>
      </trkpt>
      <trkpt lat="48.12214" lon="0.57218">
        <ele>79.0</ele>
      </trkpt>
      <trkpt lat="48.12135" lon="0.57225">
        <ele>79.0</ele>
      </trkpt>
      <trkpt lat="48.12101" lon="0.57226">
        <ele>79.0</ele>
      </trkpt>
      <trkpt lat="48.12036" lon="0.57228">
        <ele>80.0</ele>
      </trkpt>
      <trkpt lat="48.1202" lon="0.57222">
        <ele>80.0</ele>
      </trkpt>
      <trkpt lat="48.1201" lon="0.57213">
        <ele>80.0</ele>
      </trkpt>
      <trkpt lat="48.11962" lon="0.57154">
        <ele>80.0</ele>
      </trkpt>
      <trkpt lat="48.11923" lon="0.57104">
        <ele>80.0</ele>
      </trkpt>
      <trkpt lat="48.11908" lon="0.57087">
        <ele>80.0</ele>
      </trkpt>
      <trkpt lat="48.11895" lon="0.57081">
        <ele>80.0</ele>
      </trkpt>
      <trkpt lat="48.1188" lon="0.57076">
        <ele>80.0</ele>
      </trkpt>
      <trkpt lat="48.11846" lon="0.57071">
        <ele>79.0</ele>
      </trkpt>
      <trkpt lat="48.11817" lon="0.5706">
        <ele>79.0</ele>
      </trkpt>
      <trkpt lat="48.1179" lon="0.57047">
        <ele>78.0</ele>
      </trkpt>
      <trkpt lat="48.11776" lon="0.57036">
        <ele>78.0</ele>
      </trkpt>
      <trkpt lat="48.11713" lon="0.56953">
        <ele>78.0</ele>
      </trkpt>
      <trkpt lat="48.11694" lon="0.56934">
        <ele>78.0</ele>
      </trkpt>
      <trkpt lat="48.11654" lon="0.56906">
        <ele>78.0</ele>
      </trkpt>
      <trkpt lat="48.11622" lon="0.56868">
        <ele>78.0</ele>
      </trkpt>
      <trkpt lat="48.11578" lon="0.56821">
        <ele>78.0</ele>
      </trkpt>
      <trkpt lat="48.11516" lon="0.56771">
        <ele>80.0</ele>
      </trkpt>
      <trkpt lat="48.11494" lon="0.56745">
        <ele>80.0</ele>
      </trkpt>
      <trkpt lat="48.11452" lon="0.56687">
        <ele>79.0</ele>
      </trkpt>
      <trkpt lat="48.11414" lon="0.56637">
        <ele>79.0</ele>
      </trkpt>
      <trkpt lat="48.11397" lon="0.5661">
        <ele>80.0</ele>
      </trkpt>
      <trkpt lat="48.11379" lon="0.56592">
        <ele>80.0</ele>
      </trkpt>
      <trkpt lat="48.11349" lon="0.56565">
        <ele>80.0</ele>
      </trkpt>
      <trkpt lat="48.11305" lon="0.5653">
        <ele>82.0</ele>
      </trkpt>
      <trkpt lat="48.11284" lon="0.56506">
        <ele>83.0</ele>
      </trkpt>
      <trkpt lat="48.1127" lon="0.56483">
        <ele>84.0</ele>
      </trkpt>
      <trkpt lat="48.11262" lon="0.56466">
        <ele>84.0</ele>
      </trkpt>
      <trkpt lat="48.11258" lon="0.56457">
        <ele>84.0</ele>
      </trkpt>
      <trkpt lat="48.11234" lon="0.56391">
        <ele>85.0</ele>
      </trkpt>
      <trkpt lat="48.11218" lon="0.56345">
        <ele>83.0</ele>
      </trkpt>
      <trkpt lat="48.11209" lon="0.5631">
        <ele>83.0</ele>
      </trkpt>
      <trkpt lat="48.11208" lon="0.56295">
        <ele>83.0</ele>
      </trkpt>
      <trkpt lat="48.11205" lon="0.56266">
        <ele>84.0</ele>
      </trkpt>
      <trkpt lat="48.11202" lon="0.56241">
        <ele>84.0</ele>
      </trkpt>
      <trkpt lat="48.11181" lon="0.56243">
        <ele>83.0</ele>
      </trkpt>
      <trkpt lat="48.11175" lon="0.56239">
        <ele>82.0</ele>
      </trkpt>
      <trkpt lat="48.11163" lon="0.56227">
        <ele>82.0</ele>
      </trkpt>
      <trkpt lat="48.11142" lon="0.56201">
        <ele>82.0</ele>
      </trkpt>
      <trkpt lat="48.11119" lon="0.5618">
        <ele>81.0</ele>
      </trkpt>
      <trkpt lat="48.11063" lon="0.56131">
        <ele>80.0</ele>
      </trkpt>
      <trkpt lat="48.11013" lon="0.56085">
        <ele>80.0</ele>
      </trkpt>
      <trkpt lat="48.10987" lon="0.56064">
        <ele>80.0</ele>
      </trkpt>
      <trkpt lat="48.10969" lon="0.56052">
        <ele>79.0</ele>
      </trkpt>
      <trkpt lat="48.10952" lon="0.56042">
        <ele>79.0</ele>
      </trkpt>
      <trkpt lat="48.10915" lon="0.56029">
        <ele>79.0</ele>
      </trkpt>
      <trkpt lat="48.1088" lon="0.56014">
        <ele>79.0</ele>
      </trkpt>
      <trkpt lat="48.10874" lon="0.56012">
        <ele>79.0</ele>
      </trkpt>
      <trkpt lat="48.10833" lon="0.55998">
        <ele>78.0</ele>
      </trkpt>
      <trkpt lat="48.10818" lon="0.5599">
        <ele>78.0</ele>
      </trkpt>
      <trkpt lat="48.10812" lon="0.55985">
        <ele>78.0</ele>
      </trkpt>
      <trkpt lat="48.10805" lon="0.55978">
        <ele>78.0</ele>
      </trkpt>
      <trkpt lat="48.10787" lon="0.55953">
        <ele>78.0</ele>
      </trkpt>
      <trkpt lat="48.10776" lon="0.55933">
        <ele>78.0</ele>
      </trkpt>
      <trkpt lat="48.10756" lon="0.55892">
        <ele>77.0</ele>
      </trkpt>
      <trkpt lat="48.1075" lon="0.55864">
        <ele>77.0</ele>
      </trkpt>
      <trkpt lat="48.10747" lon="0.55829">
        <ele>77.0</ele>
      </trkpt>
      <trkpt lat="48.10742" lon="0.55787">
        <ele>77.0</ele>
      </trkpt>
      <trkpt lat="48.10735" lon="0.55761">
        <ele>77.0</ele>
      </trkpt>
      <trkpt lat="48.10722" lon="0.55728">
        <ele>77.0</ele>
      </trkpt>
      <trkpt lat="48.10705" lon="0.55694">
        <ele>77.0</ele>
      </trkpt>
      <trkpt lat="48.10682" lon="0.55643">
        <ele>77.0</ele>
      </trkpt>
      <trkpt lat="48.10665" lon="0.556">
        <ele>77.0</ele>
      </trkpt>
      <trkpt lat="48.10644" lon="0.55552">
        <ele>77.0</ele>
      </trkpt>
      <trkpt lat="48.10627" lon="0.55529">
        <ele>77.0</ele>
      </trkpt>
      <trkpt lat="48.10478" lon="0.55374">
        <ele>76.0</ele>
      </trkpt>
      <trkpt lat="48.10457" lon="0.5534">
        <ele>76.0</ele>
      </trkpt>
      <trkpt lat="48.10443" lon="0.55293">
        <ele>76.0</ele>
      </trkpt>
      <trkpt lat="48.10429" lon="0.55235">
        <ele>77.0</ele>
      </trkpt>
      <trkpt lat="48.10402" lon="0.55112">
        <ele>78.0</ele>
      </trkpt>
      <trkpt lat="48.1039" lon="0.55068">
        <ele>78.0</ele>
      </trkpt>
      <trkpt lat="48.10361" lon="0.55007">
        <ele>78.0</ele>
      </trkpt>
      <trkpt lat="48.10323" lon="0.5495">
        <ele>78.0</ele>
      </trkpt>
      <trkpt lat="48.10298" lon="0.54924">
        <ele>78.0</ele>
      </trkpt>
      <trkpt lat="48.10258" lon="0.54882">
        <ele>76.0</ele>
      </trkpt>
      <trkpt lat="48.10221" lon="0.54855">
        <ele>76.0</ele>
      </trkpt>
      <trkpt lat="48.10194" lon="0.5484">
        <ele>75.0</ele>
      </trkpt>
      <trkpt lat="48.10138" lon="0.54821">
        <ele>74.0</ele>
      </trkpt>
      <trkpt lat="48.10115" lon="0.54817">
        <ele>75.0</ele>
      </trkpt>
      <trkpt lat="48.10035" lon="0.54815">
        <ele>74.0</ele>
      </trkpt>
      <trkpt lat="48.10014" lon="0.54808">
        <ele>74.0</ele>
      </trkpt>
      <trkpt lat="48.09998" lon="0.5479">
        <ele>74.0</ele>
      </trkpt>
      <trkpt lat="48.09972" lon="0.54753">
        <ele>74.0</ele>
      </trkpt>
      <trkpt lat="48.09941" lon="0.54693">
        <ele>75.0</ele>
      </trkpt>
      <trkpt lat="48.09917" lon="0.54649">
        <ele>75.0</ele>
      </trkpt>
      <trkpt lat="48.09904" lon="0.54629">
        <ele>75.0</ele>
      </trkpt>
      <trkpt lat="48.09897" lon="0.54622">
        <ele>76.0</ele>
      </trkpt>
      <trkpt lat="48.0988" lon="0.54605">
        <ele>76.0</ele>
      </trkpt>
      <trkpt lat="48.09856" lon="0.54576">
        <ele>76.0</ele>
      </trkpt>
      <trkpt lat="48.09815" lon="0.54517">
        <ele>75.0</ele>
      </trkpt>
      <trkpt lat="48.09788" lon="0.54465">
        <ele>75.0</ele>
      </trkpt>
      <trkpt lat="48.09764" lon="0.54422">
        <ele>75.0</ele>
      </trkpt>
      <trkpt lat="48.0974" lon="0.54384">
        <ele>75.0</ele>
      </trkpt>
      <trkpt lat="48.09718" lon="0.54364">
        <ele>76.0</ele>
      </trkpt>
      <trkpt lat="48.09698" lon="0.54344">
        <ele>76.0</ele>
      </trkpt>
      <trkpt lat="48.09684" lon="0.54327">
        <ele>76.0</ele>
      </trkpt>
      <trkpt lat="48.09647" lon="0.54269">
        <ele>75.0</ele>
      </trkpt>
      <trkpt lat="48.09634" lon="0.54247">
        <ele>75.0</ele>
      </trkpt>
      <trkpt lat="48.0958" lon="0.54164">
        <ele>72.0</ele>
      </trkpt>
      <trkpt lat="48.0954" lon="0.54107">
        <ele>73.0</ele>
      </trkpt>
      <trkpt lat="48.09504" lon="0.54052">
        <ele>74.0</ele>
      </trkpt>
      <trkpt lat="48.09499" lon="0.54045">
        <ele>74.0</ele>
      </trkpt>
      <trkpt lat="48.09496" lon="0.5404">
        <ele>73.0</ele>
      </trkpt>
      <trkpt lat="48.09552" lon="0.53972">
        <ele>74.0</ele>
      </trkpt>
      <trkpt lat="48.0955" lon="0.53966">
        <ele>74.0</ele>
      </trkpt>
      <trkpt lat="48.09538" lon="0.53894">
        <ele>75.0</ele>
      </trkpt>
      <trkpt lat="48.09533" lon="0.53857">
        <ele>76.0</ele>
      </trkpt>
      <trkpt lat="48.09525" lon="0.53824">
        <ele>77.0</ele>
      </trkpt>
      <trkpt lat="48.09515" lon="0.53791">
        <ele>78.0</ele>
      </trkpt>
      <trkpt lat="48.09489" lon="0.53732">
        <ele>79.0</ele>
      </trkpt>
      <trkpt lat="48.0947" lon="0.53669">
        <ele>79.0</ele>
      </trkpt>
      <trkpt lat="48.09459" lon="0.53611">
        <ele>79.0</ele>
      </trkpt>
      <trkpt lat="48.09446" lon="0.53515">
        <ele>79.0</ele>
      </trkpt>
      <trkpt lat="48.09435" lon="0.53446">
        <ele>78.0</ele>
      </trkpt>
      <trkpt lat="48.09424" lon="0.53407">
        <ele>78.0</ele>
      </trkpt>
      <trkpt lat="48.09401" lon="0.53363">
        <ele>77.0</ele>
      </trkpt>
      <trkpt lat="48.09357" lon="0.53299">
        <ele>78.0</ele>
      </trkpt>
      <trkpt lat="48.09339" lon="0.53264">
        <ele>78.0</ele>
      </trkpt>
      <trkpt lat="48.09308" lon="0.53205">
        <ele>77.0</ele>
      </trkpt>
      <trkpt lat="48.0928" lon="0.53167">
        <ele>77.0</ele>
      </trkpt>
      <trkpt lat="48.09245" lon="0.53137">
        <ele>77.0</ele>
      </trkpt>
      <trkpt lat="48.09201" lon="0.53109">
        <ele>77.0</ele>
      </trkpt>
      <trkpt lat="48.09146" lon="0.53049">
        <ele>76.0</ele>
      </trkpt>
      <trkpt lat="48.09118" lon="0.5301">
        <ele>76.0</ele>
      </trkpt>
      <trkpt lat="48.09106" lon="0.52983">
        <ele>76.0</ele>
      </trkpt>
      <trkpt lat="48.09093" lon="0.52963">
        <ele>76.0</ele>
      </trkpt>
      <trkpt lat="48.09079" lon="0.52913">
        <ele>76.0</ele>
      </trkpt>
      <trkpt lat="48.09036" lon="0.52782">
        <ele>76.0</ele>
      </trkpt>
      <trkpt lat="48.08973" lon="0.52579">
        <ele>76.0</ele>
      </trkpt>
      <trkpt lat="48.0893" lon="0.52442">
        <ele>75.0</ele>
      </trkpt>
      <trkpt lat="48.08887" lon="0.52313">
        <ele>75.0</ele>
      </trkpt>
      <trkpt lat="48.08845" lon="0.52182">
        <ele>75.0</ele>
      </trkpt>
      <trkpt lat="48.08815" lon="0.52084">
        <ele>76.0</ele>
      </trkpt>
      <trkpt lat="48.08785" lon="0.51993">
        <ele>75.0</ele>
      </trkpt>
      <trkpt lat="48.0874" lon="0.51868">
        <ele>76.0</ele>
      </trkpt>
      <trkpt lat="48.08713" lon="0.518">
        <ele>75.0</ele>
      </trkpt>
      <trkpt lat="48.0862" lon="0.51581">
        <ele>76.0</ele>
      </trkpt>
      <trkpt lat="48.08591" lon="0.51509">
        <ele>74.0</ele>
      </trkpt>
      <trkpt lat="48.08584" lon="0.51484">
        <ele>73.0</ele>
      </trkpt>
      <trkpt lat="48.08583" lon="0.51456">
        <ele>74.0</ele>
      </trkpt>
      <trkpt lat="48.0859" lon="0.51435">
        <ele>74.0</ele>
      </trkpt>
      <trkpt lat="48.086" lon="0.51421">
        <ele>74.0</ele>
      </trkpt>
      <trkpt lat="48.08617" lon="0.51407">
        <ele>75.0</ele>
      </trkpt>
      <trkpt lat="48.08635" lon="0.514">
        <ele>75.0</ele>
      </trkpt>
      <trkpt lat="48.08654" lon="0.51395">
        <ele>75.0</ele>
      </trkpt>
      <trkpt lat="48.08673" lon="0.51395">
        <ele>76.0</ele>
      </trkpt>
      <trkpt lat="48.08687" lon="0.51399">
        <ele>76.0</ele>
      </trkpt>
      <trkpt lat="48.08695" lon="0.51394">
        <ele>77.0</ele>
      </trkpt>
      <trkpt lat="48.08702" lon="0.51384">
        <ele>77.0</ele>
      </trkpt>
      <trkpt lat="48.08706" lon="0.51362">
        <ele>78.0</ele>
      </trkpt>
      <trkpt lat="48.08704" lon="0.51346">
        <ele>78.0</ele>
      </trkpt>
      <trkpt lat="48.08704" lon="0.5134">
        <ele>78.0</ele>
      </trkpt>
      <trkpt lat="48.08696" lon="0.51321">
        <ele>77.0</ele>
      </trkpt>
      <trkpt lat="48.08688" lon="0.51312">
        <ele>77.0</ele>
      </trkpt>
      <trkpt lat="48.08681" lon="0.51309">
        <ele>77.0</ele>
      </trkpt>
      <trkpt lat="48.08673" lon="0.5131">
        <ele>76.0</ele>
      </trkpt>
      <trkpt lat="48.08666" lon="0.51318">
        <ele>76.0</ele>
      </trkpt>
      <trkpt lat="48.08657" lon="0.51332">
        <ele>77.0</ele>
      </trkpt>
      <trkpt lat="48.08651" lon="0.51339">
        <ele>77.0</ele>
      </trkpt>
      <trkpt lat="48.08643" lon="0.51344">
        <ele>76.0</ele>
      </trkpt>
      <trkpt lat="48.08576" lon="0.51366">
        <ele>74.0</ele>
      </trkpt>
      <trkpt lat="48.0856" lon="0.5137">
        <ele>74.0</ele>
      </trkpt>
      <trkpt lat="48.08548" lon="0.51369">
        <ele>74.0</ele>
      </trkpt>
      <trkpt lat="48.08537" lon="0.51363">
        <ele>74.0</ele>
      </trkpt>
      <trkpt lat="48.08527" lon="0.51351">
        <ele>74.0</ele>
      </trkpt>
      <trkpt lat="48.08513" lon="0.51319">
        <ele>73.0</ele>
      </trkpt>
      <trkpt lat="48.08492" lon="0.51273">
        <ele>72.0</ele>
      </trkpt>
      <trkpt lat="48.08466" lon="0.51207">
        <ele>71.0</ele>
      </trkpt>
      <trkpt lat="48.08447" lon="0.51148">
        <ele>70.0</ele>
      </trkpt>
      <trkpt lat="48.08419" lon="0.51095">
        <ele>70.0</ele>
      </trkpt>
      <trkpt lat="48.08378" lon="0.51001">
        <ele>71.0</ele>
      </trkpt>
      <trkpt lat="48.08352" lon="0.50935">
        <ele>71.0</ele>
      </trkpt>
      <trkpt lat="48.08316" lon="0.50854">
        <ele>70.0</ele>
      </trkpt>
      <trkpt lat="48.08293" lon="0.50803">
        <ele>70.0</ele>
      </trkpt>
      <trkpt lat="48.08284" lon="0.5078">
        <ele>70.0</ele>
      </trkpt>
      <trkpt lat="48.08284" lon="0.50768">
        <ele>70.0</ele>
      </trkpt>
      <trkpt lat="48.08288" lon="0.5075">
        <ele>70.0</ele>
      </trkpt>
      <trkpt lat="48.08289" lon="0.50745">
        <ele>71.0</ele>
      </trkpt>
      <trkpt lat="48.08294" lon="0.50737">
        <ele>71.0</ele>
      </trkpt>
      <trkpt lat="48.08279" lon="0.50719">
        <ele>71.0</ele>
      </trkpt>
      <trkpt lat="48.08246" lon="0.50664">
        <ele>71.0</ele>
      </trkpt>
      <trkpt lat="48.0822" lon="0.50611">
        <ele>70.0</ele>
      </trkpt>
      <trkpt lat="48.08197" lon="0.5056">
        <ele>70.0</ele>
      </trkpt>
      <trkpt lat="48.08156" lon="0.50458">
        <ele>70.0</ele>
      </trkpt>
      <trkpt lat="48.08115" lon="0.50352">
        <ele>69.0</ele>
      </trkpt>
      <trkpt lat="48.08079" lon="0.50265">
        <ele>68.0</ele>
      </trkpt>
      <trkpt lat="48.07983" lon="0.50045">
        <ele>69.0</ele>
      </trkpt>
      <trkpt lat="48.07933" lon="0.49921">
        <ele>69.0</ele>
      </trkpt>
      <trkpt lat="48.07835" lon="0.49693">
        <ele>68.0</ele>
      </trkpt>
      <trkpt lat="48.07781" lon="0.49563">
        <ele>68.0</ele>
      </trkpt>
      <trkpt lat="48.07743" lon="0.49476">
        <ele>68.0</ele>
      </trkpt>
      <trkpt lat="48.07735" lon="0.4945">
        <ele>69.0</ele>
      </trkpt>
      <trkpt lat="48.07735" lon="0.49431">
        <ele>69.0</ele>
      </trkpt>
      <trkpt lat="48.07737" lon="0.4941">
        <ele>69.0</ele>
      </trkpt>
      <trkpt lat="48.07783" lon="0.49304">
        <ele>70.0</ele>
      </trkpt>
      <trkpt lat="48.07835" lon="0.49198">
        <ele>72.0</ele>
      </trkpt>
      <trkpt lat="48.0785" lon="0.49164">
        <ele>73.0</ele>
      </trkpt>
      <trkpt lat="48.07849" lon="0.49139">
        <ele>74.0</ele>
      </trkpt>
      <trkpt lat="48.07837" lon="0.49112">
        <ele>74.0</ele>
      </trkpt>
      <trkpt lat="48.07809" lon="0.49062">
        <ele>74.0</ele>
      </trkpt>
      <trkpt lat="48.07771" lon="0.49003">
        <ele>74.0</ele>
      </trkpt>
      <trkpt lat="48.07734" lon="0.48936">
        <ele>73.0</ele>
      </trkpt>
      <trkpt lat="48.07649" lon="0.48742">
        <ele>72.0</ele>
      </trkpt>
      <trkpt lat="48.07619" lon="0.4867">
        <ele>72.0</ele>
      </trkpt>
      <trkpt lat="48.07576" lon="0.48568">
        <ele>72.0</ele>
      </trkpt>
      <trkpt lat="48.07538" lon="0.48467">
        <ele>72.0</ele>
      </trkpt>
      <trkpt lat="48.07518" lon="0.48389">
        <ele>72.0</ele>
      </trkpt>
      <trkpt lat="48.07516" lon="0.48376">
        <ele>72.0</ele>
      </trkpt>
      <trkpt lat="48.07515" lon="0.48365">
        <ele>72.0</ele>
      </trkpt>
      <trkpt lat="48.07517" lon="0.48335">
        <ele>73.0</ele>
      </trkpt>
      <trkpt lat="48.07522" lon="0.48334">
        <ele>73.0</ele>
      </trkpt>
      <trkpt lat="48.07527" lon="0.48331">
        <ele>74.0</ele>
      </trkpt>
      <trkpt lat="48.07531" lon="0.48326">
        <ele>74.0</ele>
      </trkpt>
      <trkpt lat="48.07535" lon="0.4832">
        <ele>74.0</ele>
      </trkpt>
      <trkpt lat="48.07537" lon="0.4831">
        <ele>75.0</ele>
      </trkpt>
      <trkpt lat="48.07536" lon="0.48299">
        <ele>75.0</ele>
      </trkpt>
      <trkpt lat="48.07535" lon="0.48292">
        <ele>75.0</ele>
      </trkpt>
      <trkpt lat="48.07532" lon="0.48287">
        <ele>75.0</ele>
      </trkpt>
      <trkpt lat="48.07529" lon="0.48283">
        <ele>74.0</ele>
      </trkpt>
      <trkpt lat="48.07525" lon="0.4828">
        <ele>74.0</ele>
      </trkpt>
      <trkpt lat="48.07521" lon="0.48278">
        <ele>74.0</ele>
      </trkpt>
      <trkpt lat="48.07516" lon="0.48278">
        <ele>73.0</ele>
      </trkpt>
      <trkpt lat="48.07511" lon="0.48279">
        <ele>73.0</ele>
      </trkpt>
      <trkpt lat="48.07507" lon="0.48283">
        <ele>73.0</ele>
      </trkpt>
      <trkpt lat="48.07495" lon="0.48279">
        <ele>72.0</ele>
      </trkpt>
      <trkpt lat="48.07488" lon="0.4828">
        <ele>72.0</ele>
      </trkpt>
      <trkpt lat="48.07481" lon="0.48279">
        <ele>72.0</ele>
      </trkpt>
      <trkpt lat="48.07476" lon="0.4828">
        <ele>71.0</ele>
      </trkpt>
      <trkpt lat="48.0747" lon="0.48283">
        <ele>71.0</ele>
      </trkpt>
      <trkpt lat="48.07297" lon="0.48367">
        <ele>70.0</ele>
      </trkpt>
      <trkpt lat="48.07284" lon="0.48368">
        <ele>69.0</ele>
      </trkpt>
      <trkpt lat="48.07276" lon="0.48366">
        <ele>69.0</ele>
      </trkpt>
      <trkpt lat="48.07267" lon="0.48359">
        <ele>69.0</ele>
      </trkpt>
      <trkpt lat="48.0726" lon="0.4835">
        <ele>69.0</ele>
      </trkpt>
      <trkpt lat="48.07241" lon="0.48304">
        <ele>67.0</ele>
      </trkpt>
      <trkpt lat="48.07234" lon="0.48284">
        <ele>66.0</ele>
      </trkpt>
      <trkpt lat="48.07226" lon="0.48245">
        <ele>65.0</ele>
      </trkpt>
      <trkpt lat="48.07218" lon="0.4816">
        <ele>66.0</ele>
      </trkpt>
      <trkpt lat="48.07216" lon="0.48046">
        <ele>67.0</ele>
      </trkpt>
      <trkpt lat="48.07214" lon="0.48005">
        <ele>68.0</ele>
      </trkpt>
      <trkpt lat="48.07212" lon="0.47979">
        <ele>68.0</ele>
      </trkpt>
      <trkpt lat="48.07208" lon="0.47943">
        <ele>67.0</ele>
      </trkpt>
      <trkpt lat="48.072" lon="0.47911">
        <ele>67.0</ele>
      </trkpt>
      <trkpt lat="48.07188" lon="0.47879">
        <ele>67.0</ele>
      </trkpt>
      <trkpt lat="48.07177" lon="0.47857">
        <ele>67.0</ele>
      </trkpt>
      <trkpt lat="48.07151" lon="0.47814">
        <ele>67.0</ele>
      </trkpt>
      <trkpt lat="48.07122" lon="0.47765">
        <ele>67.0</ele>
      </trkpt>
      <trkpt lat="48.07073" lon="0.47676">
        <ele>68.0</ele>
      </trkpt>
      <trkpt lat="48.07001" lon="0.47555">
        <ele>71.0</ele>
      </trkpt>
      <trkpt lat="48.06956" lon="0.4749">
        <ele>71.0</ele>
      </trkpt>
      <trkpt lat="48.06939" lon="0.47461">
        <ele>71.0</ele>
      </trkpt>
      <trkpt lat="48.06924" lon="0.47429">
        <ele>71.0</ele>
      </trkpt>
      <trkpt lat="48.06908" lon="0.47388">
        <ele>71.0</ele>
      </trkpt>
      <trkpt lat="48.06889" lon="0.47332">
        <ele>71.0</ele>
      </trkpt>
      <trkpt lat="48.06845" lon="0.47219">
        <ele>73.0</ele>
      </trkpt>
      <trkpt lat="48.06824" lon="0.47168">
        <ele>74.0</ele>
      </trkpt>
      <trkpt lat="48.068" lon="0.47116">
        <ele>74.0</ele>
      </trkpt>
      <trkpt lat="48.06757" lon="0.4703">
        <ele>75.0</ele>
      </trkpt>
      <trkpt lat="48.0673" lon="0.46966">
        <ele>77.0</ele>
      </trkpt>
      <trkpt lat="48.06723" lon="0.46937">
        <ele>78.0</ele>
      </trkpt>
      <trkpt lat="48.06718" lon="0.46917">
        <ele>78.0</ele>
      </trkpt>
      <trkpt lat="48.06713" lon="0.46887">
        <ele>79.0</ele>
      </trkpt>
      <trkpt lat="48.06703" lon="0.46859">
        <ele>79.0</ele>
      </trkpt>
      <trkpt lat="48.0669" lon="0.46833">
        <ele>78.0</ele>
      </trkpt>
      <trkpt lat="48.06679" lon="0.46818">
        <ele>77.0</ele>
      </trkpt>
      <trkpt lat="48.06647" lon="0.46771">
        <ele>76.0</ele>
      </trkpt>
      <trkpt lat="48.0653" lon="0.4661">
        <ele>78.0</ele>
      </trkpt>
      <trkpt lat="48.06474" lon="0.46536">
        <ele>79.0</ele>
      </trkpt>
      <trkpt lat="48.06356" lon="0.46402">
        <ele>79.0</ele>
      </trkpt>
      <trkpt lat="48.06304" lon="0.46341">
        <ele>78.0</ele>
      </trkpt>
      <trkpt lat="48.06261" lon="0.4628">
        <ele>78.0</ele>
      </trkpt>
      <trkpt lat="48.06211" lon="0.46206">
        <ele>79.0</ele>
      </trkpt>
      <trkpt lat="48.06191" lon="0.4617">
        <ele>79.0</ele>
      </trkpt>
      <trkpt lat="48.06163" lon="0.46112">
        <ele>78.0</ele>
      </trkpt>
      <trkpt lat="48.06153" lon="0.46087">
        <ele>78.0</ele>
      </trkpt>
      <trkpt lat="48.06128" lon="0.46009">
        <ele>77.0</ele>
      </trkpt>
      <trkpt lat="48.06113" lon="0.45966">
        <ele>79.0</ele>
      </trkpt>
      <trkpt lat="48.06099" lon="0.45939">
        <ele>81.0</ele>
      </trkpt>
      <trkpt lat="48.06057" lon="0.4587">
        <ele>80.0</ele>
      </trkpt>
      <trkpt lat="48.06044" lon="0.45844">
        <ele>79.0</ele>
      </trkpt>
      <trkpt lat="48.06032" lon="0.45814">
        <ele>79.0</ele>
      </trkpt>
      <trkpt lat="48.05994" lon="0.45716">
        <ele>81.0</ele>
      </trkpt>
      <trkpt lat="48.05918" lon="0.45512">
        <ele>86.0</ele>
      </trkpt>
      <trkpt lat="48.05899" lon="0.45456">
        <ele>86.0</ele>
      </trkpt>
      <trkpt lat="48.05889" lon="0.45421">
        <ele>86.0</ele>
      </trkpt>
      <trkpt lat="48.05885" lon="0.45401">
        <ele>86.0</ele>
      </trkpt>
      <trkpt lat="48.05881" lon="0.45376">
        <ele>87.0</ele>
      </trkpt>
      <trkpt lat="48.05878" lon="0.45343">
        <ele>88.0</ele>
      </trkpt>
      <trkpt lat="48.05877" lon="0.45294">
        <ele>89.0</ele>
      </trkpt>
      <trkpt lat="48.05878" lon="0.45269">
        <ele>89.0</ele>
      </trkpt>
      <trkpt lat="48.05898" lon="0.45047">
        <ele>91.0</ele>
      </trkpt>
      <trkpt lat="48.05899" lon="0.45021">
        <ele>91.0</ele>
      </trkpt>
      <trkpt lat="48.05899" lon="0.44994">
        <ele>90.0</ele>
      </trkpt>
      <trkpt lat="48.05896" lon="0.44962">
        <ele>88.0</ele>
      </trkpt>
      <trkpt lat="48.05893" lon="0.44941">
        <ele>87.0</ele>
      </trkpt>
      <trkpt lat="48.05888" lon="0.44914">
        <ele>86.0</ele>
      </trkpt>
      <trkpt lat="48.05881" lon="0.44892">
        <ele>86.0</ele>
      </trkpt>
      <trkpt lat="48.05864" lon="0.44847">
        <ele>86.0</ele>
      </trkpt>
      <trkpt lat="48.05838" lon="0.44801">
        <ele>88.0</ele>
      </trkpt>
      <trkpt lat="48.05807" lon="0.4475">
        <ele>89.0</ele>
      </trkpt>
      <trkpt lat="48.05778" lon="0.44704">
        <ele>86.0</ele>
      </trkpt>
      <trkpt lat="48.05755" lon="0.44663">
        <ele>84.0</ele>
      </trkpt>
      <trkpt lat="48.05737" lon="0.44635">
        <ele>81.0</ele>
      </trkpt>
      <trkpt lat="48.05718" lon="0.44603">
        <ele>78.0</ele>
      </trkpt>
      <trkpt lat="48.05703" lon="0.44576">
        <ele>77.0</ele>
      </trkpt>
      <trkpt lat="48.05676" lon="0.44524">
        <ele>74.0</ele>
      </trkpt>
      <trkpt lat="48.05659" lon="0.44485">
        <ele>73.0</ele>
      </trkpt>
      <trkpt lat="48.05646" lon="0.44452">
        <ele>70.0</ele>
      </trkpt>
      <trkpt lat="48.05622" lon="0.44386">
        <ele>68.0</ele>
      </trkpt>
      <trkpt lat="48.05617" lon="0.44367">
        <ele>68.0</ele>
      </trkpt>
      <trkpt lat="48.05589" lon="0.44268">
        <ele>67.0</ele>
      </trkpt>
      <trkpt lat="48.05572" lon="0.44204">
        <ele>68.0</ele>
      </trkpt>
      <trkpt lat="48.0555" lon="0.44132">
        <ele>69.0</ele>
      </trkpt>
      <trkpt lat="48.05544" lon="0.44114">
        <ele>69.0</ele>
      </trkpt>
      <trkpt lat="48.05503" lon="0.43996">
        <ele>69.0</ele>
      </trkpt>
      <trkpt lat="48.05486" lon="0.43943">
        <ele>70.0</ele>
      </trkpt>
      <trkpt lat="48.0539" lon="0.43647">
        <ele>67.0</ele>
      </trkpt>
      <trkpt lat="48.05365" lon="0.43578">
        <ele>67.0</ele>
      </trkpt>
      <trkpt lat="48.05353" lon="0.43551">
        <ele>66.0</ele>
      </trkpt>
      <trkpt lat="48.05344" lon="0.43532">
        <ele>66.0</ele>
      </trkpt>
      <trkpt lat="48.05332" lon="0.43507">
        <ele>66.0</ele>
      </trkpt>
      <trkpt lat="48.0531" lon="0.4346">
        <ele>66.0</ele>
      </trkpt>
      <trkpt lat="48.05286" lon="0.43402">
        <ele>65.0</ele>
      </trkpt>
      <trkpt lat="48.05285" lon="0.43399">
        <ele>65.0</ele>
      </trkpt>
      <trkpt lat="48.05245" lon="0.43299">
        <ele>65.0</ele>
      </trkpt>
      <trkpt lat="48.05236" lon="0.43278">
        <ele>64.0</ele>
      </trkpt>
      <trkpt lat="48.05202" lon="0.43206">
        <ele>64.0</ele>
      </trkpt>
      <trkpt lat="48.05164" lon="0.43124">
        <ele>64.0</ele>
      </trkpt>
      <trkpt lat="48.05157" lon="0.43106">
        <ele>64.0</ele>
      </trkpt>
      <trkpt lat="48.05141" lon="0.43065">
        <ele>64.0</ele>
      </trkpt>
      <trkpt lat="48.05124" lon="0.43013">
        <ele>64.0</ele>
      </trkpt>
      <trkpt lat="48.0511" lon="0.42968">
        <ele>63.0</ele>
      </trkpt>
      <trkpt lat="48.051" lon="0.4293">
        <ele>64.0</ele>
      </trkpt>
      <trkpt lat="48.05092" lon="0.42891">
        <ele>64.0</ele>
      </trkpt>
      <trkpt lat="48.05069" lon="0.42768">
        <ele>63.0</ele>
      </trkpt>
      <trkpt lat="48.05065" lon="0.42755">
        <ele>63.0</ele>
      </trkpt>
      <trkpt lat="48.0506" lon="0.42735">
        <ele>63.0</ele>
      </trkpt>
      <trkpt lat="48.0505" lon="0.42702">
        <ele>63.0</ele>
      </trkpt>
      <trkpt lat="48.05043" lon="0.42681">
        <ele>63.0</ele>
      </trkpt>
      <trkpt lat="48.05038" lon="0.42659">
        <ele>63.0</ele>
      </trkpt>
      <trkpt lat="48.0503" lon="0.4262">
        <ele>63.0</ele>
      </trkpt>
      <trkpt lat="48.05005" lon="0.42473">
        <ele>62.0</ele>
      </trkpt>
      <trkpt lat="48.04985" lon="0.42355">
        <ele>62.0</ele>
      </trkpt>
      <trkpt lat="48.0497" lon="0.42235">
        <ele>61.0</ele>
      </trkpt>
      <trkpt lat="48.04953" lon="0.42143">
        <ele>61.0</ele>
      </trkpt>
      <trkpt lat="48.04948" lon="0.42118">
        <ele>61.0</ele>
      </trkpt>
      <trkpt lat="48.04945" lon="0.42096">
        <ele>62.0</ele>
      </trkpt>
      <trkpt lat="48.04938" lon="0.42034">
        <ele>62.0</ele>
      </trkpt>
      <trkpt lat="48.04936" lon="0.42021">
        <ele>62.0</ele>
      </trkpt>
      <trkpt lat="48.04932" lon="0.41984">
        <ele>62.0</ele>
      </trkpt>
      <trkpt lat="48.04928" lon="0.41966">
        <ele>62.0</ele>
      </trkpt>
      <trkpt lat="48.04925" lon="0.41959">
        <ele>62.0</ele>
      </trkpt>
      <trkpt lat="48.04921" lon="0.4195">
        <ele>61.0</ele>
      </trkpt>
      <trkpt lat="48.04883" lon="0.4188">
        <ele>61.0</ele>
      </trkpt>
      <trkpt lat="48.04881" lon="0.41874">
        <ele>61.0</ele>
      </trkpt>
      <trkpt lat="48.04865" lon="0.41829">
        <ele>62.0</ele>
      </trkpt>
      <trkpt lat="48.04857" lon="0.41811">
        <ele>62.0</ele>
      </trkpt>
      <trkpt lat="48.04854" lon="0.41807">
        <ele>62.0</ele>
      </trkpt>
      <trkpt lat="48.04846" lon="0.41795">
        <ele>62.0</ele>
      </trkpt>
      <trkpt lat="48.04832" lon="0.41778">
        <ele>62.0</ele>
      </trkpt>
      <trkpt lat="48.04818" lon="0.41732">
        <ele>63.0</ele>
      </trkpt>
      <trkpt lat="48.04816" lon="0.41725">
        <ele>63.0</ele>
      </trkpt>
      <trkpt lat="48.04815" lon="0.41708">
        <ele>63.0</ele>
      </trkpt>
      <trkpt lat="48.04815" lon="0.41674">
        <ele>63.0</ele>
      </trkpt>
      <trkpt lat="48.04814" lon="0.4166">
        <ele>63.0</ele>
      </trkpt>
      <trkpt lat="48.04813" lon="0.4164">
        <ele>63.0</ele>
      </trkpt>
      <trkpt lat="48.04812" lon="0.41633">
        <ele>63.0</ele>
      </trkpt>
      <trkpt lat="48.04807" lon="0.4153">
        <ele>63.0</ele>
      </trkpt>
      <trkpt lat="48.04806" lon="0.41525">
        <ele>63.0</ele>
      </trkpt>
      <trkpt lat="48.04804" lon="0.41443">
        <ele>63.0</ele>
      </trkpt>
      <trkpt lat="48.04804" lon="0.41422">
        <ele>63.0</ele>
      </trkpt>
      <trkpt lat="48.04803" lon="0.41388">
        <ele>62.0</ele>
      </trkpt>
      <trkpt lat="48.04801" lon="0.4138">
        <ele>62.0</ele>
      </trkpt>
      <trkpt lat="48.04797" lon="0.41366">
        <ele>62.0</ele>
      </trkpt>
      <trkpt lat="48.04803" lon="0.41336">
        <ele>61.0</ele>
      </trkpt>
      <trkpt lat="48.04834" lon="0.41216">
        <ele>63.0</ele>
      </trkpt>
      <trkpt lat="48.04848" lon="0.41164">
        <ele>63.0</ele>
      </trkpt>
      <trkpt lat="48.04856" lon="0.41127">
        <ele>63.0</ele>
      </trkpt>
      <trkpt lat="48.04861" lon="0.41103">
        <ele>63.0</ele>
      </trkpt>
      <trkpt lat="48.0487" lon="0.41034">
        <ele>63.0</ele>
      </trkpt>
      <trkpt lat="48.04866" lon="0.41033">
        <ele>63.0</ele>
      </trkpt>
      <trkpt lat="48.04862" lon="0.41026">
        <ele>63.0</ele>
      </trkpt>
      <trkpt lat="48.04851" lon="0.40969">
        <ele>62.0</ele>
      </trkpt>
      <trkpt lat="48.04848" lon="0.40917">
        <ele>63.0</ele>
      </trkpt>
      <trkpt lat="48.04847" lon="0.409">
        <ele>62.0</ele>
      </trkpt>
      <trkpt lat="48.04846" lon="0.40877">
        <ele>62.0</ele>
      </trkpt>
      <trkpt lat="48.04842" lon="0.40844">
        <ele>62.0</ele>
      </trkpt>
      <trkpt lat="48.04836" lon="0.40788">
        <ele>62.0</ele>
      </trkpt>
      <trkpt lat="48.04834" lon="0.40772">
        <ele>63.0</ele>
      </trkpt>
      <trkpt lat="48.04831" lon="0.40741">
        <ele>63.0</ele>
      </trkpt>
      <trkpt lat="48.04827" lon="0.40727">
        <ele>64.0</ele>
      </trkpt>
      <trkpt lat="48.04811" lon="0.40643">
        <ele>66.0</ele>
      </trkpt>
      <trkpt lat="48.04807" lon="0.4062">
        <ele>67.0</ele>
      </trkpt>
      <trkpt lat="48.04793" lon="0.40551">
        <ele>68.0</ele>
      </trkpt>
      <trkpt lat="48.04766" lon="0.40404">
        <ele>67.0</ele>
      </trkpt>
      <trkpt lat="48.04765" lon="0.40397">
        <ele>67.0</ele>
      </trkpt>
      <trkpt lat="48.04765" lon="0.40355">
        <ele>66.0</ele>
      </trkpt>
      <trkpt lat="48.04765" lon="0.40345">
        <ele>66.0</ele>
      </trkpt>
      <trkpt lat="48.04766" lon="0.40328">
        <ele>66.0</ele>
      </trkpt>
      <trkpt lat="48.04768" lon="0.40304">
        <ele>66.0</ele>
      </trkpt>
      <trkpt lat="48.04772" lon="0.40279">
        <ele>66.0</ele>
      </trkpt>
      <trkpt lat="48.04777" lon="0.40259">
        <ele>66.0</ele>
      </trkpt>
      <trkpt lat="48.04786" lon="0.40233">
        <ele>67.0</ele>
      </trkpt>
      <trkpt lat="48.04807" lon="0.40177">
        <ele>65.0</ele>
      </trkpt>
      <trkpt lat="48.04824" lon="0.40148">
        <ele>65.0</ele>
      </trkpt>
      <trkpt lat="48.04826" lon="0.40146">
        <ele>65.0</ele>
      </trkpt>
      <trkpt lat="48.04855" lon="0.401">
        <ele>65.0</ele>
      </trkpt>
      <trkpt lat="48.04867" lon="0.4008">
        <ele>65.0</ele>
      </trkpt>
      <trkpt lat="48.04883" lon="0.40057">
        <ele>66.0</ele>
      </trkpt>
      <trkpt lat="48.04886" lon="0.40053">
        <ele>66.0</ele>
      </trkpt>
      <trkpt lat="48.04897" lon="0.40048">
        <ele>66.0</ele>
      </trkpt>
      <trkpt lat="48.04896" lon="0.40037">
        <ele>66.0</ele>
      </trkpt>
      <trkpt lat="48.04883" lon="0.39983">
        <ele>66.0</ele>
      </trkpt>
      <trkpt lat="48.04861" lon="0.39907">
        <ele>65.0</ele>
      </trkpt>
      <trkpt lat="48.0486" lon="0.39876">
        <ele>65.0</ele>
      </trkpt>
      <trkpt lat="48.04861" lon="0.39859">
        <ele>66.0</ele>
      </trkpt>
      <trkpt lat="48.04867" lon="0.3981">
        <ele>66.0</ele>
      </trkpt>
      <trkpt lat="48.04869" lon="0.39784">
        <ele>66.0</ele>
      </trkpt>
      <trkpt lat="48.04869" lon="0.39761">
        <ele>65.0</ele>
      </trkpt>
      <trkpt lat="48.04867" lon="0.39738">
        <ele>65.0</ele>
      </trkpt>
      <trkpt lat="48.04861" lon="0.39723">
        <ele>65.0</ele>
      </trkpt>
      <trkpt lat="48.04845" lon="0.39703">
        <ele>64.0</ele>
      </trkpt>
      <trkpt lat="48.04826" lon="0.39684">
        <ele>63.0</ele>
      </trkpt>
      <trkpt lat="48.04798" lon="0.39659">
        <ele>64.0</ele>
      </trkpt>
      <trkpt lat="48.0476" lon="0.39628">
        <ele>65.0</ele>
      </trkpt>
      <trkpt lat="48.04717" lon="0.39593">
        <ele>64.0</ele>
      </trkpt>
      <trkpt lat="48.047" lon="0.39573">
        <ele>64.0</ele>
      </trkpt>
      <trkpt lat="48.04687" lon="0.39552">
        <ele>65.0</ele>
      </trkpt>
      <trkpt lat="48.04671" lon="0.39524">
        <ele>65.0</ele>
      </trkpt>
      <trkpt lat="48.04658" lon="0.39495">
        <ele>66.0</ele>
      </trkpt>
      <trkpt lat="48.04645" lon="0.39455">
        <ele>66.0</ele>
      </trkpt>
      <trkpt lat="48.0463" lon="0.39378">
        <ele>67.0</ele>
      </trkpt>
      <trkpt lat="48.04621" lon="0.39341">
        <ele>66.0</ele>
      </trkpt>
      <trkpt lat="48.04609" lon="0.39303">
        <ele>65.0</ele>
      </trkpt>
      <trkpt lat="48.04594" lon="0.39248">
        <ele>64.0</ele>
      </trkpt>
      <trkpt lat="48.04587" lon="0.39214">
        <ele>63.0</ele>
      </trkpt>
      <trkpt lat="48.04569" lon="0.39123">
        <ele>63.0</ele>
      </trkpt>
      <trkpt lat="48.04556" lon="0.39072">
        <ele>63.0</ele>
      </trkpt>
      <trkpt lat="48.0455" lon="0.39042">
        <ele>64.0</ele>
      </trkpt>
      <trkpt lat="48.04531" lon="0.38919">
        <ele>66.0</ele>
      </trkpt>
      <trkpt lat="48.04512" lon="0.38841">
        <ele>68.0</ele>
      </trkpt>
      <trkpt lat="48.04506" lon="0.38821">
        <ele>68.0</ele>
      </trkpt>
      <trkpt lat="48.04494" lon="0.38792">
        <ele>68.0</ele>
      </trkpt>
      <trkpt lat="48.04475" lon="0.38758">
        <ele>68.0</ele>
      </trkpt>
      <trkpt lat="48.04446" lon="0.3871">
        <ele>66.0</ele>
      </trkpt>
      <trkpt lat="48.04405" lon="0.38644">
        <ele>64.0</ele>
      </trkpt>
      <trkpt lat="48.04393" lon="0.38619">
        <ele>65.0</ele>
      </trkpt>
      <trkpt lat="48.04356" lon="0.38519">
        <ele>66.0</ele>
      </trkpt>
      <trkpt lat="48.04354" lon="0.38508">
        <ele>66.0</ele>
      </trkpt>
      <trkpt lat="48.0434" lon="0.38479">
        <ele>66.0</ele>
      </trkpt>
      <trkpt lat="48.04321" lon="0.38451">
        <ele>67.0</ele>
      </trkpt>
      <trkpt lat="48.04309" lon="0.38438">
        <ele>67.0</ele>
      </trkpt>
      <trkpt lat="48.04304" lon="0.38432">
        <ele>67.0</ele>
      </trkpt>
      <trkpt lat="48.04286" lon="0.38408">
        <ele>68.0</ele>
      </trkpt>
      <trkpt lat="48.04272" lon="0.38386">
        <ele>69.0</ele>
      </trkpt>
      <trkpt lat="48.04262" lon="0.38363">
        <ele>71.0</ele>
      </trkpt>
      <trkpt lat="48.04254" lon="0.38343">
        <ele>73.0</ele>
      </trkpt>
      <trkpt lat="48.04247" lon="0.38321">
        <ele>75.0</ele>
      </trkpt>
      <trkpt lat="48.04237" lon="0.38278">
        <ele>78.0</ele>
      </trkpt>
      <trkpt lat="48.04228" lon="0.38221">
        <ele>82.0</ele>
      </trkpt>
      <trkpt lat="48.04224" lon="0.38191">
        <ele>84.0</ele>
      </trkpt>
      <trkpt lat="48.04226" lon="0.38164">
        <ele>86.0</ele>
      </trkpt>
      <trkpt lat="48.04235" lon="0.38082">
        <ele>87.0</ele>
      </trkpt>
      <trkpt lat="48.04238" lon="0.3804">
        <ele>87.0</ele>
      </trkpt>
      <trkpt lat="48.04237" lon="0.37993">
        <ele>86.0</ele>
      </trkpt>
      <trkpt lat="48.04238" lon="0.37976">
        <ele>86.0</ele>
      </trkpt>
      <trkpt lat="48.04237" lon="0.3794">
        <ele>85.0</ele>
      </trkpt>
      <trkpt lat="48.04232" lon="0.37903">
        <ele>84.0</ele>
      </trkpt>
      <trkpt lat="48.04223" lon="0.37868">
        <ele>83.0</ele>
      </trkpt>
      <trkpt lat="48.04201" lon="0.37799">
        <ele>82.0</ele>
      </trkpt>
      <trkpt lat="48.04196" lon="0.37782">
        <ele>83.0</ele>
      </trkpt>
      <trkpt lat="48.04189" lon="0.37746">
        <ele>85.0</ele>
      </trkpt>
      <trkpt lat="48.04182" lon="0.37704">
        <ele>85.0</ele>
      </trkpt>
      <trkpt lat="48.04174" lon="0.37638">
        <ele>83.0</ele>
      </trkpt>
      <trkpt lat="48.04168" lon="0.37606">
        <ele>81.0</ele>
      </trkpt>
      <trkpt lat="48.04134" lon="0.37464">
        <ele>76.0</ele>
      </trkpt>
      <trkpt lat="48.04121" lon="0.37421">
        <ele>76.0</ele>
      </trkpt>
      <trkpt lat="48.0411" lon="0.37392">
        <ele>75.0</ele>
      </trkpt>
      <trkpt lat="48.041" lon="0.37362">
        <ele>75.0</ele>
      </trkpt>
      <trkpt lat="48.04092" lon="0.37332">
        <ele>74.0</ele>
      </trkpt>
      <trkpt lat="48.04085" lon="0.37302">
        <ele>74.0</ele>
      </trkpt>
      <trkpt lat="48.04072" lon="0.37224">
        <ele>74.0</ele>
      </trkpt>
      <trkpt lat="48.04064" lon="0.37182">
        <ele>75.0</ele>
      </trkpt>
      <trkpt lat="48.04055" lon="0.37126">
        <ele>75.0</ele>
      </trkpt>
      <trkpt lat="48.04036" lon="0.37063">
        <ele>77.0</ele>
      </trkpt>
      <trkpt lat="48.04001" lon="0.3697">
        <ele>82.0</ele>
      </trkpt>
      <trkpt lat="48.03971" lon="0.36879">
        <ele>83.0</ele>
      </trkpt>
      <trkpt lat="48.03962" lon="0.36835">
        <ele>84.0</ele>
      </trkpt>
      <trkpt lat="48.03938" lon="0.36749">
        <ele>84.0</ele>
      </trkpt>
      <trkpt lat="48.03916" lon="0.36677">
        <ele>85.0</ele>
      </trkpt>
      <trkpt lat="48.0391" lon="0.36652">
        <ele>85.0</ele>
      </trkpt>
      <trkpt lat="48.03895" lon="0.36584">
        <ele>86.0</ele>
      </trkpt>
      <trkpt lat="48.03874" lon="0.36475">
        <ele>86.0</ele>
      </trkpt>
      <trkpt lat="48.03868" lon="0.36449">
        <ele>86.0</ele>
      </trkpt>
      <trkpt lat="48.03854" lon="0.36404">
        <ele>86.0</ele>
      </trkpt>
      <trkpt lat="48.03834" lon="0.36344">
        <ele>86.0</ele>
      </trkpt>
      <trkpt lat="48.0381" lon="0.36282">
        <ele>85.0</ele>
      </trkpt>
      <trkpt lat="48.03804" lon="0.36265">
        <ele>85.0</ele>
      </trkpt>
      <trkpt lat="48.03772" lon="0.36153">
        <ele>87.0</ele>
      </trkpt>
      <trkpt lat="48.0375" lon="0.3604">
        <ele>90.0</ele>
      </trkpt>
      <trkpt lat="48.03747" lon="0.36017">
        <ele>90.0</ele>
      </trkpt>
      <trkpt lat="48.03744" lon="0.35965">
        <ele>91.0</ele>
      </trkpt>
      <trkpt lat="48.03741" lon="0.35914">
        <ele>91.0</ele>
      </trkpt>
      <trkpt lat="48.0374" lon="0.35872">
        <ele>91.0</ele>
      </trkpt>
      <trkpt lat="48.03741" lon="0.35728">
        <ele>91.0</ele>
      </trkpt>
      <trkpt lat="48.03745" lon="0.35617">
        <ele>89.0</ele>
      </trkpt>
      <trkpt lat="48.03749" lon="0.35561">
        <ele>87.0</ele>
      </trkpt>
      <trkpt lat="48.03761" lon="0.35476">
        <ele>83.0</ele>
      </trkpt>
      <trkpt lat="48.0377" lon="0.35418">
        <ele>80.0</ele>
      </trkpt>
      <trkpt lat="48.03778" lon="0.35271">
        <ele>72.0</ele>
      </trkpt>
      <trkpt lat="48.03779" lon="0.35225">
        <ele>70.0</ele>
      </trkpt>
      <trkpt lat="48.03787" lon="0.35113">
        <ele>67.0</ele>
      </trkpt>
      <trkpt lat="48.03795" lon="0.35042">
        <ele>65.0</ele>
      </trkpt>
      <trkpt lat="48.03814" lon="0.34861">
        <ele>65.0</ele>
      </trkpt>
      <trkpt lat="48.0382" lon="0.34819">
        <ele>65.0</ele>
      </trkpt>
      <trkpt lat="48.03825" lon="0.3479">
        <ele>64.0</ele>
      </trkpt>
      <trkpt lat="48.03827" lon="0.34777">
        <ele>64.0</ele>
      </trkpt>
      <trkpt lat="48.03843" lon="0.34694">
        <ele>63.0</ele>
      </trkpt>
      <trkpt lat="48.03854" lon="0.3458">
        <ele>61.0</ele>
      </trkpt>
      <trkpt lat="48.03858" lon="0.34568">
        <ele>61.0</ele>
      </trkpt>
      <trkpt lat="48.03856" lon="0.34558">
        <ele>61.0</ele>
      </trkpt>
      <trkpt lat="48.03855" lon="0.34547">
        <ele>61.0</ele>
      </trkpt>
      <trkpt lat="48.03857" lon="0.34503">
        <ele>60.0</ele>
      </trkpt>
      <trkpt lat="48.03856" lon="0.3449">
        <ele>60.0</ele>
      </trkpt>
      <trkpt lat="48.03874" lon="0.34474">
        <ele>60.0</ele>
      </trkpt>
      <trkpt lat="48.03883" lon="0.3446">
        <ele>59.0</ele>
      </trkpt>
      <trkpt lat="48.03891" lon="0.34432">
        <ele>59.0</ele>
      </trkpt>
      <trkpt lat="48.03909" lon="0.34359">
        <ele>61.0</ele>
      </trkpt>
      <trkpt lat="48.03936" lon="0.34272">
        <ele>64.0</ele>
      </trkpt>
      <trkpt lat="48.03948" lon="0.34227">
        <ele>64.0</ele>
      </trkpt>
      <trkpt lat="48.03977" lon="0.34138">
        <ele>63.0</ele>
      </trkpt>
      <trkpt lat="48.04003" lon="0.3403">
        <ele>64.0</ele>
      </trkpt>
      <trkpt lat="48.04019" lon="0.33965">
        <ele>63.0</ele>
      </trkpt>
      <trkpt lat="48.04023" lon="0.33898">
        <ele>63.0</ele>
      </trkpt>
      <trkpt lat="48.04031" lon="0.33796">
        <ele>62.0</ele>
      </trkpt>
      <trkpt lat="48.04046" lon="0.33635">
        <ele>61.0</ele>
      </trkpt>
      <trkpt lat="48.04048" lon="0.3354">
        <ele>61.0</ele>
      </trkpt>
      <trkpt lat="48.04048" lon="0.33492">
        <ele>61.0</ele>
      </trkpt>
      <trkpt lat="48.04047" lon="0.33418">
        <ele>61.0</ele>
      </trkpt>
      <trkpt lat="48.04047" lon="0.33342">
        <ele>62.0</ele>
      </trkpt>
      <trkpt lat="48.0422" lon="0.33383">
        <ele>64.0</ele>
      </trkpt>
      <trkpt lat="48.04271" lon="0.33396">
        <ele>64.0</ele>
      </trkpt>
      <trkpt lat="48.04392" lon="0.33426">
        <ele>64.0</ele>
      </trkpt>
      <trkpt lat="48.04394" lon="0.33427">
        <ele>64.0</ele>
      </trkpt>
      <trkpt lat="48.04417" lon="0.33283">
        <ele>65.0</ele>
      </trkpt>
      <trkpt lat="48.04425" lon="0.33216">
        <ele>65.0</ele>
      </trkpt>
      <trkpt lat="48.04434" lon="0.3316">
        <ele>64.0</ele>
      </trkpt>
      <trkpt lat="48.0444" lon="0.33121">
        <ele>63.0</ele>
      </trkpt>
      <trkpt lat="48.04461" lon="0.32976">
        <ele>62.0</ele>
      </trkpt>
      <trkpt lat="48.04481" lon="0.32808">
        <ele>63.0</ele>
      </trkpt>
      <trkpt lat="48.04506" lon="0.32568">
        <ele>61.0</ele>
      </trkpt>
      <trkpt lat="48.04511" lon="0.32512">
        <ele>61.0</ele>
      </trkpt>
      <trkpt lat="48.04516" lon="0.32477">
        <ele>61.0</ele>
      </trkpt>
      <trkpt lat="48.04521" lon="0.3244">
        <ele>61.0</ele>
      </trkpt>
      <trkpt lat="48.04527" lon="0.32378">
        <ele>61.0</ele>
      </trkpt>
      <trkpt lat="48.04528" lon="0.32339">
        <ele>61.0</ele>
      </trkpt>
      <trkpt lat="48.04527" lon="0.32307">
        <ele>61.0</ele>
      </trkpt>
      <trkpt lat="48.04521" lon="0.32219">
        <ele>61.0</ele>
      </trkpt>
      <trkpt lat="48.04496" lon="0.3193">
        <ele>61.0</ele>
      </trkpt>
      <trkpt lat="48.04489" lon="0.3187">
        <ele>61.0</ele>
      </trkpt>
      <trkpt lat="48.04464" lon="0.31699">
        <ele>60.0</ele>
      </trkpt>
      <trkpt lat="48.04451" lon="0.31611">
        <ele>60.0</ele>
      </trkpt>
      <trkpt lat="48.04443" lon="0.31572">
        <ele>60.0</ele>
      </trkpt>
      <trkpt lat="48.04391" lon="0.31418">
        <ele>59.0</ele>
      </trkpt>
      <trkpt lat="48.04372" lon="0.31363">
        <ele>59.0</ele>
      </trkpt>
      <trkpt lat="48.04361" lon="0.31306">
        <ele>58.0</ele>
      </trkpt>
      <trkpt lat="48.04288" lon="0.30948">
        <ele>59.0</ele>
      </trkpt>
      <trkpt lat="48.04285" lon="0.30932">
        <ele>60.0</ele>
      </trkpt>
      <trkpt lat="48.04257" lon="0.30791">
        <ele>63.0</ele>
      </trkpt>
      <trkpt lat="48.04234" lon="0.30682">
        <ele>63.0</ele>
      </trkpt>
      <trkpt lat="48.04204" lon="0.30521">
        <ele>60.0</ele>
      </trkpt>
      <trkpt lat="48.04174" lon="0.30383">
        <ele>58.0</ele>
      </trkpt>
      <trkpt lat="48.04157" lon="0.30311">
        <ele>58.0</ele>
      </trkpt>
      <trkpt lat="48.04147" lon="0.30276">
        <ele>58.0</ele>
      </trkpt>
      <trkpt lat="48.04119" lon="0.30184">
        <ele>55.0</ele>
      </trkpt>
      <trkpt lat="48.04097" lon="0.30124">
        <ele>54.0</ele>
      </trkpt>
      <trkpt lat="48.04045" lon="0.29984">
        <ele>51.0</ele>
      </trkpt>
      <trkpt lat="48.03969" lon="0.29792">
        <ele>51.0</ele>
      </trkpt>
      <trkpt lat="48.03878" lon="0.29574">
        <ele>52.0</ele>
      </trkpt>
      <trkpt lat="48.0386" lon="0.29536">
        <ele>53.0</ele>
      </trkpt>
      <trkpt lat="48.03853" lon="0.2952">
        <ele>53.0</ele>
      </trkpt>
      <trkpt lat="48.03842" lon="0.29501">
        <ele>53.0</ele>
      </trkpt>
      <trkpt lat="48.03822" lon="0.29467">
        <ele>54.0</ele>
      </trkpt>
      <trkpt lat="48.03793" lon="0.29407">
        <ele>54.0</ele>
      </trkpt>
      <trkpt lat="48.03769" lon="0.29355">
        <ele>53.0</ele>
      </trkpt>
      <trkpt lat="48.03755" lon="0.29318">
        <ele>53.0</ele>
      </trkpt>
      <trkpt lat="48.03746" lon="0.29293">
        <ele>54.0</ele>
      </trkpt>
      <trkpt lat="48.03735" lon="0.2926">
        <ele>55.0</ele>
      </trkpt>
      <trkpt lat="48.03715" lon="0.292">
        <ele>57.0</ele>
      </trkpt>
      <trkpt lat="48.03704" lon="0.29162">
        <ele>57.0</ele>
      </trkpt>
      <trkpt lat="48.03687" lon="0.29087">
        <ele>58.0</ele>
      </trkpt>
      <trkpt lat="48.03682" lon="0.29066">
        <ele>58.0</ele>
      </trkpt>
      <trkpt lat="48.03672" lon="0.2902">
        <ele>59.0</ele>
      </trkpt>
      <trkpt lat="48.0366" lon="0.28965">
        <ele>60.0</ele>
      </trkpt>
      <trkpt lat="48.03659" lon="0.28952">
        <ele>61.0</ele>
      </trkpt>
      <trkpt lat="48.0366" lon="0.2894">
        <ele>61.0</ele>
      </trkpt>
      <trkpt lat="48.03657" lon="0.2889">
        <ele>62.0</ele>
      </trkpt>
      <trkpt lat="48.03653" lon="0.28853">
        <ele>61.0</ele>
      </trkpt>
      <trkpt lat="48.03636" lon="0.28751">
        <ele>62.0</ele>
      </trkpt>
      <trkpt lat="48.0363" lon="0.28704">
        <ele>62.0</ele>
      </trkpt>
      <trkpt lat="48.03621" lon="0.28651">
        <ele>62.0</ele>
      </trkpt>
      <trkpt lat="48.03609" lon="0.2858">
        <ele>62.0</ele>
      </trkpt>
      <trkpt lat="48.03592" lon="0.28513">
        <ele>62.0</ele>
      </trkpt>
      <trkpt lat="48.03581" lon="0.2848">
        <ele>62.0</ele>
      </trkpt>
      <trkpt lat="48.03571" lon="0.2844">
        <ele>61.0</ele>
      </trkpt>
      <trkpt lat="48.03565" lon="0.28407">
        <ele>61.0</ele>
      </trkpt>
      <trkpt lat="48.03558" lon="0.28347">
        <ele>62.0</ele>
      </trkpt>
      <trkpt lat="48.03554" lon="0.28317">
        <ele>62.0</ele>
      </trkpt>
      <trkpt lat="48.03546" lon="0.28291">
        <ele>63.0</ele>
      </trkpt>
      <trkpt lat="48.03537" lon="0.28271">
        <ele>63.0</ele>
      </trkpt>
      <trkpt lat="48.03524" lon="0.28251">
        <ele>63.0</ele>
      </trkpt>
      <trkpt lat="48.03505" lon="0.28227">
        <ele>62.0</ele>
      </trkpt>
      <trkpt lat="48.03494" lon="0.28218">
        <ele>63.0</ele>
      </trkpt>
      <trkpt lat="48.03491" lon="0.28206">
        <ele>63.0</ele>
      </trkpt>
      <trkpt lat="48.03469" lon="0.28165">
        <ele>64.0</ele>
      </trkpt>
      <trkpt lat="48.03452" lon="0.2813">
        <ele>66.0</ele>
      </trkpt>
      <trkpt lat="48.03434" lon="0.28086">
        <ele>69.0</ele>
      </trkpt>
      <trkpt lat="48.03414" lon="0.28027">
        <ele>71.0</ele>
      </trkpt>
      <trkpt lat="48.03369" lon="0.27878">
        <ele>71.0</ele>
      </trkpt>
      <trkpt lat="48.03348" lon="0.27808">
        <ele>71.0</ele>
      </trkpt>
      <trkpt lat="48.03338" lon="0.27765">
        <ele>71.0</ele>
      </trkpt>
      <trkpt lat="48.03326" lon="0.27697">
        <ele>72.0</ele>
      </trkpt>
      <trkpt lat="48.03316" lon="0.27639">
        <ele>72.0</ele>
      </trkpt>
      <trkpt lat="48.03313" lon="0.2762">
        <ele>71.0</ele>
      </trkpt>
      <trkpt lat="48.03303" lon="0.27578">
        <ele>70.0</ele>
      </trkpt>
      <trkpt lat="48.03294" lon="0.2755">
        <ele>70.0</ele>
      </trkpt>
      <trkpt lat="48.03273" lon="0.27495">
        <ele>71.0</ele>
      </trkpt>
      <trkpt lat="48.03264" lon="0.27476">
        <ele>71.0</ele>
      </trkpt>
      <trkpt lat="48.03242" lon="0.27427">
        <ele>72.0</ele>
      </trkpt>
      <trkpt lat="48.03219" lon="0.27377">
        <ele>72.0</ele>
      </trkpt>
      <trkpt lat="48.03211" lon="0.27352">
        <ele>72.0</ele>
      </trkpt>
      <trkpt lat="48.03209" lon="0.27334">
        <ele>72.0</ele>
      </trkpt>
      <trkpt lat="48.03209" lon="0.27318">
        <ele>73.0</ele>
      </trkpt>
      <trkpt lat="48.03213" lon="0.27282">
        <ele>73.0</ele>
      </trkpt>
      <trkpt lat="48.03218" lon="0.2724">
        <ele>73.0</ele>
      </trkpt>
      <trkpt lat="48.03223" lon="0.27191">
        <ele>75.0</ele>
      </trkpt>
      <trkpt lat="48.03226" lon="0.27151">
        <ele>76.0</ele>
      </trkpt>
      <trkpt lat="48.03226" lon="0.27118">
        <ele>77.0</ele>
      </trkpt>
      <trkpt lat="48.03222" lon="0.27087">
        <ele>78.0</ele>
      </trkpt>
      <trkpt lat="48.03216" lon="0.27055">
        <ele>78.0</ele>
      </trkpt>
      <trkpt lat="48.03206" lon="0.27016">
        <ele>80.0</ele>
      </trkpt>
      <trkpt lat="48.03186" lon="0.26951">
        <ele>84.0</ele>
      </trkpt>
      <trkpt lat="48.03166" lon="0.26888">
        <ele>91.0</ele>
      </trkpt>
      <trkpt lat="48.03115" lon="0.26723">
        <ele>105.0</ele>
      </trkpt>
      <trkpt lat="48.03076" lon="0.26608">
        <ele>109.0</ele>
      </trkpt>
      <trkpt lat="48.0307" lon="0.26586">
        <ele>109.0</ele>
      </trkpt>
      <trkpt lat="48.03066" lon="0.26553">
        <ele>109.0</ele>
      </trkpt>
      <trkpt lat="48.03064" lon="0.26513">
        <ele>109.0</ele>
      </trkpt>
      <trkpt lat="48.03064" lon="0.26417">
        <ele>108.0</ele>
      </trkpt>
      <trkpt lat="48.03065" lon="0.26347">
        <ele>105.0</ele>
      </trkpt>
      <trkpt lat="48.03063" lon="0.26321">
        <ele>104.0</ele>
      </trkpt>
      <trkpt lat="48.03059" lon="0.26298">
        <ele>103.0</ele>
      </trkpt>
      <trkpt lat="48.03053" lon="0.26282">
        <ele>102.0</ele>
      </trkpt>
      <trkpt lat="48.03044" lon="0.26267">
        <ele>102.0</ele>
      </trkpt>
      <trkpt lat="48.02977" lon="0.26183">
        <ele>97.0</ele>
      </trkpt>
      <trkpt lat="48.02958" lon="0.26159">
        <ele>95.0</ele>
      </trkpt>
      <trkpt lat="48.02933" lon="0.26122">
        <ele>91.0</ele>
      </trkpt>
      <trkpt lat="48.02908" lon="0.26075">
        <ele>86.0</ele>
      </trkpt>
      <trkpt lat="48.02886" lon="0.26033">
        <ele>85.0</ele>
      </trkpt>
      <trkpt lat="48.02867" lon="0.2599">
        <ele>86.0</ele>
      </trkpt>
      <trkpt lat="48.02857" lon="0.25963">
        <ele>87.0</ele>
      </trkpt>
      <trkpt lat="48.02846" lon="0.25926">
        <ele>88.0</ele>
      </trkpt>
      <trkpt lat="48.02806" lon="0.25763">
        <ele>96.0</ele>
      </trkpt>
      <trkpt lat="48.02796" lon="0.25692">
        <ele>100.0</ele>
      </trkpt>
      <trkpt lat="48.0279" lon="0.2564">
        <ele>102.0</ele>
      </trkpt>
      <trkpt lat="48.02786" lon="0.25596">
        <ele>103.0</ele>
      </trkpt>
      <trkpt lat="48.02751" lon="0.25628">
        <ele>102.0</ele>
      </trkpt>
      <trkpt lat="48.02726" lon="0.25657">
        <ele>101.0</ele>
      </trkpt>
      <trkpt lat="48.02662" lon="0.25741">
        <ele>100.0</ele>
      </trkpt>
      <trkpt lat="48.02609" lon="0.25828">
        <ele>98.0</ele>
      </trkpt>
      <trkpt lat="48.02606" lon="0.25835">
        <ele>97.0</ele>
      </trkpt>
      <trkpt lat="48.0258" lon="0.25891">
        <ele>93.0</ele>
      </trkpt>
      <trkpt lat="48.02574" lon="0.25877">
        <ele>93.0</ele>
      </trkpt>
      <trkpt lat="48.02553" lon="0.25796">
        <ele>97.0</ele>
      </trkpt>
      <trkpt lat="48.02544" lon="0.25742">
        <ele>99.0</ele>
      </trkpt>
      <trkpt lat="48.02529" lon="0.25637">
        <ele>100.0</ele>
      </trkpt>
      <trkpt lat="48.02523" lon="0.2559">
        <ele>100.0</ele>
      </trkpt>
      <trkpt lat="48.02513" lon="0.25533">
        <ele>100.0</ele>
      </trkpt>
      <trkpt lat="48.0251" lon="0.25519">
        <ele>100.0</ele>
      </trkpt>
      <trkpt lat="48.02498" lon="0.25483">
        <ele>100.0</ele>
      </trkpt>
      <trkpt lat="48.02481" lon="0.25443">
        <ele>101.0</ele>
      </trkpt>
      <trkpt lat="48.02425" lon="0.25355">
        <ele>100.0</ele>
      </trkpt>
      <trkpt lat="48.0241" lon="0.25331">
        <ele>100.0</ele>
      </trkpt>
      <trkpt lat="48.02378" lon="0.25281">
        <ele>102.0</ele>
      </trkpt>
      <trkpt lat="48.02326" lon="0.25198">
        <ele>103.0</ele>
      </trkpt>
      <trkpt lat="48.02242" lon="0.25065">
        <ele>104.0</ele>
      </trkpt>
      <trkpt lat="48.02137" lon="0.24838">
        <ele>107.0</ele>
      </trkpt>
      <trkpt lat="48.0207" lon="0.2467">
        <ele>109.0</ele>
      </trkpt>
      <trkpt lat="48.02028" lon="0.24592">
        <ele>109.0</ele>
      </trkpt>
      <trkpt lat="48.01992" lon="0.24531">
        <ele>109.0</ele>
      </trkpt>
      <trkpt lat="48.01946" lon="0.24472">
        <ele>109.0</ele>
      </trkpt>
      <trkpt lat="48.01841" lon="0.2435">
        <ele>109.0</ele>
      </trkpt>
      <trkpt lat="48.01839" lon="0.24347">
        <ele>109.0</ele>
      </trkpt>
      <trkpt lat="48.01794" lon="0.243">
        <ele>109.0</ele>
      </trkpt>
      <trkpt lat="48.01778" lon="0.24283">
        <ele>109.0</ele>
      </trkpt>
      <trkpt lat="48.01763" lon="0.2427">
        <ele>109.0</ele>
      </trkpt>
      <trkpt lat="48.01748" lon="0.24258">
        <ele>109.0</ele>
      </trkpt>
      <trkpt lat="48.01743" lon="0.24256">
        <ele>109.0</ele>
      </trkpt>
      <trkpt lat="48.01736" lon="0.24255">
        <ele>109.0</ele>
      </trkpt>
      <trkpt lat="48.01732" lon="0.24256">
        <ele>109.0</ele>
      </trkpt>
      <trkpt lat="48.01717" lon="0.24268">
        <ele>109.0</ele>
      </trkpt>
      <trkpt lat="48.01694" lon="0.24211">
        <ele>110.0</ele>
      </trkpt>
      <trkpt lat="48.01674" lon="0.24158">
        <ele>111.0</ele>
      </trkpt>
      <trkpt lat="48.01662" lon="0.24125">
        <ele>110.0</ele>
      </trkpt>
      <trkpt lat="48.01657" lon="0.24113">
        <ele>110.0</ele>
      </trkpt>
      <trkpt lat="48.0166" lon="0.2411">
        <ele>110.0</ele>
      </trkpt>
      <trkpt lat="48.01663" lon="0.24106">
        <ele>110.0</ele>
      </trkpt>
      <trkpt lat="48.01664" lon="0.241">
        <ele>109.0</ele>
      </trkpt>
      <trkpt lat="48.01665" lon="0.24095">
        <ele>109.0</ele>
      </trkpt>
      <trkpt lat="48.01664" lon="0.24089">
        <ele>109.0</ele>
      </trkpt>
      <trkpt lat="48.01662" lon="0.24083">
        <ele>109.0</ele>
      </trkpt>
      <trkpt lat="48.01659" lon="0.24079">
        <ele>109.0</ele>
      </trkpt>
      <trkpt lat="48.01655" lon="0.24077">
        <ele>109.0</ele>
      </trkpt>
      <trkpt lat="48.0165" lon="0.24077">
        <ele>109.0</ele>
      </trkpt>
      <trkpt lat="48.01646" lon="0.24079">
        <ele>109.0</ele>
      </trkpt>
      <trkpt lat="48.01645" lon="0.24073">
        <ele>108.0</ele>
      </trkpt>
      <trkpt lat="48.01638" lon="0.24052">
        <ele>108.0</ele>
      </trkpt>
      <trkpt lat="48.01615" lon="0.23981">
        <ele>106.0</ele>
      </trkpt>
      <trkpt lat="48.01608" lon="0.23941">
        <ele>106.0</ele>
      </trkpt>
      <trkpt lat="48.01605" lon="0.2391">
        <ele>106.0</ele>
      </trkpt>
      <trkpt lat="48.01605" lon="0.23896">
        <ele>106.0</ele>
      </trkpt>
      <trkpt lat="48.01607" lon="0.23892">
        <ele>106.0</ele>
      </trkpt>
      <trkpt lat="48.01609" lon="0.23887">
        <ele>106.0</ele>
      </trkpt>
      <trkpt lat="48.0161" lon="0.23881">
        <ele>106.0</ele>
      </trkpt>
      <trkpt lat="48.0161" lon="0.23875">
        <ele>106.0</ele>
      </trkpt>
      <trkpt lat="48.01609" lon="0.23869">
        <ele>106.0</ele>
      </trkpt>
      <trkpt lat="48.01607" lon="0.23863">
        <ele>106.0</ele>
      </trkpt>
      <trkpt lat="48.01604" lon="0.23858">
        <ele>106.0</ele>
      </trkpt>
      <trkpt lat="48.01599" lon="0.23854">
        <ele>106.0</ele>
      </trkpt>
      <trkpt lat="48.01595" lon="0.23845">
        <ele>105.0</ele>
      </trkpt>
      <trkpt lat="48.01589" lon="0.23826">
        <ele>105.0</ele>
      </trkpt>
      <trkpt lat="48.01583" lon="0.23779">
        <ele>106.0</ele>
      </trkpt>
      <trkpt lat="48.01583" lon="0.237">
        <ele>109.0</ele>
      </trkpt>
      <trkpt lat="48.01586" lon="0.2364">
        <ele>110.0</ele>
      </trkpt>
      <trkpt lat="48.01587" lon="0.23632">
        <ele>109.0</ele>
      </trkpt>
      <trkpt lat="48.01595" lon="0.23505">
        <ele>109.0</ele>
      </trkpt>
      <trkpt lat="48.01597" lon="0.23443">
        <ele>109.0</ele>
      </trkpt>
      <trkpt lat="48.01597" lon="0.23419">
        <ele>109.0</ele>
      </trkpt>
      <trkpt lat="48.01597" lon="0.23408">
        <ele>108.0</ele>
      </trkpt>
      <trkpt lat="48.01591" lon="0.23333">
        <ele>107.0</ele>
      </trkpt>
      <trkpt lat="48.01588" lon="0.23306">
        <ele>107.0</ele>
      </trkpt>
      <trkpt lat="48.01584" lon="0.23264">
        <ele>108.0</ele>
      </trkpt>
      <trkpt lat="48.01579" lon="0.23214">
        <ele>108.0</ele>
      </trkpt>
      <trkpt lat="48.01576" lon="0.23172">
        <ele>107.0</ele>
      </trkpt>
      <trkpt lat="48.01573" lon="0.23125">
        <ele>106.0</ele>
      </trkpt>
      <trkpt lat="48.01573" lon="0.23084">
        <ele>105.0</ele>
      </trkpt>
      <trkpt lat="48.01573" lon="0.23076">
        <ele>105.0</ele>
      </trkpt>
      <trkpt lat="48.01574" lon="0.23074">
        <ele>105.0</ele>
      </trkpt>
      <trkpt lat="48.01575" lon="0.23071">
        <ele>105.0</ele>
      </trkpt>
      <trkpt lat="48.01575" lon="0.23065">
        <ele>105.0</ele>
      </trkpt>
      <trkpt lat="48.01572" lon="0.23061">
        <ele>105.0</ele>
      </trkpt>
      <trkpt lat="48.0157" lon="0.2306">
        <ele>105.0</ele>
      </trkpt>
      <trkpt lat="48.01569" lon="0.2305">
        <ele>105.0</ele>
      </trkpt>
      <trkpt lat="48.01565" lon="0.2302">
        <ele>104.0</ele>
      </trkpt>
      <trkpt lat="48.01559" lon="0.22987">
        <ele>104.0</ele>
      </trkpt>
      <trkpt lat="48.01554" lon="0.22933">
        <ele>105.0</ele>
      </trkpt>
      <trkpt lat="48.01552" lon="0.22909">
        <ele>105.0</ele>
      </trkpt>
      <trkpt lat="48.01544" lon="0.22812">
        <ele>106.0</ele>
      </trkpt>
      <trkpt lat="48.0154" lon="0.22773">
        <ele>106.0</ele>
      </trkpt>
      <trkpt lat="48.01537" lon="0.2274">
        <ele>105.0</ele>
      </trkpt>
      <trkpt lat="48.01532" lon="0.22676">
        <ele>104.0</ele>
      </trkpt>
      <trkpt lat="48.01518" lon="0.22572">
        <ele>101.0</ele>
      </trkpt>
      <trkpt lat="48.01514" lon="0.22545">
        <ele>101.0</ele>
      </trkpt>
      <trkpt lat="48.01492" lon="0.22424">
        <ele>101.0</ele>
      </trkpt>
      <trkpt lat="48.01487" lon="0.22399">
        <ele>101.0</ele>
      </trkpt>
      <trkpt lat="48.01479" lon="0.22353">
        <ele>100.0</ele>
      </trkpt>
      <trkpt lat="48.01475" lon="0.22329">
        <ele>100.0</ele>
      </trkpt>
      <trkpt lat="48.01463" lon="0.22272">
        <ele>100.0</ele>
      </trkpt>
      <trkpt lat="48.01453" lon="0.22221">
        <ele>100.0</ele>
      </trkpt>
      <trkpt lat="48.01441" lon="0.22164">
        <ele>100.0</ele>
      </trkpt>
      <trkpt lat="48.01436" lon="0.2215">
        <ele>100.0</ele>
      </trkpt>
      <trkpt lat="48.01458" lon="0.22128">
        <ele>101.0</ele>
      </trkpt>
      <trkpt lat="48.01513" lon="0.22077">
        <ele>103.0</ele>
      </trkpt>
      <trkpt lat="48.01517" lon="0.22073">
        <ele>103.0</ele>
      </trkpt>
      <trkpt lat="48.01528" lon="0.22064">
        <ele>104.0</ele>
      </trkpt>
      <trkpt lat="48.01584" lon="0.22011">
        <ele>105.0</ele>
      </trkpt>
      <trkpt lat="48.01597" lon="0.21999">
        <ele>105.0</ele>
      </trkpt>
      <trkpt lat="48.01621" lon="0.21977">
        <ele>104.0</ele>
      </trkpt>
      <trkpt lat="48.01629" lon="0.21969">
        <ele>104.0</ele>
      </trkpt>
      <trkpt lat="48.01633" lon="0.21965">
        <ele>104.0</ele>
      </trkpt>
      <trkpt lat="48.0164" lon="0.21959">
        <ele>104.0</ele>
      </trkpt>
      <trkpt lat="48.01645" lon="0.21954">
        <ele>104.0</ele>
      </trkpt>
      <trkpt lat="48.01676" lon="0.21925">
        <ele>104.0</ele>
      </trkpt>
      <trkpt lat="48.01685" lon="0.21917">
        <ele>105.0</ele>
      </trkpt>
      <trkpt lat="48.01702" lon="0.21902">
        <ele>104.0</ele>
      </trkpt>
      <trkpt lat="48.0173" lon="0.21879">
        <ele>104.0</ele>
      </trkpt>
      <trkpt lat="48.01737" lon="0.21879">
        <ele>104.0</ele>
      </trkpt>
      <trkpt lat="48.01742" lon="0.21874">
        <ele>104.0</ele>
      </trkpt>
      <trkpt lat="48.01746" lon="0.21873">
        <ele>104.0</ele>
      </trkpt>
      <trkpt lat="48.0175" lon="0.21875">
        <ele>104.0</ele>
      </trkpt>
      <trkpt lat="48.01753" lon="0.21875">
        <ele>104.0</ele>
      </trkpt>
      <trkpt lat="48.01755" lon="0.21873">
        <ele>104.0</ele>
      </trkpt>
      <trkpt lat="48.01759" lon="0.21867">
        <ele>104.0</ele>
      </trkpt>
      <trkpt lat="48.0176" lon="0.21862">
        <ele>104.0</ele>
      </trkpt>
      <trkpt lat="48.01758" lon="0.21856">
        <ele>104.0</ele>
      </trkpt>
      <trkpt lat="48.01755" lon="0.21851">
        <ele>104.0</ele>
      </trkpt>
      <trkpt lat="48.01751" lon="0.21849">
        <ele>104.0</ele>
      </trkpt>
      <trkpt lat="48.01747" lon="0.21836">
        <ele>104.0</ele>
      </trkpt>
      <trkpt lat="48.01744" lon="0.21823">
        <ele>104.0</ele>
      </trkpt>
      <trkpt lat="48.0174" lon="0.21808">
        <ele>105.0</ele>
      </trkpt>
      <trkpt lat="48.01731" lon="0.21779">
        <ele>105.0</ele>
      </trkpt>
      <trkpt lat="48.01705" lon="0.21708">
        <ele>106.0</ele>
      </trkpt>
      <trkpt lat="48.01699" lon="0.21696">
        <ele>106.0</ele>
      </trkpt>
      <trkpt lat="48.01694" lon="0.21687">
        <ele>106.0</ele>
      </trkpt>
      <trkpt lat="48.01693" lon="0.21684">
        <ele>106.0</ele>
      </trkpt>
      <trkpt lat="48.01675" lon="0.21637">
        <ele>106.0</ele>
      </trkpt>
      <trkpt lat="48.01644" lon="0.21552">
        <ele>104.0</ele>
      </trkpt>
      <trkpt lat="48.01641" lon="0.21544">
        <ele>104.0</ele>
      </trkpt>
      <trkpt lat="48.01638" lon="0.2153">
        <ele>104.0</ele>
      </trkpt>
      <trkpt lat="48.01636" lon="0.21524">
        <ele>103.0</ele>
      </trkpt>
      <trkpt lat="48.0163" lon="0.21509">
        <ele>103.0</ele>
      </trkpt>
      <trkpt lat="48.01627" lon="0.21501">
        <ele>103.0</ele>
      </trkpt>
      <trkpt lat="48.01622" lon="0.21492">
        <ele>103.0</ele>
      </trkpt>
      <trkpt lat="48.01604" lon="0.21441">
        <ele>101.0</ele>
      </trkpt>
      <trkpt lat="48.01558" lon="0.2131">
        <ele>98.0</ele>
      </trkpt>
      <trkpt lat="48.01556" lon="0.21306">
        <ele>98.0</ele>
      </trkpt>
      <trkpt lat="48.01554" lon="0.21299">
        <ele>98.0</ele>
      </trkpt>
      <trkpt lat="48.01546" lon="0.21274">
        <ele>98.0</ele>
      </trkpt>
      <trkpt lat="48.01542" lon="0.21262">
        <ele>98.0</ele>
      </trkpt>
      <trkpt lat="48.01517" lon="0.21189">
        <ele>96.0</ele>
      </trkpt>
      <trkpt lat="48.01509" lon="0.21166">
        <ele>96.0</ele>
      </trkpt>
      <trkpt lat="48.01501" lon="0.21132">
        <ele>94.0</ele>
      </trkpt>
      <trkpt lat="48.01485" lon="0.21086">
        <ele>93.0</ele>
      </trkpt>
      <trkpt lat="48.01477" lon="0.21063">
        <ele>93.0</ele>
      </trkpt>
      <trkpt lat="48.01476" lon="0.21061">
        <ele>93.0</ele>
      </trkpt>
      <trkpt lat="48.01429" lon="0.20921">
        <ele>92.0</ele>
      </trkpt>
      <trkpt lat="48.01424" lon="0.20907">
        <ele>92.0</ele>
      </trkpt>
      <trkpt lat="48.01421" lon="0.20898">
        <ele>92.0</ele>
      </trkpt>
      <trkpt lat="48.0142" lon="0.20895">
        <ele>92.0</ele>
      </trkpt>
      <trkpt lat="48.01419" lon="0.20893">
        <ele>92.0</ele>
      </trkpt>
      <trkpt lat="48.01412" lon="0.20881">
        <ele>92.0</ele>
      </trkpt>
      <trkpt lat="48.01398" lon="0.20854">
        <ele>92.0</ele>
      </trkpt>
      <trkpt lat="48.01365" lon="0.208">
        <ele>91.0</ele>
      </trkpt>
      <trkpt lat="48.01361" lon="0.2079">
        <ele>91.0</ele>
      </trkpt>
      <trkpt lat="48.0136" lon="0.20788">
        <ele>91.0</ele>
      </trkpt>
      <trkpt lat="48.01359" lon="0.20786">
        <ele>91.0</ele>
      </trkpt>
      <trkpt lat="48.01351" lon="0.20777">
        <ele>91.0</ele>
      </trkpt>
      <trkpt lat="48.01331" lon="0.20745">
        <ele>91.0</ele>
      </trkpt>
      <trkpt lat="48.01318" lon="0.20723">
        <ele>90.0</ele>
      </trkpt>
      <trkpt lat="48.01314" lon="0.20714">
        <ele>90.0</ele>
      </trkpt>
      <trkpt lat="48.01313" lon="0.20712">
        <ele>90.0</ele>
      </trkpt>
      <trkpt lat="48.01311" lon="0.2071">
        <ele>90.0</ele>
      </trkpt>
      <trkpt lat="48.01303" lon="0.207">
        <ele>89.0</ele>
      </trkpt>
      <trkpt lat="48.01291" lon="0.2068">
        <ele>89.0</ele>
      </trkpt>
      <trkpt lat="48.0126" lon="0.20627">
        <ele>89.0</ele>
      </trkpt>
      <trkpt lat="48.01253" lon="0.20614">
        <ele>90.0</ele>
      </trkpt>
      <trkpt lat="48.01249" lon="0.20606">
        <ele>90.0</ele>
      </trkpt>
      <trkpt lat="48.01246" lon="0.20598">
        <ele>90.0</ele>
      </trkpt>
      <trkpt lat="48.01241" lon="0.20585">
        <ele>90.0</ele>
      </trkpt>
      <trkpt lat="48.01232" lon="0.20561">
        <ele>89.0</ele>
      </trkpt>
      <trkpt lat="48.01205" lon="0.20486">
        <ele>89.0</ele>
      </trkpt>
      <trkpt lat="48.01202" lon="0.20478">
        <ele>89.0</ele>
      </trkpt>
      <trkpt lat="48.01197" lon="0.20465">
        <ele>88.0</ele>
      </trkpt>
      <trkpt lat="48.01189" lon="0.20452">
        <ele>88.0</ele>
      </trkpt>
      <trkpt lat="48.0116" lon="0.20413">
        <ele>87.0</ele>
      </trkpt>
      <trkpt lat="48.01132" lon="0.20378">
        <ele>85.0</ele>
      </trkpt>
      <trkpt lat="48.01106" lon="0.20354">
        <ele>83.0</ele>
      </trkpt>
      <trkpt lat="48.01086" lon="0.20325">
        <ele>82.0</ele>
      </trkpt>
      <trkpt lat="48.01075" lon="0.20308">
        <ele>82.0</ele>
      </trkpt>
      <trkpt lat="48.01058" lon="0.20282">
        <ele>82.0</ele>
      </trkpt>
      <trkpt lat="48.01039" lon="0.20254">
        <ele>82.0</ele>
      </trkpt>
      <trkpt lat="48.01016" lon="0.20216">
        <ele>81.0</ele>
      </trkpt>
      <trkpt lat="48.0099" lon="0.20173">
        <ele>79.0</ele>
      </trkpt>
      <trkpt lat="48.00985" lon="0.20166">
        <ele>79.0</ele>
      </trkpt>
      <trkpt lat="48.00924" lon="0.20069">
        <ele>74.0</ele>
      </trkpt>
      <trkpt lat="48.00915" lon="0.20054">
        <ele>74.0</ele>
      </trkpt>
      <trkpt lat="48.0091" lon="0.20048">
        <ele>74.0</ele>
      </trkpt>
      <trkpt lat="48.00901" lon="0.20034">
        <ele>74.0</ele>
      </trkpt>
      <trkpt lat="48.0089" lon="0.20018">
        <ele>73.0</ele>
      </trkpt>
      <trkpt lat="48.00863" lon="0.19976">
        <ele>72.0</ele>
      </trkpt>
      <trkpt lat="48.00858" lon="0.19969">
        <ele>72.0</ele>
      </trkpt>
      <trkpt lat="48.00829" lon="0.19925">
        <ele>70.0</ele>
      </trkpt>
      <trkpt lat="48.0081" lon="0.19899">
        <ele>70.0</ele>
      </trkpt>
      <trkpt lat="48.00794" lon="0.19876">
        <ele>70.0</ele>
      </trkpt>
      <trkpt lat="48.00784" lon="0.19863">
        <ele>70.0</ele>
      </trkpt>
      <trkpt lat="48.00785" lon="0.19856">
        <ele>70.0</ele>
      </trkpt>
      <trkpt lat="48.00783" lon="0.1985">
        <ele>70.0</ele>
      </trkpt>
      <trkpt lat="48.00787" lon="0.19839">
        <ele>71.0</ele>
      </trkpt>
      <trkpt lat="48.00801" lon="0.198">
        <ele>73.0</ele>
      </trkpt>
      <trkpt lat="48.00802" lon="0.19799">
        <ele>73.0</ele>
      </trkpt>
      <trkpt lat="48.00807" lon="0.19788">
        <ele>74.0</ele>
      </trkpt>
      <trkpt lat="48.00852" lon="0.19707">
        <ele>77.0</ele>
      </trkpt>
      <trkpt lat="48.00872" lon="0.19671">
        <ele>74.0</ele>
      </trkpt>
      <trkpt lat="48.00896" lon="0.19627">
        <ele>66.0</ele>
      </trkpt>
      <trkpt lat="48.009" lon="0.1962">
        <ele>64.0</ele>
      </trkpt>
      <trkpt lat="48.00916" lon="0.19592">
        <ele>57.0</ele>
      </trkpt>
      <trkpt lat="48.00925" lon="0.19575">
        <ele>54.0</ele>
      </trkpt>
      <trkpt lat="48.00939" lon="0.19564">
        <ele>53.0</ele>
      </trkpt>
      <trkpt lat="48.00939" lon="0.19564">
        <ele>53.0</ele>
      </trkpt>
      <trkpt lat="48.0094" lon="0.19563">
        <ele>53.0</ele>
      </trkpt>
      <trkpt lat="48.00942" lon="0.19563">
        <ele>53.0</ele>
      </trkpt>
      <trkpt lat="48.00943" lon="0.19564">
        <ele>53.0</ele>
      </trkpt>
      <trkpt lat="48.00945" lon="0.19564">
        <ele>53.0</ele>
      </trkpt>
      <trkpt lat="48.00945" lon="0.19563">
        <ele>52.0</ele>
      </trkpt>
      <trkpt lat="48.00948" lon="0.19558">
        <ele>52.0</ele>
      </trkpt>
      <trkpt lat="48.00952" lon="0.19552">
        <ele>52.0</ele>
      </trkpt>
      <trkpt lat="48.00954" lon="0.19549">
        <ele>51.0</ele>
      </trkpt>
      <trkpt lat="48.00956" lon="0.19544">
        <ele>51.0</ele>
      </trkpt>
      <trkpt lat="48.00957" lon="0.19543">
        <ele>51.0</ele>
      </trkpt>
      <trkpt lat="48.00957" lon="0.1954">
        <ele>51.0</ele>
      </trkpt>
      <trkpt lat="48.00957" lon="0.19538">
        <ele>51.0</ele>
      </trkpt>
      <trkpt lat="48.00951" lon="0.19532">
        <ele>51.0</ele>
      </trkpt>
      <trkpt lat="48.00947" lon="0.19528">
        <ele>51.0</ele>
      </trkpt>
      <trkpt lat="48.00944" lon="0.19526">
        <ele>51.0</ele>
      </trkpt>
      <trkpt lat="48.00942" lon="0.19523">
        <ele>51.0</ele>
      </trkpt>
      <trkpt lat="48.0094" lon="0.19522">
        <ele>51.0</ele>
      </trkpt>
      <trkpt lat="48.00939" lon="0.19523">
        <ele>51.0</ele>
      </trkpt>
      <trkpt lat="48.00934" lon="0.19533">
        <ele>52.0</ele>
      </trkpt>
      <trkpt lat="48.00932" lon="0.19532">
        <ele>52.0</ele>
      </trkpt>
      <trkpt lat="48.00925" lon="0.19527">
        <ele>52.0</ele>
      </trkpt>
      <trkpt lat="48.00905" lon="0.19508">
        <ele>53.0</ele>
      </trkpt>
      <trkpt lat="48.00898" lon="0.195">
        <ele>53.0</ele>
      </trkpt>
      <trkpt lat="48.00889" lon="0.19482">
        <ele>53.0</ele>
      </trkpt>
      <trkpt lat="48.00884" lon="0.19474">
        <ele>53.0</ele>
      </trkpt>
      <trkpt lat="48.00824" lon="0.19413">
        <ele>51.0</ele>
      </trkpt>
      <trkpt lat="48.00721" lon="0.19307">
        <ele>48.0</ele>
      </trkpt>
      <trkpt lat="48.00667" lon="0.19253">
        <ele>46.0</ele>
      </trkpt>
      <trkpt lat="48.00658" lon="0.19244">
        <ele>46.0</ele>
      </trkpt>
      <trkpt lat="48.00631" lon="0.19223">
        <ele>47.0</ele>
      </trkpt>
      <trkpt lat="48.00626" lon="0.19219">
        <ele>47.0</ele>
      </trkpt>
      <trkpt lat="48.00602" lon="0.19206">
        <ele>47.0</ele>
      </trkpt>
      <trkpt lat="48.00598" lon="0.19205">
        <ele>47.0</ele>
      </trkpt>
      <trkpt lat="48.00597" lon="0.19205">
        <ele>47.0</ele>
      </trkpt>
      <trkpt lat="48.00591" lon="0.19204">
        <ele>47.0</ele>
      </trkpt>
      <trkpt lat="48.00547" lon="0.19198">
        <ele>49.0</ele>
      </trkpt>
      <trkpt lat="48.00533" lon="0.19196">
        <ele>50.0</ele>
      </trkpt>
      <trkpt lat="48.00524" lon="0.19195">
        <ele>50.0</ele>
      </trkpt>
      <trkpt lat="48.00485" lon="0.19186">
        <ele>52.0</ele>
      </trkpt>
      <trkpt lat="48.00455" lon="0.19178">
        <ele>52.0</ele>
      </trkpt>
      <trkpt lat="48.0045" lon="0.19177">
        <ele>52.0</ele>
      </trkpt>
      <trkpt lat="48.00446" lon="0.19176">
        <ele>53.0</ele>
      </trkpt>
      <trkpt lat="48.00421" lon="0.19171">
        <ele>53.0</ele>
      </trkpt>
      <trkpt lat="48.00416" lon="0.19168">
        <ele>53.0</ele>
      </trkpt>
      <trkpt lat="48.00407" lon="0.19164">
        <ele>52.0</ele>
      </trkpt>
      <trkpt lat="48.00381" lon="0.19158">
        <ele>51.0</ele>
      </trkpt>
      <trkpt lat="48.00376" lon="0.19158">
        <ele>50.0</ele>
      </trkpt>
      <trkpt lat="48.00313" lon="0.19143">
        <ele>48.0</ele>
      </trkpt>
      <trkpt lat="48.00303" lon="0.1914">
        <ele>49.0</ele>
      </trkpt>
      <trkpt lat="48.00285" lon="0.19136">
        <ele>49.0</ele>
      </trkpt>
      <trkpt lat="48.00247" lon="0.19127">
        <ele>50.0</ele>
      </trkpt>
      <trkpt lat="48.00227" lon="0.19122">
        <ele>50.0</ele>
      </trkpt>
      <trkpt lat="48.00211" lon="0.19118">
        <ele>50.0</ele>
      </trkpt>
      <trkpt lat="48.00175" lon="0.1911">
        <ele>49.0</ele>
      </trkpt>
      <trkpt lat="48.00152" lon="0.19104">
        <ele>50.0</ele>
      </trkpt>
      <trkpt lat="48.00148" lon="0.19103">
        <ele>50.0</ele>
      </trkpt>
      <trkpt lat="48.00143" lon="0.19102">
        <ele>50.0</ele>
      </trkpt>
      <trkpt lat="48.00126" lon="0.19097">
        <ele>51.0</ele>
      </trkpt>
      <trkpt lat="48.0012" lon="0.19096">
        <ele>52.0</ele>
      </trkpt>
      <trkpt lat="48.00119" lon="0.19091">
        <ele>51.0</ele>
      </trkpt>
      <trkpt lat="48.00118" lon="0.19089">
        <ele>51.0</ele>
      </trkpt>
      <trkpt lat="48.00116" lon="0.19087">
        <ele>51.0</ele>
      </trkpt>
      <trkpt lat="48.00112" lon="0.19086">
        <ele>51.0</ele>
      </trkpt>
      <trkpt lat="48.00109" lon="0.19088">
        <ele>52.0</ele>
      </trkpt>
      <trkpt lat="48.00107" lon="0.1909">
        <ele>52.0</ele>
      </trkpt>
      <trkpt lat="48.00099" lon="0.19089">
        <ele>52.0</ele>
      </trkpt>
      <trkpt lat="48.00074" lon="0.1907">
        <ele>52.0</ele>
      </trkpt>
      <trkpt lat="47.99929" lon="0.18952">
        <ele>53.0</ele>
      </trkpt>
      <trkpt lat="47.99896" lon="0.18927">
        <ele>51.0</ele>
      </trkpt>
      <trkpt lat="47.99847" lon="0.18891">
        <ele>48.0</ele>
      </trkpt>
      <trkpt lat="47.99846" lon="0.1889">
        <ele>48.0</ele>
      </trkpt>
      <trkpt lat="47.99835" lon="0.18878">
        <ele>47.0</ele>
      </trkpt>
      <trkpt lat="47.99826" lon="0.18871">
        <ele>47.0</ele>
      </trkpt>
      <trkpt lat="47.99825" lon="0.18866">
        <ele>47.0</ele>
      </trkpt>
      <trkpt lat="47.99823" lon="0.18862">
        <ele>47.0</ele>
      </trkpt>
      <trkpt lat="47.99819" lon="0.18859">
        <ele>46.0</ele>
      </trkpt>
      <trkpt lat="47.99815" lon="0.18859">
        <ele>47.0</ele>
      </trkpt>
      <trkpt lat="47.9981" lon="0.18861">
        <ele>47.0</ele>
      </trkpt>
      <trkpt lat="47.99807" lon="0.18866">
        <ele>47.0</ele>
      </trkpt>
      <trkpt lat="47.99806" lon="0.18873">
        <ele>48.0</ele>
      </trkpt>
      <trkpt lat="47.99803" lon="0.18878">
        <ele>48.0</ele>
      </trkpt>
      <trkpt lat="47.99798" lon="0.18883">
        <ele>49.0</ele>
      </trkpt>
      <trkpt lat="47.99796" lon="0.18879">
        <ele>49.0</ele>
      </trkpt>
      <trkpt lat="47.99796" lon="0.18879">
        <ele>49.0</ele>
      </trkpt>
      <trkpt lat="47.99795" lon="0.1887">
        <ele>48.0</ele>
      </trkpt>
      <trkpt lat="47.99792" lon="0.1887">
        <ele>48.0</ele>
      </trkpt>
      <trkpt lat="47.99792" lon="0.1887">
        <ele>48.0</ele>
      </trkpt>
      <trkpt lat="47.99789" lon="0.18869">
        <ele>48.0</ele>
      </trkpt>
      <trkpt lat="47.99785" lon="0.18869">
        <ele>48.0</ele>
      </trkpt>
      <trkpt lat="47.99784" lon="0.18878">
        <ele>49.0</ele>
      </trkpt>
      <trkpt lat="47.99779" lon="0.18886">
        <ele>49.0</ele>
      </trkpt>
      <trkpt lat="47.9974" lon="0.18919">
        <ele>51.0</ele>
      </trkpt>
      <trkpt lat="47.99729" lon="0.18929">
        <ele>51.0</ele>
      </trkpt>
      <trkpt lat="47.99708" lon="0.18955">
        <ele>52.0</ele>
      </trkpt>
      <trkpt lat="47.99701" lon="0.18966">
        <ele>52.0</ele>
      </trkpt>
      <trkpt lat="47.99695" lon="0.18976">
        <ele>52.0</ele>
      </trkpt>
      <trkpt lat="47.99691" lon="0.18985">
        <ele>52.0</ele>
      </trkpt>
      <trkpt lat="47.99673" lon="0.19042">
        <ele>52.0</ele>
      </trkpt>
      <trkpt lat="47.99671" lon="0.19049">
        <ele>52.0</ele>
      </trkpt>
      <trkpt lat="47.99664" lon="0.19073">
        <ele>52.0</ele>
      </trkpt>
      <trkpt lat="47.99655" lon="0.19101">
        <ele>52.0</ele>
      </trkpt>
      <trkpt lat="47.99653" lon="0.19108">
        <ele>53.0</ele>
      </trkpt>
      <trkpt lat="47.99653" lon="0.19112">
        <ele>53.0</ele>
      </trkpt>
      <trkpt lat="47.99655" lon="0.19119">
        <ele>53.0</ele>
      </trkpt>
      <trkpt lat="47.99653" lon="0.19128">
        <ele>53.0</ele>
      </trkpt>
      <trkpt lat="47.9965" lon="0.19137">
        <ele>53.0</ele>
      </trkpt>
      <trkpt lat="47.99643" lon="0.19159">
        <ele>54.0</ele>
      </trkpt>
      <trkpt lat="47.99641" lon="0.19163">
        <ele>54.0</ele>
      </trkpt>
      <trkpt lat="47.99633" lon="0.19184">
        <ele>54.0</ele>
      </trkpt>
      <trkpt lat="47.99629" lon="0.19194">
        <ele>54.0</ele>
      </trkpt>
      <trkpt lat="47.99625" lon="0.19204">
        <ele>54.0</ele>
      </trkpt>
      <trkpt lat="47.9961" lon="0.19254">
        <ele>53.0</ele>
      </trkpt>
      <trkpt lat="47.99602" lon="0.19278">
        <ele>53.0</ele>
      </trkpt>
      <trkpt lat="47.996" lon="0.19284">
        <ele>54.0</ele>
      </trkpt>
      <trkpt lat="47.99599" lon="0.19289">
        <ele>54.0</ele>
      </trkpt>
      <trkpt lat="47.99592" lon="0.19309">
        <ele>54.0</ele>
      </trkpt>
      <trkpt lat="47.99584" lon="0.19336">
        <ele>54.0</ele>
      </trkpt>
      <trkpt lat="47.99579" lon="0.19351">
        <ele>54.0</ele>
      </trkpt>
      <trkpt lat="47.9957" lon="0.19379">
        <ele>53.0</ele>
      </trkpt>
      <trkpt lat="47.99569" lon="0.19383">
        <ele>53.0</ele>
      </trkpt>
      <trkpt lat="47.99564" lon="0.19379">
        <ele>53.0</ele>
      </trkpt>
      <trkpt lat="47.99562" lon="0.19378">
        <ele>53.0</ele>
      </trkpt>
      <trkpt lat="47.9956" lon="0.19376">
        <ele>53.0</ele>
      </trkpt>
      <trkpt lat="47.9956" lon="0.19373">
        <ele>53.0</ele>
      </trkpt>
      <trkpt lat="47.99564" lon="0.19357">
        <ele>53.0</ele>
      </trkpt>
      <trkpt lat="47.99564" lon="0.19357">
        <ele>53.0</ele>
      </trkpt>
      <trkpt lat="47.99568" lon="0.19342">
        <ele>54.0</ele>
      </trkpt>
      <trkpt lat="47.99563" lon="0.1934">
        <ele>54.0</ele>
      </trkpt>
      <trkpt lat="47.99563" lon="0.1934">
        <ele>54.0</ele>
      </trkpt>
      <trkpt lat="47.9956" lon="0.19338">
        <ele>54.0</ele>
      </trkpt>
      <trkpt lat="47.99559" lon="0.19338">
        <ele>54.0</ele>
      </trkpt>
      <trkpt lat="47.99559" lon="0.19338">
        <ele>54.0</ele>
      </trkpt>
      <trkpt lat="47.99549" lon="0.19375">
        <ele>53.0</ele>
      </trkpt>
      <trkpt lat="47.99539" lon="0.1937">
        <ele>53.0</ele>
      </trkpt>
    </trkseg>
  </trk>
</gpx>