<?xml version="1.0" encoding="UTF-8"?>
<gpx xmlns="http://www.topografix.com/GPX/1/1" xmlns:xsi="http://www.w3.org/2001/XMLSchema-instance" xsi:schemaLocation="http://www.topografix.com/GPX/1/1 http://www.topografix.com/GPX/1/1/gpx.xsd" version="1.1" creator="OnRouteMap">
  <metadata>
    <name>ubf_provence_300_29sept-22945961-1791364911-852</name>
    <desc>Export GPX de l'itinéraire avec POI</desc>
  </metadata>
  <wpt lat="44.15259076637532" lon="5.318920189837386">
    <name>Toilettes</name>
    <desc>Type: Toilettes, Ligne droite jusqu'à l'itinéraire: 47 m, Kilomètre d'itinéraire: 45.0 km</desc>
    <type>Toilettes</type>
  </wpt>
  <wpt lat="44.1525861" lon="5.3189516">
    <name>Eau potable</name>
    <desc>Type: Eau potable, Ligne droite jusqu'à l'itinéraire: 48 m, Kilomètre d'itinéraire: 45.0 km</desc>
    <type>Eau potable</type>
  </wpt>
  <wpt lat="44.0910251" lon="5.4100333">
    <name>Station Service</name>
    <desc>Type: Station-service, Ligne droite jusqu'à l'itinéraire: 2 m, Kilomètre d'itinéraire: 65.1 km</desc>
    <type>Station-service</type>
  </wpt>
  <wpt lat="44.0915712" lon="5.4088972">
    <name>Toilettes</name>
    <desc>Type: Toilettes, Ligne droite jusqu'à l'itinéraire: 45 m, Kilomètre d'itinéraire: 65.2 km</desc>
    <type>Toilettes</type>
  </wpt>
  <wpt lat="44.0918032" lon="5.4093031">
    <name>Eau potable</name>
    <desc>Type: Eau potable, Ligne droite jusqu'à l'itinéraire: 4 m, Kilomètre d'itinéraire: 65.3 km</desc>
    <type>Eau potable</type>
  </wpt>
  <wpt lat="44.0918019" lon="5.4091806">
    <name>L'art du pain by Blondel</name>
    <desc>Type: Boulangerie, Ligne droite jusqu'à l'itinéraire: 13 m, Kilomètre d'itinéraire: 65.3 km</desc>
    <type>Boulangerie</type>
  </wpt>
  <wpt lat="44.0918722" lon="5.4091398">
    <name>Family and Cie</name>
    <desc>Type: Glacier, Ligne droite jusqu'à l'itinéraire: 12 m, Kilomètre d'itinéraire: 65.3 km</desc>
    <type>Glacier</type>
  </wpt>
  <wpt lat="44.0920022" lon="5.4089205">
    <name>Supermarché</name>
    <desc>Type: Supermarché, Ligne droite jusqu'à l'itinéraire: 28 m, Kilomètre d'itinéraire: 65.3 km</desc>
    <type>Supermarché</type>
  </wpt>
  <wpt lat="44.0921622" lon="5.4086465">
    <name>Vival</name>
    <desc>Type: Épicerie, Ligne droite jusqu'à l'itinéraire: 55 m, Kilomètre d'itinéraire: 65.3 km</desc>
    <type>Épicerie</type>
  </wpt>
  <wpt lat="44.0924276" lon="5.4081759">
    <name>Pizza Bruno</name>
    <desc>Type: Restauration rapide, Ligne droite jusqu'à l'itinéraire: 103 m, Kilomètre d'itinéraire: 65.3 km</desc>
    <type>Restauration rapide</type>
  </wpt>
  <wpt lat="44.092178" lon="5.4089715">
    <name>La Maison des Producteurs</name>
    <desc>Type: Épicerie, Ligne droite jusqu'à l'itinéraire: 33 m, Kilomètre d'itinéraire: 65.3 km</desc>
    <type>Épicerie</type>
  </wpt>
  <wpt lat="44.0925083" lon="5.4088761">
    <name>Toilettes</name>
    <desc>Type: Toilettes, Ligne droite jusqu'à l'itinéraire: 57 m, Kilomètre d'itinéraire: 65.3 km</desc>
    <type>Toilettes</type>
  </wpt>
  <wpt lat="44.0927538" lon="5.4083023">
    <name>Eau potable</name>
    <desc>Type: Eau potable, Ligne droite jusqu'à l'itinéraire: 110 m, Kilomètre d'itinéraire: 65.3 km</desc>
    <type>Eau potable</type>
  </wpt>
  <wpt lat="44.09515197654715" lon="5.4123643113473845">
    <name>Cimetière (eau potable)</name>
    <desc>Type: Cimetière (eau potable), Ligne droite jusqu'à l'itinéraire: 52 m, Kilomètre d'itinéraire: 65.7 km</desc>
    <type>Cimetière (eau potable)</type>
  </wpt>
  <wpt lat="44.0963903" lon="5.4128722">
    <name>Intermarché</name>
    <desc>Type: Station-service, Ligne droite jusqu'à l'itinéraire: 40 m, Kilomètre d'itinéraire: 65.8 km</desc>
    <type>Station-service</type>
  </wpt>
  <wpt lat="44.0971083" lon="5.4126603">
    <name>Intermarché Contact</name>
    <desc>Type: Épicerie, Ligne droite jusqu'à l'itinéraire: 114 m, Kilomètre d'itinéraire: 65.9 km</desc>
    <type>Épicerie</type>
  </wpt>
  <wpt lat="44.097064" lon="5.4136937">
    <name>Saveurs du Ventoux</name>
    <desc>Type: Boulangerie, Ligne droite jusqu'à l'itinéraire: 52 m, Kilomètre d'itinéraire: 66.0 km</desc>
    <type>Boulangerie</type>
  </wpt>
  <wpt lat="44.0974512" lon="5.4141842">
    <name>Biovaleur</name>
    <desc>Type: Supermarché, Ligne droite jusqu'à l'itinéraire: 55 m, Kilomètre d'itinéraire: 66.0 km</desc>
    <type>Supermarché</type>
  </wpt>
  <wpt lat="44.1018537" lon="5.4215415">
    <name>Toilettes</name>
    <desc>Type: Toilettes, Ligne droite jusqu'à l'itinéraire: 27 m, Kilomètre d'itinéraire: 66.8 km</desc>
    <type>Toilettes</type>
  </wpt>
  <wpt lat="44.106353217726145" lon="5.467582059771183">
    <name>Cimetière (eau potable)</name>
    <desc>Type: Cimetière (eau potable), Ligne droite jusqu'à l'itinéraire: 274 m, Kilomètre d'itinéraire: 71.5 km</desc>
    <type>Cimetière (eau potable)</type>
  </wpt>
  <wpt lat="44.1022108" lon="5.4657901">
    <name>Restauration rapide</name>
    <desc>Type: Restauration rapide, Ligne droite jusqu'à l'itinéraire: 201 m, Kilomètre d'itinéraire: 71.6 km</desc>
    <type>Restauration rapide</type>
  </wpt>
  <wpt lat="44.0823693" lon="5.5473581">
    <name>Toilettes</name>
    <desc>Type: Toilettes, Ligne droite jusqu'à l'itinéraire: 108 m, Kilomètre d'itinéraire: 80.1 km</desc>
    <type>Toilettes</type>
  </wpt>
  <wpt lat="44.0834817" lon="5.5473829">
    <name>Café du Midi</name>
    <desc>Type: Café, Ligne droite jusqu'à l'itinéraire: 16 m, Kilomètre d'itinéraire: 80.1 km</desc>
    <type>Café</type>
  </wpt>
  <wpt lat="44.0835486" lon="5.5475272">
    <name>Eau potable</name>
    <desc>Type: Eau potable, Ligne droite jusqu'à l'itinéraire: 23 m, Kilomètre d'itinéraire: 80.1 km</desc>
    <type>Eau potable</type>
  </wpt>
  <wpt lat="44.0833567" lon="5.5479069">
    <name>BLANC Pascal</name>
    <desc>Type: Boulangerie, Ligne droite jusqu'à l'itinéraire: 2 m, Kilomètre d'itinéraire: 80.1 km</desc>
    <type>Boulangerie</type>
  </wpt>
  <wpt lat="44.0835393" lon="5.5482932">
    <name>Épi Delices</name>
    <desc>Type: Épicerie, Ligne droite jusqu'à l'itinéraire: 23 m, Kilomètre d'itinéraire: 80.2 km</desc>
    <type>Épicerie</type>
  </wpt>
  <wpt lat="44.082715165877104" lon="5.548722694861159">
    <name>Cimetière (eau potable)</name>
    <desc>Type: Cimetière (eau potable), Ligne droite jusqu'à l'itinéraire: 54 m, Kilomètre d'itinéraire: 80.3 km</desc>
    <type>Cimetière (eau potable)</type>
  </wpt>
  <wpt lat="44.0824307" lon="5.5482875">
    <name>Eau potable</name>
    <desc>Type: Eau potable, Ligne droite jusqu'à l'itinéraire: 100 m, Kilomètre d'itinéraire: 80.3 km</desc>
    <type>Eau potable</type>
  </wpt>
  <wpt lat="44.082155" lon="5.5482207">
    <name>Eau potable</name>
    <desc>Type: Eau potable, Ligne droite jusqu'à l'itinéraire: 123 m, Kilomètre d'itinéraire: 80.3 km</desc>
    <type>Eau potable</type>
  </wpt>
  <wpt lat="44.077537335878596" lon="5.551532527516159">
    <name>Cimetière (eau potable)</name>
    <desc>Type: Cimetière (eau potable), Ligne droite jusqu'à l'itinéraire: 291 m, Kilomètre d'itinéraire: 80.9 km</desc>
    <type>Cimetière (eau potable)</type>
  </wpt>
  <wpt lat="44.07698662515479" lon="5.5530116699904415">
    <name>Cimetière (eau potable)</name>
    <desc>Type: Cimetière (eau potable), Ligne droite jusqu'à l'itinéraire: 234 m, Kilomètre d'itinéraire: 81.0 km</desc>
    <type>Cimetière (eau potable)</type>
  </wpt>
  <wpt lat="44.03953366098259" lon="5.625734613027301">
    <name>Cimetière (eau potable)</name>
    <desc>Type: Cimetière (eau potable), Ligne droite jusqu'à l'itinéraire: 150 m, Kilomètre d'itinéraire: 92.4 km</desc>
    <type>Cimetière (eau potable)</type>
  </wpt>
  <wpt lat="44.036486350000004" lon="5.62846055">
    <name>TotalEnergies</name>
    <desc>Type: Station-service, Ligne droite jusqu'à l'itinéraire: 105 m, Kilomètre d'itinéraire: 92.7 km</desc>
    <type>Station-service</type>
  </wpt>
  <wpt lat="44.037942481289804" lon="5.6281581354228445">
    <name>Toilettes</name>
    <desc>Type: Toilettes, Ligne droite jusqu'à l'itinéraire: 1 m, Kilomètre d'itinéraire: 92.9 km</desc>
    <type>Toilettes</type>
  </wpt>
  <wpt lat="44.0385117" lon="5.6283539">
    <name>Boulangerie Banette</name>
    <desc>Type: Boulangerie, Ligne droite jusqu'à l'itinéraire: 18 m, Kilomètre d'itinéraire: 92.9 km</desc>
    <type>Boulangerie</type>
  </wpt>
  <wpt lat="44.0387396" lon="5.6288424">
    <name>La Braserade</name>
    <desc>Type: Restauration rapide, Ligne droite jusqu'à l'itinéraire: 3 m, Kilomètre d'itinéraire: 93.0 km</desc>
    <type>Restauration rapide</type>
  </wpt>
  <wpt lat="44.0387183" lon="5.6292385">
    <name>Restauration rapide</name>
    <desc>Type: Restauration rapide, Ligne droite jusqu'à l'itinéraire: 31 m, Kilomètre d'itinéraire: 93.0 km</desc>
    <type>Restauration rapide</type>
  </wpt>
  <wpt lat="44.0392293" lon="5.6290463">
    <name>Café de L‘union</name>
    <desc>Type: Café, Ligne droite jusqu'à l'itinéraire: 8 m, Kilomètre d'itinéraire: 93.0 km</desc>
    <type>Café</type>
  </wpt>
  <wpt lat="44.0395743" lon="5.62937535">
    <name>Toilettes</name>
    <desc>Type: Toilettes, Ligne droite jusqu'à l'itinéraire: 34 m, Kilomètre d'itinéraire: 93.1 km</desc>
    <type>Toilettes</type>
  </wpt>
  <wpt lat="44.0396485" lon="5.6297101">
    <name>Utile</name>
    <desc>Type: Épicerie, Ligne droite jusqu'à l'itinéraire: 56 m, Kilomètre d'itinéraire: 93.1 km</desc>
    <type>Épicerie</type>
  </wpt>
  <wpt lat="44.0401499" lon="5.6293859">
    <name>Le panier fleuri</name>
    <desc>Type: Épicerie, Ligne droite jusqu'à l'itinéraire: 5 m, Kilomètre d'itinéraire: 93.1 km</desc>
    <type>Épicerie</type>
  </wpt>
  <wpt lat="44.0404588" lon="5.6304509">
    <name>Eau potable</name>
    <desc>Type: Eau potable, Ligne droite jusqu'à l'itinéraire: 60 m, Kilomètre d'itinéraire: 93.2 km</desc>
    <type>Eau potable</type>
  </wpt>
  <wpt lat="44.038135" lon="5.7736427">
    <name>Station service Communale Porte de Lure</name>
    <desc>Type: Station-service, Ligne droite jusqu'à l'itinéraire: 440 m, Kilomètre d'itinéraire: 110.6 km</desc>
    <type>Station-service</type>
  </wpt>
  <wpt lat="44.04463482697124" lon="5.774465750826761">
    <name>Cimetière (eau potable)</name>
    <desc>Type: Cimetière (eau potable), Ligne droite jusqu'à l'itinéraire: 34 m, Kilomètre d'itinéraire: 111.2 km</desc>
    <type>Cimetière (eau potable)</type>
  </wpt>
  <wpt lat="44.0446304" lon="5.7749114">
    <name>Eau potable</name>
    <desc>Type: Eau potable, Ligne droite jusqu'à l'itinéraire: 14 m, Kilomètre d'itinéraire: 111.2 km</desc>
    <type>Eau potable</type>
  </wpt>
  <wpt lat="44.04547105125736" lon="5.777283425225586">
    <name>Utile</name>
    <desc>Type: Épicerie, Ligne droite jusqu'à l'itinéraire: 34 m, Kilomètre d'itinéraire: 111.4 km</desc>
    <type>Épicerie</type>
  </wpt>
  <wpt lat="44.045389964280645" lon="5.777474842187346">
    <name>Supermarché</name>
    <desc>Type: Supermarché, Ligne droite jusqu'à l'itinéraire: 23 m, Kilomètre d'itinéraire: 111.4 km</desc>
    <type>Supermarché</type>
  </wpt>
  <wpt lat="44.0453298327808" lon="5.77981233407342">
    <name>Boulangerie</name>
    <desc>Type: Boulangerie, Ligne droite jusqu'à l'itinéraire: 8 m, Kilomètre d'itinéraire: 111.6 km</desc>
    <type>Boulangerie</type>
  </wpt>
  <wpt lat="44.0453659" lon="5.7798535">
    <name>Ô Pétrin de Lure</name>
    <desc>Type: Boulangerie, Ligne droite jusqu'à l'itinéraire: 5 m, Kilomètre d'itinéraire: 111.6 km</desc>
    <type>Boulangerie</type>
  </wpt>
  <wpt lat="44.0445679" lon="5.7799702">
    <name>Proxi</name>
    <desc>Type: Épicerie, Ligne droite jusqu'à l'itinéraire: 94 m, Kilomètre d'itinéraire: 111.6 km</desc>
    <type>Épicerie</type>
  </wpt>
  <wpt lat="44.0446074" lon="5.7804289">
    <name>Café</name>
    <desc>Type: Café, Ligne droite jusqu'à l'itinéraire: 97 m, Kilomètre d'itinéraire: 111.6 km</desc>
    <type>Café</type>
  </wpt>
  <wpt lat="44.04406449813211" lon="5.780502069455226">
    <name>Toilettes</name>
    <desc>Type: Toilettes, Ligne droite jusqu'à l'itinéraire: 156 m, Kilomètre d'itinéraire: 111.6 km</desc>
    <type>Toilettes</type>
  </wpt>
  <wpt lat="44.0440742" lon="5.7808038">
    <name>Figure de poulpe</name>
    <desc>Type: Restauration rapide, Ligne droite jusqu'à l'itinéraire: 163 m, Kilomètre d'itinéraire: 111.6 km</desc>
    <type>Restauration rapide</type>
  </wpt>
  <wpt lat="44.0439554" lon="5.7807737">
    <name>Fleur de Farine</name>
    <desc>Type: Épicerie, Ligne droite jusqu'à l'itinéraire: 174 m, Kilomètre d'itinéraire: 111.6 km</desc>
    <type>Épicerie</type>
  </wpt>
  <wpt lat="44.169009928831436" lon="5.828595788674213">
    <name>Cimetière (eau potable)</name>
    <desc>Type: Cimetière (eau potable), Ligne droite jusqu'à l'itinéraire: 70 m, Kilomètre d'itinéraire: 159.0 km</desc>
    <type>Cimetière (eau potable)</type>
  </wpt>
  <wpt lat="44.1683147" lon="5.8286463">
    <name>boulangerie</name>
    <desc>Type: Boulangerie, Ligne droite jusqu'à l'itinéraire: 7 m, Kilomètre d'itinéraire: 159.0 km</desc>
    <type>Boulangerie</type>
  </wpt>
  <wpt lat="44.169969019797236" lon="5.822389159888553">
    <name>Cimetière (eau potable)</name>
    <desc>Type: Cimetière (eau potable), Ligne droite jusqu'à l'itinéraire: 69 m, Kilomètre d'itinéraire: 159.6 km</desc>
    <type>Cimetière (eau potable)</type>
  </wpt>
  <wpt lat="44.172563129603105" lon="5.744394759630484">
    <name>Cimetière (eau potable)</name>
    <desc>Type: Cimetière (eau potable), Ligne droite jusqu'à l'itinéraire: 280 m, Kilomètre d'itinéraire: 166.6 km</desc>
    <type>Cimetière (eau potable)</type>
  </wpt>
  <wpt lat="44.1755859" lon="5.639353549999999">
    <name>Toilettes</name>
    <desc>Type: Toilettes, Ligne droite jusqu'à l'itinéraire: 10 m, Kilomètre d'itinéraire: 175.5 km</desc>
    <type>Toilettes</type>
  </wpt>
  <wpt lat="44.174420635467484" lon="5.638493542247387">
    <name>Toilettes</name>
    <desc>Type: Toilettes, Ligne droite jusqu'à l'itinéraire: 20 m, Kilomètre d'itinéraire: 175.7 km</desc>
    <type>Toilettes</type>
  </wpt>
  <wpt lat="44.1715589" lon="5.6070189">
    <name>Toilettes</name>
    <desc>Type: Toilettes, Ligne droite jusqu'à l'itinéraire: 71 m, Kilomètre d'itinéraire: 178.5 km</desc>
    <type>Toilettes</type>
  </wpt>
  <wpt lat="44.1719515" lon="5.6070931">
    <name>Station de réparation vélo</name>
    <desc>Type: Station de réparation vélo, Ligne droite jusqu'à l'itinéraire: 29 m, Kilomètre d'itinéraire: 178.6 km</desc>
    <type>Station de réparation vélo</type>
  </wpt>
  <wpt lat="44.1719356" lon="5.6070215">
    <name>Maison de Pays du Jabron</name>
    <desc>Type: Épicerie, Ligne droite jusqu'à l'itinéraire: 33 m, Kilomètre d'itinéraire: 178.6 km</desc>
    <type>Épicerie</type>
  </wpt>
  <wpt lat="44.17340632856594" lon="5.600603842821987">
    <name>Cimetière (eau potable)</name>
    <desc>Type: Cimetière (eau potable), Ligne droite jusqu'à l'itinéraire: 34 m, Kilomètre d'itinéraire: 179.1 km</desc>
    <type>Cimetière (eau potable)</type>
  </wpt>
  <wpt lat="44.196042" lon="5.53755">
    <name>Station-service</name>
    <desc>Type: Station-service, Ligne droite jusqu'à l'itinéraire: 4 m, Kilomètre d'itinéraire: 185.9 km</desc>
    <type>Station-service</type>
  </wpt>
  <wpt lat="44.2028337" lon="5.5378123">
    <name>Eau potable</name>
    <desc>Type: Eau potable, Ligne droite jusqu'à l'itinéraire: 97 m, Kilomètre d'itinéraire: 186.6 km</desc>
    <type>Eau potable</type>
  </wpt>
  <wpt lat="44.20317590047971" lon="5.541020668894782">
    <name>Cimetière de Séderon</name>
    <desc>Type: Cimetière (eau potable), Ligne droite jusqu'à l'itinéraire: 356 m, Kilomètre d'itinéraire: 186.6 km</desc>
    <type>Cimetière (eau potable)</type>
  </wpt>
  <wpt lat="44.203171" lon="5.5378458">
    <name>Toilettes</name>
    <desc>Type: Toilettes, Ligne droite jusqu'à l'itinéraire: 106 m, Kilomètre d'itinéraire: 186.6 km</desc>
    <type>Toilettes</type>
  </wpt>
  <wpt lat="44.203101" lon="5.5365568">
    <name>Toilettes</name>
    <desc>Type: Toilettes, Ligne droite jusqu'à l'itinéraire: 3 m, Kilomètre d'itinéraire: 186.7 km</desc>
    <type>Toilettes</type>
  </wpt>
  <wpt lat="44.2044904" lon="5.5377514">
    <name>Eau potable</name>
    <desc>Type: Eau potable, Ligne droite jusqu'à l'itinéraire: 98 m, Kilomètre d'itinéraire: 186.8 km</desc>
    <type>Eau potable</type>
  </wpt>
  <wpt lat="44.2053314" lon="5.5368626">
    <name>Spar</name>
    <desc>Type: Épicerie, Ligne droite jusqu'à l'itinéraire: 4 m, Kilomètre d'itinéraire: 186.9 km</desc>
    <type>Épicerie</type>
  </wpt>
  <wpt lat="44.2058928" lon="5.5366373">
    <name>Toilettes</name>
    <desc>Type: Toilettes, Ligne droite jusqu'à l'itinéraire: 9 m, Kilomètre d'itinéraire: 187.0 km</desc>
    <type>Toilettes</type>
  </wpt>
  <wpt lat="44.2060381" lon="5.5365964">
    <name>Baroni</name>
    <desc>Type: Boulangerie, Ligne droite jusqu'à l'itinéraire: 8 m, Kilomètre d'itinéraire: 187.0 km</desc>
    <type>Boulangerie</type>
  </wpt>
  <wpt lat="44.22041479635734" lon="5.522915611698555">
    <name>Cimetière (eau potable)</name>
    <desc>Type: Cimetière (eau potable), Ligne droite jusqu'à l'itinéraire: 88 m, Kilomètre d'itinéraire: 190.2 km</desc>
    <type>Cimetière (eau potable)</type>
  </wpt>
  <wpt lat="44.2435203134753" lon="5.464815687689282">
    <name>Cimetière (eau potable)</name>
    <desc>Type: Cimetière (eau potable), Ligne droite jusqu'à l'itinéraire: 295 m, Kilomètre d'itinéraire: 195.7 km</desc>
    <type>Cimetière (eau potable)</type>
  </wpt>
  <wpt lat="44.22274402264032" lon="5.4268992138281655">
    <name>Cimetière (eau potable)</name>
    <desc>Type: Cimetière (eau potable), Ligne droite jusqu'à l'itinéraire: 205 m, Kilomètre d'itinéraire: 202.1 km</desc>
    <type>Cimetière (eau potable)</type>
  </wpt>
  <wpt lat="44.1943908" lon="5.4189269">
    <name>Eau potable</name>
    <desc>Type: Eau potable, Ligne droite jusqu'à l'itinéraire: 6 m, Kilomètre d'itinéraire: 205.7 km</desc>
    <type>Eau potable</type>
  </wpt>
  <wpt lat="44.173252821789845" lon="5.435297041053144">
    <name>Cimetière (eau potable)</name>
    <desc>Type: Cimetière (eau potable), Ligne droite jusqu'à l'itinéraire: 131 m, Kilomètre d'itinéraire: 208.5 km</desc>
    <type>Cimetière (eau potable)</type>
  </wpt>
  <wpt lat="44.1741936" lon="5.437547">
    <name>Station-service</name>
    <desc>Type: Station-service, Ligne droite jusqu'à l'itinéraire: 6 m, Kilomètre d'itinéraire: 208.6 km</desc>
    <type>Station-service</type>
  </wpt>
  <wpt lat="44.1758619" lon="5.437238">
    <name>Eau potable</name>
    <desc>Type: Eau potable, Ligne droite jusqu'à l'itinéraire: 181 m, Kilomètre d'itinéraire: 208.6 km</desc>
    <type>Eau potable</type>
  </wpt>
  <wpt lat="44.1755652" lon="5.4382465">
    <name>Eau potable</name>
    <desc>Type: Eau potable, Ligne droite jusqu'à l'itinéraire: 135 m, Kilomètre d'itinéraire: 208.7 km</desc>
    <type>Eau potable</type>
  </wpt>
  <wpt lat="44.1756938" lon="5.4394104">
    <name>Toilettes</name>
    <desc>Type: Toilettes, Ligne droite jusqu'à l'itinéraire: 134 m, Kilomètre d'itinéraire: 208.7 km</desc>
    <type>Toilettes</type>
  </wpt>
  <wpt lat="44.1756699" lon="5.43942">
    <name>Eau potable</name>
    <desc>Type: Eau potable, Ligne droite jusqu'à l'itinéraire: 132 m, Kilomètre d'itinéraire: 208.7 km</desc>
    <type>Eau potable</type>
  </wpt>
  <wpt lat="44.1738588" lon="5.441005">
    <name>Utile Montbrun-les-Bains</name>
    <desc>Type: Supermarché, Ligne droite jusqu'à l'itinéraire: 88 m, Kilomètre d'itinéraire: 208.8 km</desc>
    <type>Supermarché</type>
  </wpt>
  <wpt lat="44.1749274" lon="5.441705">
    <name>Eau potable</name>
    <desc>Type: Eau potable, Ligne droite jusqu'à l'itinéraire: 1 m, Kilomètre d'itinéraire: 208.9 km</desc>
    <type>Eau potable</type>
  </wpt>
  <wpt lat="44.1757344" lon="5.4404238">
    <name>Eau potable</name>
    <desc>Type: Eau potable, Ligne droite jusqu'à l'itinéraire: 116 m, Kilomètre d'itinéraire: 209.0 km</desc>
    <type>Eau potable</type>
  </wpt>
  <wpt lat="44.1765397" lon="5.4397687">
    <name>Eau potable</name>
    <desc>Type: Eau potable, Ligne droite jusqu'à l'itinéraire: 211 m, Kilomètre d'itinéraire: 209.0 km</desc>
    <type>Eau potable</type>
  </wpt>
  <wpt lat="44.1752294" lon="5.4421864">
    <name>Boulangerie des Bains</name>
    <desc>Type: Boulangerie, Ligne droite jusqu'à l'itinéraire: 14 m, Kilomètre d'itinéraire: 209.0 km</desc>
    <type>Boulangerie</type>
  </wpt>
  <wpt lat="44.1759315" lon="5.4428452">
    <name>Eau potable</name>
    <desc>Type: Eau potable, Ligne droite jusqu'à l'itinéraire: 46 m, Kilomètre d'itinéraire: 209.1 km</desc>
    <type>Eau potable</type>
  </wpt>
  <wpt lat="44.1744695" lon="5.4431859">
    <name>Eau potable</name>
    <desc>Type: Eau potable, Ligne droite jusqu'à l'itinéraire: 117 m, Kilomètre d'itinéraire: 209.1 km</desc>
    <type>Eau potable</type>
  </wpt>
  <wpt lat="44.1753462" lon="5.4430126">
    <name>Le café des Tilleuls</name>
    <desc>Type: Café, Ligne droite jusqu'à l'itinéraire: 20 m, Kilomètre d'itinéraire: 209.1 km</desc>
    <type>Café</type>
  </wpt>
  <wpt lat="44.1757489" lon="5.4430953">
    <name>Toilettes</name>
    <desc>Type: Toilettes, Ligne droite jusqu'à l'itinéraire: 21 m, Kilomètre d'itinéraire: 209.1 km</desc>
    <type>Toilettes</type>
  </wpt>
  <wpt lat="44.1746503" lon="5.4441839">
    <name>Eau potable</name>
    <desc>Type: Eau potable, Ligne droite jusqu'à l'itinéraire: 121 m, Kilomètre d'itinéraire: 209.1 km</desc>
    <type>Eau potable</type>
  </wpt>
  <wpt lat="44.1862167" lon="5.4928924">
    <name>Eau potable</name>
    <desc>Type: Eau potable, Ligne droite jusqu'à l'itinéraire: 20 m, Kilomètre d'itinéraire: 216.6 km</desc>
    <type>Eau potable</type>
  </wpt>
  <wpt lat="44.1860838" lon="5.4930082">
    <name>Eau potable</name>
    <desc>Type: Eau potable, Ligne droite jusqu'à l'itinéraire: 8 m, Kilomètre d'itinéraire: 216.6 km</desc>
    <type>Eau potable</type>
  </wpt>
  <wpt lat="44.1859784" lon="5.4931709">
    <name>Toilettes</name>
    <desc>Type: Toilettes, Ligne droite jusqu'à l'itinéraire: 7 m, Kilomètre d'itinéraire: 216.6 km</desc>
    <type>Toilettes</type>
  </wpt>
  <wpt lat="44.1859209" lon="5.4923655">
    <name>Restauration rapide</name>
    <desc>Type: Restauration rapide, Ligne droite jusqu'à l'itinéraire: 55 m, Kilomètre d'itinéraire: 216.6 km</desc>
    <type>Restauration rapide</type>
  </wpt>
  <wpt lat="44.1849429" lon="5.4943942">
    <name>Eau potable</name>
    <desc>Type: Eau potable, Ligne droite jusqu'à l'itinéraire: 3 m, Kilomètre d'itinéraire: 216.9 km</desc>
    <type>Eau potable</type>
  </wpt>
  <wpt lat="44.18481459920081" lon="5.494669903024334">
    <name>Cimetière (eau potable)</name>
    <desc>Type: Cimetière (eau potable), Ligne droite jusqu'à l'itinéraire: 11 m, Kilomètre d'itinéraire: 216.9 km</desc>
    <type>Cimetière (eau potable)</type>
  </wpt>
  <wpt lat="44.1352647" lon="5.4787103">
    <name>Toilettes</name>
    <desc>Type: Toilettes, Ligne droite jusqu'à l'itinéraire: 137 m, Kilomètre d'itinéraire: 227.9 km</desc>
    <type>Toilettes</type>
  </wpt>
  <wpt lat="44.136714888336144" lon="5.4742951490709055">
    <name>Cimetière (eau potable)</name>
    <desc>Type: Cimetière (eau potable), Ligne droite jusqu'à l'itinéraire: 185 m, Kilomètre d'itinéraire: 228.4 km</desc>
    <type>Cimetière (eau potable)</type>
  </wpt>
  <wpt lat="44.1347237" lon="5.4283724">
    <name>Eau potable</name>
    <desc>Type: Eau potable, Ligne droite jusqu'à l'itinéraire: 477 m, Kilomètre d'itinéraire: 233.7 km</desc>
    <type>Eau potable</type>
  </wpt>
  <wpt lat="44.1293929" lon="5.4280214">
    <name>Pierette</name>
    <desc>Type: Épicerie, Ligne droite jusqu'à l'itinéraire: 13 m, Kilomètre d'itinéraire: 233.8 km</desc>
    <type>Épicerie</type>
  </wpt>
  <wpt lat="44.1297091" lon="5.4276437">
    <name>Eau potable</name>
    <desc>Type: Eau potable, Ligne droite jusqu'à l'itinéraire: 33 m, Kilomètre d'itinéraire: 233.8 km</desc>
    <type>Eau potable</type>
  </wpt>
  <wpt lat="44.1294168" lon="5.427571">
    <name>Eau potable</name>
    <desc>Type: Eau potable, Ligne droite jusqu'à l'itinéraire: 8 m, Kilomètre d'itinéraire: 233.9 km</desc>
    <type>Eau potable</type>
  </wpt>
  <wpt lat="44.1280334" lon="5.4276329">
    <name>Toilettes</name>
    <desc>Type: Toilettes, Ligne droite jusqu'à l'itinéraire: 129 m, Kilomètre d'itinéraire: 233.9 km</desc>
    <type>Toilettes</type>
  </wpt>
  <wpt lat="44.1642444" lon="5.4309518">
    <name>Toilettes</name>
    <desc>Type: Toilettes, Ligne droite jusqu'à l'itinéraire: 59 m, Kilomètre d'itinéraire: 239.4 km</desc>
    <type>Toilettes</type>
  </wpt>
  <wpt lat="44.1690028" lon="5.4202259">
    <name>Toilettes</name>
    <desc>Type: Toilettes, Ligne droite jusqu'à l'itinéraire: 150 m, Kilomètre d'itinéraire: 240.6 km</desc>
    <type>Toilettes</type>
  </wpt>
  <wpt lat="44.17896600071206" lon="5.378853018677037">
    <name>Cimetière (eau potable)</name>
    <desc>Type: Cimetière (eau potable), Ligne droite jusqu'à l'itinéraire: 297 m, Kilomètre d'itinéraire: 244.7 km</desc>
    <type>Cimetière (eau potable)</type>
  </wpt>
  <wpt lat="44.1794586" lon="5.3746927">
    <name>Toilettes</name>
    <desc>Type: Toilettes, Ligne droite jusqu'à l'itinéraire: 202 m, Kilomètre d'itinéraire: 244.8 km</desc>
    <type>Toilettes</type>
  </wpt>
  <wpt lat="44.1795145" lon="5.374471">
    <name>Eau potable</name>
    <desc>Type: Eau potable, Ligne droite jusqu'à l'itinéraire: 202 m, Kilomètre d'itinéraire: 244.8 km</desc>
    <type>Eau potable</type>
  </wpt>
  <wpt lat="44.1797335" lon="5.3742947">
    <name>Au Soleil Levain</name>
    <desc>Type: Boulangerie, Ligne droite jusqu'à l'itinéraire: 183 m, Kilomètre d'itinéraire: 244.9 km</desc>
    <type>Boulangerie</type>
  </wpt>
  <wpt lat="44.19105593344215" lon="5.333346557120792">
    <name>Cimetière (eau potable)</name>
    <desc>Type: Cimetière (eau potable), Ligne droite jusqu'à l'itinéraire: 24 m, Kilomètre d'itinéraire: 248.5 km</desc>
    <type>Cimetière (eau potable)</type>
  </wpt>
  <wpt lat="44.1933943" lon="5.3340582">
    <name>Café Suzette</name>
    <desc>Type: Café, Ligne droite jusqu'à l'itinéraire: 262 m, Kilomètre d'itinéraire: 248.6 km</desc>
    <type>Café</type>
  </wpt>
  <wpt lat="44.2085808" lon="5.2785617">
    <name>Eau potable</name>
    <desc>Type: Eau potable, Ligne droite jusqu'à l'itinéraire: 40 m, Kilomètre d'itinéraire: 253.5 km</desc>
    <type>Eau potable</type>
  </wpt>
  <wpt lat="44.20980762654919" lon="5.2792192771915145">
    <name>Cimetière (eau potable)</name>
    <desc>Type: Cimetière (eau potable), Ligne droite jusqu'à l'itinéraire: 36 m, Kilomètre d'itinéraire: 253.6 km</desc>
    <type>Cimetière (eau potable)</type>
  </wpt>
  <wpt lat="44.2117957" lon="5.2759463">
    <name>Eau potable</name>
    <desc>Type: Eau potable, Ligne droite jusqu'à l'itinéraire: 9 m, Kilomètre d'itinéraire: 253.9 km</desc>
    <type>Eau potable</type>
  </wpt>
  <wpt lat="44.2183255" lon="5.2099925">
    <name>Toilettes</name>
    <desc>Type: Toilettes, Ligne droite jusqu'à l'itinéraire: 30 m, Kilomètre d'itinéraire: 264.9 km</desc>
    <type>Toilettes</type>
  </wpt>
  <wpt lat="44.21278135" lon="5.20473145">
    <name>Toilettes</name>
    <desc>Type: Toilettes, Ligne droite jusqu'à l'itinéraire: 35 m, Kilomètre d'itinéraire: 266.2 km</desc>
    <type>Toilettes</type>
  </wpt>
  <wpt lat="44.1782492" lon="5.1305182">
    <name>Eau potable</name>
    <desc>Type: Eau potable, Ligne droite jusqu'à l'itinéraire: 221 m, Kilomètre d'itinéraire: 277.4 km</desc>
    <type>Eau potable</type>
  </wpt>
  <wpt lat="44.1753019" lon="5.1343369">
    <name>Eau potable</name>
    <desc>Type: Eau potable, Ligne droite jusqu'à l'itinéraire: 140 m, Kilomètre d'itinéraire: 277.7 km</desc>
    <type>Eau potable</type>
  </wpt>
  <wpt lat="44.17462374619968" lon="5.133215971987343">
    <name>Épicerie</name>
    <desc>Type: Épicerie, Ligne droite jusqu'à l'itinéraire: 153 m, Kilomètre d'itinéraire: 277.8 km</desc>
    <type>Épicerie</type>
  </wpt>
  <wpt lat="44.1745613" lon="5.1331275">
    <name>U Express</name>
    <desc>Type: Supermarché, Ligne droite jusqu'à l'itinéraire: 155 m, Kilomètre d'itinéraire: 277.9 km</desc>
    <type>Supermarché</type>
  </wpt>
  <wpt lat="44.17529198044072" lon="5.132399061042354">
    <name>Boulangerie-pâtisserie Lou</name>
    <desc>Type: Boulangerie, Ligne droite jusqu'à l'itinéraire: 55 m, Kilomètre d'itinéraire: 277.9 km</desc>
    <type>Boulangerie</type>
  </wpt>
  <wpt lat="44.17537" lon="5.1317771">
    <name>Eau potable</name>
    <desc>Type: Eau potable, Ligne droite jusqu'à l'itinéraire: 21 m, Kilomètre d'itinéraire: 277.9 km</desc>
    <type>Eau potable</type>
  </wpt>
  <wpt lat="44.174787" lon="5.1320993">
    <name>Toilettes</name>
    <desc>Type: Toilettes, Ligne droite jusqu'à l'itinéraire: 89 m, Kilomètre d'itinéraire: 277.9 km</desc>
    <type>Toilettes</type>
  </wpt>
  <wpt lat="44.1754629" lon="5.1293858">
    <name>Station-service</name>
    <desc>Type: Station-service, Ligne droite jusqu'à l'itinéraire: 14 m, Kilomètre d'itinéraire: 278.1 km</desc>
    <type>Station-service</type>
  </wpt>
  <wpt lat="44.17518914530257" lon="5.1280322484908165">
    <name>Cimetière (eau potable)</name>
    <desc>Type: Cimetière (eau potable), Ligne droite jusqu'à l'itinéraire: 79 m, Kilomètre d'itinéraire: 278.2 km</desc>
    <type>Cimetière (eau potable)</type>
  </wpt>
  <wpt lat="44.1785491" lon="5.1291241">
    <name>Toilettes</name>
    <desc>Type: Toilettes, Ligne droite jusqu'à l'itinéraire: 303 m, Kilomètre d'itinéraire: 278.2 km</desc>
    <type>Toilettes</type>
  </wpt>
  <wpt lat="44.1785837" lon="5.1291107">
    <name>Eau potable</name>
    <desc>Type: Eau potable, Ligne droite jusqu'à l'itinéraire: 306 m, Kilomètre d'itinéraire: 278.2 km</desc>
    <type>Eau potable</type>
  </wpt>
  <wpt lat="44.1688434" lon="5.0683364">
    <name>Eau potable</name>
    <desc>Type: Eau potable, Ligne droite jusqu'à l'itinéraire: 13 m, Kilomètre d'itinéraire: 285.9 km</desc>
    <type>Eau potable</type>
  </wpt>
  <wpt lat="44.1679747" lon="5.0684512">
    <name>Eau potable</name>
    <desc>Type: Eau potable, Ligne droite jusqu'à l'itinéraire: 65 m, Kilomètre d'itinéraire: 285.9 km</desc>
    <type>Eau potable</type>
  </wpt>
  <wpt lat="44.1680038" lon="5.0684011">
    <name>Auberge de Suzette</name>
    <desc>Type: Café, Ligne droite jusqu'à l'itinéraire: 60 m, Kilomètre d'itinéraire: 285.9 km</desc>
    <type>Café</type>
  </wpt>
  <wpt lat="44.1682827" lon="5.0654255">
    <name>Eau potable</name>
    <desc>Type: Eau potable, Ligne droite jusqu'à l'itinéraire: 2 m, Kilomètre d'itinéraire: 286.2 km</desc>
    <type>Eau potable</type>
  </wpt>
  <trk>
    <name>ubf_provence_300_29sept-22945961-1791364911-852</name>
    <trkseg>
      <trkpt lat="44.05225" lon="5.12625">
        <ele>150.0</ele>
      </trkpt>
      <trkpt lat="44.05217" lon="5.12665">
        <ele>151.0</ele>
      </trkpt>
      <trkpt lat="44.05212" lon="5.12672">
        <ele>151.0</ele>
      </trkpt>
      <trkpt lat="44.05203" lon="5.12682">
        <ele>151.0</ele>
      </trkpt>
      <trkpt lat="44.05191" lon="5.12691">
        <ele>152.0</ele>
      </trkpt>
      <trkpt lat="44.05182" lon="5.12695">
        <ele>152.0</ele>
      </trkpt>
      <trkpt lat="44.05173" lon="5.12696">
        <ele>152.0</ele>
      </trkpt>
      <trkpt lat="44.05169" lon="5.12693">
        <ele>153.0</ele>
      </trkpt>
      <trkpt lat="44.05165" lon="5.12692">
        <ele>153.0</ele>
      </trkpt>
      <trkpt lat="44.0516" lon="5.12693">
        <ele>153.0</ele>
      </trkpt>
      <trkpt lat="44.05156" lon="5.12696">
        <ele>153.0</ele>
      </trkpt>
      <trkpt lat="44.05152" lon="5.127">
        <ele>153.0</ele>
      </trkpt>
      <trkpt lat="44.05149" lon="5.12708">
        <ele>154.0</ele>
      </trkpt>
      <trkpt lat="44.05149" lon="5.12715">
        <ele>154.0</ele>
      </trkpt>
      <trkpt lat="44.0515" lon="5.12722">
        <ele>154.0</ele>
      </trkpt>
      <trkpt lat="44.05152" lon="5.12728">
        <ele>154.0</ele>
      </trkpt>
      <trkpt lat="44.05153" lon="5.12729">
        <ele>154.0</ele>
      </trkpt>
      <trkpt lat="44.05158" lon="5.12734">
        <ele>154.0</ele>
      </trkpt>
      <trkpt lat="44.05165" lon="5.12736">
        <ele>154.0</ele>
      </trkpt>
      <trkpt lat="44.0517" lon="5.12735">
        <ele>153.0</ele>
      </trkpt>
      <trkpt lat="44.0518" lon="5.12736">
        <ele>153.0</ele>
      </trkpt>
      <trkpt lat="44.05189" lon="5.12739">
        <ele>153.0</ele>
      </trkpt>
      <trkpt lat="44.05199" lon="5.12748">
        <ele>152.0</ele>
      </trkpt>
      <trkpt lat="44.05203" lon="5.12751">
        <ele>152.0</ele>
      </trkpt>
      <trkpt lat="44.05218" lon="5.12763">
        <ele>151.0</ele>
      </trkpt>
      <trkpt lat="44.05241" lon="5.1278">
        <ele>150.0</ele>
      </trkpt>
      <trkpt lat="44.05294" lon="5.12812">
        <ele>149.0</ele>
      </trkpt>
      <trkpt lat="44.05323" lon="5.1283">
        <ele>149.0</ele>
      </trkpt>
      <trkpt lat="44.05333" lon="5.12838">
        <ele>149.0</ele>
      </trkpt>
      <trkpt lat="44.0535" lon="5.12851">
        <ele>149.0</ele>
      </trkpt>
      <trkpt lat="44.05397" lon="5.12889">
        <ele>148.0</ele>
      </trkpt>
      <trkpt lat="44.05407" lon="5.12897">
        <ele>148.0</ele>
      </trkpt>
      <trkpt lat="44.05445" lon="5.12928">
        <ele>147.0</ele>
      </trkpt>
      <trkpt lat="44.05451" lon="5.12932">
        <ele>147.0</ele>
      </trkpt>
      <trkpt lat="44.05464" lon="5.12937">
        <ele>146.0</ele>
      </trkpt>
      <trkpt lat="44.05473" lon="5.12939">
        <ele>146.0</ele>
      </trkpt>
      <trkpt lat="44.05486" lon="5.12939">
        <ele>146.0</ele>
      </trkpt>
      <trkpt lat="44.05501" lon="5.12941">
        <ele>145.0</ele>
      </trkpt>
      <trkpt lat="44.05508" lon="5.12942">
        <ele>146.0</ele>
      </trkpt>
      <trkpt lat="44.05518" lon="5.1295">
        <ele>147.0</ele>
      </trkpt>
      <trkpt lat="44.05533" lon="5.12966">
        <ele>147.0</ele>
      </trkpt>
      <trkpt lat="44.05561" lon="5.13003">
        <ele>149.0</ele>
      </trkpt>
      <trkpt lat="44.05569" lon="5.1301">
        <ele>150.0</ele>
      </trkpt>
      <trkpt lat="44.05583" lon="5.13017">
        <ele>151.0</ele>
      </trkpt>
      <trkpt lat="44.05604" lon="5.13022">
        <ele>152.0</ele>
      </trkpt>
      <trkpt lat="44.05625" lon="5.13025">
        <ele>154.0</ele>
      </trkpt>
      <trkpt lat="44.05627" lon="5.13026">
        <ele>154.0</ele>
      </trkpt>
      <trkpt lat="44.05631" lon="5.13035">
        <ele>154.0</ele>
      </trkpt>
      <trkpt lat="44.05644" lon="5.13029">
        <ele>155.0</ele>
      </trkpt>
      <trkpt lat="44.05655" lon="5.13026">
        <ele>156.0</ele>
      </trkpt>
      <trkpt lat="44.05685" lon="5.13021">
        <ele>156.0</ele>
      </trkpt>
      <trkpt lat="44.0569" lon="5.13019">
        <ele>156.0</ele>
      </trkpt>
      <trkpt lat="44.05694" lon="5.13017">
        <ele>156.0</ele>
      </trkpt>
      <trkpt lat="44.05699" lon="5.13011">
        <ele>155.0</ele>
      </trkpt>
      <trkpt lat="44.05706" lon="5.13">
        <ele>155.0</ele>
      </trkpt>
      <trkpt lat="44.05718" lon="5.12974">
        <ele>155.0</ele>
      </trkpt>
      <trkpt lat="44.05724" lon="5.1296">
        <ele>155.0</ele>
      </trkpt>
      <trkpt lat="44.0574" lon="5.12921">
        <ele>155.0</ele>
      </trkpt>
      <trkpt lat="44.05764" lon="5.12857">
        <ele>155.0</ele>
      </trkpt>
      <trkpt lat="44.05766" lon="5.12849">
        <ele>155.0</ele>
      </trkpt>
      <trkpt lat="44.05769" lon="5.12833">
        <ele>155.0</ele>
      </trkpt>
      <trkpt lat="44.05771" lon="5.12809">
        <ele>154.0</ele>
      </trkpt>
      <trkpt lat="44.05772" lon="5.12791">
        <ele>154.0</ele>
      </trkpt>
      <trkpt lat="44.05771" lon="5.12778">
        <ele>154.0</ele>
      </trkpt>
      <trkpt lat="44.05799" lon="5.12781">
        <ele>153.0</ele>
      </trkpt>
      <trkpt lat="44.05808" lon="5.12782">
        <ele>153.0</ele>
      </trkpt>
      <trkpt lat="44.05822" lon="5.12784">
        <ele>153.0</ele>
      </trkpt>
      <trkpt lat="44.05842" lon="5.12786">
        <ele>153.0</ele>
      </trkpt>
      <trkpt lat="44.05871" lon="5.1279">
        <ele>155.0</ele>
      </trkpt>
      <trkpt lat="44.05896" lon="5.12793">
        <ele>156.0</ele>
      </trkpt>
      <trkpt lat="44.05906" lon="5.12795">
        <ele>156.0</ele>
      </trkpt>
      <trkpt lat="44.05926" lon="5.12806">
        <ele>157.0</ele>
      </trkpt>
      <trkpt lat="44.0595" lon="5.12822">
        <ele>158.0</ele>
      </trkpt>
      <trkpt lat="44.05961" lon="5.12828">
        <ele>159.0</ele>
      </trkpt>
      <trkpt lat="44.05974" lon="5.12833">
        <ele>159.0</ele>
      </trkpt>
      <trkpt lat="44.05987" lon="5.12837">
        <ele>160.0</ele>
      </trkpt>
      <trkpt lat="44.06001" lon="5.12841">
        <ele>160.0</ele>
      </trkpt>
      <trkpt lat="44.06062" lon="5.12852">
        <ele>163.0</ele>
      </trkpt>
      <trkpt lat="44.06085" lon="5.12859">
        <ele>163.0</ele>
      </trkpt>
      <trkpt lat="44.06151" lon="5.12877">
        <ele>163.0</ele>
      </trkpt>
      <trkpt lat="44.06173" lon="5.12881">
        <ele>163.0</ele>
      </trkpt>
      <trkpt lat="44.06206" lon="5.12884">
        <ele>162.0</ele>
      </trkpt>
      <trkpt lat="44.06214" lon="5.12883">
        <ele>161.0</ele>
      </trkpt>
      <trkpt lat="44.06253" lon="5.12881">
        <ele>159.0</ele>
      </trkpt>
      <trkpt lat="44.0628" lon="5.12876">
        <ele>158.0</ele>
      </trkpt>
      <trkpt lat="44.0633" lon="5.12859">
        <ele>156.0</ele>
      </trkpt>
      <trkpt lat="44.06337" lon="5.12857">
        <ele>156.0</ele>
      </trkpt>
      <trkpt lat="44.06337" lon="5.12857">
        <ele>156.0</ele>
      </trkpt>
      <trkpt lat="44.06344" lon="5.12854">
        <ele>157.0</ele>
      </trkpt>
      <trkpt lat="44.06413" lon="5.12832">
        <ele>158.0</ele>
      </trkpt>
      <trkpt lat="44.06445" lon="5.12822">
        <ele>159.0</ele>
      </trkpt>
      <trkpt lat="44.06493" lon="5.12806">
        <ele>160.0</ele>
      </trkpt>
      <trkpt lat="44.06522" lon="5.12794">
        <ele>160.0</ele>
      </trkpt>
      <trkpt lat="44.06533" lon="5.12788">
        <ele>160.0</ele>
      </trkpt>
      <trkpt lat="44.06551" lon="5.12777">
        <ele>161.0</ele>
      </trkpt>
      <trkpt lat="44.06561" lon="5.12771">
        <ele>161.0</ele>
      </trkpt>
      <trkpt lat="44.06574" lon="5.12761">
        <ele>162.0</ele>
      </trkpt>
      <trkpt lat="44.06595" lon="5.12743">
        <ele>162.0</ele>
      </trkpt>
      <trkpt lat="44.06612" lon="5.12727">
        <ele>162.0</ele>
      </trkpt>
      <trkpt lat="44.06643" lon="5.1269">
        <ele>162.0</ele>
      </trkpt>
      <trkpt lat="44.06779" lon="5.12504">
        <ele>166.0</ele>
      </trkpt>
      <trkpt lat="44.06807" lon="5.12474">
        <ele>167.0</ele>
      </trkpt>
      <trkpt lat="44.06838" lon="5.12447">
        <ele>168.0</ele>
      </trkpt>
      <trkpt lat="44.06884" lon="5.12406">
        <ele>169.0</ele>
      </trkpt>
      <trkpt lat="44.06964" lon="5.12338">
        <ele>169.0</ele>
      </trkpt>
      <trkpt lat="44.07048" lon="5.12269">
        <ele>169.0</ele>
      </trkpt>
      <trkpt lat="44.07064" lon="5.12258">
        <ele>170.0</ele>
      </trkpt>
      <trkpt lat="44.07073" lon="5.12251">
        <ele>170.0</ele>
      </trkpt>
      <trkpt lat="44.07172" lon="5.12183">
        <ele>170.0</ele>
      </trkpt>
      <trkpt lat="44.07189" lon="5.1217">
        <ele>170.0</ele>
      </trkpt>
      <trkpt lat="44.07203" lon="5.12156">
        <ele>171.0</ele>
      </trkpt>
      <trkpt lat="44.07218" lon="5.12136">
        <ele>172.0</ele>
      </trkpt>
      <trkpt lat="44.0727" lon="5.12034">
        <ele>171.0</ele>
      </trkpt>
      <trkpt lat="44.07279" lon="5.12017">
        <ele>171.0</ele>
      </trkpt>
      <trkpt lat="44.07289" lon="5.12005">
        <ele>171.0</ele>
      </trkpt>
      <trkpt lat="44.07302" lon="5.11992">
        <ele>171.0</ele>
      </trkpt>
      <trkpt lat="44.07318" lon="5.11982">
        <ele>171.0</ele>
      </trkpt>
      <trkpt lat="44.07333" lon="5.11975">
        <ele>171.0</ele>
      </trkpt>
      <trkpt lat="44.07351" lon="5.11972">
        <ele>171.0</ele>
      </trkpt>
      <trkpt lat="44.07389" lon="5.1197">
        <ele>172.0</ele>
      </trkpt>
      <trkpt lat="44.07468" lon="5.11964">
        <ele>174.0</ele>
      </trkpt>
      <trkpt lat="44.07521" lon="5.11958">
        <ele>174.0</ele>
      </trkpt>
      <trkpt lat="44.07581" lon="5.11954">
        <ele>173.0</ele>
      </trkpt>
      <trkpt lat="44.07591" lon="5.11952">
        <ele>173.0</ele>
      </trkpt>
      <trkpt lat="44.07619" lon="5.11945">
        <ele>172.0</ele>
      </trkpt>
      <trkpt lat="44.07669" lon="5.1193">
        <ele>171.0</ele>
      </trkpt>
      <trkpt lat="44.07699" lon="5.11922">
        <ele>170.0</ele>
      </trkpt>
      <trkpt lat="44.07715" lon="5.11916">
        <ele>169.0</ele>
      </trkpt>
      <trkpt lat="44.07748" lon="5.11907">
        <ele>168.0</ele>
      </trkpt>
      <trkpt lat="44.07792" lon="5.11885">
        <ele>166.0</ele>
      </trkpt>
      <trkpt lat="44.07861" lon="5.11854">
        <ele>164.0</ele>
      </trkpt>
      <trkpt lat="44.07999" lon="5.1179">
        <ele>165.0</ele>
      </trkpt>
      <trkpt lat="44.08053" lon="5.1177">
        <ele>166.0</ele>
      </trkpt>
      <trkpt lat="44.08096" lon="5.1176">
        <ele>165.0</ele>
      </trkpt>
      <trkpt lat="44.08227" lon="5.11733">
        <ele>160.0</ele>
      </trkpt>
      <trkpt lat="44.08247" lon="5.11729">
        <ele>160.0</ele>
      </trkpt>
      <trkpt lat="44.0826" lon="5.11725">
        <ele>160.0</ele>
      </trkpt>
      <trkpt lat="44.08274" lon="5.11719">
        <ele>160.0</ele>
      </trkpt>
      <trkpt lat="44.08296" lon="5.11706">
        <ele>160.0</ele>
      </trkpt>
      <trkpt lat="44.08319" lon="5.1169">
        <ele>160.0</ele>
      </trkpt>
      <trkpt lat="44.08393" lon="5.11634">
        <ele>161.0</ele>
      </trkpt>
      <trkpt lat="44.08423" lon="5.1162">
        <ele>162.0</ele>
      </trkpt>
      <trkpt lat="44.0843" lon="5.1162">
        <ele>162.0</ele>
      </trkpt>
      <trkpt lat="44.08433" lon="5.11622">
        <ele>162.0</ele>
      </trkpt>
      <trkpt lat="44.08437" lon="5.11623">
        <ele>162.0</ele>
      </trkpt>
      <trkpt lat="44.08442" lon="5.11623">
        <ele>162.0</ele>
      </trkpt>
      <trkpt lat="44.08446" lon="5.1162">
        <ele>162.0</ele>
      </trkpt>
      <trkpt lat="44.0845" lon="5.11615">
        <ele>162.0</ele>
      </trkpt>
      <trkpt lat="44.08452" lon="5.11611">
        <ele>162.0</ele>
      </trkpt>
      <trkpt lat="44.08454" lon="5.11605">
        <ele>162.0</ele>
      </trkpt>
      <trkpt lat="44.08459" lon="5.11598">
        <ele>162.0</ele>
      </trkpt>
      <trkpt lat="44.08468" lon="5.11591">
        <ele>163.0</ele>
      </trkpt>
      <trkpt lat="44.08484" lon="5.11581">
        <ele>163.0</ele>
      </trkpt>
      <trkpt lat="44.08552" lon="5.11553">
        <ele>162.0</ele>
      </trkpt>
      <trkpt lat="44.08622" lon="5.11527">
        <ele>164.0</ele>
      </trkpt>
      <trkpt lat="44.08642" lon="5.11522">
        <ele>165.0</ele>
      </trkpt>
      <trkpt lat="44.08666" lon="5.11519">
        <ele>166.0</ele>
      </trkpt>
      <trkpt lat="44.08697" lon="5.11521">
        <ele>166.0</ele>
      </trkpt>
      <trkpt lat="44.08704" lon="5.11523">
        <ele>166.0</ele>
      </trkpt>
      <trkpt lat="44.08759" lon="5.11541">
        <ele>165.0</ele>
      </trkpt>
      <trkpt lat="44.08775" lon="5.11545">
        <ele>165.0</ele>
      </trkpt>
      <trkpt lat="44.08808" lon="5.11556">
        <ele>164.0</ele>
      </trkpt>
      <trkpt lat="44.08834" lon="5.11559">
        <ele>163.0</ele>
      </trkpt>
      <trkpt lat="44.08887" lon="5.1156">
        <ele>164.0</ele>
      </trkpt>
      <trkpt lat="44.0895" lon="5.11564">
        <ele>164.0</ele>
      </trkpt>
      <trkpt lat="44.0897" lon="5.11567">
        <ele>164.0</ele>
      </trkpt>
      <trkpt lat="44.09006" lon="5.11571">
        <ele>163.0</ele>
      </trkpt>
      <trkpt lat="44.09023" lon="5.11569">
        <ele>163.0</ele>
      </trkpt>
      <trkpt lat="44.09037" lon="5.11564">
        <ele>162.0</ele>
      </trkpt>
      <trkpt lat="44.0915" lon="5.11505">
        <ele>161.0</ele>
      </trkpt>
      <trkpt lat="44.0924" lon="5.11453">
        <ele>161.0</ele>
      </trkpt>
      <trkpt lat="44.09257" lon="5.11443">
        <ele>162.0</ele>
      </trkpt>
      <trkpt lat="44.09359" lon="5.11373">
        <ele>160.0</ele>
      </trkpt>
      <trkpt lat="44.09421" lon="5.11333">
        <ele>161.0</ele>
      </trkpt>
      <trkpt lat="44.09444" lon="5.1132">
        <ele>160.0</ele>
      </trkpt>
      <trkpt lat="44.0948" lon="5.11305">
        <ele>159.0</ele>
      </trkpt>
      <trkpt lat="44.09525" lon="5.11296">
        <ele>159.0</ele>
      </trkpt>
      <trkpt lat="44.09543" lon="5.11291">
        <ele>159.0</ele>
      </trkpt>
      <trkpt lat="44.09571" lon="5.11286">
        <ele>159.0</ele>
      </trkpt>
      <trkpt lat="44.09596" lon="5.11282">
        <ele>160.0</ele>
      </trkpt>
      <trkpt lat="44.09634" lon="5.11282">
        <ele>160.0</ele>
      </trkpt>
      <trkpt lat="44.09669" lon="5.11285">
        <ele>160.0</ele>
      </trkpt>
      <trkpt lat="44.09683" lon="5.11285">
        <ele>160.0</ele>
      </trkpt>
      <trkpt lat="44.09729" lon="5.11292">
        <ele>161.0</ele>
      </trkpt>
      <trkpt lat="44.09808" lon="5.11317">
        <ele>162.0</ele>
      </trkpt>
      <trkpt lat="44.09851" lon="5.11327">
        <ele>162.0</ele>
      </trkpt>
      <trkpt lat="44.09903" lon="5.11334">
        <ele>161.0</ele>
      </trkpt>
      <trkpt lat="44.09958" lon="5.11341">
        <ele>163.0</ele>
      </trkpt>
      <trkpt lat="44.10053" lon="5.1136">
        <ele>165.0</ele>
      </trkpt>
      <trkpt lat="44.10109" lon="5.11361">
        <ele>166.0</ele>
      </trkpt>
      <trkpt lat="44.10127" lon="5.1136">
        <ele>167.0</ele>
      </trkpt>
      <trkpt lat="44.10264" lon="5.11347">
        <ele>170.0</ele>
      </trkpt>
      <trkpt lat="44.10394" lon="5.11331">
        <ele>172.0</ele>
      </trkpt>
      <trkpt lat="44.10405" lon="5.1133">
        <ele>173.0</ele>
      </trkpt>
      <trkpt lat="44.10486" lon="5.11321">
        <ele>173.0</ele>
      </trkpt>
      <trkpt lat="44.10547" lon="5.11313">
        <ele>174.0</ele>
      </trkpt>
      <trkpt lat="44.10594" lon="5.11307">
        <ele>175.0</ele>
      </trkpt>
      <trkpt lat="44.10624" lon="5.11303">
        <ele>176.0</ele>
      </trkpt>
      <trkpt lat="44.10651" lon="5.11303">
        <ele>176.0</ele>
      </trkpt>
      <trkpt lat="44.10662" lon="5.11305">
        <ele>177.0</ele>
      </trkpt>
      <trkpt lat="44.10684" lon="5.11311">
        <ele>177.0</ele>
      </trkpt>
      <trkpt lat="44.10689" lon="5.11312">
        <ele>177.0</ele>
      </trkpt>
      <trkpt lat="44.10713" lon="5.11318">
        <ele>178.0</ele>
      </trkpt>
      <trkpt lat="44.10733" lon="5.11323">
        <ele>178.0</ele>
      </trkpt>
      <trkpt lat="44.10765" lon="5.11331">
        <ele>179.0</ele>
      </trkpt>
      <trkpt lat="44.1085" lon="5.11344">
        <ele>182.0</ele>
      </trkpt>
      <trkpt lat="44.10856" lon="5.11349">
        <ele>182.0</ele>
      </trkpt>
      <trkpt lat="44.10865" lon="5.11362">
        <ele>182.0</ele>
      </trkpt>
      <trkpt lat="44.10871" lon="5.1135">
        <ele>182.0</ele>
      </trkpt>
      <trkpt lat="44.1094" lon="5.11242">
        <ele>182.0</ele>
      </trkpt>
      <trkpt lat="44.10948" lon="5.11228">
        <ele>182.0</ele>
      </trkpt>
      <trkpt lat="44.10962" lon="5.11205">
        <ele>183.0</ele>
      </trkpt>
      <trkpt lat="44.10971" lon="5.11182">
        <ele>183.0</ele>
      </trkpt>
      <trkpt lat="44.10979" lon="5.11157">
        <ele>183.0</ele>
      </trkpt>
      <trkpt lat="44.10996" lon="5.111">
        <ele>184.0</ele>
      </trkpt>
      <trkpt lat="44.10998" lon="5.11094">
        <ele>184.0</ele>
      </trkpt>
      <trkpt lat="44.11005" lon="5.11069">
        <ele>184.0</ele>
      </trkpt>
      <trkpt lat="44.11015" lon="5.11033">
        <ele>185.0</ele>
      </trkpt>
      <trkpt lat="44.11019" lon="5.11019">
        <ele>185.0</ele>
      </trkpt>
      <trkpt lat="44.11022" lon="5.11011">
        <ele>185.0</ele>
      </trkpt>
      <trkpt lat="44.11033" lon="5.10974">
        <ele>187.0</ele>
      </trkpt>
      <trkpt lat="44.11051" lon="5.10916">
        <ele>192.0</ele>
      </trkpt>
      <trkpt lat="44.11068" lon="5.10928">
        <ele>193.0</ele>
      </trkpt>
      <trkpt lat="44.11085" lon="5.10936">
        <ele>193.0</ele>
      </trkpt>
      <trkpt lat="44.11109" lon="5.10938">
        <ele>194.0</ele>
      </trkpt>
      <trkpt lat="44.1112" lon="5.10937">
        <ele>194.0</ele>
      </trkpt>
      <trkpt lat="44.11125" lon="5.10936">
        <ele>194.0</ele>
      </trkpt>
      <trkpt lat="44.11154" lon="5.10927">
        <ele>195.0</ele>
      </trkpt>
      <trkpt lat="44.11161" lon="5.10923">
        <ele>195.0</ele>
      </trkpt>
      <trkpt lat="44.11192" lon="5.10906">
        <ele>196.0</ele>
      </trkpt>
      <trkpt lat="44.11207" lon="5.10897">
        <ele>197.0</ele>
      </trkpt>
      <trkpt lat="44.1123" lon="5.10886">
        <ele>197.0</ele>
      </trkpt>
      <trkpt lat="44.1125" lon="5.10874">
        <ele>198.0</ele>
      </trkpt>
      <trkpt lat="44.1126" lon="5.10865">
        <ele>198.0</ele>
      </trkpt>
      <trkpt lat="44.11263" lon="5.10857">
        <ele>199.0</ele>
      </trkpt>
      <trkpt lat="44.1127" lon="5.10798">
        <ele>202.0</ele>
      </trkpt>
      <trkpt lat="44.11287" lon="5.10803">
        <ele>202.0</ele>
      </trkpt>
      <trkpt lat="44.11305" lon="5.10807">
        <ele>203.0</ele>
      </trkpt>
      <trkpt lat="44.11374" lon="5.10816">
        <ele>206.0</ele>
      </trkpt>
      <trkpt lat="44.11385" lon="5.10817">
        <ele>207.0</ele>
      </trkpt>
      <trkpt lat="44.11438" lon="5.10816">
        <ele>210.0</ele>
      </trkpt>
      <trkpt lat="44.11501" lon="5.10811">
        <ele>214.0</ele>
      </trkpt>
      <trkpt lat="44.11646" lon="5.1079">
        <ele>219.0</ele>
      </trkpt>
      <trkpt lat="44.11668" lon="5.10789">
        <ele>220.0</ele>
      </trkpt>
      <trkpt lat="44.11684" lon="5.10791">
        <ele>220.0</ele>
      </trkpt>
      <trkpt lat="44.11723" lon="5.108">
        <ele>219.0</ele>
      </trkpt>
      <trkpt lat="44.1176" lon="5.10806">
        <ele>219.0</ele>
      </trkpt>
      <trkpt lat="44.11782" lon="5.10808">
        <ele>219.0</ele>
      </trkpt>
      <trkpt lat="44.11816" lon="5.1081">
        <ele>218.0</ele>
      </trkpt>
      <trkpt lat="44.11873" lon="5.10813">
        <ele>218.0</ele>
      </trkpt>
      <trkpt lat="44.11884" lon="5.10814">
        <ele>218.0</ele>
      </trkpt>
      <trkpt lat="44.11889" lon="5.10816">
        <ele>218.0</ele>
      </trkpt>
      <trkpt lat="44.11913" lon="5.10825">
        <ele>218.0</ele>
      </trkpt>
      <trkpt lat="44.11932" lon="5.10835">
        <ele>218.0</ele>
      </trkpt>
      <trkpt lat="44.12011" lon="5.10874">
        <ele>217.0</ele>
      </trkpt>
      <trkpt lat="44.1203" lon="5.10884">
        <ele>217.0</ele>
      </trkpt>
      <trkpt lat="44.12048" lon="5.10893">
        <ele>217.0</ele>
      </trkpt>
      <trkpt lat="44.1208" lon="5.10916">
        <ele>218.0</ele>
      </trkpt>
      <trkpt lat="44.12104" lon="5.1093">
        <ele>219.0</ele>
      </trkpt>
      <trkpt lat="44.12123" lon="5.10946">
        <ele>219.0</ele>
      </trkpt>
      <trkpt lat="44.12125" lon="5.10949">
        <ele>219.0</ele>
      </trkpt>
      <trkpt lat="44.12128" lon="5.10951">
        <ele>219.0</ele>
      </trkpt>
      <trkpt lat="44.12131" lon="5.10952">
        <ele>219.0</ele>
      </trkpt>
      <trkpt lat="44.12135" lon="5.10951">
        <ele>219.0</ele>
      </trkpt>
      <trkpt lat="44.12141" lon="5.10956">
        <ele>220.0</ele>
      </trkpt>
      <trkpt lat="44.12157" lon="5.10961">
        <ele>220.0</ele>
      </trkpt>
      <trkpt lat="44.12182" lon="5.10974">
        <ele>220.0</ele>
      </trkpt>
      <trkpt lat="44.12197" lon="5.10978">
        <ele>220.0</ele>
      </trkpt>
      <trkpt lat="44.12276" lon="5.10985">
        <ele>221.0</ele>
      </trkpt>
      <trkpt lat="44.12318" lon="5.10986">
        <ele>222.0</ele>
      </trkpt>
      <trkpt lat="44.12363" lon="5.10974">
        <ele>225.0</ele>
      </trkpt>
      <trkpt lat="44.12381" lon="5.10967">
        <ele>226.0</ele>
      </trkpt>
      <trkpt lat="44.12403" lon="5.10955">
        <ele>227.0</ele>
      </trkpt>
      <trkpt lat="44.12424" lon="5.10943">
        <ele>228.0</ele>
      </trkpt>
      <trkpt lat="44.12456" lon="5.1092">
        <ele>227.0</ele>
      </trkpt>
      <trkpt lat="44.12479" lon="5.10899">
        <ele>228.0</ele>
      </trkpt>
      <trkpt lat="44.12495" lon="5.1088">
        <ele>228.0</ele>
      </trkpt>
      <trkpt lat="44.1252" lon="5.1084">
        <ele>228.0</ele>
      </trkpt>
      <trkpt lat="44.12521" lon="5.10838">
        <ele>228.0</ele>
      </trkpt>
      <trkpt lat="44.12541" lon="5.10806">
        <ele>229.0</ele>
      </trkpt>
      <trkpt lat="44.12545" lon="5.108">
        <ele>229.0</ele>
      </trkpt>
      <trkpt lat="44.12569" lon="5.10761">
        <ele>232.0</ele>
      </trkpt>
      <trkpt lat="44.1258" lon="5.10739">
        <ele>233.0</ele>
      </trkpt>
      <trkpt lat="44.12589" lon="5.10721">
        <ele>235.0</ele>
      </trkpt>
      <trkpt lat="44.12609" lon="5.10649">
        <ele>239.0</ele>
      </trkpt>
      <trkpt lat="44.12622" lon="5.10604">
        <ele>236.0</ele>
      </trkpt>
      <trkpt lat="44.12634" lon="5.10572">
        <ele>234.0</ele>
      </trkpt>
      <trkpt lat="44.12644" lon="5.10553">
        <ele>232.0</ele>
      </trkpt>
      <trkpt lat="44.12665" lon="5.10521">
        <ele>230.0</ele>
      </trkpt>
      <trkpt lat="44.1268" lon="5.10505">
        <ele>228.0</ele>
      </trkpt>
      <trkpt lat="44.12696" lon="5.1049">
        <ele>227.0</ele>
      </trkpt>
      <trkpt lat="44.12763" lon="5.10429">
        <ele>225.0</ele>
      </trkpt>
      <trkpt lat="44.12807" lon="5.1039">
        <ele>225.0</ele>
      </trkpt>
      <trkpt lat="44.12847" lon="5.10351">
        <ele>228.0</ele>
      </trkpt>
      <trkpt lat="44.12866" lon="5.10336">
        <ele>230.0</ele>
      </trkpt>
      <trkpt lat="44.12883" lon="5.10313">
        <ele>231.0</ele>
      </trkpt>
      <trkpt lat="44.12912" lon="5.10258">
        <ele>233.0</ele>
      </trkpt>
      <trkpt lat="44.12919" lon="5.10246">
        <ele>233.0</ele>
      </trkpt>
      <trkpt lat="44.12929" lon="5.10235">
        <ele>233.0</ele>
      </trkpt>
      <trkpt lat="44.1294" lon="5.10226">
        <ele>233.0</ele>
      </trkpt>
      <trkpt lat="44.1296" lon="5.10214">
        <ele>234.0</ele>
      </trkpt>
      <trkpt lat="44.12974" lon="5.10208">
        <ele>235.0</ele>
      </trkpt>
      <trkpt lat="44.12978" lon="5.10206">
        <ele>235.0</ele>
      </trkpt>
      <trkpt lat="44.12997" lon="5.10206">
        <ele>238.0</ele>
      </trkpt>
      <trkpt lat="44.13015" lon="5.10204">
        <ele>240.0</ele>
      </trkpt>
      <trkpt lat="44.13019" lon="5.10202">
        <ele>240.0</ele>
      </trkpt>
      <trkpt lat="44.13025" lon="5.10195">
        <ele>239.0</ele>
      </trkpt>
      <trkpt lat="44.13031" lon="5.10186">
        <ele>238.0</ele>
      </trkpt>
      <trkpt lat="44.13038" lon="5.10189">
        <ele>240.0</ele>
      </trkpt>
      <trkpt lat="44.13041" lon="5.10189">
        <ele>240.0</ele>
      </trkpt>
      <trkpt lat="44.13052" lon="5.10186">
        <ele>241.0</ele>
      </trkpt>
      <trkpt lat="44.13102" lon="5.10169">
        <ele>242.0</ele>
      </trkpt>
      <trkpt lat="44.13116" lon="5.10166">
        <ele>242.0</ele>
      </trkpt>
      <trkpt lat="44.13137" lon="5.10168">
        <ele>243.0</ele>
      </trkpt>
      <trkpt lat="44.13213" lon="5.10179">
        <ele>245.0</ele>
      </trkpt>
      <trkpt lat="44.13227" lon="5.10183">
        <ele>246.0</ele>
      </trkpt>
      <trkpt lat="44.13238" lon="5.10189">
        <ele>247.0</ele>
      </trkpt>
      <trkpt lat="44.13261" lon="5.10208">
        <ele>251.0</ele>
      </trkpt>
      <trkpt lat="44.13363" lon="5.10296">
        <ele>260.0</ele>
      </trkpt>
      <trkpt lat="44.13401" lon="5.10347">
        <ele>262.0</ele>
      </trkpt>
      <trkpt lat="44.13405" lon="5.1035">
        <ele>261.0</ele>
      </trkpt>
      <trkpt lat="44.13415" lon="5.10355">
        <ele>259.0</ele>
      </trkpt>
      <trkpt lat="44.13422" lon="5.10356">
        <ele>259.0</ele>
      </trkpt>
      <trkpt lat="44.13437" lon="5.10354">
        <ele>260.0</ele>
      </trkpt>
      <trkpt lat="44.13444" lon="5.10347">
        <ele>260.0</ele>
      </trkpt>
      <trkpt lat="44.13461" lon="5.10324">
        <ele>259.0</ele>
      </trkpt>
      <trkpt lat="44.13467" lon="5.10317">
        <ele>259.0</ele>
      </trkpt>
      <trkpt lat="44.13482" lon="5.10308">
        <ele>260.0</ele>
      </trkpt>
      <trkpt lat="44.13492" lon="5.10306">
        <ele>261.0</ele>
      </trkpt>
      <trkpt lat="44.13501" lon="5.10305">
        <ele>261.0</ele>
      </trkpt>
      <trkpt lat="44.13509" lon="5.10307">
        <ele>262.0</ele>
      </trkpt>
      <trkpt lat="44.13553" lon="5.10333">
        <ele>267.0</ele>
      </trkpt>
      <trkpt lat="44.13562" lon="5.10335">
        <ele>267.0</ele>
      </trkpt>
      <trkpt lat="44.13569" lon="5.10335">
        <ele>268.0</ele>
      </trkpt>
      <trkpt lat="44.13579" lon="5.10333">
        <ele>268.0</ele>
      </trkpt>
      <trkpt lat="44.13636" lon="5.10318">
        <ele>273.0</ele>
      </trkpt>
      <trkpt lat="44.13646" lon="5.10318">
        <ele>274.0</ele>
      </trkpt>
      <trkpt lat="44.13653" lon="5.10318">
        <ele>275.0</ele>
      </trkpt>
      <trkpt lat="44.13673" lon="5.10324">
        <ele>277.0</ele>
      </trkpt>
      <trkpt lat="44.13693" lon="5.10328">
        <ele>278.0</ele>
      </trkpt>
      <trkpt lat="44.13786" lon="5.10326">
        <ele>279.0</ele>
      </trkpt>
      <trkpt lat="44.13799" lon="5.10325">
        <ele>280.0</ele>
      </trkpt>
      <trkpt lat="44.1381" lon="5.1032">
        <ele>280.0</ele>
      </trkpt>
      <trkpt lat="44.13821" lon="5.10313">
        <ele>281.0</ele>
      </trkpt>
      <trkpt lat="44.13829" lon="5.10308">
        <ele>281.0</ele>
      </trkpt>
      <trkpt lat="44.13831" lon="5.10306">
        <ele>282.0</ele>
      </trkpt>
      <trkpt lat="44.13834" lon="5.10306">
        <ele>282.0</ele>
      </trkpt>
      <trkpt lat="44.13846" lon="5.10305">
        <ele>283.0</ele>
      </trkpt>
      <trkpt lat="44.13855" lon="5.10307">
        <ele>284.0</ele>
      </trkpt>
      <trkpt lat="44.13863" lon="5.10312">
        <ele>285.0</ele>
      </trkpt>
      <trkpt lat="44.13951" lon="5.10401">
        <ele>287.0</ele>
      </trkpt>
      <trkpt lat="44.13971" lon="5.10421">
        <ele>286.0</ele>
      </trkpt>
      <trkpt lat="44.13987" lon="5.10437">
        <ele>286.0</ele>
      </trkpt>
      <trkpt lat="44.14" lon="5.10445">
        <ele>285.0</ele>
      </trkpt>
      <trkpt lat="44.14018" lon="5.1045">
        <ele>285.0</ele>
      </trkpt>
      <trkpt lat="44.14086" lon="5.10465">
        <ele>287.0</ele>
      </trkpt>
      <trkpt lat="44.14115" lon="5.10468">
        <ele>287.0</ele>
      </trkpt>
      <trkpt lat="44.14127" lon="5.10468">
        <ele>287.0</ele>
      </trkpt>
      <trkpt lat="44.14159" lon="5.10458">
        <ele>287.0</ele>
      </trkpt>
      <trkpt lat="44.14171" lon="5.10456">
        <ele>287.0</ele>
      </trkpt>
      <trkpt lat="44.14183" lon="5.10457">
        <ele>287.0</ele>
      </trkpt>
      <trkpt lat="44.14228" lon="5.10462">
        <ele>289.0</ele>
      </trkpt>
      <trkpt lat="44.14239" lon="5.10465">
        <ele>289.0</ele>
      </trkpt>
      <trkpt lat="44.14248" lon="5.10469">
        <ele>289.0</ele>
      </trkpt>
      <trkpt lat="44.14255" lon="5.10475">
        <ele>289.0</ele>
      </trkpt>
      <trkpt lat="44.14283" lon="5.10508">
        <ele>288.0</ele>
      </trkpt>
      <trkpt lat="44.14293" lon="5.10517">
        <ele>288.0</ele>
      </trkpt>
      <trkpt lat="44.14306" lon="5.10525">
        <ele>289.0</ele>
      </trkpt>
      <trkpt lat="44.14317" lon="5.10528">
        <ele>289.0</ele>
      </trkpt>
      <trkpt lat="44.14329" lon="5.10531">
        <ele>289.0</ele>
      </trkpt>
      <trkpt lat="44.14341" lon="5.10531">
        <ele>289.0</ele>
      </trkpt>
      <trkpt lat="44.14362" lon="5.10535">
        <ele>289.0</ele>
      </trkpt>
      <trkpt lat="44.14374" lon="5.10539">
        <ele>290.0</ele>
      </trkpt>
      <trkpt lat="44.14383" lon="5.10543">
        <ele>290.0</ele>
      </trkpt>
      <trkpt lat="44.14412" lon="5.10554">
        <ele>290.0</ele>
      </trkpt>
      <trkpt lat="44.14435" lon="5.10564">
        <ele>290.0</ele>
      </trkpt>
      <trkpt lat="44.14456" lon="5.10577">
        <ele>291.0</ele>
      </trkpt>
      <trkpt lat="44.14489" lon="5.10606">
        <ele>292.0</ele>
      </trkpt>
      <trkpt lat="44.14502" lon="5.10614">
        <ele>293.0</ele>
      </trkpt>
      <trkpt lat="44.14509" lon="5.10617">
        <ele>293.0</ele>
      </trkpt>
      <trkpt lat="44.14545" lon="5.1062">
        <ele>295.0</ele>
      </trkpt>
      <trkpt lat="44.14553" lon="5.10622">
        <ele>295.0</ele>
      </trkpt>
      <trkpt lat="44.14562" lon="5.10625">
        <ele>295.0</ele>
      </trkpt>
      <trkpt lat="44.14776" lon="5.10761">
        <ele>298.0</ele>
      </trkpt>
      <trkpt lat="44.14798" lon="5.10778">
        <ele>300.0</ele>
      </trkpt>
      <trkpt lat="44.14806" lon="5.1079">
        <ele>300.0</ele>
      </trkpt>
      <trkpt lat="44.14823" lon="5.10818">
        <ele>299.0</ele>
      </trkpt>
      <trkpt lat="44.14832" lon="5.10828">
        <ele>299.0</ele>
      </trkpt>
      <trkpt lat="44.14837" lon="5.10831">
        <ele>299.0</ele>
      </trkpt>
      <trkpt lat="44.14842" lon="5.10833">
        <ele>300.0</ele>
      </trkpt>
      <trkpt lat="44.1486" lon="5.10835">
        <ele>301.0</ele>
      </trkpt>
      <trkpt lat="44.14938" lon="5.10837">
        <ele>304.0</ele>
      </trkpt>
      <trkpt lat="44.1495" lon="5.10839">
        <ele>303.0</ele>
      </trkpt>
      <trkpt lat="44.14961" lon="5.10843">
        <ele>303.0</ele>
      </trkpt>
      <trkpt lat="44.14968" lon="5.10849">
        <ele>303.0</ele>
      </trkpt>
      <trkpt lat="44.14976" lon="5.10856">
        <ele>304.0</ele>
      </trkpt>
      <trkpt lat="44.14985" lon="5.10874">
        <ele>305.0</ele>
      </trkpt>
      <trkpt lat="44.15034" lon="5.10994">
        <ele>311.0</ele>
      </trkpt>
      <trkpt lat="44.15025" lon="5.11002">
        <ele>312.0</ele>
      </trkpt>
      <trkpt lat="44.15002" lon="5.10943">
        <ele>310.0</ele>
      </trkpt>
      <trkpt lat="44.14972" lon="5.10886">
        <ele>306.0</ele>
      </trkpt>
      <trkpt lat="44.15002" lon="5.10943">
        <ele>310.0</ele>
      </trkpt>
      <trkpt lat="44.15025" lon="5.11002">
        <ele>312.0</ele>
      </trkpt>
      <trkpt lat="44.15034" lon="5.10994">
        <ele>311.0</ele>
      </trkpt>
      <trkpt lat="44.15057" lon="5.11051">
        <ele>310.0</ele>
      </trkpt>
      <trkpt lat="44.15065" lon="5.11073">
        <ele>310.0</ele>
      </trkpt>
      <trkpt lat="44.15071" lon="5.11091">
        <ele>310.0</ele>
      </trkpt>
      <trkpt lat="44.15074" lon="5.1111">
        <ele>310.0</ele>
      </trkpt>
      <trkpt lat="44.15077" lon="5.11132">
        <ele>310.0</ele>
      </trkpt>
      <trkpt lat="44.15082" lon="5.11192">
        <ele>314.0</ele>
      </trkpt>
      <trkpt lat="44.15084" lon="5.11212">
        <ele>315.0</ele>
      </trkpt>
      <trkpt lat="44.15088" lon="5.11229">
        <ele>317.0</ele>
      </trkpt>
      <trkpt lat="44.15094" lon="5.11246">
        <ele>318.0</ele>
      </trkpt>
      <trkpt lat="44.15101" lon="5.11259">
        <ele>319.0</ele>
      </trkpt>
      <trkpt lat="44.15107" lon="5.11269">
        <ele>319.0</ele>
      </trkpt>
      <trkpt lat="44.15117" lon="5.1128">
        <ele>319.0</ele>
      </trkpt>
      <trkpt lat="44.1515" lon="5.11312">
        <ele>318.0</ele>
      </trkpt>
      <trkpt lat="44.15157" lon="5.1132">
        <ele>318.0</ele>
      </trkpt>
      <trkpt lat="44.15164" lon="5.11328">
        <ele>318.0</ele>
      </trkpt>
      <trkpt lat="44.15168" lon="5.11338">
        <ele>318.0</ele>
      </trkpt>
      <trkpt lat="44.15173" lon="5.11351">
        <ele>319.0</ele>
      </trkpt>
      <trkpt lat="44.15175" lon="5.11363">
        <ele>319.0</ele>
      </trkpt>
      <trkpt lat="44.15177" lon="5.11374">
        <ele>320.0</ele>
      </trkpt>
      <trkpt lat="44.15176" lon="5.11385">
        <ele>320.0</ele>
      </trkpt>
      <trkpt lat="44.15175" lon="5.114">
        <ele>321.0</ele>
      </trkpt>
      <trkpt lat="44.15171" lon="5.11422">
        <ele>323.0</ele>
      </trkpt>
      <trkpt lat="44.15155" lon="5.11486">
        <ele>325.0</ele>
      </trkpt>
      <trkpt lat="44.15149" lon="5.11523">
        <ele>327.0</ele>
      </trkpt>
      <trkpt lat="44.15148" lon="5.11543">
        <ele>327.0</ele>
      </trkpt>
      <trkpt lat="44.15148" lon="5.11571">
        <ele>327.0</ele>
      </trkpt>
      <trkpt lat="44.15148" lon="5.11589">
        <ele>327.0</ele>
      </trkpt>
      <trkpt lat="44.15151" lon="5.11607">
        <ele>327.0</ele>
      </trkpt>
      <trkpt lat="44.15158" lon="5.11656">
        <ele>327.0</ele>
      </trkpt>
      <trkpt lat="44.15197" lon="5.11814">
        <ele>333.0</ele>
      </trkpt>
      <trkpt lat="44.15207" lon="5.11858">
        <ele>334.0</ele>
      </trkpt>
      <trkpt lat="44.15216" lon="5.11908">
        <ele>337.0</ele>
      </trkpt>
      <trkpt lat="44.15238" lon="5.12048">
        <ele>341.0</ele>
      </trkpt>
      <trkpt lat="44.15261" lon="5.1219">
        <ele>351.0</ele>
      </trkpt>
      <trkpt lat="44.15277" lon="5.12253">
        <ele>356.0</ele>
      </trkpt>
      <trkpt lat="44.15284" lon="5.1228">
        <ele>358.0</ele>
      </trkpt>
      <trkpt lat="44.1529" lon="5.12299">
        <ele>359.0</ele>
      </trkpt>
      <trkpt lat="44.1529" lon="5.12299">
        <ele>359.0</ele>
      </trkpt>
      <trkpt lat="44.15301" lon="5.12325">
        <ele>359.0</ele>
      </trkpt>
      <trkpt lat="44.15313" lon="5.12348">
        <ele>358.0</ele>
      </trkpt>
      <trkpt lat="44.15413" lon="5.12522">
        <ele>364.0</ele>
      </trkpt>
      <trkpt lat="44.15429" lon="5.12556">
        <ele>367.0</ele>
      </trkpt>
      <trkpt lat="44.15436" lon="5.12575">
        <ele>369.0</ele>
      </trkpt>
      <trkpt lat="44.1544" lon="5.12594">
        <ele>370.0</ele>
      </trkpt>
      <trkpt lat="44.15443" lon="5.12615">
        <ele>371.0</ele>
      </trkpt>
      <trkpt lat="44.15457" lon="5.12852">
        <ele>379.0</ele>
      </trkpt>
      <trkpt lat="44.1546" lon="5.12907">
        <ele>379.0</ele>
      </trkpt>
      <trkpt lat="44.15461" lon="5.12929">
        <ele>380.0</ele>
      </trkpt>
      <trkpt lat="44.15464" lon="5.12941">
        <ele>381.0</ele>
      </trkpt>
      <trkpt lat="44.15466" lon="5.12946">
        <ele>381.0</ele>
      </trkpt>
      <trkpt lat="44.15468" lon="5.12953">
        <ele>382.0</ele>
      </trkpt>
      <trkpt lat="44.15472" lon="5.12957">
        <ele>382.0</ele>
      </trkpt>
      <trkpt lat="44.15477" lon="5.12962">
        <ele>383.0</ele>
      </trkpt>
      <trkpt lat="44.15487" lon="5.12966">
        <ele>383.0</ele>
      </trkpt>
      <trkpt lat="44.15491" lon="5.12967">
        <ele>383.0</ele>
      </trkpt>
      <trkpt lat="44.155" lon="5.12966">
        <ele>383.0</ele>
      </trkpt>
      <trkpt lat="44.15507" lon="5.12963">
        <ele>383.0</ele>
      </trkpt>
      <trkpt lat="44.15518" lon="5.12955">
        <ele>383.0</ele>
      </trkpt>
      <trkpt lat="44.15554" lon="5.12936">
        <ele>383.0</ele>
      </trkpt>
      <trkpt lat="44.15711" lon="5.12847">
        <ele>388.0</ele>
      </trkpt>
      <trkpt lat="44.15727" lon="5.12837">
        <ele>389.0</ele>
      </trkpt>
      <trkpt lat="44.15741" lon="5.12826">
        <ele>390.0</ele>
      </trkpt>
      <trkpt lat="44.15756" lon="5.1281">
        <ele>391.0</ele>
      </trkpt>
      <trkpt lat="44.15771" lon="5.12791">
        <ele>393.0</ele>
      </trkpt>
      <trkpt lat="44.15917" lon="5.12603">
        <ele>401.0</ele>
      </trkpt>
      <trkpt lat="44.15927" lon="5.12591">
        <ele>401.0</ele>
      </trkpt>
      <trkpt lat="44.15935" lon="5.12584">
        <ele>400.0</ele>
      </trkpt>
      <trkpt lat="44.15941" lon="5.1258">
        <ele>400.0</ele>
      </trkpt>
      <trkpt lat="44.15957" lon="5.12573">
        <ele>401.0</ele>
      </trkpt>
      <trkpt lat="44.15967" lon="5.12571">
        <ele>401.0</ele>
      </trkpt>
      <trkpt lat="44.15974" lon="5.12571">
        <ele>401.0</ele>
      </trkpt>
      <trkpt lat="44.15982" lon="5.12573">
        <ele>400.0</ele>
      </trkpt>
      <trkpt lat="44.15997" lon="5.12581">
        <ele>400.0</ele>
      </trkpt>
      <trkpt lat="44.16056" lon="5.12634">
        <ele>402.0</ele>
      </trkpt>
      <trkpt lat="44.16069" lon="5.12648">
        <ele>402.0</ele>
      </trkpt>
      <trkpt lat="44.16084" lon="5.12666">
        <ele>403.0</ele>
      </trkpt>
      <trkpt lat="44.16098" lon="5.12689">
        <ele>403.0</ele>
      </trkpt>
      <trkpt lat="44.16106" lon="5.12706">
        <ele>403.0</ele>
      </trkpt>
      <trkpt lat="44.1612" lon="5.12741">
        <ele>403.0</ele>
      </trkpt>
      <trkpt lat="44.16139" lon="5.12799">
        <ele>405.0</ele>
      </trkpt>
      <trkpt lat="44.1614" lon="5.12804">
        <ele>405.0</ele>
      </trkpt>
      <trkpt lat="44.16147" lon="5.12823">
        <ele>405.0</ele>
      </trkpt>
      <trkpt lat="44.16152" lon="5.12834">
        <ele>405.0</ele>
      </trkpt>
      <trkpt lat="44.16164" lon="5.12854">
        <ele>405.0</ele>
      </trkpt>
      <trkpt lat="44.16177" lon="5.1287">
        <ele>404.0</ele>
      </trkpt>
      <trkpt lat="44.16197" lon="5.12892">
        <ele>403.0</ele>
      </trkpt>
      <trkpt lat="44.16215" lon="5.12912">
        <ele>403.0</ele>
      </trkpt>
      <trkpt lat="44.16241" lon="5.12937">
        <ele>401.0</ele>
      </trkpt>
      <trkpt lat="44.16274" lon="5.12967">
        <ele>402.0</ele>
      </trkpt>
      <trkpt lat="44.16288" lon="5.12978">
        <ele>403.0</ele>
      </trkpt>
      <trkpt lat="44.163" lon="5.12986">
        <ele>403.0</ele>
      </trkpt>
      <trkpt lat="44.16312" lon="5.12988">
        <ele>402.0</ele>
      </trkpt>
      <trkpt lat="44.16322" lon="5.12988">
        <ele>400.0</ele>
      </trkpt>
      <trkpt lat="44.1633" lon="5.12984">
        <ele>399.0</ele>
      </trkpt>
      <trkpt lat="44.16337" lon="5.12981">
        <ele>398.0</ele>
      </trkpt>
      <trkpt lat="44.16345" lon="5.12974">
        <ele>398.0</ele>
      </trkpt>
      <trkpt lat="44.16353" lon="5.12967">
        <ele>398.0</ele>
      </trkpt>
      <trkpt lat="44.1636" lon="5.12958">
        <ele>397.0</ele>
      </trkpt>
      <trkpt lat="44.16371" lon="5.12934">
        <ele>396.0</ele>
      </trkpt>
      <trkpt lat="44.16379" lon="5.12914">
        <ele>396.0</ele>
      </trkpt>
      <trkpt lat="44.16422" lon="5.12807">
        <ele>391.0</ele>
      </trkpt>
      <trkpt lat="44.16441" lon="5.12768">
        <ele>388.0</ele>
      </trkpt>
      <trkpt lat="44.16458" lon="5.12742">
        <ele>388.0</ele>
      </trkpt>
      <trkpt lat="44.16478" lon="5.12716">
        <ele>387.0</ele>
      </trkpt>
      <trkpt lat="44.16502" lon="5.12692">
        <ele>387.0</ele>
      </trkpt>
      <trkpt lat="44.16525" lon="5.12672">
        <ele>385.0</ele>
      </trkpt>
      <trkpt lat="44.16544" lon="5.1266">
        <ele>385.0</ele>
      </trkpt>
      <trkpt lat="44.1656" lon="5.12652">
        <ele>385.0</ele>
      </trkpt>
      <trkpt lat="44.1658" lon="5.12644">
        <ele>386.0</ele>
      </trkpt>
      <trkpt lat="44.1661" lon="5.12634">
        <ele>385.0</ele>
      </trkpt>
      <trkpt lat="44.16714" lon="5.12607">
        <ele>383.0</ele>
      </trkpt>
      <trkpt lat="44.16876" lon="5.1256">
        <ele>377.0</ele>
      </trkpt>
      <trkpt lat="44.16937" lon="5.12542">
        <ele>374.0</ele>
      </trkpt>
      <trkpt lat="44.16961" lon="5.12537">
        <ele>372.0</ele>
      </trkpt>
      <trkpt lat="44.17002" lon="5.1253">
        <ele>371.0</ele>
      </trkpt>
      <trkpt lat="44.17083" lon="5.1252">
        <ele>370.0</ele>
      </trkpt>
      <trkpt lat="44.17093" lon="5.1252">
        <ele>371.0</ele>
      </trkpt>
      <trkpt lat="44.17102" lon="5.12524">
        <ele>372.0</ele>
      </trkpt>
      <trkpt lat="44.17109" lon="5.12529">
        <ele>373.0</ele>
      </trkpt>
      <trkpt lat="44.17114" lon="5.12535">
        <ele>373.0</ele>
      </trkpt>
      <trkpt lat="44.17121" lon="5.12544">
        <ele>374.0</ele>
      </trkpt>
      <trkpt lat="44.17124" lon="5.12551">
        <ele>374.0</ele>
      </trkpt>
      <trkpt lat="44.17127" lon="5.12562">
        <ele>374.0</ele>
      </trkpt>
      <trkpt lat="44.17129" lon="5.12578">
        <ele>374.0</ele>
      </trkpt>
      <trkpt lat="44.17129" lon="5.12586">
        <ele>374.0</ele>
      </trkpt>
      <trkpt lat="44.17126" lon="5.12596">
        <ele>373.0</ele>
      </trkpt>
      <trkpt lat="44.17123" lon="5.12609">
        <ele>371.0</ele>
      </trkpt>
      <trkpt lat="44.17116" lon="5.12621">
        <ele>370.0</ele>
      </trkpt>
      <trkpt lat="44.17109" lon="5.12628">
        <ele>369.0</ele>
      </trkpt>
      <trkpt lat="44.17075" lon="5.12655">
        <ele>368.0</ele>
      </trkpt>
      <trkpt lat="44.17046" lon="5.12676">
        <ele>369.0</ele>
      </trkpt>
      <trkpt lat="44.17033" lon="5.12686">
        <ele>369.0</ele>
      </trkpt>
      <trkpt lat="44.16974" lon="5.12733">
        <ele>367.0</ele>
      </trkpt>
      <trkpt lat="44.16962" lon="5.12745">
        <ele>366.0</ele>
      </trkpt>
      <trkpt lat="44.16955" lon="5.12754">
        <ele>366.0</ele>
      </trkpt>
      <trkpt lat="44.16945" lon="5.1277">
        <ele>365.0</ele>
      </trkpt>
      <trkpt lat="44.16936" lon="5.12794">
        <ele>364.0</ele>
      </trkpt>
      <trkpt lat="44.16923" lon="5.12844">
        <ele>360.0</ele>
      </trkpt>
      <trkpt lat="44.16917" lon="5.1287">
        <ele>360.0</ele>
      </trkpt>
      <trkpt lat="44.1691" lon="5.129">
        <ele>360.0</ele>
      </trkpt>
      <trkpt lat="44.16887" lon="5.12997">
        <ele>356.0</ele>
      </trkpt>
      <trkpt lat="44.16877" lon="5.13041">
        <ele>355.0</ele>
      </trkpt>
      <trkpt lat="44.16876" lon="5.13052">
        <ele>355.0</ele>
      </trkpt>
      <trkpt lat="44.16877" lon="5.13066">
        <ele>354.0</ele>
      </trkpt>
      <trkpt lat="44.16882" lon="5.13087">
        <ele>353.0</ele>
      </trkpt>
      <trkpt lat="44.16888" lon="5.13096">
        <ele>353.0</ele>
      </trkpt>
      <trkpt lat="44.16893" lon="5.13102">
        <ele>352.0</ele>
      </trkpt>
      <trkpt lat="44.16904" lon="5.1311">
        <ele>351.0</ele>
      </trkpt>
      <trkpt lat="44.16946" lon="5.13128">
        <ele>348.0</ele>
      </trkpt>
      <trkpt lat="44.16957" lon="5.13133">
        <ele>348.0</ele>
      </trkpt>
      <trkpt lat="44.16963" lon="5.13135">
        <ele>347.0</ele>
      </trkpt>
      <trkpt lat="44.16999" lon="5.13151">
        <ele>346.0</ele>
      </trkpt>
      <trkpt lat="44.1703" lon="5.13163">
        <ele>344.0</ele>
      </trkpt>
      <trkpt lat="44.17062" lon="5.13177">
        <ele>343.0</ele>
      </trkpt>
      <trkpt lat="44.17112" lon="5.13198">
        <ele>342.0</ele>
      </trkpt>
      <trkpt lat="44.1714" lon="5.1321">
        <ele>342.0</ele>
      </trkpt>
      <trkpt lat="44.17157" lon="5.13216">
        <ele>341.0</ele>
      </trkpt>
      <trkpt lat="44.1716" lon="5.13221">
        <ele>342.0</ele>
      </trkpt>
      <trkpt lat="44.17162" lon="5.13222">
        <ele>341.0</ele>
      </trkpt>
      <trkpt lat="44.17165" lon="5.13223">
        <ele>341.0</ele>
      </trkpt>
      <trkpt lat="44.17168" lon="5.13222">
        <ele>341.0</ele>
      </trkpt>
      <trkpt lat="44.17184" lon="5.1323">
        <ele>341.0</ele>
      </trkpt>
      <trkpt lat="44.17194" lon="5.13248">
        <ele>342.0</ele>
      </trkpt>
      <trkpt lat="44.172" lon="5.13262">
        <ele>341.0</ele>
      </trkpt>
      <trkpt lat="44.17209" lon="5.13302">
        <ele>340.0</ele>
      </trkpt>
      <trkpt lat="44.17214" lon="5.13317">
        <ele>339.0</ele>
      </trkpt>
      <trkpt lat="44.17221" lon="5.13327">
        <ele>339.0</ele>
      </trkpt>
      <trkpt lat="44.1723" lon="5.13335">
        <ele>338.0</ele>
      </trkpt>
      <trkpt lat="44.17251" lon="5.13354">
        <ele>337.0</ele>
      </trkpt>
      <trkpt lat="44.17259" lon="5.13358">
        <ele>336.0</ele>
      </trkpt>
      <trkpt lat="44.17298" lon="5.13366">
        <ele>335.0</ele>
      </trkpt>
      <trkpt lat="44.17319" lon="5.1337">
        <ele>334.0</ele>
      </trkpt>
      <trkpt lat="44.17318" lon="5.13382">
        <ele>334.0</ele>
      </trkpt>
      <trkpt lat="44.17314" lon="5.13428">
        <ele>335.0</ele>
      </trkpt>
      <trkpt lat="44.17313" lon="5.13436">
        <ele>336.0</ele>
      </trkpt>
      <trkpt lat="44.17309" lon="5.13499">
        <ele>340.0</ele>
      </trkpt>
      <trkpt lat="44.1731" lon="5.13503">
        <ele>340.0</ele>
      </trkpt>
      <trkpt lat="44.17312" lon="5.13523">
        <ele>341.0</ele>
      </trkpt>
      <trkpt lat="44.17313" lon="5.1354">
        <ele>341.0</ele>
      </trkpt>
      <trkpt lat="44.17312" lon="5.13553">
        <ele>342.0</ele>
      </trkpt>
      <trkpt lat="44.17304" lon="5.13609">
        <ele>344.0</ele>
      </trkpt>
      <trkpt lat="44.17295" lon="5.13652">
        <ele>345.0</ele>
      </trkpt>
      <trkpt lat="44.17294" lon="5.13657">
        <ele>345.0</ele>
      </trkpt>
      <trkpt lat="44.17289" lon="5.13679">
        <ele>345.0</ele>
      </trkpt>
      <trkpt lat="44.17288" lon="5.1368">
        <ele>345.0</ele>
      </trkpt>
      <trkpt lat="44.17285" lon="5.13695">
        <ele>346.0</ele>
      </trkpt>
      <trkpt lat="44.17279" lon="5.13705">
        <ele>346.0</ele>
      </trkpt>
      <trkpt lat="44.17268" lon="5.13719">
        <ele>347.0</ele>
      </trkpt>
      <trkpt lat="44.17238" lon="5.13749">
        <ele>350.0</ele>
      </trkpt>
      <trkpt lat="44.17215" lon="5.13771">
        <ele>351.0</ele>
      </trkpt>
      <trkpt lat="44.17188" lon="5.13795">
        <ele>353.0</ele>
      </trkpt>
      <trkpt lat="44.17178" lon="5.13807">
        <ele>354.0</ele>
      </trkpt>
      <trkpt lat="44.17171" lon="5.13817">
        <ele>354.0</ele>
      </trkpt>
      <trkpt lat="44.17165" lon="5.13827">
        <ele>355.0</ele>
      </trkpt>
      <trkpt lat="44.17153" lon="5.13859">
        <ele>359.0</ele>
      </trkpt>
      <trkpt lat="44.17136" lon="5.13903">
        <ele>363.0</ele>
      </trkpt>
      <trkpt lat="44.1713" lon="5.13915">
        <ele>364.0</ele>
      </trkpt>
      <trkpt lat="44.17123" lon="5.13924">
        <ele>365.0</ele>
      </trkpt>
      <trkpt lat="44.17112" lon="5.13936">
        <ele>366.0</ele>
      </trkpt>
      <trkpt lat="44.17088" lon="5.13961">
        <ele>366.0</ele>
      </trkpt>
      <trkpt lat="44.17082" lon="5.13972">
        <ele>365.0</ele>
      </trkpt>
      <trkpt lat="44.17063" lon="5.14037">
        <ele>369.0</ele>
      </trkpt>
      <trkpt lat="44.17059" lon="5.14047">
        <ele>369.0</ele>
      </trkpt>
      <trkpt lat="44.1705" lon="5.14059">
        <ele>370.0</ele>
      </trkpt>
      <trkpt lat="44.17026" lon="5.14087">
        <ele>371.0</ele>
      </trkpt>
      <trkpt lat="44.17017" lon="5.141">
        <ele>373.0</ele>
      </trkpt>
      <trkpt lat="44.17004" lon="5.14124">
        <ele>375.0</ele>
      </trkpt>
      <trkpt lat="44.16993" lon="5.14149">
        <ele>377.0</ele>
      </trkpt>
      <trkpt lat="44.16984" lon="5.14164">
        <ele>378.0</ele>
      </trkpt>
      <trkpt lat="44.16972" lon="5.14178">
        <ele>380.0</ele>
      </trkpt>
      <trkpt lat="44.16954" lon="5.14197">
        <ele>382.0</ele>
      </trkpt>
      <trkpt lat="44.16933" lon="5.14228">
        <ele>383.0</ele>
      </trkpt>
      <trkpt lat="44.16916" lon="5.14257">
        <ele>382.0</ele>
      </trkpt>
      <trkpt lat="44.16881" lon="5.1432">
        <ele>390.0</ele>
      </trkpt>
      <trkpt lat="44.1687" lon="5.1434">
        <ele>391.0</ele>
      </trkpt>
      <trkpt lat="44.16865" lon="5.14354">
        <ele>391.0</ele>
      </trkpt>
      <trkpt lat="44.16858" lon="5.14373">
        <ele>392.0</ele>
      </trkpt>
      <trkpt lat="44.16853" lon="5.14392">
        <ele>392.0</ele>
      </trkpt>
      <trkpt lat="44.16849" lon="5.14414">
        <ele>392.0</ele>
      </trkpt>
      <trkpt lat="44.16845" lon="5.14439">
        <ele>393.0</ele>
      </trkpt>
      <trkpt lat="44.1684" lon="5.14475">
        <ele>395.0</ele>
      </trkpt>
      <trkpt lat="44.16835" lon="5.14502">
        <ele>396.0</ele>
      </trkpt>
      <trkpt lat="44.16829" lon="5.1453">
        <ele>397.0</ele>
      </trkpt>
      <trkpt lat="44.16794" lon="5.14652">
        <ele>402.0</ele>
      </trkpt>
      <trkpt lat="44.16767" lon="5.14744">
        <ele>402.0</ele>
      </trkpt>
      <trkpt lat="44.16751" lon="5.14799">
        <ele>400.0</ele>
      </trkpt>
      <trkpt lat="44.16738" lon="5.14831">
        <ele>401.0</ele>
      </trkpt>
      <trkpt lat="44.16726" lon="5.14852">
        <ele>404.0</ele>
      </trkpt>
      <trkpt lat="44.1672" lon="5.1486">
        <ele>405.0</ele>
      </trkpt>
      <trkpt lat="44.16715" lon="5.14866">
        <ele>406.0</ele>
      </trkpt>
      <trkpt lat="44.16709" lon="5.14871">
        <ele>407.0</ele>
      </trkpt>
      <trkpt lat="44.16699" lon="5.14873">
        <ele>408.0</ele>
      </trkpt>
      <trkpt lat="44.16685" lon="5.14873">
        <ele>408.0</ele>
      </trkpt>
      <trkpt lat="44.16677" lon="5.1487">
        <ele>408.0</ele>
      </trkpt>
      <trkpt lat="44.16667" lon="5.14863">
        <ele>408.0</ele>
      </trkpt>
      <trkpt lat="44.16658" lon="5.14853">
        <ele>410.0</ele>
      </trkpt>
      <trkpt lat="44.16652" lon="5.14841">
        <ele>411.0</ele>
      </trkpt>
      <trkpt lat="44.16637" lon="5.14802">
        <ele>412.0</ele>
      </trkpt>
      <trkpt lat="44.16622" lon="5.14761">
        <ele>412.0</ele>
      </trkpt>
      <trkpt lat="44.16615" lon="5.1475">
        <ele>412.0</ele>
      </trkpt>
      <trkpt lat="44.16609" lon="5.14743">
        <ele>413.0</ele>
      </trkpt>
      <trkpt lat="44.16598" lon="5.14737">
        <ele>415.0</ele>
      </trkpt>
      <trkpt lat="44.16578" lon="5.14738">
        <ele>421.0</ele>
      </trkpt>
      <trkpt lat="44.16572" lon="5.14735">
        <ele>423.0</ele>
      </trkpt>
      <trkpt lat="44.16561" lon="5.14726">
        <ele>428.0</ele>
      </trkpt>
      <trkpt lat="44.16558" lon="5.14719">
        <ele>428.0</ele>
      </trkpt>
      <trkpt lat="44.16556" lon="5.1471">
        <ele>428.0</ele>
      </trkpt>
      <trkpt lat="44.16547" lon="5.14639">
        <ele>427.0</ele>
      </trkpt>
      <trkpt lat="44.16547" lon="5.14624">
        <ele>427.0</ele>
      </trkpt>
      <trkpt lat="44.16549" lon="5.14609">
        <ele>427.0</ele>
      </trkpt>
      <trkpt lat="44.16557" lon="5.14575">
        <ele>426.0</ele>
      </trkpt>
      <trkpt lat="44.16558" lon="5.14562">
        <ele>425.0</ele>
      </trkpt>
      <trkpt lat="44.16557" lon="5.14552">
        <ele>426.0</ele>
      </trkpt>
      <trkpt lat="44.16551" lon="5.14534">
        <ele>427.0</ele>
      </trkpt>
      <trkpt lat="44.16545" lon="5.14527">
        <ele>428.0</ele>
      </trkpt>
      <trkpt lat="44.16521" lon="5.14503">
        <ele>433.0</ele>
      </trkpt>
      <trkpt lat="44.16513" lon="5.14492">
        <ele>435.0</ele>
      </trkpt>
      <trkpt lat="44.16507" lon="5.14477">
        <ele>437.0</ele>
      </trkpt>
      <trkpt lat="44.16501" lon="5.14454">
        <ele>440.0</ele>
      </trkpt>
      <trkpt lat="44.16501" lon="5.14443">
        <ele>440.0</ele>
      </trkpt>
      <trkpt lat="44.16505" lon="5.14409">
        <ele>441.0</ele>
      </trkpt>
      <trkpt lat="44.16507" lon="5.14386">
        <ele>441.0</ele>
      </trkpt>
      <trkpt lat="44.16506" lon="5.14367">
        <ele>442.0</ele>
      </trkpt>
      <trkpt lat="44.16498" lon="5.14342">
        <ele>446.0</ele>
      </trkpt>
      <trkpt lat="44.16488" lon="5.14322">
        <ele>448.0</ele>
      </trkpt>
      <trkpt lat="44.16481" lon="5.14295">
        <ele>447.0</ele>
      </trkpt>
      <trkpt lat="44.16474" lon="5.14277">
        <ele>446.0</ele>
      </trkpt>
      <trkpt lat="44.16468" lon="5.14265">
        <ele>447.0</ele>
      </trkpt>
      <trkpt lat="44.16461" lon="5.14255">
        <ele>447.0</ele>
      </trkpt>
      <trkpt lat="44.16438" lon="5.14232">
        <ele>452.0</ele>
      </trkpt>
      <trkpt lat="44.16422" lon="5.14214">
        <ele>454.0</ele>
      </trkpt>
      <trkpt lat="44.16399" lon="5.14183">
        <ele>455.0</ele>
      </trkpt>
      <trkpt lat="44.16378" lon="5.14151">
        <ele>455.0</ele>
      </trkpt>
      <trkpt lat="44.1636" lon="5.14131">
        <ele>454.0</ele>
      </trkpt>
      <trkpt lat="44.16347" lon="5.14122">
        <ele>454.0</ele>
      </trkpt>
      <trkpt lat="44.16332" lon="5.1412">
        <ele>456.0</ele>
      </trkpt>
      <trkpt lat="44.16319" lon="5.14121">
        <ele>458.0</ele>
      </trkpt>
      <trkpt lat="44.16313" lon="5.14121">
        <ele>459.0</ele>
      </trkpt>
      <trkpt lat="44.16269" lon="5.1412">
        <ele>466.0</ele>
      </trkpt>
      <trkpt lat="44.16238" lon="5.1412">
        <ele>471.0</ele>
      </trkpt>
      <trkpt lat="44.16223" lon="5.14121">
        <ele>473.0</ele>
      </trkpt>
      <trkpt lat="44.16213" lon="5.14124">
        <ele>475.0</ele>
      </trkpt>
      <trkpt lat="44.16191" lon="5.14136">
        <ele>482.0</ele>
      </trkpt>
      <trkpt lat="44.16178" lon="5.14138">
        <ele>484.0</ele>
      </trkpt>
      <trkpt lat="44.16161" lon="5.14138">
        <ele>486.0</ele>
      </trkpt>
      <trkpt lat="44.16113" lon="5.14135">
        <ele>485.0</ele>
      </trkpt>
      <trkpt lat="44.161" lon="5.14135">
        <ele>485.0</ele>
      </trkpt>
      <trkpt lat="44.16087" lon="5.14138">
        <ele>486.0</ele>
      </trkpt>
      <trkpt lat="44.1607" lon="5.14146">
        <ele>487.0</ele>
      </trkpt>
      <trkpt lat="44.16036" lon="5.14166">
        <ele>488.0</ele>
      </trkpt>
      <trkpt lat="44.16027" lon="5.14172">
        <ele>488.0</ele>
      </trkpt>
      <trkpt lat="44.16016" lon="5.14181">
        <ele>489.0</ele>
      </trkpt>
      <trkpt lat="44.16005" lon="5.14194">
        <ele>489.0</ele>
      </trkpt>
      <trkpt lat="44.15994" lon="5.14212">
        <ele>489.0</ele>
      </trkpt>
      <trkpt lat="44.15981" lon="5.1424">
        <ele>488.0</ele>
      </trkpt>
      <trkpt lat="44.15975" lon="5.14257">
        <ele>487.0</ele>
      </trkpt>
      <trkpt lat="44.15972" lon="5.14269">
        <ele>486.0</ele>
      </trkpt>
      <trkpt lat="44.15972" lon="5.14279">
        <ele>487.0</ele>
      </trkpt>
      <trkpt lat="44.15973" lon="5.1429">
        <ele>487.0</ele>
      </trkpt>
      <trkpt lat="44.15978" lon="5.14306">
        <ele>490.0</ele>
      </trkpt>
      <trkpt lat="44.15985" lon="5.1432">
        <ele>493.0</ele>
      </trkpt>
      <trkpt lat="44.15993" lon="5.14334">
        <ele>496.0</ele>
      </trkpt>
      <trkpt lat="44.16069" lon="5.14419">
        <ele>515.0</ele>
      </trkpt>
      <trkpt lat="44.16087" lon="5.14444">
        <ele>520.0</ele>
      </trkpt>
      <trkpt lat="44.16102" lon="5.14461">
        <ele>525.0</ele>
      </trkpt>
      <trkpt lat="44.16108" lon="5.14468">
        <ele>527.0</ele>
      </trkpt>
      <trkpt lat="44.16114" lon="5.14478">
        <ele>528.0</ele>
      </trkpt>
      <trkpt lat="44.16117" lon="5.14487">
        <ele>529.0</ele>
      </trkpt>
      <trkpt lat="44.16118" lon="5.14498">
        <ele>528.0</ele>
      </trkpt>
      <trkpt lat="44.16118" lon="5.14506">
        <ele>528.0</ele>
      </trkpt>
      <trkpt lat="44.16115" lon="5.14536">
        <ele>529.0</ele>
      </trkpt>
      <trkpt lat="44.16115" lon="5.14548">
        <ele>529.0</ele>
      </trkpt>
      <trkpt lat="44.16117" lon="5.1456">
        <ele>530.0</ele>
      </trkpt>
      <trkpt lat="44.1612" lon="5.14569">
        <ele>531.0</ele>
      </trkpt>
      <trkpt lat="44.16132" lon="5.14588">
        <ele>535.0</ele>
      </trkpt>
      <trkpt lat="44.16135" lon="5.14595">
        <ele>536.0</ele>
      </trkpt>
      <trkpt lat="44.16137" lon="5.14605">
        <ele>538.0</ele>
      </trkpt>
      <trkpt lat="44.16138" lon="5.14615">
        <ele>539.0</ele>
      </trkpt>
      <trkpt lat="44.16137" lon="5.14631">
        <ele>540.0</ele>
      </trkpt>
      <trkpt lat="44.16138" lon="5.14643">
        <ele>542.0</ele>
      </trkpt>
      <trkpt lat="44.16146" lon="5.14674">
        <ele>546.0</ele>
      </trkpt>
      <trkpt lat="44.16147" lon="5.14683">
        <ele>548.0</ele>
      </trkpt>
      <trkpt lat="44.16145" lon="5.14691">
        <ele>550.0</ele>
      </trkpt>
      <trkpt lat="44.16142" lon="5.14698">
        <ele>551.0</ele>
      </trkpt>
      <trkpt lat="44.16139" lon="5.14702">
        <ele>551.0</ele>
      </trkpt>
      <trkpt lat="44.16134" lon="5.14706">
        <ele>552.0</ele>
      </trkpt>
      <trkpt lat="44.16128" lon="5.14707">
        <ele>551.0</ele>
      </trkpt>
      <trkpt lat="44.16123" lon="5.14706">
        <ele>551.0</ele>
      </trkpt>
      <trkpt lat="44.16091" lon="5.14688">
        <ele>543.0</ele>
      </trkpt>
      <trkpt lat="44.16081" lon="5.14684">
        <ele>542.0</ele>
      </trkpt>
      <trkpt lat="44.16074" lon="5.14684">
        <ele>541.0</ele>
      </trkpt>
      <trkpt lat="44.16067" lon="5.14686">
        <ele>541.0</ele>
      </trkpt>
      <trkpt lat="44.16062" lon="5.14691">
        <ele>541.0</ele>
      </trkpt>
      <trkpt lat="44.16059" lon="5.14698">
        <ele>543.0</ele>
      </trkpt>
      <trkpt lat="44.16052" lon="5.14725">
        <ele>548.0</ele>
      </trkpt>
      <trkpt lat="44.16049" lon="5.14742">
        <ele>551.0</ele>
      </trkpt>
      <trkpt lat="44.16044" lon="5.14757">
        <ele>554.0</ele>
      </trkpt>
      <trkpt lat="44.16037" lon="5.14768">
        <ele>556.0</ele>
      </trkpt>
      <trkpt lat="44.16021" lon="5.14779">
        <ele>557.0</ele>
      </trkpt>
      <trkpt lat="44.16015" lon="5.1479">
        <ele>558.0</ele>
      </trkpt>
      <trkpt lat="44.16011" lon="5.14806">
        <ele>561.0</ele>
      </trkpt>
      <trkpt lat="44.16007" lon="5.14836">
        <ele>566.0</ele>
      </trkpt>
      <trkpt lat="44.16" lon="5.1489">
        <ele>574.0</ele>
      </trkpt>
      <trkpt lat="44.15997" lon="5.14902">
        <ele>577.0</ele>
      </trkpt>
      <trkpt lat="44.15993" lon="5.14909">
        <ele>579.0</ele>
      </trkpt>
      <trkpt lat="44.15988" lon="5.14914">
        <ele>581.0</ele>
      </trkpt>
      <trkpt lat="44.15983" lon="5.14916">
        <ele>583.0</ele>
      </trkpt>
      <trkpt lat="44.15977" lon="5.14916">
        <ele>584.0</ele>
      </trkpt>
      <trkpt lat="44.15971" lon="5.14912">
        <ele>584.0</ele>
      </trkpt>
      <trkpt lat="44.15932" lon="5.14881">
        <ele>587.0</ele>
      </trkpt>
      <trkpt lat="44.15923" lon="5.14871">
        <ele>587.0</ele>
      </trkpt>
      <trkpt lat="44.15919" lon="5.14863">
        <ele>586.0</ele>
      </trkpt>
      <trkpt lat="44.15911" lon="5.14834">
        <ele>583.0</ele>
      </trkpt>
      <trkpt lat="44.15903" lon="5.14811">
        <ele>580.0</ele>
      </trkpt>
      <trkpt lat="44.15894" lon="5.14792">
        <ele>579.0</ele>
      </trkpt>
      <trkpt lat="44.15884" lon="5.14779">
        <ele>578.0</ele>
      </trkpt>
      <trkpt lat="44.15872" lon="5.14769">
        <ele>579.0</ele>
      </trkpt>
      <trkpt lat="44.1586" lon="5.14762">
        <ele>580.0</ele>
      </trkpt>
      <trkpt lat="44.15847" lon="5.14758">
        <ele>582.0</ele>
      </trkpt>
      <trkpt lat="44.15808" lon="5.14749">
        <ele>588.0</ele>
      </trkpt>
      <trkpt lat="44.15785" lon="5.14742">
        <ele>591.0</ele>
      </trkpt>
      <trkpt lat="44.15752" lon="5.14726">
        <ele>594.0</ele>
      </trkpt>
      <trkpt lat="44.15728" lon="5.14716">
        <ele>595.0</ele>
      </trkpt>
      <trkpt lat="44.15707" lon="5.1471">
        <ele>596.0</ele>
      </trkpt>
      <trkpt lat="44.15697" lon="5.14709">
        <ele>597.0</ele>
      </trkpt>
      <trkpt lat="44.15687" lon="5.14711">
        <ele>599.0</ele>
      </trkpt>
      <trkpt lat="44.1565" lon="5.14721">
        <ele>604.0</ele>
      </trkpt>
      <trkpt lat="44.15608" lon="5.14736">
        <ele>605.0</ele>
      </trkpt>
      <trkpt lat="44.15598" lon="5.14744">
        <ele>606.0</ele>
      </trkpt>
      <trkpt lat="44.15594" lon="5.14753">
        <ele>607.0</ele>
      </trkpt>
      <trkpt lat="44.15592" lon="5.1476">
        <ele>607.0</ele>
      </trkpt>
      <trkpt lat="44.15593" lon="5.14766">
        <ele>607.0</ele>
      </trkpt>
      <trkpt lat="44.15597" lon="5.14774">
        <ele>607.0</ele>
      </trkpt>
      <trkpt lat="44.15604" lon="5.14783">
        <ele>608.0</ele>
      </trkpt>
      <trkpt lat="44.15624" lon="5.14802">
        <ele>611.0</ele>
      </trkpt>
      <trkpt lat="44.15648" lon="5.14823">
        <ele>615.0</ele>
      </trkpt>
      <trkpt lat="44.15663" lon="5.14836">
        <ele>619.0</ele>
      </trkpt>
      <trkpt lat="44.15675" lon="5.1485">
        <ele>620.0</ele>
      </trkpt>
      <trkpt lat="44.15689" lon="5.14872">
        <ele>623.0</ele>
      </trkpt>
      <trkpt lat="44.15704" lon="5.14902">
        <ele>627.0</ele>
      </trkpt>
      <trkpt lat="44.15712" lon="5.14923">
        <ele>629.0</ele>
      </trkpt>
      <trkpt lat="44.15719" lon="5.14946">
        <ele>632.0</ele>
      </trkpt>
      <trkpt lat="44.15723" lon="5.14971">
        <ele>635.0</ele>
      </trkpt>
      <trkpt lat="44.15726" lon="5.15">
        <ele>637.0</ele>
      </trkpt>
      <trkpt lat="44.15726" lon="5.15018">
        <ele>638.0</ele>
      </trkpt>
      <trkpt lat="44.15722" lon="5.15045">
        <ele>639.0</ele>
      </trkpt>
      <trkpt lat="44.15721" lon="5.15067">
        <ele>640.0</ele>
      </trkpt>
      <trkpt lat="44.15721" lon="5.15082">
        <ele>641.0</ele>
      </trkpt>
      <trkpt lat="44.15723" lon="5.15097">
        <ele>642.0</ele>
      </trkpt>
      <trkpt lat="44.15729" lon="5.15119">
        <ele>644.0</ele>
      </trkpt>
      <trkpt lat="44.1574" lon="5.15153">
        <ele>647.0</ele>
      </trkpt>
      <trkpt lat="44.15749" lon="5.15185">
        <ele>648.0</ele>
      </trkpt>
      <trkpt lat="44.15757" lon="5.15209">
        <ele>650.0</ele>
      </trkpt>
      <trkpt lat="44.15764" lon="5.15226">
        <ele>652.0</ele>
      </trkpt>
      <trkpt lat="44.15788" lon="5.15267">
        <ele>656.0</ele>
      </trkpt>
      <trkpt lat="44.15822" lon="5.15306">
        <ele>660.0</ele>
      </trkpt>
      <trkpt lat="44.15835" lon="5.15323">
        <ele>661.0</ele>
      </trkpt>
      <trkpt lat="44.15842" lon="5.15336">
        <ele>662.0</ele>
      </trkpt>
      <trkpt lat="44.15863" lon="5.15383">
        <ele>664.0</ele>
      </trkpt>
      <trkpt lat="44.15871" lon="5.15394">
        <ele>665.0</ele>
      </trkpt>
      <trkpt lat="44.15876" lon="5.15399">
        <ele>666.0</ele>
      </trkpt>
      <trkpt lat="44.15885" lon="5.15405">
        <ele>667.0</ele>
      </trkpt>
      <trkpt lat="44.15892" lon="5.15407">
        <ele>667.0</ele>
      </trkpt>
      <trkpt lat="44.15904" lon="5.15406">
        <ele>669.0</ele>
      </trkpt>
      <trkpt lat="44.15931" lon="5.15398">
        <ele>673.0</ele>
      </trkpt>
      <trkpt lat="44.15946" lon="5.15396">
        <ele>675.0</ele>
      </trkpt>
      <trkpt lat="44.15958" lon="5.15397">
        <ele>677.0</ele>
      </trkpt>
      <trkpt lat="44.15984" lon="5.15405">
        <ele>679.0</ele>
      </trkpt>
      <trkpt lat="44.15994" lon="5.15406">
        <ele>681.0</ele>
      </trkpt>
      <trkpt lat="44.1602" lon="5.15405">
        <ele>684.0</ele>
      </trkpt>
      <trkpt lat="44.1603" lon="5.15407">
        <ele>685.0</ele>
      </trkpt>
      <trkpt lat="44.16051" lon="5.15421">
        <ele>686.0</ele>
      </trkpt>
      <trkpt lat="44.16076" lon="5.15441">
        <ele>686.0</ele>
      </trkpt>
      <trkpt lat="44.16118" lon="5.15477">
        <ele>686.0</ele>
      </trkpt>
      <trkpt lat="44.16153" lon="5.15506">
        <ele>690.0</ele>
      </trkpt>
      <trkpt lat="44.16169" lon="5.15522">
        <ele>693.0</ele>
      </trkpt>
      <trkpt lat="44.16178" lon="5.15534">
        <ele>692.0</ele>
      </trkpt>
      <trkpt lat="44.16186" lon="5.15546">
        <ele>693.0</ele>
      </trkpt>
      <trkpt lat="44.16194" lon="5.15563">
        <ele>693.0</ele>
      </trkpt>
      <trkpt lat="44.16206" lon="5.15593">
        <ele>695.0</ele>
      </trkpt>
      <trkpt lat="44.16217" lon="5.15624">
        <ele>695.0</ele>
      </trkpt>
      <trkpt lat="44.16227" lon="5.15658">
        <ele>697.0</ele>
      </trkpt>
      <trkpt lat="44.16233" lon="5.15693">
        <ele>698.0</ele>
      </trkpt>
      <trkpt lat="44.16238" lon="5.15734">
        <ele>698.0</ele>
      </trkpt>
      <trkpt lat="44.16245" lon="5.15828">
        <ele>702.0</ele>
      </trkpt>
      <trkpt lat="44.16248" lon="5.15849">
        <ele>702.0</ele>
      </trkpt>
      <trkpt lat="44.16253" lon="5.15866">
        <ele>701.0</ele>
      </trkpt>
      <trkpt lat="44.16262" lon="5.15877">
        <ele>701.0</ele>
      </trkpt>
      <trkpt lat="44.16276" lon="5.15891">
        <ele>701.0</ele>
      </trkpt>
      <trkpt lat="44.16322" lon="5.15923">
        <ele>702.0</ele>
      </trkpt>
      <trkpt lat="44.16334" lon="5.15929">
        <ele>703.0</ele>
      </trkpt>
      <trkpt lat="44.16344" lon="5.15931">
        <ele>703.0</ele>
      </trkpt>
      <trkpt lat="44.16378" lon="5.15936">
        <ele>704.0</ele>
      </trkpt>
      <trkpt lat="44.16391" lon="5.15938">
        <ele>705.0</ele>
      </trkpt>
      <trkpt lat="44.16402" lon="5.15942">
        <ele>705.0</ele>
      </trkpt>
      <trkpt lat="44.16411" lon="5.15948">
        <ele>706.0</ele>
      </trkpt>
      <trkpt lat="44.16418" lon="5.15955">
        <ele>706.0</ele>
      </trkpt>
      <trkpt lat="44.16432" lon="5.15975">
        <ele>708.0</ele>
      </trkpt>
      <trkpt lat="44.16451" lon="5.16012">
        <ele>711.0</ele>
      </trkpt>
      <trkpt lat="44.16462" lon="5.16042">
        <ele>713.0</ele>
      </trkpt>
      <trkpt lat="44.16473" lon="5.16078">
        <ele>715.0</ele>
      </trkpt>
      <trkpt lat="44.16491" lon="5.16184">
        <ele>724.0</ele>
      </trkpt>
      <trkpt lat="44.16498" lon="5.16209">
        <ele>725.0</ele>
      </trkpt>
      <trkpt lat="44.16503" lon="5.16224">
        <ele>726.0</ele>
      </trkpt>
      <trkpt lat="44.1652" lon="5.16253">
        <ele>730.0</ele>
      </trkpt>
      <trkpt lat="44.16538" lon="5.16278">
        <ele>733.0</ele>
      </trkpt>
      <trkpt lat="44.16546" lon="5.16291">
        <ele>734.0</ele>
      </trkpt>
      <trkpt lat="44.16562" lon="5.1632">
        <ele>736.0</ele>
      </trkpt>
      <trkpt lat="44.16573" lon="5.16349">
        <ele>737.0</ele>
      </trkpt>
      <trkpt lat="44.16581" lon="5.16377">
        <ele>738.0</ele>
      </trkpt>
      <trkpt lat="44.16586" lon="5.16405">
        <ele>738.0</ele>
      </trkpt>
      <trkpt lat="44.16595" lon="5.16481">
        <ele>741.0</ele>
      </trkpt>
      <trkpt lat="44.16603" lon="5.16569">
        <ele>746.0</ele>
      </trkpt>
      <trkpt lat="44.16608" lon="5.16601">
        <ele>748.0</ele>
      </trkpt>
      <trkpt lat="44.16618" lon="5.16655">
        <ele>750.0</ele>
      </trkpt>
      <trkpt lat="44.16631" lon="5.16711">
        <ele>753.0</ele>
      </trkpt>
      <trkpt lat="44.16641" lon="5.16739">
        <ele>755.0</ele>
      </trkpt>
      <trkpt lat="44.16654" lon="5.16766">
        <ele>757.0</ele>
      </trkpt>
      <trkpt lat="44.16674" lon="5.16805">
        <ele>758.0</ele>
      </trkpt>
      <trkpt lat="44.16689" lon="5.16836">
        <ele>760.0</ele>
      </trkpt>
      <trkpt lat="44.16701" lon="5.16869">
        <ele>761.0</ele>
      </trkpt>
      <trkpt lat="44.16712" lon="5.16904">
        <ele>762.0</ele>
      </trkpt>
      <trkpt lat="44.16721" lon="5.16938">
        <ele>763.0</ele>
      </trkpt>
      <trkpt lat="44.16725" lon="5.16961">
        <ele>763.0</ele>
      </trkpt>
      <trkpt lat="44.16727" lon="5.16978">
        <ele>763.0</ele>
      </trkpt>
      <trkpt lat="44.16727" lon="5.16998">
        <ele>763.0</ele>
      </trkpt>
      <trkpt lat="44.16725" lon="5.17028">
        <ele>763.0</ele>
      </trkpt>
      <trkpt lat="44.1672" lon="5.17086">
        <ele>763.0</ele>
      </trkpt>
      <trkpt lat="44.16717" lon="5.17141">
        <ele>765.0</ele>
      </trkpt>
      <trkpt lat="44.16716" lon="5.17398">
        <ele>783.0</ele>
      </trkpt>
      <trkpt lat="44.16717" lon="5.17459">
        <ele>788.0</ele>
      </trkpt>
      <trkpt lat="44.16721" lon="5.17532">
        <ele>793.0</ele>
      </trkpt>
      <trkpt lat="44.16723" lon="5.17552">
        <ele>794.0</ele>
      </trkpt>
      <trkpt lat="44.16729" lon="5.17575">
        <ele>795.0</ele>
      </trkpt>
      <trkpt lat="44.16745" lon="5.17618">
        <ele>798.0</ele>
      </trkpt>
      <trkpt lat="44.1675" lon="5.17639">
        <ele>799.0</ele>
      </trkpt>
      <trkpt lat="44.16753" lon="5.1766">
        <ele>800.0</ele>
      </trkpt>
      <trkpt lat="44.16753" lon="5.17682">
        <ele>802.0</ele>
      </trkpt>
      <trkpt lat="44.16752" lon="5.17703">
        <ele>804.0</ele>
      </trkpt>
      <trkpt lat="44.1675" lon="5.17723">
        <ele>806.0</ele>
      </trkpt>
      <trkpt lat="44.16743" lon="5.17748">
        <ele>810.0</ele>
      </trkpt>
      <trkpt lat="44.16736" lon="5.17771">
        <ele>814.0</ele>
      </trkpt>
      <trkpt lat="44.16711" lon="5.17826">
        <ele>822.0</ele>
      </trkpt>
      <trkpt lat="44.16703" lon="5.17854">
        <ele>825.0</ele>
      </trkpt>
      <trkpt lat="44.16697" lon="5.17883">
        <ele>827.0</ele>
      </trkpt>
      <trkpt lat="44.16678" lon="5.1799">
        <ele>832.0</ele>
      </trkpt>
      <trkpt lat="44.16676" lon="5.18013">
        <ele>833.0</ele>
      </trkpt>
      <trkpt lat="44.16677" lon="5.18034">
        <ele>834.0</ele>
      </trkpt>
      <trkpt lat="44.16681" lon="5.18053">
        <ele>836.0</ele>
      </trkpt>
      <trkpt lat="44.16732" lon="5.18176">
        <ele>841.0</ele>
      </trkpt>
      <trkpt lat="44.1674" lon="5.18196">
        <ele>840.0</ele>
      </trkpt>
      <trkpt lat="44.16763" lon="5.18251">
        <ele>841.0</ele>
      </trkpt>
      <trkpt lat="44.16772" lon="5.18276">
        <ele>842.0</ele>
      </trkpt>
      <trkpt lat="44.16785" lon="5.18328">
        <ele>845.0</ele>
      </trkpt>
      <trkpt lat="44.16795" lon="5.18379">
        <ele>847.0</ele>
      </trkpt>
      <trkpt lat="44.16801" lon="5.1843">
        <ele>848.0</ele>
      </trkpt>
      <trkpt lat="44.1681" lon="5.18474">
        <ele>850.0</ele>
      </trkpt>
      <trkpt lat="44.16824" lon="5.18538">
        <ele>853.0</ele>
      </trkpt>
      <trkpt lat="44.16829" lon="5.18551">
        <ele>854.0</ele>
      </trkpt>
      <trkpt lat="44.1684" lon="5.18572">
        <ele>855.0</ele>
      </trkpt>
      <trkpt lat="44.16877" lon="5.18626">
        <ele>855.0</ele>
      </trkpt>
      <trkpt lat="44.16887" lon="5.18642">
        <ele>855.0</ele>
      </trkpt>
      <trkpt lat="44.16894" lon="5.18659">
        <ele>856.0</ele>
      </trkpt>
      <trkpt lat="44.16897" lon="5.18675">
        <ele>856.0</ele>
      </trkpt>
      <trkpt lat="44.16897" lon="5.18691">
        <ele>857.0</ele>
      </trkpt>
      <trkpt lat="44.16895" lon="5.18709">
        <ele>858.0</ele>
      </trkpt>
      <trkpt lat="44.16888" lon="5.18729">
        <ele>859.0</ele>
      </trkpt>
      <trkpt lat="44.1687" lon="5.18771">
        <ele>862.0</ele>
      </trkpt>
      <trkpt lat="44.16844" lon="5.18826">
        <ele>868.0</ele>
      </trkpt>
      <trkpt lat="44.16824" lon="5.18866">
        <ele>869.0</ele>
      </trkpt>
      <trkpt lat="44.1682" lon="5.18877">
        <ele>870.0</ele>
      </trkpt>
      <trkpt lat="44.16817" lon="5.18888">
        <ele>870.0</ele>
      </trkpt>
      <trkpt lat="44.16816" lon="5.18899">
        <ele>871.0</ele>
      </trkpt>
      <trkpt lat="44.16817" lon="5.18913">
        <ele>873.0</ele>
      </trkpt>
      <trkpt lat="44.1682" lon="5.18925">
        <ele>873.0</ele>
      </trkpt>
      <trkpt lat="44.16827" lon="5.1894">
        <ele>874.0</ele>
      </trkpt>
      <trkpt lat="44.16837" lon="5.18954">
        <ele>875.0</ele>
      </trkpt>
      <trkpt lat="44.16892" lon="5.19013">
        <ele>881.0</ele>
      </trkpt>
      <trkpt lat="44.16925" lon="5.19054">
        <ele>883.0</ele>
      </trkpt>
      <trkpt lat="44.1693" lon="5.19062">
        <ele>881.0</ele>
      </trkpt>
      <trkpt lat="44.16934" lon="5.19069">
        <ele>880.0</ele>
      </trkpt>
      <trkpt lat="44.16936" lon="5.19078">
        <ele>880.0</ele>
      </trkpt>
      <trkpt lat="44.16937" lon="5.19086">
        <ele>880.0</ele>
      </trkpt>
      <trkpt lat="44.16937" lon="5.19093">
        <ele>881.0</ele>
      </trkpt>
      <trkpt lat="44.16934" lon="5.19105">
        <ele>883.0</ele>
      </trkpt>
      <trkpt lat="44.16931" lon="5.19112">
        <ele>885.0</ele>
      </trkpt>
      <trkpt lat="44.16924" lon="5.19123">
        <ele>888.0</ele>
      </trkpt>
      <trkpt lat="44.16918" lon="5.19129">
        <ele>890.0</ele>
      </trkpt>
      <trkpt lat="44.16905" lon="5.19139">
        <ele>891.0</ele>
      </trkpt>
      <trkpt lat="44.16868" lon="5.19158">
        <ele>893.0</ele>
      </trkpt>
      <trkpt lat="44.16849" lon="5.19165">
        <ele>894.0</ele>
      </trkpt>
      <trkpt lat="44.16825" lon="5.19172">
        <ele>895.0</ele>
      </trkpt>
      <trkpt lat="44.16772" lon="5.19184">
        <ele>895.0</ele>
      </trkpt>
      <trkpt lat="44.16752" lon="5.19192">
        <ele>896.0</ele>
      </trkpt>
      <trkpt lat="44.16732" lon="5.19203">
        <ele>895.0</ele>
      </trkpt>
      <trkpt lat="44.16719" lon="5.19216">
        <ele>895.0</ele>
      </trkpt>
      <trkpt lat="44.1671" lon="5.19229">
        <ele>897.0</ele>
      </trkpt>
      <trkpt lat="44.16702" lon="5.19244">
        <ele>899.0</ele>
      </trkpt>
      <trkpt lat="44.16654" lon="5.19366">
        <ele>907.0</ele>
      </trkpt>
      <trkpt lat="44.16648" lon="5.19384">
        <ele>907.0</ele>
      </trkpt>
      <trkpt lat="44.16646" lon="5.19399">
        <ele>908.0</ele>
      </trkpt>
      <trkpt lat="44.16645" lon="5.19412">
        <ele>909.0</ele>
      </trkpt>
      <trkpt lat="44.16647" lon="5.19425">
        <ele>910.0</ele>
      </trkpt>
      <trkpt lat="44.16651" lon="5.19436">
        <ele>911.0</ele>
      </trkpt>
      <trkpt lat="44.16657" lon="5.19449">
        <ele>912.0</ele>
      </trkpt>
      <trkpt lat="44.16666" lon="5.19458">
        <ele>913.0</ele>
      </trkpt>
      <trkpt lat="44.16682" lon="5.1947">
        <ele>915.0</ele>
      </trkpt>
      <trkpt lat="44.1671" lon="5.19485">
        <ele>917.0</ele>
      </trkpt>
      <trkpt lat="44.16737" lon="5.19497">
        <ele>919.0</ele>
      </trkpt>
      <trkpt lat="44.16813" lon="5.1953">
        <ele>921.0</ele>
      </trkpt>
      <trkpt lat="44.16862" lon="5.19549">
        <ele>925.0</ele>
      </trkpt>
      <trkpt lat="44.16893" lon="5.19564">
        <ele>926.0</ele>
      </trkpt>
      <trkpt lat="44.16915" lon="5.19577">
        <ele>927.0</ele>
      </trkpt>
      <trkpt lat="44.16932" lon="5.19589">
        <ele>924.0</ele>
      </trkpt>
      <trkpt lat="44.16948" lon="5.19601">
        <ele>923.0</ele>
      </trkpt>
      <trkpt lat="44.1696" lon="5.19612">
        <ele>923.0</ele>
      </trkpt>
      <trkpt lat="44.16965" lon="5.19618">
        <ele>923.0</ele>
      </trkpt>
      <trkpt lat="44.1697" lon="5.19627">
        <ele>923.0</ele>
      </trkpt>
      <trkpt lat="44.16974" lon="5.19638">
        <ele>924.0</ele>
      </trkpt>
      <trkpt lat="44.16976" lon="5.19646">
        <ele>925.0</ele>
      </trkpt>
      <trkpt lat="44.16977" lon="5.19657">
        <ele>926.0</ele>
      </trkpt>
      <trkpt lat="44.16975" lon="5.19669">
        <ele>927.0</ele>
      </trkpt>
      <trkpt lat="44.16973" lon="5.19681">
        <ele>929.0</ele>
      </trkpt>
      <trkpt lat="44.16967" lon="5.19694">
        <ele>931.0</ele>
      </trkpt>
      <trkpt lat="44.16911" lon="5.19789">
        <ele>943.0</ele>
      </trkpt>
      <trkpt lat="44.16877" lon="5.19842">
        <ele>944.0</ele>
      </trkpt>
      <trkpt lat="44.1687" lon="5.19855">
        <ele>944.0</ele>
      </trkpt>
      <trkpt lat="44.16866" lon="5.19866">
        <ele>945.0</ele>
      </trkpt>
      <trkpt lat="44.16863" lon="5.19877">
        <ele>945.0</ele>
      </trkpt>
      <trkpt lat="44.16861" lon="5.19891">
        <ele>946.0</ele>
      </trkpt>
      <trkpt lat="44.16861" lon="5.19906">
        <ele>948.0</ele>
      </trkpt>
      <trkpt lat="44.16862" lon="5.19922">
        <ele>950.0</ele>
      </trkpt>
      <trkpt lat="44.16866" lon="5.19947">
        <ele>951.0</ele>
      </trkpt>
      <trkpt lat="44.1687" lon="5.1997">
        <ele>952.0</ele>
      </trkpt>
      <trkpt lat="44.16877" lon="5.19987">
        <ele>954.0</ele>
      </trkpt>
      <trkpt lat="44.16885" lon="5.20007">
        <ele>956.0</ele>
      </trkpt>
      <trkpt lat="44.16898" lon="5.20032">
        <ele>958.0</ele>
      </trkpt>
      <trkpt lat="44.1691" lon="5.20052">
        <ele>960.0</ele>
      </trkpt>
      <trkpt lat="44.16927" lon="5.20073">
        <ele>962.0</ele>
      </trkpt>
      <trkpt lat="44.16941" lon="5.20088">
        <ele>964.0</ele>
      </trkpt>
      <trkpt lat="44.16958" lon="5.20101">
        <ele>965.0</ele>
      </trkpt>
      <trkpt lat="44.16974" lon="5.20111">
        <ele>967.0</ele>
      </trkpt>
      <trkpt lat="44.17039" lon="5.20139">
        <ele>968.0</ele>
      </trkpt>
      <trkpt lat="44.17053" lon="5.20147">
        <ele>967.0</ele>
      </trkpt>
      <trkpt lat="44.17061" lon="5.20154">
        <ele>967.0</ele>
      </trkpt>
      <trkpt lat="44.17068" lon="5.20162">
        <ele>967.0</ele>
      </trkpt>
      <trkpt lat="44.1708" lon="5.20182">
        <ele>969.0</ele>
      </trkpt>
      <trkpt lat="44.17084" lon="5.20188">
        <ele>969.0</ele>
      </trkpt>
      <trkpt lat="44.1709" lon="5.20202">
        <ele>967.0</ele>
      </trkpt>
      <trkpt lat="44.17095" lon="5.2022">
        <ele>966.0</ele>
      </trkpt>
      <trkpt lat="44.17096" lon="5.2023">
        <ele>967.0</ele>
      </trkpt>
      <trkpt lat="44.17096" lon="5.20251">
        <ele>969.0</ele>
      </trkpt>
      <trkpt lat="44.17095" lon="5.20273">
        <ele>973.0</ele>
      </trkpt>
      <trkpt lat="44.17091" lon="5.20293">
        <ele>978.0</ele>
      </trkpt>
      <trkpt lat="44.17069" lon="5.20367">
        <ele>986.0</ele>
      </trkpt>
      <trkpt lat="44.17065" lon="5.20383">
        <ele>985.0</ele>
      </trkpt>
      <trkpt lat="44.17063" lon="5.204">
        <ele>986.0</ele>
      </trkpt>
      <trkpt lat="44.17062" lon="5.20418">
        <ele>986.0</ele>
      </trkpt>
      <trkpt lat="44.17063" lon="5.20435">
        <ele>986.0</ele>
      </trkpt>
      <trkpt lat="44.17065" lon="5.20452">
        <ele>987.0</ele>
      </trkpt>
      <trkpt lat="44.1707" lon="5.20469">
        <ele>988.0</ele>
      </trkpt>
      <trkpt lat="44.17076" lon="5.20484">
        <ele>990.0</ele>
      </trkpt>
      <trkpt lat="44.17103" lon="5.20536">
        <ele>994.0</ele>
      </trkpt>
      <trkpt lat="44.17118" lon="5.20569">
        <ele>997.0</ele>
      </trkpt>
      <trkpt lat="44.17129" lon="5.20596">
        <ele>1000.0</ele>
      </trkpt>
      <trkpt lat="44.17141" lon="5.20631">
        <ele>1004.0</ele>
      </trkpt>
      <trkpt lat="44.1717" lon="5.20723">
        <ele>1016.0</ele>
      </trkpt>
      <trkpt lat="44.17205" lon="5.20863">
        <ele>1020.0</ele>
      </trkpt>
      <trkpt lat="44.17211" lon="5.20888">
        <ele>1023.0</ele>
      </trkpt>
      <trkpt lat="44.17217" lon="5.20923">
        <ele>1029.0</ele>
      </trkpt>
      <trkpt lat="44.17224" lon="5.20969">
        <ele>1035.0</ele>
      </trkpt>
      <trkpt lat="44.17232" lon="5.21014">
        <ele>1043.0</ele>
      </trkpt>
      <trkpt lat="44.17247" lon="5.21087">
        <ele>1051.0</ele>
      </trkpt>
      <trkpt lat="44.17254" lon="5.21142">
        <ele>1056.0</ele>
      </trkpt>
      <trkpt lat="44.17257" lon="5.21205">
        <ele>1060.0</ele>
      </trkpt>
      <trkpt lat="44.1726" lon="5.21225">
        <ele>1061.0</ele>
      </trkpt>
      <trkpt lat="44.17264" lon="5.21244">
        <ele>1063.0</ele>
      </trkpt>
      <trkpt lat="44.17277" lon="5.21302">
        <ele>1069.0</ele>
      </trkpt>
      <trkpt lat="44.17296" lon="5.21375">
        <ele>1077.0</ele>
      </trkpt>
      <trkpt lat="44.17341" lon="5.21534">
        <ele>1092.0</ele>
      </trkpt>
      <trkpt lat="44.17378" lon="5.21661">
        <ele>1105.0</ele>
      </trkpt>
      <trkpt lat="44.17383" lon="5.21685">
        <ele>1108.0</ele>
      </trkpt>
      <trkpt lat="44.17385" lon="5.21696">
        <ele>1110.0</ele>
      </trkpt>
      <trkpt lat="44.17386" lon="5.21709">
        <ele>1111.0</ele>
      </trkpt>
      <trkpt lat="44.17384" lon="5.2172">
        <ele>1112.0</ele>
      </trkpt>
      <trkpt lat="44.1738" lon="5.21734">
        <ele>1113.0</ele>
      </trkpt>
      <trkpt lat="44.17367" lon="5.2176">
        <ele>1114.0</ele>
      </trkpt>
      <trkpt lat="44.17344" lon="5.21796">
        <ele>1116.0</ele>
      </trkpt>
      <trkpt lat="44.17334" lon="5.21815">
        <ele>1117.0</ele>
      </trkpt>
      <trkpt lat="44.17328" lon="5.21833">
        <ele>1119.0</ele>
      </trkpt>
      <trkpt lat="44.17323" lon="5.21855">
        <ele>1122.0</ele>
      </trkpt>
      <trkpt lat="44.17318" lon="5.21895">
        <ele>1127.0</ele>
      </trkpt>
      <trkpt lat="44.17314" lon="5.21933">
        <ele>1132.0</ele>
      </trkpt>
      <trkpt lat="44.17311" lon="5.21999">
        <ele>1140.0</ele>
      </trkpt>
      <trkpt lat="44.17311" lon="5.22026">
        <ele>1143.0</ele>
      </trkpt>
      <trkpt lat="44.17313" lon="5.22039">
        <ele>1145.0</ele>
      </trkpt>
      <trkpt lat="44.17318" lon="5.22053">
        <ele>1146.0</ele>
      </trkpt>
      <trkpt lat="44.17324" lon="5.22063">
        <ele>1147.0</ele>
      </trkpt>
      <trkpt lat="44.17331" lon="5.22073">
        <ele>1147.0</ele>
      </trkpt>
      <trkpt lat="44.17343" lon="5.22093">
        <ele>1148.0</ele>
      </trkpt>
      <trkpt lat="44.17345" lon="5.22099">
        <ele>1148.0</ele>
      </trkpt>
      <trkpt lat="44.17346" lon="5.22106">
        <ele>1148.0</ele>
      </trkpt>
      <trkpt lat="44.17346" lon="5.22121">
        <ele>1149.0</ele>
      </trkpt>
      <trkpt lat="44.17345" lon="5.22131">
        <ele>1150.0</ele>
      </trkpt>
      <trkpt lat="44.17342" lon="5.22145">
        <ele>1151.0</ele>
      </trkpt>
      <trkpt lat="44.17337" lon="5.22158">
        <ele>1153.0</ele>
      </trkpt>
      <trkpt lat="44.1733" lon="5.22168">
        <ele>1155.0</ele>
      </trkpt>
      <trkpt lat="44.17323" lon="5.22172">
        <ele>1156.0</ele>
      </trkpt>
      <trkpt lat="44.17314" lon="5.22173">
        <ele>1158.0</ele>
      </trkpt>
      <trkpt lat="44.17277" lon="5.22169">
        <ele>1164.0</ele>
      </trkpt>
      <trkpt lat="44.17245" lon="5.22164">
        <ele>1170.0</ele>
      </trkpt>
      <trkpt lat="44.17231" lon="5.22156">
        <ele>1172.0</ele>
      </trkpt>
      <trkpt lat="44.17209" lon="5.22138">
        <ele>1174.0</ele>
      </trkpt>
      <trkpt lat="44.17184" lon="5.22117">
        <ele>1177.0</ele>
      </trkpt>
      <trkpt lat="44.17174" lon="5.22107">
        <ele>1177.0</ele>
      </trkpt>
      <trkpt lat="44.17155" lon="5.2208">
        <ele>1178.0</ele>
      </trkpt>
      <trkpt lat="44.17146" lon="5.22065">
        <ele>1178.0</ele>
      </trkpt>
      <trkpt lat="44.17141" lon="5.22059">
        <ele>1179.0</ele>
      </trkpt>
      <trkpt lat="44.17136" lon="5.22056">
        <ele>1180.0</ele>
      </trkpt>
      <trkpt lat="44.17132" lon="5.22057">
        <ele>1181.0</ele>
      </trkpt>
      <trkpt lat="44.17129" lon="5.2206">
        <ele>1183.0</ele>
      </trkpt>
      <trkpt lat="44.17126" lon="5.22065">
        <ele>1185.0</ele>
      </trkpt>
      <trkpt lat="44.17126" lon="5.22071">
        <ele>1186.0</ele>
      </trkpt>
      <trkpt lat="44.17127" lon="5.22079">
        <ele>1188.0</ele>
      </trkpt>
      <trkpt lat="44.1713" lon="5.22088">
        <ele>1189.0</ele>
      </trkpt>
      <trkpt lat="44.1714" lon="5.22108">
        <ele>1189.0</ele>
      </trkpt>
      <trkpt lat="44.17156" lon="5.22147">
        <ele>1190.0</ele>
      </trkpt>
      <trkpt lat="44.17187" lon="5.22222">
        <ele>1195.0</ele>
      </trkpt>
      <trkpt lat="44.17209" lon="5.22285">
        <ele>1201.0</ele>
      </trkpt>
      <trkpt lat="44.17233" lon="5.2236">
        <ele>1209.0</ele>
      </trkpt>
      <trkpt lat="44.17257" lon="5.22418">
        <ele>1214.0</ele>
      </trkpt>
      <trkpt lat="44.17274" lon="5.22452">
        <ele>1215.0</ele>
      </trkpt>
      <trkpt lat="44.1729" lon="5.22491">
        <ele>1217.0</ele>
      </trkpt>
      <trkpt lat="44.17298" lon="5.22518">
        <ele>1219.0</ele>
      </trkpt>
      <trkpt lat="44.17342" lon="5.22709">
        <ele>1238.0</ele>
      </trkpt>
      <trkpt lat="44.17352" lon="5.22747">
        <ele>1243.0</ele>
      </trkpt>
      <trkpt lat="44.17373" lon="5.22811">
        <ele>1249.0</ele>
      </trkpt>
      <trkpt lat="44.17391" lon="5.22857">
        <ele>1253.0</ele>
      </trkpt>
      <trkpt lat="44.17425" lon="5.22933">
        <ele>1260.0</ele>
      </trkpt>
      <trkpt lat="44.1744" lon="5.22964">
        <ele>1264.0</ele>
      </trkpt>
      <trkpt lat="44.17451" lon="5.22986">
        <ele>1266.0</ele>
      </trkpt>
      <trkpt lat="44.17484" lon="5.23045">
        <ele>1270.0</ele>
      </trkpt>
      <trkpt lat="44.175" lon="5.23075">
        <ele>1274.0</ele>
      </trkpt>
      <trkpt lat="44.17509" lon="5.23095">
        <ele>1276.0</ele>
      </trkpt>
      <trkpt lat="44.17533" lon="5.23164">
        <ele>1282.0</ele>
      </trkpt>
      <trkpt lat="44.1754" lon="5.23191">
        <ele>1285.0</ele>
      </trkpt>
      <trkpt lat="44.17565" lon="5.23312">
        <ele>1294.0</ele>
      </trkpt>
      <trkpt lat="44.17567" lon="5.23324">
        <ele>1296.0</ele>
      </trkpt>
      <trkpt lat="44.17567" lon="5.23389">
        <ele>1303.0</ele>
      </trkpt>
      <trkpt lat="44.17569" lon="5.23438">
        <ele>1306.0</ele>
      </trkpt>
      <trkpt lat="44.17569" lon="5.23455">
        <ele>1307.0</ele>
      </trkpt>
      <trkpt lat="44.17567" lon="5.2347">
        <ele>1309.0</ele>
      </trkpt>
      <trkpt lat="44.17564" lon="5.23481">
        <ele>1311.0</ele>
      </trkpt>
      <trkpt lat="44.17551" lon="5.23519">
        <ele>1321.0</ele>
      </trkpt>
      <trkpt lat="44.17547" lon="5.23535">
        <ele>1325.0</ele>
      </trkpt>
      <trkpt lat="44.17545" lon="5.23548">
        <ele>1328.0</ele>
      </trkpt>
      <trkpt lat="44.17545" lon="5.2356">
        <ele>1329.0</ele>
      </trkpt>
      <trkpt lat="44.17547" lon="5.23573">
        <ele>1330.0</ele>
      </trkpt>
      <trkpt lat="44.17552" lon="5.23589">
        <ele>1330.0</ele>
      </trkpt>
      <trkpt lat="44.17561" lon="5.23607">
        <ele>1331.0</ele>
      </trkpt>
      <trkpt lat="44.17577" lon="5.23633">
        <ele>1331.0</ele>
      </trkpt>
      <trkpt lat="44.17621" lon="5.23695">
        <ele>1334.0</ele>
      </trkpt>
      <trkpt lat="44.17631" lon="5.23713">
        <ele>1335.0</ele>
      </trkpt>
      <trkpt lat="44.17641" lon="5.23732">
        <ele>1337.0</ele>
      </trkpt>
      <trkpt lat="44.1766" lon="5.23773">
        <ele>1340.0</ele>
      </trkpt>
      <trkpt lat="44.17674" lon="5.23808">
        <ele>1342.0</ele>
      </trkpt>
      <trkpt lat="44.17682" lon="5.23829">
        <ele>1343.0</ele>
      </trkpt>
      <trkpt lat="44.17687" lon="5.23852">
        <ele>1343.0</ele>
      </trkpt>
      <trkpt lat="44.1769" lon="5.23872">
        <ele>1343.0</ele>
      </trkpt>
      <trkpt lat="44.1769" lon="5.23884">
        <ele>1344.0</ele>
      </trkpt>
      <trkpt lat="44.17689" lon="5.23894">
        <ele>1345.0</ele>
      </trkpt>
      <trkpt lat="44.17686" lon="5.23906">
        <ele>1347.0</ele>
      </trkpt>
      <trkpt lat="44.17679" lon="5.23923">
        <ele>1351.0</ele>
      </trkpt>
      <trkpt lat="44.17661" lon="5.23966">
        <ele>1359.0</ele>
      </trkpt>
      <trkpt lat="44.17656" lon="5.23983">
        <ele>1361.0</ele>
      </trkpt>
      <trkpt lat="44.17646" lon="5.24026">
        <ele>1370.0</ele>
      </trkpt>
      <trkpt lat="44.17643" lon="5.24043">
        <ele>1374.0</ele>
      </trkpt>
      <trkpt lat="44.17642" lon="5.2406">
        <ele>1377.0</ele>
      </trkpt>
      <trkpt lat="44.17644" lon="5.24074">
        <ele>1377.0</ele>
      </trkpt>
      <trkpt lat="44.17647" lon="5.24082">
        <ele>1377.0</ele>
      </trkpt>
      <trkpt lat="44.1765" lon="5.24087">
        <ele>1377.0</ele>
      </trkpt>
      <trkpt lat="44.17701" lon="5.24134">
        <ele>1374.0</ele>
      </trkpt>
      <trkpt lat="44.17738" lon="5.2417">
        <ele>1374.0</ele>
      </trkpt>
      <trkpt lat="44.17749" lon="5.24184">
        <ele>1374.0</ele>
      </trkpt>
      <trkpt lat="44.17766" lon="5.24209">
        <ele>1375.0</ele>
      </trkpt>
      <trkpt lat="44.17778" lon="5.24234">
        <ele>1377.0</ele>
      </trkpt>
      <trkpt lat="44.17807" lon="5.24304">
        <ele>1382.0</ele>
      </trkpt>
      <trkpt lat="44.1783" lon="5.24371">
        <ele>1384.0</ele>
      </trkpt>
      <trkpt lat="44.17837" lon="5.24397">
        <ele>1383.0</ele>
      </trkpt>
      <trkpt lat="44.17845" lon="5.2444">
        <ele>1385.0</ele>
      </trkpt>
      <trkpt lat="44.17847" lon="5.24466">
        <ele>1388.0</ele>
      </trkpt>
      <trkpt lat="44.17846" lon="5.24509">
        <ele>1395.0</ele>
      </trkpt>
      <trkpt lat="44.17847" lon="5.24525">
        <ele>1398.0</ele>
      </trkpt>
      <trkpt lat="44.17852" lon="5.24542">
        <ele>1400.0</ele>
      </trkpt>
      <trkpt lat="44.17857" lon="5.24553">
        <ele>1400.0</ele>
      </trkpt>
      <trkpt lat="44.17864" lon="5.24564">
        <ele>1399.0</ele>
      </trkpt>
      <trkpt lat="44.17873" lon="5.24574">
        <ele>1398.0</ele>
      </trkpt>
      <trkpt lat="44.1792" lon="5.24619">
        <ele>1393.0</ele>
      </trkpt>
      <trkpt lat="44.17944" lon="5.24648">
        <ele>1398.0</ele>
      </trkpt>
      <trkpt lat="44.17973" lon="5.24697">
        <ele>1405.0</ele>
      </trkpt>
      <trkpt lat="44.17991" lon="5.2473">
        <ele>1408.0</ele>
      </trkpt>
      <trkpt lat="44.18006" lon="5.2476">
        <ele>1409.0</ele>
      </trkpt>
      <trkpt lat="44.18029" lon="5.24816">
        <ele>1411.0</ele>
      </trkpt>
      <trkpt lat="44.18039" lon="5.2485">
        <ele>1412.0</ele>
      </trkpt>
      <trkpt lat="44.18045" lon="5.24874">
        <ele>1412.0</ele>
      </trkpt>
      <trkpt lat="44.18049" lon="5.24903">
        <ele>1414.0</ele>
      </trkpt>
      <trkpt lat="44.18052" lon="5.24927">
        <ele>1414.0</ele>
      </trkpt>
      <trkpt lat="44.18054" lon="5.24948">
        <ele>1413.0</ele>
      </trkpt>
      <trkpt lat="44.18055" lon="5.24966">
        <ele>1412.0</ele>
      </trkpt>
      <trkpt lat="44.18053" lon="5.24983">
        <ele>1413.0</ele>
      </trkpt>
      <trkpt lat="44.18045" lon="5.25024">
        <ele>1416.0</ele>
      </trkpt>
      <trkpt lat="44.18043" lon="5.25041">
        <ele>1416.0</ele>
      </trkpt>
      <trkpt lat="44.18042" lon="5.2506">
        <ele>1416.0</ele>
      </trkpt>
      <trkpt lat="44.18039" lon="5.25114">
        <ele>1416.0</ele>
      </trkpt>
      <trkpt lat="44.18036" lon="5.2514">
        <ele>1416.0</ele>
      </trkpt>
      <trkpt lat="44.18034" lon="5.2515">
        <ele>1416.0</ele>
      </trkpt>
      <trkpt lat="44.1803" lon="5.25159">
        <ele>1417.0</ele>
      </trkpt>
      <trkpt lat="44.18021" lon="5.25172">
        <ele>1420.0</ele>
      </trkpt>
      <trkpt lat="44.17994" lon="5.25197">
        <ele>1430.0</ele>
      </trkpt>
      <trkpt lat="44.1799" lon="5.25204">
        <ele>1432.0</ele>
      </trkpt>
      <trkpt lat="44.17987" lon="5.25211">
        <ele>1433.0</ele>
      </trkpt>
      <trkpt lat="44.17984" lon="5.25219">
        <ele>1434.0</ele>
      </trkpt>
      <trkpt lat="44.17983" lon="5.25229">
        <ele>1434.0</ele>
      </trkpt>
      <trkpt lat="44.17982" lon="5.25273">
        <ele>1433.0</ele>
      </trkpt>
      <trkpt lat="44.17983" lon="5.25325">
        <ele>1431.0</ele>
      </trkpt>
      <trkpt lat="44.17985" lon="5.25339">
        <ele>1431.0</ele>
      </trkpt>
      <trkpt lat="44.18009" lon="5.25428">
        <ele>1430.0</ele>
      </trkpt>
      <trkpt lat="44.18014" lon="5.25446">
        <ele>1433.0</ele>
      </trkpt>
      <trkpt lat="44.1802" lon="5.25458">
        <ele>1434.0</ele>
      </trkpt>
      <trkpt lat="44.18026" lon="5.25465">
        <ele>1434.0</ele>
      </trkpt>
      <trkpt lat="44.18032" lon="5.2547">
        <ele>1433.0</ele>
      </trkpt>
      <trkpt lat="44.18044" lon="5.25477">
        <ele>1431.0</ele>
      </trkpt>
      <trkpt lat="44.18089" lon="5.25495">
        <ele>1422.0</ele>
      </trkpt>
      <trkpt lat="44.18099" lon="5.25508">
        <ele>1422.0</ele>
      </trkpt>
      <trkpt lat="44.181" lon="5.25512">
        <ele>1422.0</ele>
      </trkpt>
      <trkpt lat="44.18102" lon="5.25524">
        <ele>1423.0</ele>
      </trkpt>
      <trkpt lat="44.18101" lon="5.25529">
        <ele>1424.0</ele>
      </trkpt>
      <trkpt lat="44.18102" lon="5.25531">
        <ele>1424.0</ele>
      </trkpt>
      <trkpt lat="44.18104" lon="5.25557">
        <ele>1426.0</ele>
      </trkpt>
      <trkpt lat="44.18109" lon="5.25583">
        <ele>1427.0</ele>
      </trkpt>
      <trkpt lat="44.18112" lon="5.25664">
        <ele>1430.0</ele>
      </trkpt>
      <trkpt lat="44.18114" lon="5.25766">
        <ele>1435.0</ele>
      </trkpt>
      <trkpt lat="44.18112" lon="5.25824">
        <ele>1437.0</ele>
      </trkpt>
      <trkpt lat="44.18111" lon="5.25835">
        <ele>1437.0</ele>
      </trkpt>
      <trkpt lat="44.18109" lon="5.25843">
        <ele>1437.0</ele>
      </trkpt>
      <trkpt lat="44.18106" lon="5.25847">
        <ele>1438.0</ele>
      </trkpt>
      <trkpt lat="44.18102" lon="5.25848">
        <ele>1439.0</ele>
      </trkpt>
      <trkpt lat="44.18098" lon="5.25848">
        <ele>1440.0</ele>
      </trkpt>
      <trkpt lat="44.18095" lon="5.25845">
        <ele>1441.0</ele>
      </trkpt>
      <trkpt lat="44.18092" lon="5.25841">
        <ele>1442.0</ele>
      </trkpt>
      <trkpt lat="44.1809" lon="5.25829">
        <ele>1442.0</ele>
      </trkpt>
      <trkpt lat="44.18088" lon="5.25725">
        <ele>1440.0</ele>
      </trkpt>
      <trkpt lat="44.1809" lon="5.25676">
        <ele>1437.0</ele>
      </trkpt>
      <trkpt lat="44.1809" lon="5.25648">
        <ele>1435.0</ele>
      </trkpt>
      <trkpt lat="44.18089" lon="5.25619">
        <ele>1434.0</ele>
      </trkpt>
      <trkpt lat="44.18085" lon="5.25601">
        <ele>1434.0</ele>
      </trkpt>
      <trkpt lat="44.18083" lon="5.25593">
        <ele>1434.0</ele>
      </trkpt>
      <trkpt lat="44.1808" lon="5.25586">
        <ele>1434.0</ele>
      </trkpt>
      <trkpt lat="44.18072" lon="5.25573">
        <ele>1436.0</ele>
      </trkpt>
      <trkpt lat="44.18063" lon="5.25563">
        <ele>1438.0</ele>
      </trkpt>
      <trkpt lat="44.18063" lon="5.25563">
        <ele>1438.0</ele>
      </trkpt>
      <trkpt lat="44.18044" lon="5.25546">
        <ele>1442.0</ele>
      </trkpt>
      <trkpt lat="44.17991" lon="5.2551">
        <ele>1455.0</ele>
      </trkpt>
      <trkpt lat="44.17981" lon="5.255">
        <ele>1458.0</ele>
      </trkpt>
      <trkpt lat="44.17973" lon="5.25481">
        <ele>1459.0</ele>
      </trkpt>
      <trkpt lat="44.17949" lon="5.254">
        <ele>1459.0</ele>
      </trkpt>
      <trkpt lat="44.17934" lon="5.25361">
        <ele>1466.0</ele>
      </trkpt>
      <trkpt lat="44.17928" lon="5.25342">
        <ele>1468.0</ele>
      </trkpt>
      <trkpt lat="44.17919" lon="5.2529">
        <ele>1470.0</ele>
      </trkpt>
      <trkpt lat="44.17912" lon="5.25257">
        <ele>1472.0</ele>
      </trkpt>
      <trkpt lat="44.17907" lon="5.25237">
        <ele>1475.0</ele>
      </trkpt>
      <trkpt lat="44.17893" lon="5.25208">
        <ele>1484.0</ele>
      </trkpt>
      <trkpt lat="44.1789" lon="5.25196">
        <ele>1486.0</ele>
      </trkpt>
      <trkpt lat="44.17889" lon="5.25185">
        <ele>1486.0</ele>
      </trkpt>
      <trkpt lat="44.17891" lon="5.25172">
        <ele>1485.0</ele>
      </trkpt>
      <trkpt lat="44.17899" lon="5.25139">
        <ele>1482.0</ele>
      </trkpt>
      <trkpt lat="44.17901" lon="5.2512">
        <ele>1483.0</ele>
      </trkpt>
      <trkpt lat="44.179" lon="5.251">
        <ele>1485.0</ele>
      </trkpt>
      <trkpt lat="44.17898" lon="5.25086">
        <ele>1487.0</ele>
      </trkpt>
      <trkpt lat="44.17893" lon="5.25067">
        <ele>1488.0</ele>
      </trkpt>
      <trkpt lat="44.17877" lon="5.25024">
        <ele>1494.0</ele>
      </trkpt>
      <trkpt lat="44.17858" lon="5.24981">
        <ele>1500.0</ele>
      </trkpt>
      <trkpt lat="44.17841" lon="5.24944">
        <ele>1504.0</ele>
      </trkpt>
      <trkpt lat="44.17827" lon="5.24917">
        <ele>1507.0</ele>
      </trkpt>
      <trkpt lat="44.17739" lon="5.24777">
        <ele>1516.0</ele>
      </trkpt>
      <trkpt lat="44.17703" lon="5.24728">
        <ele>1525.0</ele>
      </trkpt>
      <trkpt lat="44.17692" lon="5.24711">
        <ele>1527.0</ele>
      </trkpt>
      <trkpt lat="44.17687" lon="5.24701">
        <ele>1528.0</ele>
      </trkpt>
      <trkpt lat="44.17683" lon="5.24692">
        <ele>1528.0</ele>
      </trkpt>
      <trkpt lat="44.17677" lon="5.24672">
        <ele>1527.0</ele>
      </trkpt>
      <trkpt lat="44.17673" lon="5.24667">
        <ele>1528.0</ele>
      </trkpt>
      <trkpt lat="44.1767" lon="5.24664">
        <ele>1529.0</ele>
      </trkpt>
      <trkpt lat="44.17667" lon="5.24664">
        <ele>1530.0</ele>
      </trkpt>
      <trkpt lat="44.17664" lon="5.24665">
        <ele>1532.0</ele>
      </trkpt>
      <trkpt lat="44.17662" lon="5.24668">
        <ele>1534.0</ele>
      </trkpt>
      <trkpt lat="44.1766" lon="5.24674">
        <ele>1536.0</ele>
      </trkpt>
      <trkpt lat="44.1766" lon="5.24682">
        <ele>1538.0</ele>
      </trkpt>
      <trkpt lat="44.17662" lon="5.24687">
        <ele>1538.0</ele>
      </trkpt>
      <trkpt lat="44.17678" lon="5.24712">
        <ele>1535.0</ele>
      </trkpt>
      <trkpt lat="44.17678" lon="5.24712">
        <ele>1535.0</ele>
      </trkpt>
      <trkpt lat="44.17684" lon="5.24732">
        <ele>1536.0</ele>
      </trkpt>
      <trkpt lat="44.17718" lon="5.24861">
        <ele>1544.0</ele>
      </trkpt>
      <trkpt lat="44.17729" lon="5.24909">
        <ele>1549.0</ele>
      </trkpt>
      <trkpt lat="44.17739" lon="5.2496">
        <ele>1552.0</ele>
      </trkpt>
      <trkpt lat="44.17751" lon="5.25037">
        <ele>1555.0</ele>
      </trkpt>
      <trkpt lat="44.17755" lon="5.2507">
        <ele>1556.0</ele>
      </trkpt>
      <trkpt lat="44.17758" lon="5.25101">
        <ele>1556.0</ele>
      </trkpt>
      <trkpt lat="44.1776" lon="5.2513">
        <ele>1556.0</ele>
      </trkpt>
      <trkpt lat="44.17763" lon="5.25199">
        <ele>1558.0</ele>
      </trkpt>
      <trkpt lat="44.17766" lon="5.25246">
        <ele>1561.0</ele>
      </trkpt>
      <trkpt lat="44.17774" lon="5.2533">
        <ele>1565.0</ele>
      </trkpt>
      <trkpt lat="44.1778" lon="5.25425">
        <ele>1568.0</ele>
      </trkpt>
      <trkpt lat="44.17781" lon="5.25459">
        <ele>1568.0</ele>
      </trkpt>
      <trkpt lat="44.1778" lon="5.2547">
        <ele>1569.0</ele>
      </trkpt>
      <trkpt lat="44.17778" lon="5.25482">
        <ele>1570.0</ele>
      </trkpt>
      <trkpt lat="44.17769" lon="5.25522">
        <ele>1579.0</ele>
      </trkpt>
      <trkpt lat="44.17767" lon="5.25534">
        <ele>1581.0</ele>
      </trkpt>
      <trkpt lat="44.17767" lon="5.25544">
        <ele>1582.0</ele>
      </trkpt>
      <trkpt lat="44.17769" lon="5.25558">
        <ele>1582.0</ele>
      </trkpt>
      <trkpt lat="44.17788" lon="5.25609">
        <ele>1576.0</ele>
      </trkpt>
      <trkpt lat="44.17793" lon="5.25629">
        <ele>1575.0</ele>
      </trkpt>
      <trkpt lat="44.17796" lon="5.25651">
        <ele>1576.0</ele>
      </trkpt>
      <trkpt lat="44.17798" lon="5.25683">
        <ele>1578.0</ele>
      </trkpt>
      <trkpt lat="44.178" lon="5.25727">
        <ele>1581.0</ele>
      </trkpt>
      <trkpt lat="44.178" lon="5.25766">
        <ele>1583.0</ele>
      </trkpt>
      <trkpt lat="44.17795" lon="5.25818">
        <ele>1586.0</ele>
      </trkpt>
      <trkpt lat="44.17791" lon="5.25839">
        <ele>1588.0</ele>
      </trkpt>
      <trkpt lat="44.17786" lon="5.25858">
        <ele>1591.0</ele>
      </trkpt>
      <trkpt lat="44.17773" lon="5.25889">
        <ele>1598.0</ele>
      </trkpt>
      <trkpt lat="44.1777" lon="5.25899">
        <ele>1600.0</ele>
      </trkpt>
      <trkpt lat="44.1777" lon="5.25912">
        <ele>1599.0</ele>
      </trkpt>
      <trkpt lat="44.17773" lon="5.25924">
        <ele>1599.0</ele>
      </trkpt>
      <trkpt lat="44.17781" lon="5.25948">
        <ele>1598.0</ele>
      </trkpt>
      <trkpt lat="44.17785" lon="5.25963">
        <ele>1598.0</ele>
      </trkpt>
      <trkpt lat="44.17787" lon="5.25995">
        <ele>1601.0</ele>
      </trkpt>
      <trkpt lat="44.17789" lon="5.26049">
        <ele>1601.0</ele>
      </trkpt>
      <trkpt lat="44.1779" lon="5.26089">
        <ele>1602.0</ele>
      </trkpt>
      <trkpt lat="44.17788" lon="5.2613">
        <ele>1605.0</ele>
      </trkpt>
      <trkpt lat="44.17783" lon="5.262">
        <ele>1612.0</ele>
      </trkpt>
      <trkpt lat="44.17782" lon="5.2622">
        <ele>1614.0</ele>
      </trkpt>
      <trkpt lat="44.17782" lon="5.2624">
        <ele>1615.0</ele>
      </trkpt>
      <trkpt lat="44.17787" lon="5.26331">
        <ele>1620.0</ele>
      </trkpt>
      <trkpt lat="44.17787" lon="5.26375">
        <ele>1625.0</ele>
      </trkpt>
      <trkpt lat="44.17785" lon="5.26453">
        <ele>1630.0</ele>
      </trkpt>
      <trkpt lat="44.17783" lon="5.26491">
        <ele>1632.0</ele>
      </trkpt>
      <trkpt lat="44.1778" lon="5.2652">
        <ele>1633.0</ele>
      </trkpt>
      <trkpt lat="44.17776" lon="5.26544">
        <ele>1635.0</ele>
      </trkpt>
      <trkpt lat="44.1777" lon="5.26564">
        <ele>1638.0</ele>
      </trkpt>
      <trkpt lat="44.17762" lon="5.26589">
        <ele>1642.0</ele>
      </trkpt>
      <trkpt lat="44.1776" lon="5.26598">
        <ele>1643.0</ele>
      </trkpt>
      <trkpt lat="44.1776" lon="5.26609">
        <ele>1644.0</ele>
      </trkpt>
      <trkpt lat="44.17761" lon="5.26623">
        <ele>1645.0</ele>
      </trkpt>
      <trkpt lat="44.17767" lon="5.26666">
        <ele>1645.0</ele>
      </trkpt>
      <trkpt lat="44.17769" lon="5.26695">
        <ele>1647.0</ele>
      </trkpt>
      <trkpt lat="44.17768" lon="5.26834">
        <ele>1656.0</ele>
      </trkpt>
      <trkpt lat="44.17766" lon="5.26878">
        <ele>1659.0</ele>
      </trkpt>
      <trkpt lat="44.17763" lon="5.26924">
        <ele>1663.0</ele>
      </trkpt>
      <trkpt lat="44.1775" lon="5.27062">
        <ele>1668.0</ele>
      </trkpt>
      <trkpt lat="44.17732" lon="5.27154">
        <ele>1674.0</ele>
      </trkpt>
      <trkpt lat="44.17725" lon="5.27221">
        <ele>1673.0</ele>
      </trkpt>
      <trkpt lat="44.1772" lon="5.27242">
        <ele>1674.0</ele>
      </trkpt>
      <trkpt lat="44.17714" lon="5.27257">
        <ele>1676.0</ele>
      </trkpt>
      <trkpt lat="44.1771" lon="5.27262">
        <ele>1677.0</ele>
      </trkpt>
      <trkpt lat="44.17704" lon="5.27268">
        <ele>1679.0</ele>
      </trkpt>
      <trkpt lat="44.17686" lon="5.2728">
        <ele>1686.0</ele>
      </trkpt>
      <trkpt lat="44.17674" lon="5.2729">
        <ele>1689.0</ele>
      </trkpt>
      <trkpt lat="44.17656" lon="5.2731">
        <ele>1694.0</ele>
      </trkpt>
      <trkpt lat="44.17646" lon="5.27326">
        <ele>1696.0</ele>
      </trkpt>
      <trkpt lat="44.17637" lon="5.27344">
        <ele>1699.0</ele>
      </trkpt>
      <trkpt lat="44.17624" lon="5.27373">
        <ele>1704.0</ele>
      </trkpt>
      <trkpt lat="44.17611" lon="5.27404">
        <ele>1707.0</ele>
      </trkpt>
      <trkpt lat="44.17607" lon="5.27416">
        <ele>1708.0</ele>
      </trkpt>
      <trkpt lat="44.17607" lon="5.27422">
        <ele>1709.0</ele>
      </trkpt>
      <trkpt lat="44.17608" lon="5.27424">
        <ele>1709.0</ele>
      </trkpt>
      <trkpt lat="44.17612" lon="5.27433">
        <ele>1710.0</ele>
      </trkpt>
      <trkpt lat="44.17618" lon="5.27439">
        <ele>1710.0</ele>
      </trkpt>
      <trkpt lat="44.17627" lon="5.27445">
        <ele>1709.0</ele>
      </trkpt>
      <trkpt lat="44.1767" lon="5.27463">
        <ele>1702.0</ele>
      </trkpt>
      <trkpt lat="44.17683" lon="5.27471">
        <ele>1702.0</ele>
      </trkpt>
      <trkpt lat="44.17692" lon="5.2748">
        <ele>1702.0</ele>
      </trkpt>
      <trkpt lat="44.17702" lon="5.27491">
        <ele>1703.0</ele>
      </trkpt>
      <trkpt lat="44.17718" lon="5.27513">
        <ele>1705.0</ele>
      </trkpt>
      <trkpt lat="44.17733" lon="5.27541">
        <ele>1708.0</ele>
      </trkpt>
      <trkpt lat="44.17746" lon="5.27576">
        <ele>1712.0</ele>
      </trkpt>
      <trkpt lat="44.17754" lon="5.27599">
        <ele>1713.0</ele>
      </trkpt>
      <trkpt lat="44.1776" lon="5.27622">
        <ele>1715.0</ele>
      </trkpt>
      <trkpt lat="44.17765" lon="5.27646">
        <ele>1717.0</ele>
      </trkpt>
      <trkpt lat="44.1777" lon="5.27673">
        <ele>1719.0</ele>
      </trkpt>
      <trkpt lat="44.17774" lon="5.27718">
        <ele>1723.0</ele>
      </trkpt>
      <trkpt lat="44.17775" lon="5.27737">
        <ele>1725.0</ele>
      </trkpt>
      <trkpt lat="44.17774" lon="5.27766">
        <ele>1728.0</ele>
      </trkpt>
      <trkpt lat="44.17771" lon="5.27819">
        <ele>1733.0</ele>
      </trkpt>
      <trkpt lat="44.17767" lon="5.27918">
        <ele>1738.0</ele>
      </trkpt>
      <trkpt lat="44.17758" lon="5.27996">
        <ele>1744.0</ele>
      </trkpt>
      <trkpt lat="44.17757" lon="5.2801">
        <ele>1745.0</ele>
      </trkpt>
      <trkpt lat="44.17758" lon="5.28024">
        <ele>1744.0</ele>
      </trkpt>
      <trkpt lat="44.17758" lon="5.2803">
        <ele>1744.0</ele>
      </trkpt>
      <trkpt lat="44.17757" lon="5.28034">
        <ele>1744.0</ele>
      </trkpt>
      <trkpt lat="44.17755" lon="5.28038">
        <ele>1746.0</ele>
      </trkpt>
      <trkpt lat="44.17749" lon="5.28041">
        <ele>1749.0</ele>
      </trkpt>
      <trkpt lat="44.17745" lon="5.28041">
        <ele>1752.0</ele>
      </trkpt>
      <trkpt lat="44.17741" lon="5.28038">
        <ele>1754.0</ele>
      </trkpt>
      <trkpt lat="44.17739" lon="5.28033">
        <ele>1756.0</ele>
      </trkpt>
      <trkpt lat="44.17737" lon="5.28026">
        <ele>1757.0</ele>
      </trkpt>
      <trkpt lat="44.17738" lon="5.28014">
        <ele>1756.0</ele>
      </trkpt>
      <trkpt lat="44.17741" lon="5.27997">
        <ele>1755.0</ele>
      </trkpt>
      <trkpt lat="44.17742" lon="5.27982">
        <ele>1754.0</ele>
      </trkpt>
      <trkpt lat="44.17742" lon="5.27965">
        <ele>1753.0</ele>
      </trkpt>
      <trkpt lat="44.17737" lon="5.27933">
        <ele>1755.0</ele>
      </trkpt>
      <trkpt lat="44.17731" lon="5.27893">
        <ele>1757.0</ele>
      </trkpt>
      <trkpt lat="44.17725" lon="5.27868">
        <ele>1760.0</ele>
      </trkpt>
      <trkpt lat="44.1772" lon="5.27848">
        <ele>1762.0</ele>
      </trkpt>
      <trkpt lat="44.1771" lon="5.27819">
        <ele>1765.0</ele>
      </trkpt>
      <trkpt lat="44.17682" lon="5.2775">
        <ele>1771.0</ele>
      </trkpt>
      <trkpt lat="44.17669" lon="5.27719">
        <ele>1773.0</ele>
      </trkpt>
      <trkpt lat="44.1766" lon="5.27701">
        <ele>1774.0</ele>
      </trkpt>
      <trkpt lat="44.17651" lon="5.27688">
        <ele>1775.0</ele>
      </trkpt>
      <trkpt lat="44.17638" lon="5.27674">
        <ele>1778.0</ele>
      </trkpt>
      <trkpt lat="44.17626" lon="5.27664">
        <ele>1780.0</ele>
      </trkpt>
      <trkpt lat="44.1761" lon="5.27652">
        <ele>1782.0</ele>
      </trkpt>
      <trkpt lat="44.17581" lon="5.27634">
        <ele>1785.0</ele>
      </trkpt>
      <trkpt lat="44.17559" lon="5.27624">
        <ele>1788.0</ele>
      </trkpt>
      <trkpt lat="44.17537" lon="5.27617">
        <ele>1791.0</ele>
      </trkpt>
      <trkpt lat="44.17504" lon="5.27611">
        <ele>1799.0</ele>
      </trkpt>
      <trkpt lat="44.1749" lon="5.27607">
        <ele>1802.0</ele>
      </trkpt>
      <trkpt lat="44.17469" lon="5.27594">
        <ele>1805.0</ele>
      </trkpt>
      <trkpt lat="44.17455" lon="5.27579">
        <ele>1805.0</ele>
      </trkpt>
      <trkpt lat="44.17434" lon="5.2755">
        <ele>1805.0</ele>
      </trkpt>
      <trkpt lat="44.17406" lon="5.27516">
        <ele>1810.0</ele>
      </trkpt>
      <trkpt lat="44.17397" lon="5.27503">
        <ele>1812.0</ele>
      </trkpt>
      <trkpt lat="44.17391" lon="5.27491">
        <ele>1813.0</ele>
      </trkpt>
      <trkpt lat="44.17386" lon="5.27476">
        <ele>1815.0</ele>
      </trkpt>
      <trkpt lat="44.17383" lon="5.27463">
        <ele>1816.0</ele>
      </trkpt>
      <trkpt lat="44.17382" lon="5.27449">
        <ele>1815.0</ele>
      </trkpt>
      <trkpt lat="44.1738" lon="5.27319">
        <ele>1819.0</ele>
      </trkpt>
      <trkpt lat="44.17381" lon="5.27305">
        <ele>1819.0</ele>
      </trkpt>
      <trkpt lat="44.17386" lon="5.27277">
        <ele>1818.0</ele>
      </trkpt>
      <trkpt lat="44.17387" lon="5.27266">
        <ele>1818.0</ele>
      </trkpt>
      <trkpt lat="44.17386" lon="5.27257">
        <ele>1818.0</ele>
      </trkpt>
      <trkpt lat="44.17384" lon="5.27251">
        <ele>1819.0</ele>
      </trkpt>
      <trkpt lat="44.17381" lon="5.27245">
        <ele>1819.0</ele>
      </trkpt>
      <trkpt lat="44.17377" lon="5.27242">
        <ele>1819.0</ele>
      </trkpt>
      <trkpt lat="44.17373" lon="5.27239">
        <ele>1819.0</ele>
      </trkpt>
      <trkpt lat="44.17367" lon="5.27238">
        <ele>1820.0</ele>
      </trkpt>
      <trkpt lat="44.17362" lon="5.27239">
        <ele>1820.0</ele>
      </trkpt>
      <trkpt lat="44.17354" lon="5.27243">
        <ele>1821.0</ele>
      </trkpt>
      <trkpt lat="44.17351" lon="5.27246">
        <ele>1822.0</ele>
      </trkpt>
      <trkpt lat="44.17348" lon="5.2725">
        <ele>1822.0</ele>
      </trkpt>
      <trkpt lat="44.17347" lon="5.27259">
        <ele>1823.0</ele>
      </trkpt>
      <trkpt lat="44.17353" lon="5.27394">
        <ele>1828.0</ele>
      </trkpt>
      <trkpt lat="44.17353" lon="5.27435">
        <ele>1829.0</ele>
      </trkpt>
      <trkpt lat="44.17351" lon="5.27478">
        <ele>1833.0</ele>
      </trkpt>
      <trkpt lat="44.17351" lon="5.27499">
        <ele>1834.0</ele>
      </trkpt>
      <trkpt lat="44.17351" lon="5.27509">
        <ele>1835.0</ele>
      </trkpt>
      <trkpt lat="44.17355" lon="5.27529">
        <ele>1837.0</ele>
      </trkpt>
      <trkpt lat="44.17358" lon="5.27539">
        <ele>1837.0</ele>
      </trkpt>
      <trkpt lat="44.17369" lon="5.27571">
        <ele>1838.0</ele>
      </trkpt>
      <trkpt lat="44.17412" lon="5.27671">
        <ele>1851.0</ele>
      </trkpt>
      <trkpt lat="44.17419" lon="5.27682">
        <ele>1853.0</ele>
      </trkpt>
      <trkpt lat="44.17426" lon="5.27692">
        <ele>1854.0</ele>
      </trkpt>
      <trkpt lat="44.17473" lon="5.2774">
        <ele>1857.0</ele>
      </trkpt>
      <trkpt lat="44.17479" lon="5.27746">
        <ele>1857.0</ele>
      </trkpt>
      <trkpt lat="44.17488" lon="5.2776">
        <ele>1858.0</ele>
      </trkpt>
      <trkpt lat="44.17498" lon="5.27776">
        <ele>1859.0</ele>
      </trkpt>
      <trkpt lat="44.17504" lon="5.27789">
        <ele>1861.0</ele>
      </trkpt>
      <trkpt lat="44.17511" lon="5.27807">
        <ele>1863.0</ele>
      </trkpt>
      <trkpt lat="44.17518" lon="5.27837">
        <ele>1867.0</ele>
      </trkpt>
      <trkpt lat="44.17522" lon="5.27869">
        <ele>1868.0</ele>
      </trkpt>
      <trkpt lat="44.17524" lon="5.27885">
        <ele>1869.0</ele>
      </trkpt>
      <trkpt lat="44.17525" lon="5.27901">
        <ele>1870.0</ele>
      </trkpt>
      <trkpt lat="44.17524" lon="5.27918">
        <ele>1872.0</ele>
      </trkpt>
      <trkpt lat="44.17522" lon="5.27938">
        <ele>1873.0</ele>
      </trkpt>
      <trkpt lat="44.17516" lon="5.27972">
        <ele>1875.0</ele>
      </trkpt>
      <trkpt lat="44.17505" lon="5.28023">
        <ele>1878.0</ele>
      </trkpt>
      <trkpt lat="44.17501" lon="5.28038">
        <ele>1878.0</ele>
      </trkpt>
      <trkpt lat="44.17497" lon="5.28044">
        <ele>1878.0</ele>
      </trkpt>
      <trkpt lat="44.17493" lon="5.28048">
        <ele>1877.0</ele>
      </trkpt>
      <trkpt lat="44.17489" lon="5.28049">
        <ele>1876.0</ele>
      </trkpt>
      <trkpt lat="44.17483" lon="5.28049">
        <ele>1876.0</ele>
      </trkpt>
      <trkpt lat="44.17477" lon="5.28042">
        <ele>1876.0</ele>
      </trkpt>
      <trkpt lat="44.17469" lon="5.28029">
        <ele>1877.0</ele>
      </trkpt>
      <trkpt lat="44.17469" lon="5.28029">
        <ele>1877.0</ele>
      </trkpt>
      <trkpt lat="44.1745" lon="5.27987">
        <ele>1881.0</ele>
      </trkpt>
      <trkpt lat="44.17444" lon="5.27976">
        <ele>1883.0</ele>
      </trkpt>
      <trkpt lat="44.1744" lon="5.27971">
        <ele>1884.0</ele>
      </trkpt>
      <trkpt lat="44.17431" lon="5.27966">
        <ele>1885.0</ele>
      </trkpt>
      <trkpt lat="44.17423" lon="5.27956">
        <ele>1887.0</ele>
      </trkpt>
      <trkpt lat="44.17418" lon="5.27951">
        <ele>1888.0</ele>
      </trkpt>
      <trkpt lat="44.17418" lon="5.27951">
        <ele>1888.0</ele>
      </trkpt>
      <trkpt lat="44.17393" lon="5.27927">
        <ele>1888.0</ele>
      </trkpt>
      <trkpt lat="44.17385" lon="5.2792">
        <ele>1888.0</ele>
      </trkpt>
      <trkpt lat="44.17374" lon="5.27906">
        <ele>1888.0</ele>
      </trkpt>
      <trkpt lat="44.17363" lon="5.2789">
        <ele>1888.0</ele>
      </trkpt>
      <trkpt lat="44.17361" lon="5.27886">
        <ele>1888.0</ele>
      </trkpt>
      <trkpt lat="44.1736" lon="5.27886">
        <ele>1888.0</ele>
      </trkpt>
      <trkpt lat="44.17356" lon="5.27877">
        <ele>1889.0</ele>
      </trkpt>
      <trkpt lat="44.17352" lon="5.27861">
        <ele>1891.0</ele>
      </trkpt>
      <trkpt lat="44.1735" lon="5.2784">
        <ele>1894.0</ele>
      </trkpt>
      <trkpt lat="44.1735" lon="5.27809">
        <ele>1893.0</ele>
      </trkpt>
      <trkpt lat="44.17352" lon="5.27739">
        <ele>1884.0</ele>
      </trkpt>
      <trkpt lat="44.17352" lon="5.27739">
        <ele>1884.0</ele>
      </trkpt>
      <trkpt lat="44.17351" lon="5.27724">
        <ele>1880.0</ele>
      </trkpt>
      <trkpt lat="44.1735" lon="5.27712">
        <ele>1877.0</ele>
      </trkpt>
      <trkpt lat="44.17349" lon="5.27708">
        <ele>1877.0</ele>
      </trkpt>
      <trkpt lat="44.17348" lon="5.27705">
        <ele>1876.0</ele>
      </trkpt>
      <trkpt lat="44.17346" lon="5.27703">
        <ele>1876.0</ele>
      </trkpt>
      <trkpt lat="44.17343" lon="5.27702">
        <ele>1876.0</ele>
      </trkpt>
      <trkpt lat="44.17339" lon="5.27704">
        <ele>1877.0</ele>
      </trkpt>
      <trkpt lat="44.17335" lon="5.27709">
        <ele>1879.0</ele>
      </trkpt>
      <trkpt lat="44.1733" lon="5.27732">
        <ele>1884.0</ele>
      </trkpt>
      <trkpt lat="44.17325" lon="5.27745">
        <ele>1884.0</ele>
      </trkpt>
      <trkpt lat="44.17308" lon="5.27787">
        <ele>1880.0</ele>
      </trkpt>
      <trkpt lat="44.17302" lon="5.27805">
        <ele>1879.0</ele>
      </trkpt>
      <trkpt lat="44.17301" lon="5.27811">
        <ele>1879.0</ele>
      </trkpt>
      <trkpt lat="44.17298" lon="5.27828">
        <ele>1878.0</ele>
      </trkpt>
      <trkpt lat="44.17297" lon="5.27841">
        <ele>1877.0</ele>
      </trkpt>
      <trkpt lat="44.17296" lon="5.27878">
        <ele>1871.0</ele>
      </trkpt>
      <trkpt lat="44.17296" lon="5.2789">
        <ele>1870.0</ele>
      </trkpt>
      <trkpt lat="44.17299" lon="5.27905">
        <ele>1869.0</ele>
      </trkpt>
      <trkpt lat="44.17302" lon="5.27916">
        <ele>1868.0</ele>
      </trkpt>
      <trkpt lat="44.17305" lon="5.27925">
        <ele>1867.0</ele>
      </trkpt>
      <trkpt lat="44.17311" lon="5.27938">
        <ele>1867.0</ele>
      </trkpt>
      <trkpt lat="44.17366" lon="5.28049">
        <ele>1859.0</ele>
      </trkpt>
      <trkpt lat="44.17374" lon="5.28066">
        <ele>1858.0</ele>
      </trkpt>
      <trkpt lat="44.17377" lon="5.28076">
        <ele>1857.0</ele>
      </trkpt>
      <trkpt lat="44.17379" lon="5.28087">
        <ele>1855.0</ele>
      </trkpt>
      <trkpt lat="44.17402" lon="5.28202">
        <ele>1844.0</ele>
      </trkpt>
      <trkpt lat="44.17418" lon="5.28289">
        <ele>1834.0</ele>
      </trkpt>
      <trkpt lat="44.17424" lon="5.28335">
        <ele>1825.0</ele>
      </trkpt>
      <trkpt lat="44.17424" lon="5.2835">
        <ele>1823.0</ele>
      </trkpt>
      <trkpt lat="44.17423" lon="5.2836">
        <ele>1821.0</ele>
      </trkpt>
      <trkpt lat="44.1742" lon="5.2837">
        <ele>1821.0</ele>
      </trkpt>
      <trkpt lat="44.17416" lon="5.28375">
        <ele>1821.0</ele>
      </trkpt>
      <trkpt lat="44.17408" lon="5.2838">
        <ele>1820.0</ele>
      </trkpt>
      <trkpt lat="44.17401" lon="5.28384">
        <ele>1819.0</ele>
      </trkpt>
      <trkpt lat="44.17369" lon="5.28393">
        <ele>1818.0</ele>
      </trkpt>
      <trkpt lat="44.17271" lon="5.28409">
        <ele>1810.0</ele>
      </trkpt>
      <trkpt lat="44.17173" lon="5.28424">
        <ele>1797.0</ele>
      </trkpt>
      <trkpt lat="44.17153" lon="5.28428">
        <ele>1794.0</ele>
      </trkpt>
      <trkpt lat="44.17138" lon="5.28434">
        <ele>1793.0</ele>
      </trkpt>
      <trkpt lat="44.17125" lon="5.2844">
        <ele>1792.0</ele>
      </trkpt>
      <trkpt lat="44.17112" lon="5.28449">
        <ele>1791.0</ele>
      </trkpt>
      <trkpt lat="44.17101" lon="5.28458">
        <ele>1791.0</ele>
      </trkpt>
      <trkpt lat="44.17092" lon="5.28469">
        <ele>1791.0</ele>
      </trkpt>
      <trkpt lat="44.1707" lon="5.28502">
        <ele>1791.0</ele>
      </trkpt>
      <trkpt lat="44.17061" lon="5.28514">
        <ele>1790.0</ele>
      </trkpt>
      <trkpt lat="44.17049" lon="5.28526">
        <ele>1788.0</ele>
      </trkpt>
      <trkpt lat="44.16991" lon="5.28577">
        <ele>1779.0</ele>
      </trkpt>
      <trkpt lat="44.16977" lon="5.28591">
        <ele>1777.0</ele>
      </trkpt>
      <trkpt lat="44.16964" lon="5.28605">
        <ele>1774.0</ele>
      </trkpt>
      <trkpt lat="44.16945" lon="5.28631">
        <ele>1771.0</ele>
      </trkpt>
      <trkpt lat="44.16936" lon="5.28644">
        <ele>1769.0</ele>
      </trkpt>
      <trkpt lat="44.16926" lon="5.28662">
        <ele>1767.0</ele>
      </trkpt>
      <trkpt lat="44.16913" lon="5.28688">
        <ele>1765.0</ele>
      </trkpt>
      <trkpt lat="44.16902" lon="5.28716">
        <ele>1763.0</ele>
      </trkpt>
      <trkpt lat="44.16887" lon="5.28759">
        <ele>1760.0</ele>
      </trkpt>
      <trkpt lat="44.16875" lon="5.28801">
        <ele>1757.0</ele>
      </trkpt>
      <trkpt lat="44.16868" lon="5.28841">
        <ele>1755.0</ele>
      </trkpt>
      <trkpt lat="44.16862" lon="5.28885">
        <ele>1752.0</ele>
      </trkpt>
      <trkpt lat="44.1686" lon="5.28918">
        <ele>1750.0</ele>
      </trkpt>
      <trkpt lat="44.1686" lon="5.28937">
        <ele>1748.0</ele>
      </trkpt>
      <trkpt lat="44.16862" lon="5.28953">
        <ele>1746.0</ele>
      </trkpt>
      <trkpt lat="44.16867" lon="5.28975">
        <ele>1745.0</ele>
      </trkpt>
      <trkpt lat="44.16875" lon="5.28996">
        <ele>1744.0</ele>
      </trkpt>
      <trkpt lat="44.16889" lon="5.29015">
        <ele>1744.0</ele>
      </trkpt>
      <trkpt lat="44.16934" lon="5.29065">
        <ele>1747.0</ele>
      </trkpt>
      <trkpt lat="44.16939" lon="5.29072">
        <ele>1747.0</ele>
      </trkpt>
      <trkpt lat="44.16943" lon="5.2908">
        <ele>1747.0</ele>
      </trkpt>
      <trkpt lat="44.16945" lon="5.29088">
        <ele>1748.0</ele>
      </trkpt>
      <trkpt lat="44.16945" lon="5.29096">
        <ele>1749.0</ele>
      </trkpt>
      <trkpt lat="44.16944" lon="5.29103">
        <ele>1749.0</ele>
      </trkpt>
      <trkpt lat="44.1694" lon="5.29111">
        <ele>1749.0</ele>
      </trkpt>
      <trkpt lat="44.16931" lon="5.29119">
        <ele>1747.0</ele>
      </trkpt>
      <trkpt lat="44.16919" lon="5.29124">
        <ele>1744.0</ele>
      </trkpt>
      <trkpt lat="44.1677" lon="5.29185">
        <ele>1715.0</ele>
      </trkpt>
      <trkpt lat="44.16763" lon="5.29189">
        <ele>1713.0</ele>
      </trkpt>
      <trkpt lat="44.16755" lon="5.29194">
        <ele>1712.0</ele>
      </trkpt>
      <trkpt lat="44.16746" lon="5.29203">
        <ele>1711.0</ele>
      </trkpt>
      <trkpt lat="44.16738" lon="5.29212">
        <ele>1710.0</ele>
      </trkpt>
      <trkpt lat="44.16729" lon="5.29225">
        <ele>1710.0</ele>
      </trkpt>
      <trkpt lat="44.16722" lon="5.29238">
        <ele>1709.0</ele>
      </trkpt>
      <trkpt lat="44.16716" lon="5.29251">
        <ele>1709.0</ele>
      </trkpt>
      <trkpt lat="44.16708" lon="5.29277">
        <ele>1706.0</ele>
      </trkpt>
      <trkpt lat="44.16706" lon="5.29291">
        <ele>1705.0</ele>
      </trkpt>
      <trkpt lat="44.16705" lon="5.29307">
        <ele>1705.0</ele>
      </trkpt>
      <trkpt lat="44.16708" lon="5.29336">
        <ele>1705.0</ele>
      </trkpt>
      <trkpt lat="44.1671" lon="5.29348">
        <ele>1703.0</ele>
      </trkpt>
      <trkpt lat="44.16713" lon="5.29361">
        <ele>1702.0</ele>
      </trkpt>
      <trkpt lat="44.16719" lon="5.29377">
        <ele>1701.0</ele>
      </trkpt>
      <trkpt lat="44.16759" lon="5.29465">
        <ele>1701.0</ele>
      </trkpt>
      <trkpt lat="44.16764" lon="5.29478">
        <ele>1701.0</ele>
      </trkpt>
      <trkpt lat="44.16766" lon="5.29489">
        <ele>1701.0</ele>
      </trkpt>
      <trkpt lat="44.16768" lon="5.29498">
        <ele>1700.0</ele>
      </trkpt>
      <trkpt lat="44.16768" lon="5.29508">
        <ele>1700.0</ele>
      </trkpt>
      <trkpt lat="44.16766" lon="5.29517">
        <ele>1700.0</ele>
      </trkpt>
      <trkpt lat="44.16763" lon="5.29528">
        <ele>1700.0</ele>
      </trkpt>
      <trkpt lat="44.16757" lon="5.29542">
        <ele>1699.0</ele>
      </trkpt>
      <trkpt lat="44.16747" lon="5.29558">
        <ele>1697.0</ele>
      </trkpt>
      <trkpt lat="44.16734" lon="5.29573">
        <ele>1694.0</ele>
      </trkpt>
      <trkpt lat="44.16698" lon="5.29608">
        <ele>1688.0</ele>
      </trkpt>
      <trkpt lat="44.16687" lon="5.29616">
        <ele>1686.0</ele>
      </trkpt>
      <trkpt lat="44.16636" lon="5.2965">
        <ele>1678.0</ele>
      </trkpt>
      <trkpt lat="44.16587" lon="5.29679">
        <ele>1669.0</ele>
      </trkpt>
      <trkpt lat="44.16577" lon="5.29687">
        <ele>1667.0</ele>
      </trkpt>
      <trkpt lat="44.16569" lon="5.29693">
        <ele>1666.0</ele>
      </trkpt>
      <trkpt lat="44.1656" lon="5.29703">
        <ele>1665.0</ele>
      </trkpt>
      <trkpt lat="44.16551" lon="5.29717">
        <ele>1664.0</ele>
      </trkpt>
      <trkpt lat="44.16544" lon="5.2973">
        <ele>1664.0</ele>
      </trkpt>
      <trkpt lat="44.16534" lon="5.29766">
        <ele>1664.0</ele>
      </trkpt>
      <trkpt lat="44.16525" lon="5.29803">
        <ele>1661.0</ele>
      </trkpt>
      <trkpt lat="44.16514" lon="5.29863">
        <ele>1660.0</ele>
      </trkpt>
      <trkpt lat="44.1651" lon="5.29879">
        <ele>1659.0</ele>
      </trkpt>
      <trkpt lat="44.16505" lon="5.29894">
        <ele>1658.0</ele>
      </trkpt>
      <trkpt lat="44.16499" lon="5.29909">
        <ele>1657.0</ele>
      </trkpt>
      <trkpt lat="44.16462" lon="5.29989">
        <ele>1647.0</ele>
      </trkpt>
      <trkpt lat="44.1645" lon="5.30019">
        <ele>1646.0</ele>
      </trkpt>
      <trkpt lat="44.16436" lon="5.30056">
        <ele>1644.0</ele>
      </trkpt>
      <trkpt lat="44.164" lon="5.30167">
        <ele>1641.0</ele>
      </trkpt>
      <trkpt lat="44.16395" lon="5.30178">
        <ele>1640.0</ele>
      </trkpt>
      <trkpt lat="44.1639" lon="5.30189">
        <ele>1640.0</ele>
      </trkpt>
      <trkpt lat="44.16384" lon="5.30197">
        <ele>1639.0</ele>
      </trkpt>
      <trkpt lat="44.16375" lon="5.30207">
        <ele>1638.0</ele>
      </trkpt>
      <trkpt lat="44.16369" lon="5.30213">
        <ele>1637.0</ele>
      </trkpt>
      <trkpt lat="44.16324" lon="5.30244">
        <ele>1632.0</ele>
      </trkpt>
      <trkpt lat="44.16315" lon="5.3025">
        <ele>1634.0</ele>
      </trkpt>
      <trkpt lat="44.16304" lon="5.30253">
        <ele>1634.0</ele>
      </trkpt>
      <trkpt lat="44.16298" lon="5.30253">
        <ele>1634.0</ele>
      </trkpt>
      <trkpt lat="44.16291" lon="5.3025">
        <ele>1633.0</ele>
      </trkpt>
      <trkpt lat="44.16282" lon="5.30241">
        <ele>1631.0</ele>
      </trkpt>
      <trkpt lat="44.16276" lon="5.30233">
        <ele>1629.0</ele>
      </trkpt>
      <trkpt lat="44.16267" lon="5.3022">
        <ele>1626.0</ele>
      </trkpt>
      <trkpt lat="44.16197" lon="5.30091">
        <ele>1609.0</ele>
      </trkpt>
      <trkpt lat="44.16189" lon="5.30081">
        <ele>1608.0</ele>
      </trkpt>
      <trkpt lat="44.16182" lon="5.30075">
        <ele>1609.0</ele>
      </trkpt>
      <trkpt lat="44.16174" lon="5.30073">
        <ele>1610.0</ele>
      </trkpt>
      <trkpt lat="44.16164" lon="5.30073">
        <ele>1610.0</ele>
      </trkpt>
      <trkpt lat="44.16152" lon="5.30077">
        <ele>1609.0</ele>
      </trkpt>
      <trkpt lat="44.16141" lon="5.30083">
        <ele>1608.0</ele>
      </trkpt>
      <trkpt lat="44.16129" lon="5.30092">
        <ele>1607.0</ele>
      </trkpt>
      <trkpt lat="44.16107" lon="5.3011">
        <ele>1605.0</ele>
      </trkpt>
      <trkpt lat="44.16089" lon="5.30128">
        <ele>1604.0</ele>
      </trkpt>
      <trkpt lat="44.16072" lon="5.30149">
        <ele>1602.0</ele>
      </trkpt>
      <trkpt lat="44.16058" lon="5.30176">
        <ele>1600.0</ele>
      </trkpt>
      <trkpt lat="44.16038" lon="5.30227">
        <ele>1598.0</ele>
      </trkpt>
      <trkpt lat="44.16006" lon="5.30313">
        <ele>1593.0</ele>
      </trkpt>
      <trkpt lat="44.16002" lon="5.30326">
        <ele>1592.0</ele>
      </trkpt>
      <trkpt lat="44.15971" lon="5.30473">
        <ele>1584.0</ele>
      </trkpt>
      <trkpt lat="44.15964" lon="5.30504">
        <ele>1581.0</ele>
      </trkpt>
      <trkpt lat="44.15962" lon="5.30525">
        <ele>1579.0</ele>
      </trkpt>
      <trkpt lat="44.15961" lon="5.30544">
        <ele>1578.0</ele>
      </trkpt>
      <trkpt lat="44.15963" lon="5.30562">
        <ele>1577.0</ele>
      </trkpt>
      <trkpt lat="44.15965" lon="5.3058">
        <ele>1576.0</ele>
      </trkpt>
      <trkpt lat="44.15984" lon="5.30674">
        <ele>1569.0</ele>
      </trkpt>
      <trkpt lat="44.15992" lon="5.30705">
        <ele>1569.0</ele>
      </trkpt>
      <trkpt lat="44.16" lon="5.30726">
        <ele>1569.0</ele>
      </trkpt>
      <trkpt lat="44.16023" lon="5.30776">
        <ele>1574.0</ele>
      </trkpt>
      <trkpt lat="44.16026" lon="5.30786">
        <ele>1575.0</ele>
      </trkpt>
      <trkpt lat="44.16028" lon="5.30798">
        <ele>1575.0</ele>
      </trkpt>
      <trkpt lat="44.16027" lon="5.30807">
        <ele>1575.0</ele>
      </trkpt>
      <trkpt lat="44.16024" lon="5.30814">
        <ele>1574.0</ele>
      </trkpt>
      <trkpt lat="44.1602" lon="5.30818">
        <ele>1573.0</ele>
      </trkpt>
      <trkpt lat="44.16015" lon="5.3082">
        <ele>1572.0</ele>
      </trkpt>
      <trkpt lat="44.16008" lon="5.30822">
        <ele>1571.0</ele>
      </trkpt>
      <trkpt lat="44.15994" lon="5.30821">
        <ele>1568.0</ele>
      </trkpt>
      <trkpt lat="44.15922" lon="5.3081">
        <ele>1556.0</ele>
      </trkpt>
      <trkpt lat="44.15904" lon="5.30811">
        <ele>1553.0</ele>
      </trkpt>
      <trkpt lat="44.15886" lon="5.30813">
        <ele>1551.0</ele>
      </trkpt>
      <trkpt lat="44.15868" lon="5.30819">
        <ele>1550.0</ele>
      </trkpt>
      <trkpt lat="44.15849" lon="5.30827">
        <ele>1549.0</ele>
      </trkpt>
      <trkpt lat="44.15831" lon="5.30838">
        <ele>1548.0</ele>
      </trkpt>
      <trkpt lat="44.15814" lon="5.30851">
        <ele>1546.0</ele>
      </trkpt>
      <trkpt lat="44.15794" lon="5.30872">
        <ele>1544.0</ele>
      </trkpt>
      <trkpt lat="44.15784" lon="5.30888">
        <ele>1543.0</ele>
      </trkpt>
      <trkpt lat="44.15772" lon="5.30912">
        <ele>1541.0</ele>
      </trkpt>
      <trkpt lat="44.15763" lon="5.30936">
        <ele>1540.0</ele>
      </trkpt>
      <trkpt lat="44.15756" lon="5.3096">
        <ele>1539.0</ele>
      </trkpt>
      <trkpt lat="44.15751" lon="5.30983">
        <ele>1538.0</ele>
      </trkpt>
      <trkpt lat="44.15743" lon="5.31022">
        <ele>1534.0</ele>
      </trkpt>
      <trkpt lat="44.15741" lon="5.31048">
        <ele>1532.0</ele>
      </trkpt>
      <trkpt lat="44.1574" lon="5.31076">
        <ele>1529.0</ele>
      </trkpt>
      <trkpt lat="44.15743" lon="5.31103">
        <ele>1527.0</ele>
      </trkpt>
      <trkpt lat="44.15747" lon="5.31129">
        <ele>1524.0</ele>
      </trkpt>
      <trkpt lat="44.15753" lon="5.31151">
        <ele>1523.0</ele>
      </trkpt>
      <trkpt lat="44.15757" lon="5.31165">
        <ele>1523.0</ele>
      </trkpt>
      <trkpt lat="44.15777" lon="5.31216">
        <ele>1524.0</ele>
      </trkpt>
      <trkpt lat="44.15779" lon="5.31226">
        <ele>1523.0</ele>
      </trkpt>
      <trkpt lat="44.15779" lon="5.31246">
        <ele>1521.0</ele>
      </trkpt>
      <trkpt lat="44.15779" lon="5.31246">
        <ele>1521.0</ele>
      </trkpt>
      <trkpt lat="44.15782" lon="5.31307">
        <ele>1524.0</ele>
      </trkpt>
      <trkpt lat="44.15781" lon="5.31319">
        <ele>1524.0</ele>
      </trkpt>
      <trkpt lat="44.1578" lon="5.31327">
        <ele>1524.0</ele>
      </trkpt>
      <trkpt lat="44.15775" lon="5.31337">
        <ele>1524.0</ele>
      </trkpt>
      <trkpt lat="44.15769" lon="5.31343">
        <ele>1524.0</ele>
      </trkpt>
      <trkpt lat="44.15763" lon="5.31345">
        <ele>1523.0</ele>
      </trkpt>
      <trkpt lat="44.15755" lon="5.31346">
        <ele>1522.0</ele>
      </trkpt>
      <trkpt lat="44.15748" lon="5.31344">
        <ele>1521.0</ele>
      </trkpt>
      <trkpt lat="44.15711" lon="5.31315">
        <ele>1516.0</ele>
      </trkpt>
      <trkpt lat="44.15693" lon="5.31305">
        <ele>1514.0</ele>
      </trkpt>
      <trkpt lat="44.15623" lon="5.31275">
        <ele>1506.0</ele>
      </trkpt>
      <trkpt lat="44.15606" lon="5.31265">
        <ele>1505.0</ele>
      </trkpt>
      <trkpt lat="44.15555" lon="5.31227">
        <ele>1497.0</ele>
      </trkpt>
      <trkpt lat="44.15545" lon="5.31221">
        <ele>1495.0</ele>
      </trkpt>
      <trkpt lat="44.15531" lon="5.31218">
        <ele>1494.0</ele>
      </trkpt>
      <trkpt lat="44.15524" lon="5.31219">
        <ele>1495.0</ele>
      </trkpt>
      <trkpt lat="44.15516" lon="5.31221">
        <ele>1495.0</ele>
      </trkpt>
      <trkpt lat="44.15511" lon="5.31224">
        <ele>1495.0</ele>
      </trkpt>
      <trkpt lat="44.15506" lon="5.31229">
        <ele>1496.0</ele>
      </trkpt>
      <trkpt lat="44.155" lon="5.31237">
        <ele>1496.0</ele>
      </trkpt>
      <trkpt lat="44.15494" lon="5.31248">
        <ele>1496.0</ele>
      </trkpt>
      <trkpt lat="44.15491" lon="5.31258">
        <ele>1496.0</ele>
      </trkpt>
      <trkpt lat="44.15488" lon="5.31271">
        <ele>1495.0</ele>
      </trkpt>
      <trkpt lat="44.15486" lon="5.31295">
        <ele>1495.0</ele>
      </trkpt>
      <trkpt lat="44.15479" lon="5.31389">
        <ele>1491.0</ele>
      </trkpt>
      <trkpt lat="44.15478" lon="5.31437">
        <ele>1489.0</ele>
      </trkpt>
      <trkpt lat="44.15478" lon="5.3146">
        <ele>1488.0</ele>
      </trkpt>
      <trkpt lat="44.1548" lon="5.31477">
        <ele>1488.0</ele>
      </trkpt>
      <trkpt lat="44.15484" lon="5.31491">
        <ele>1488.0</ele>
      </trkpt>
      <trkpt lat="44.15494" lon="5.31515">
        <ele>1491.0</ele>
      </trkpt>
      <trkpt lat="44.15497" lon="5.31524">
        <ele>1492.0</ele>
      </trkpt>
      <trkpt lat="44.15498" lon="5.31532">
        <ele>1493.0</ele>
      </trkpt>
      <trkpt lat="44.15496" lon="5.31537">
        <ele>1494.0</ele>
      </trkpt>
      <trkpt lat="44.15494" lon="5.31541">
        <ele>1494.0</ele>
      </trkpt>
      <trkpt lat="44.1549" lon="5.31544">
        <ele>1494.0</ele>
      </trkpt>
      <trkpt lat="44.15484" lon="5.31545">
        <ele>1493.0</ele>
      </trkpt>
      <trkpt lat="44.15477" lon="5.31543">
        <ele>1492.0</ele>
      </trkpt>
      <trkpt lat="44.15467" lon="5.31537">
        <ele>1490.0</ele>
      </trkpt>
      <trkpt lat="44.15379" lon="5.31475">
        <ele>1476.0</ele>
      </trkpt>
      <trkpt lat="44.15368" lon="5.31468">
        <ele>1474.0</ele>
      </trkpt>
      <trkpt lat="44.15321" lon="5.31447">
        <ele>1469.0</ele>
      </trkpt>
      <trkpt lat="44.15308" lon="5.31438">
        <ele>1468.0</ele>
      </trkpt>
      <trkpt lat="44.15297" lon="5.31429">
        <ele>1467.0</ele>
      </trkpt>
      <trkpt lat="44.15277" lon="5.31402">
        <ele>1464.0</ele>
      </trkpt>
      <trkpt lat="44.15258" lon="5.3138">
        <ele>1461.0</ele>
      </trkpt>
      <trkpt lat="44.15248" lon="5.31372">
        <ele>1460.0</ele>
      </trkpt>
      <trkpt lat="44.1524" lon="5.31367">
        <ele>1459.0</ele>
      </trkpt>
      <trkpt lat="44.15228" lon="5.31361">
        <ele>1458.0</ele>
      </trkpt>
      <trkpt lat="44.15217" lon="5.31358">
        <ele>1458.0</ele>
      </trkpt>
      <trkpt lat="44.15174" lon="5.31349">
        <ele>1456.0</ele>
      </trkpt>
      <trkpt lat="44.15163" lon="5.31348">
        <ele>1456.0</ele>
      </trkpt>
      <trkpt lat="44.15154" lon="5.31349">
        <ele>1455.0</ele>
      </trkpt>
      <trkpt lat="44.15145" lon="5.31353">
        <ele>1454.0</ele>
      </trkpt>
      <trkpt lat="44.15137" lon="5.31359">
        <ele>1453.0</ele>
      </trkpt>
      <trkpt lat="44.15126" lon="5.31368">
        <ele>1452.0</ele>
      </trkpt>
      <trkpt lat="44.15108" lon="5.31386">
        <ele>1450.0</ele>
      </trkpt>
      <trkpt lat="44.15098" lon="5.314">
        <ele>1448.0</ele>
      </trkpt>
      <trkpt lat="44.15092" lon="5.31413">
        <ele>1447.0</ele>
      </trkpt>
      <trkpt lat="44.1509" lon="5.31426">
        <ele>1446.0</ele>
      </trkpt>
      <trkpt lat="44.15091" lon="5.3144">
        <ele>1444.0</ele>
      </trkpt>
      <trkpt lat="44.15096" lon="5.31455">
        <ele>1443.0</ele>
      </trkpt>
      <trkpt lat="44.15115" lon="5.31491">
        <ele>1442.0</ele>
      </trkpt>
      <trkpt lat="44.15118" lon="5.315">
        <ele>1442.0</ele>
      </trkpt>
      <trkpt lat="44.15122" lon="5.31509">
        <ele>1442.0</ele>
      </trkpt>
      <trkpt lat="44.15149" lon="5.31619">
        <ele>1433.0</ele>
      </trkpt>
      <trkpt lat="44.15157" lon="5.31643">
        <ele>1432.0</ele>
      </trkpt>
      <trkpt lat="44.15166" lon="5.3167">
        <ele>1431.0</ele>
      </trkpt>
      <trkpt lat="44.15183" lon="5.31711">
        <ele>1430.0</ele>
      </trkpt>
      <trkpt lat="44.15191" lon="5.31734">
        <ele>1428.0</ele>
      </trkpt>
      <trkpt lat="44.15222" lon="5.3184">
        <ele>1430.0</ele>
      </trkpt>
      <trkpt lat="44.15223" lon="5.31855">
        <ele>1430.0</ele>
      </trkpt>
      <trkpt lat="44.1522" lon="5.31869">
        <ele>1430.0</ele>
      </trkpt>
      <trkpt lat="44.15217" lon="5.31874">
        <ele>1430.0</ele>
      </trkpt>
      <trkpt lat="44.15213" lon="5.31879">
        <ele>1430.0</ele>
      </trkpt>
      <trkpt lat="44.15207" lon="5.31884">
        <ele>1430.0</ele>
      </trkpt>
      <trkpt lat="44.15203" lon="5.31886">
        <ele>1430.0</ele>
      </trkpt>
      <trkpt lat="44.15197" lon="5.31886">
        <ele>1430.0</ele>
      </trkpt>
      <trkpt lat="44.15189" lon="5.31882">
        <ele>1429.0</ele>
      </trkpt>
      <trkpt lat="44.15186" lon="5.31887">
        <ele>1430.0</ele>
      </trkpt>
      <trkpt lat="44.15184" lon="5.31888">
        <ele>1430.0</ele>
      </trkpt>
      <trkpt lat="44.15175" lon="5.31885">
        <ele>1429.0</ele>
      </trkpt>
      <trkpt lat="44.15154" lon="5.31868">
        <ele>1427.0</ele>
      </trkpt>
      <trkpt lat="44.15131" lon="5.31849">
        <ele>1425.0</ele>
      </trkpt>
      <trkpt lat="44.15095" lon="5.31823">
        <ele>1421.0</ele>
      </trkpt>
      <trkpt lat="44.15078" lon="5.31813">
        <ele>1420.0</ele>
      </trkpt>
      <trkpt lat="44.14949" lon="5.31767">
        <ele>1412.0</ele>
      </trkpt>
      <trkpt lat="44.14943" lon="5.31766">
        <ele>1412.0</ele>
      </trkpt>
      <trkpt lat="44.14937" lon="5.31767">
        <ele>1412.0</ele>
      </trkpt>
      <trkpt lat="44.14931" lon="5.31771">
        <ele>1412.0</ele>
      </trkpt>
      <trkpt lat="44.14926" lon="5.31775">
        <ele>1413.0</ele>
      </trkpt>
      <trkpt lat="44.1492" lon="5.31785">
        <ele>1414.0</ele>
      </trkpt>
      <trkpt lat="44.14914" lon="5.31799">
        <ele>1415.0</ele>
      </trkpt>
      <trkpt lat="44.14909" lon="5.31815">
        <ele>1416.0</ele>
      </trkpt>
      <trkpt lat="44.14905" lon="5.31831">
        <ele>1417.0</ele>
      </trkpt>
      <trkpt lat="44.14901" lon="5.31859">
        <ele>1417.0</ele>
      </trkpt>
      <trkpt lat="44.14898" lon="5.31887">
        <ele>1418.0</ele>
      </trkpt>
      <trkpt lat="44.14896" lon="5.31927">
        <ele>1418.0</ele>
      </trkpt>
      <trkpt lat="44.14896" lon="5.32008">
        <ele>1418.0</ele>
      </trkpt>
      <trkpt lat="44.14895" lon="5.32032">
        <ele>1418.0</ele>
      </trkpt>
      <trkpt lat="44.14893" lon="5.32044">
        <ele>1418.0</ele>
      </trkpt>
      <trkpt lat="44.14891" lon="5.32059">
        <ele>1417.0</ele>
      </trkpt>
      <trkpt lat="44.14887" lon="5.32077">
        <ele>1417.0</ele>
      </trkpt>
      <trkpt lat="44.1488" lon="5.32101">
        <ele>1417.0</ele>
      </trkpt>
      <trkpt lat="44.14874" lon="5.3212">
        <ele>1417.0</ele>
      </trkpt>
      <trkpt lat="44.14841" lon="5.32198">
        <ele>1415.0</ele>
      </trkpt>
      <trkpt lat="44.14835" lon="5.32218">
        <ele>1415.0</ele>
      </trkpt>
      <trkpt lat="44.14832" lon="5.32234">
        <ele>1415.0</ele>
      </trkpt>
      <trkpt lat="44.14831" lon="5.32247">
        <ele>1415.0</ele>
      </trkpt>
      <trkpt lat="44.14831" lon="5.32263">
        <ele>1414.0</ele>
      </trkpt>
      <trkpt lat="44.14834" lon="5.32281">
        <ele>1412.0</ele>
      </trkpt>
      <trkpt lat="44.14838" lon="5.32296">
        <ele>1412.0</ele>
      </trkpt>
      <trkpt lat="44.14842" lon="5.32309">
        <ele>1411.0</ele>
      </trkpt>
      <trkpt lat="44.14849" lon="5.32323">
        <ele>1411.0</ele>
      </trkpt>
      <trkpt lat="44.14858" lon="5.32336">
        <ele>1410.0</ele>
      </trkpt>
      <trkpt lat="44.14866" lon="5.32345">
        <ele>1408.0</ele>
      </trkpt>
      <trkpt lat="44.14874" lon="5.32351">
        <ele>1407.0</ele>
      </trkpt>
      <trkpt lat="44.14918" lon="5.32376">
        <ele>1405.0</ele>
      </trkpt>
      <trkpt lat="44.1493" lon="5.32384">
        <ele>1406.0</ele>
      </trkpt>
      <trkpt lat="44.1497" lon="5.32418">
        <ele>1405.0</ele>
      </trkpt>
      <trkpt lat="44.15009" lon="5.32449">
        <ele>1407.0</ele>
      </trkpt>
      <trkpt lat="44.15025" lon="5.32463">
        <ele>1408.0</ele>
      </trkpt>
      <trkpt lat="44.15041" lon="5.32479">
        <ele>1409.0</ele>
      </trkpt>
      <trkpt lat="44.15075" lon="5.32518">
        <ele>1410.0</ele>
      </trkpt>
      <trkpt lat="44.15105" lon="5.32556">
        <ele>1411.0</ele>
      </trkpt>
      <trkpt lat="44.15115" lon="5.3257">
        <ele>1412.0</ele>
      </trkpt>
      <trkpt lat="44.15154" lon="5.32637">
        <ele>1411.0</ele>
      </trkpt>
      <trkpt lat="44.15169" lon="5.32658">
        <ele>1411.0</ele>
      </trkpt>
      <trkpt lat="44.15177" lon="5.32666">
        <ele>1411.0</ele>
      </trkpt>
      <trkpt lat="44.15187" lon="5.32674">
        <ele>1412.0</ele>
      </trkpt>
      <trkpt lat="44.15223" lon="5.32699">
        <ele>1416.0</ele>
      </trkpt>
      <trkpt lat="44.15242" lon="5.32711">
        <ele>1417.0</ele>
      </trkpt>
      <trkpt lat="44.1526" lon="5.32722">
        <ele>1418.0</ele>
      </trkpt>
      <trkpt lat="44.15321" lon="5.32753">
        <ele>1422.0</ele>
      </trkpt>
      <trkpt lat="44.15326" lon="5.32756">
        <ele>1423.0</ele>
      </trkpt>
      <trkpt lat="44.15329" lon="5.32761">
        <ele>1424.0</ele>
      </trkpt>
      <trkpt lat="44.1533" lon="5.32764">
        <ele>1425.0</ele>
      </trkpt>
      <trkpt lat="44.15331" lon="5.32771">
        <ele>1426.0</ele>
      </trkpt>
      <trkpt lat="44.15329" lon="5.3278">
        <ele>1427.0</ele>
      </trkpt>
      <trkpt lat="44.15327" lon="5.32783">
        <ele>1427.0</ele>
      </trkpt>
      <trkpt lat="44.15321" lon="5.32788">
        <ele>1427.0</ele>
      </trkpt>
      <trkpt lat="44.15317" lon="5.32789">
        <ele>1427.0</ele>
      </trkpt>
      <trkpt lat="44.15235" lon="5.3279">
        <ele>1419.0</ele>
      </trkpt>
      <trkpt lat="44.15191" lon="5.32787">
        <ele>1418.0</ele>
      </trkpt>
      <trkpt lat="44.15133" lon="5.32777">
        <ele>1415.0</ele>
      </trkpt>
      <trkpt lat="44.15094" lon="5.32765">
        <ele>1411.0</ele>
      </trkpt>
      <trkpt lat="44.15009" lon="5.3273">
        <ele>1405.0</ele>
      </trkpt>
      <trkpt lat="44.14981" lon="5.32717">
        <ele>1400.0</ele>
      </trkpt>
      <trkpt lat="44.14941" lon="5.32693">
        <ele>1392.0</ele>
      </trkpt>
      <trkpt lat="44.14921" lon="5.32684">
        <ele>1391.0</ele>
      </trkpt>
      <trkpt lat="44.14912" lon="5.32681">
        <ele>1389.0</ele>
      </trkpt>
      <trkpt lat="44.14903" lon="5.32679">
        <ele>1388.0</ele>
      </trkpt>
      <trkpt lat="44.14895" lon="5.3268">
        <ele>1387.0</ele>
      </trkpt>
      <trkpt lat="44.14889" lon="5.32682">
        <ele>1386.0</ele>
      </trkpt>
      <trkpt lat="44.14883" lon="5.32688">
        <ele>1386.0</ele>
      </trkpt>
      <trkpt lat="44.14879" lon="5.32695">
        <ele>1386.0</ele>
      </trkpt>
      <trkpt lat="44.14876" lon="5.32703">
        <ele>1386.0</ele>
      </trkpt>
      <trkpt lat="44.14874" lon="5.32714">
        <ele>1386.0</ele>
      </trkpt>
      <trkpt lat="44.14874" lon="5.32725">
        <ele>1387.0</ele>
      </trkpt>
      <trkpt lat="44.14876" lon="5.32739">
        <ele>1388.0</ele>
      </trkpt>
      <trkpt lat="44.14896" lon="5.328">
        <ele>1397.0</ele>
      </trkpt>
      <trkpt lat="44.14899" lon="5.3281">
        <ele>1398.0</ele>
      </trkpt>
      <trkpt lat="44.149" lon="5.3283">
        <ele>1398.0</ele>
      </trkpt>
      <trkpt lat="44.14898" lon="5.32869">
        <ele>1398.0</ele>
      </trkpt>
      <trkpt lat="44.14896" lon="5.32915">
        <ele>1397.0</ele>
      </trkpt>
      <trkpt lat="44.14895" lon="5.32929">
        <ele>1397.0</ele>
      </trkpt>
      <trkpt lat="44.14888" lon="5.32981">
        <ele>1396.0</ele>
      </trkpt>
      <trkpt lat="44.14888" lon="5.33">
        <ele>1396.0</ele>
      </trkpt>
      <trkpt lat="44.14889" lon="5.33015">
        <ele>1396.0</ele>
      </trkpt>
      <trkpt lat="44.14892" lon="5.33028">
        <ele>1397.0</ele>
      </trkpt>
      <trkpt lat="44.14896" lon="5.33051">
        <ele>1398.0</ele>
      </trkpt>
      <trkpt lat="44.1491" lon="5.33105">
        <ele>1400.0</ele>
      </trkpt>
      <trkpt lat="44.14926" lon="5.33153">
        <ele>1401.0</ele>
      </trkpt>
      <trkpt lat="44.14935" lon="5.33182">
        <ele>1402.0</ele>
      </trkpt>
      <trkpt lat="44.14941" lon="5.33213">
        <ele>1402.0</ele>
      </trkpt>
      <trkpt lat="44.14943" lon="5.33227">
        <ele>1402.0</ele>
      </trkpt>
      <trkpt lat="44.14943" lon="5.33239">
        <ele>1402.0</ele>
      </trkpt>
      <trkpt lat="44.14941" lon="5.33249">
        <ele>1401.0</ele>
      </trkpt>
      <trkpt lat="44.14938" lon="5.33255">
        <ele>1401.0</ele>
      </trkpt>
      <trkpt lat="44.14935" lon="5.3326">
        <ele>1400.0</ele>
      </trkpt>
      <trkpt lat="44.14929" lon="5.33264">
        <ele>1399.0</ele>
      </trkpt>
      <trkpt lat="44.14922" lon="5.33266">
        <ele>1397.0</ele>
      </trkpt>
      <trkpt lat="44.14897" lon="5.33269">
        <ele>1395.0</ele>
      </trkpt>
      <trkpt lat="44.14892" lon="5.33272">
        <ele>1395.0</ele>
      </trkpt>
      <trkpt lat="44.14888" lon="5.33276">
        <ele>1394.0</ele>
      </trkpt>
      <trkpt lat="44.14886" lon="5.33281">
        <ele>1394.0</ele>
      </trkpt>
      <trkpt lat="44.14885" lon="5.33287">
        <ele>1393.0</ele>
      </trkpt>
      <trkpt lat="44.14885" lon="5.33293">
        <ele>1393.0</ele>
      </trkpt>
      <trkpt lat="44.14887" lon="5.333">
        <ele>1393.0</ele>
      </trkpt>
      <trkpt lat="44.14915" lon="5.3336">
        <ele>1398.0</ele>
      </trkpt>
      <trkpt lat="44.14923" lon="5.33374">
        <ele>1400.0</ele>
      </trkpt>
      <trkpt lat="44.14938" lon="5.33396">
        <ele>1402.0</ele>
      </trkpt>
      <trkpt lat="44.14942" lon="5.33404">
        <ele>1403.0</ele>
      </trkpt>
      <trkpt lat="44.14942" lon="5.33414">
        <ele>1403.0</ele>
      </trkpt>
      <trkpt lat="44.14939" lon="5.33421">
        <ele>1404.0</ele>
      </trkpt>
      <trkpt lat="44.14934" lon="5.33424">
        <ele>1404.0</ele>
      </trkpt>
      <trkpt lat="44.14927" lon="5.33425">
        <ele>1403.0</ele>
      </trkpt>
      <trkpt lat="44.14918" lon="5.33423">
        <ele>1402.0</ele>
      </trkpt>
      <trkpt lat="44.14893" lon="5.33411">
        <ele>1397.0</ele>
      </trkpt>
      <trkpt lat="44.14881" lon="5.33407">
        <ele>1396.0</ele>
      </trkpt>
      <trkpt lat="44.14872" lon="5.33406">
        <ele>1395.0</ele>
      </trkpt>
      <trkpt lat="44.14857" lon="5.33407">
        <ele>1393.0</ele>
      </trkpt>
      <trkpt lat="44.14842" lon="5.33409">
        <ele>1392.0</ele>
      </trkpt>
      <trkpt lat="44.14787" lon="5.33425">
        <ele>1387.0</ele>
      </trkpt>
      <trkpt lat="44.14743" lon="5.33436">
        <ele>1383.0</ele>
      </trkpt>
      <trkpt lat="44.14692" lon="5.33444">
        <ele>1379.0</ele>
      </trkpt>
      <trkpt lat="44.14663" lon="5.33447">
        <ele>1376.0</ele>
      </trkpt>
      <trkpt lat="44.14637" lon="5.33448">
        <ele>1375.0</ele>
      </trkpt>
      <trkpt lat="44.14597" lon="5.33445">
        <ele>1372.0</ele>
      </trkpt>
      <trkpt lat="44.14572" lon="5.33442">
        <ele>1370.0</ele>
      </trkpt>
      <trkpt lat="44.14554" lon="5.33442">
        <ele>1368.0</ele>
      </trkpt>
      <trkpt lat="44.14548" lon="5.33444">
        <ele>1367.0</ele>
      </trkpt>
      <trkpt lat="44.14541" lon="5.33447">
        <ele>1367.0</ele>
      </trkpt>
      <trkpt lat="44.14527" lon="5.3346">
        <ele>1366.0</ele>
      </trkpt>
      <trkpt lat="44.14522" lon="5.33469">
        <ele>1366.0</ele>
      </trkpt>
      <trkpt lat="44.14516" lon="5.33482">
        <ele>1366.0</ele>
      </trkpt>
      <trkpt lat="44.14509" lon="5.33498">
        <ele>1366.0</ele>
      </trkpt>
      <trkpt lat="44.14496" lon="5.33542">
        <ele>1366.0</ele>
      </trkpt>
      <trkpt lat="44.14474" lon="5.33622">
        <ele>1362.0</ele>
      </trkpt>
      <trkpt lat="44.14468" lon="5.33655">
        <ele>1361.0</ele>
      </trkpt>
      <trkpt lat="44.14465" lon="5.33688">
        <ele>1360.0</ele>
      </trkpt>
      <trkpt lat="44.14467" lon="5.33703">
        <ele>1360.0</ele>
      </trkpt>
      <trkpt lat="44.14469" lon="5.33717">
        <ele>1360.0</ele>
      </trkpt>
      <trkpt lat="44.14473" lon="5.33729">
        <ele>1360.0</ele>
      </trkpt>
      <trkpt lat="44.14485" lon="5.3375">
        <ele>1361.0</ele>
      </trkpt>
      <trkpt lat="44.14493" lon="5.33759">
        <ele>1362.0</ele>
      </trkpt>
      <trkpt lat="44.14501" lon="5.33766">
        <ele>1362.0</ele>
      </trkpt>
      <trkpt lat="44.14583" lon="5.33817">
        <ele>1370.0</ele>
      </trkpt>
      <trkpt lat="44.14603" lon="5.33829">
        <ele>1370.0</ele>
      </trkpt>
      <trkpt lat="44.14617" lon="5.33837">
        <ele>1371.0</ele>
      </trkpt>
      <trkpt lat="44.14623" lon="5.33843">
        <ele>1372.0</ele>
      </trkpt>
      <trkpt lat="44.14625" lon="5.3385">
        <ele>1373.0</ele>
      </trkpt>
      <trkpt lat="44.14625" lon="5.33858">
        <ele>1373.0</ele>
      </trkpt>
      <trkpt lat="44.14622" lon="5.33865">
        <ele>1373.0</ele>
      </trkpt>
      <trkpt lat="44.14616" lon="5.33869">
        <ele>1373.0</ele>
      </trkpt>
      <trkpt lat="44.1461" lon="5.3387">
        <ele>1372.0</ele>
      </trkpt>
      <trkpt lat="44.14561" lon="5.3387">
        <ele>1366.0</ele>
      </trkpt>
      <trkpt lat="44.1455" lon="5.33872">
        <ele>1364.0</ele>
      </trkpt>
      <trkpt lat="44.14525" lon="5.33879">
        <ele>1361.0</ele>
      </trkpt>
      <trkpt lat="44.14485" lon="5.33901">
        <ele>1355.0</ele>
      </trkpt>
      <trkpt lat="44.1444" lon="5.33927">
        <ele>1352.0</ele>
      </trkpt>
      <trkpt lat="44.14424" lon="5.33933">
        <ele>1351.0</ele>
      </trkpt>
      <trkpt lat="44.14408" lon="5.33937">
        <ele>1350.0</ele>
      </trkpt>
      <trkpt lat="44.14362" lon="5.33939">
        <ele>1347.0</ele>
      </trkpt>
      <trkpt lat="44.14348" lon="5.33941">
        <ele>1346.0</ele>
      </trkpt>
      <trkpt lat="44.14335" lon="5.33944">
        <ele>1345.0</ele>
      </trkpt>
      <trkpt lat="44.1431" lon="5.33959">
        <ele>1344.0</ele>
      </trkpt>
      <trkpt lat="44.143" lon="5.33967">
        <ele>1344.0</ele>
      </trkpt>
      <trkpt lat="44.14286" lon="5.33981">
        <ele>1343.0</ele>
      </trkpt>
      <trkpt lat="44.14268" lon="5.34004">
        <ele>1343.0</ele>
      </trkpt>
      <trkpt lat="44.14261" lon="5.34017">
        <ele>1342.0</ele>
      </trkpt>
      <trkpt lat="44.14256" lon="5.34027">
        <ele>1342.0</ele>
      </trkpt>
      <trkpt lat="44.14233" lon="5.34096">
        <ele>1340.0</ele>
      </trkpt>
      <trkpt lat="44.14229" lon="5.34114">
        <ele>1339.0</ele>
      </trkpt>
      <trkpt lat="44.14224" lon="5.34138">
        <ele>1338.0</ele>
      </trkpt>
      <trkpt lat="44.14221" lon="5.34162">
        <ele>1337.0</ele>
      </trkpt>
      <trkpt lat="44.14217" lon="5.34203">
        <ele>1337.0</ele>
      </trkpt>
      <trkpt lat="44.14214" lon="5.34221">
        <ele>1337.0</ele>
      </trkpt>
      <trkpt lat="44.14209" lon="5.3424">
        <ele>1336.0</ele>
      </trkpt>
      <trkpt lat="44.14191" lon="5.34292">
        <ele>1335.0</ele>
      </trkpt>
      <trkpt lat="44.14178" lon="5.34323">
        <ele>1334.0</ele>
      </trkpt>
      <trkpt lat="44.14167" lon="5.3434">
        <ele>1333.0</ele>
      </trkpt>
      <trkpt lat="44.14144" lon="5.3437">
        <ele>1331.0</ele>
      </trkpt>
      <trkpt lat="44.14134" lon="5.34385">
        <ele>1330.0</ele>
      </trkpt>
      <trkpt lat="44.14113" lon="5.3442">
        <ele>1329.0</ele>
      </trkpt>
      <trkpt lat="44.1411" lon="5.3443">
        <ele>1328.0</ele>
      </trkpt>
      <trkpt lat="44.1411" lon="5.34441">
        <ele>1328.0</ele>
      </trkpt>
      <trkpt lat="44.14113" lon="5.3445">
        <ele>1328.0</ele>
      </trkpt>
      <trkpt lat="44.14119" lon="5.34459">
        <ele>1328.0</ele>
      </trkpt>
      <trkpt lat="44.14144" lon="5.34481">
        <ele>1328.0</ele>
      </trkpt>
      <trkpt lat="44.1416" lon="5.34493">
        <ele>1327.0</ele>
      </trkpt>
      <trkpt lat="44.14178" lon="5.34502">
        <ele>1327.0</ele>
      </trkpt>
      <trkpt lat="44.14217" lon="5.34519">
        <ele>1324.0</ele>
      </trkpt>
      <trkpt lat="44.1424" lon="5.34527">
        <ele>1323.0</ele>
      </trkpt>
      <trkpt lat="44.14256" lon="5.34529">
        <ele>1322.0</ele>
      </trkpt>
      <trkpt lat="44.14271" lon="5.34529">
        <ele>1321.0</ele>
      </trkpt>
      <trkpt lat="44.143" lon="5.34526">
        <ele>1320.0</ele>
      </trkpt>
      <trkpt lat="44.14328" lon="5.34519">
        <ele>1320.0</ele>
      </trkpt>
      <trkpt lat="44.14345" lon="5.34513">
        <ele>1319.0</ele>
      </trkpt>
      <trkpt lat="44.14376" lon="5.34497">
        <ele>1319.0</ele>
      </trkpt>
      <trkpt lat="44.14416" lon="5.3447">
        <ele>1320.0</ele>
      </trkpt>
      <trkpt lat="44.14431" lon="5.34457">
        <ele>1320.0</ele>
      </trkpt>
      <trkpt lat="44.14488" lon="5.34403">
        <ele>1323.0</ele>
      </trkpt>
      <trkpt lat="44.14499" lon="5.34395">
        <ele>1324.0</ele>
      </trkpt>
      <trkpt lat="44.14508" lon="5.34389">
        <ele>1326.0</ele>
      </trkpt>
      <trkpt lat="44.14518" lon="5.34388">
        <ele>1327.0</ele>
      </trkpt>
      <trkpt lat="44.14527" lon="5.34391">
        <ele>1327.0</ele>
      </trkpt>
      <trkpt lat="44.14535" lon="5.34397">
        <ele>1326.0</ele>
      </trkpt>
      <trkpt lat="44.14545" lon="5.34409">
        <ele>1324.0</ele>
      </trkpt>
      <trkpt lat="44.14556" lon="5.34426">
        <ele>1320.0</ele>
      </trkpt>
      <trkpt lat="44.14576" lon="5.34458">
        <ele>1313.0</ele>
      </trkpt>
      <trkpt lat="44.14582" lon="5.34467">
        <ele>1311.0</ele>
      </trkpt>
      <trkpt lat="44.14589" lon="5.34474">
        <ele>1310.0</ele>
      </trkpt>
      <trkpt lat="44.14609" lon="5.34489">
        <ele>1309.0</ele>
      </trkpt>
      <trkpt lat="44.14619" lon="5.34495">
        <ele>1309.0</ele>
      </trkpt>
      <trkpt lat="44.14639" lon="5.34504">
        <ele>1309.0</ele>
      </trkpt>
      <trkpt lat="44.1465" lon="5.34507">
        <ele>1310.0</ele>
      </trkpt>
      <trkpt lat="44.14671" lon="5.34511">
        <ele>1311.0</ele>
      </trkpt>
      <trkpt lat="44.14718" lon="5.34516">
        <ele>1308.0</ele>
      </trkpt>
      <trkpt lat="44.14799" lon="5.34515">
        <ele>1306.0</ele>
      </trkpt>
      <trkpt lat="44.14861" lon="5.34506">
        <ele>1305.0</ele>
      </trkpt>
      <trkpt lat="44.14894" lon="5.345">
        <ele>1303.0</ele>
      </trkpt>
      <trkpt lat="44.14913" lon="5.34493">
        <ele>1304.0</ele>
      </trkpt>
      <trkpt lat="44.14921" lon="5.34487">
        <ele>1306.0</ele>
      </trkpt>
      <trkpt lat="44.14932" lon="5.34477">
        <ele>1309.0</ele>
      </trkpt>
      <trkpt lat="44.1494" lon="5.34474">
        <ele>1311.0</ele>
      </trkpt>
      <trkpt lat="44.14945" lon="5.34474">
        <ele>1311.0</ele>
      </trkpt>
      <trkpt lat="44.14953" lon="5.34478">
        <ele>1310.0</ele>
      </trkpt>
      <trkpt lat="44.14976" lon="5.34504">
        <ele>1302.0</ele>
      </trkpt>
      <trkpt lat="44.14985" lon="5.34511">
        <ele>1300.0</ele>
      </trkpt>
      <trkpt lat="44.14993" lon="5.34516">
        <ele>1299.0</ele>
      </trkpt>
      <trkpt lat="44.15004" lon="5.3452">
        <ele>1298.0</ele>
      </trkpt>
      <trkpt lat="44.15035" lon="5.34531">
        <ele>1296.0</ele>
      </trkpt>
      <trkpt lat="44.15065" lon="5.34537">
        <ele>1296.0</ele>
      </trkpt>
      <trkpt lat="44.15093" lon="5.3454">
        <ele>1296.0</ele>
      </trkpt>
      <trkpt lat="44.15109" lon="5.3454">
        <ele>1294.0</ele>
      </trkpt>
      <trkpt lat="44.15133" lon="5.34537">
        <ele>1293.0</ele>
      </trkpt>
      <trkpt lat="44.15147" lon="5.34533">
        <ele>1293.0</ele>
      </trkpt>
      <trkpt lat="44.15156" lon="5.34528">
        <ele>1294.0</ele>
      </trkpt>
      <trkpt lat="44.15164" lon="5.3452">
        <ele>1296.0</ele>
      </trkpt>
      <trkpt lat="44.1519" lon="5.34489">
        <ele>1307.0</ele>
      </trkpt>
      <trkpt lat="44.15197" lon="5.34485">
        <ele>1309.0</ele>
      </trkpt>
      <trkpt lat="44.15204" lon="5.34485">
        <ele>1309.0</ele>
      </trkpt>
      <trkpt lat="44.15211" lon="5.34486">
        <ele>1309.0</ele>
      </trkpt>
      <trkpt lat="44.15217" lon="5.3449">
        <ele>1307.0</ele>
      </trkpt>
      <trkpt lat="44.15226" lon="5.345">
        <ele>1304.0</ele>
      </trkpt>
      <trkpt lat="44.15244" lon="5.34536">
        <ele>1293.0</ele>
      </trkpt>
      <trkpt lat="44.15251" lon="5.34547">
        <ele>1290.0</ele>
      </trkpt>
      <trkpt lat="44.1526" lon="5.34558">
        <ele>1288.0</ele>
      </trkpt>
      <trkpt lat="44.1527" lon="5.34566">
        <ele>1287.0</ele>
      </trkpt>
      <trkpt lat="44.15279" lon="5.34572">
        <ele>1287.0</ele>
      </trkpt>
      <trkpt lat="44.15291" lon="5.34576">
        <ele>1288.0</ele>
      </trkpt>
      <trkpt lat="44.15326" lon="5.34585">
        <ele>1291.0</ele>
      </trkpt>
      <trkpt lat="44.15344" lon="5.34589">
        <ele>1290.0</ele>
      </trkpt>
      <trkpt lat="44.15367" lon="5.3459">
        <ele>1288.0</ele>
      </trkpt>
      <trkpt lat="44.15385" lon="5.34588">
        <ele>1287.0</ele>
      </trkpt>
      <trkpt lat="44.15395" lon="5.34585">
        <ele>1287.0</ele>
      </trkpt>
      <trkpt lat="44.15409" lon="5.34578">
        <ele>1288.0</ele>
      </trkpt>
      <trkpt lat="44.1542" lon="5.3457">
        <ele>1289.0</ele>
      </trkpt>
      <trkpt lat="44.1543" lon="5.34559">
        <ele>1290.0</ele>
      </trkpt>
      <trkpt lat="44.1544" lon="5.34546">
        <ele>1291.0</ele>
      </trkpt>
      <trkpt lat="44.15448" lon="5.34532">
        <ele>1293.0</ele>
      </trkpt>
      <trkpt lat="44.15464" lon="5.34502">
        <ele>1296.0</ele>
      </trkpt>
      <trkpt lat="44.15482" lon="5.3446">
        <ele>1301.0</ele>
      </trkpt>
      <trkpt lat="44.15486" lon="5.34455">
        <ele>1301.0</ele>
      </trkpt>
      <trkpt lat="44.15491" lon="5.34452">
        <ele>1301.0</ele>
      </trkpt>
      <trkpt lat="44.15496" lon="5.34452">
        <ele>1299.0</ele>
      </trkpt>
      <trkpt lat="44.155" lon="5.34453">
        <ele>1298.0</ele>
      </trkpt>
      <trkpt lat="44.15503" lon="5.34456">
        <ele>1298.0</ele>
      </trkpt>
      <trkpt lat="44.15508" lon="5.34462">
        <ele>1297.0</ele>
      </trkpt>
      <trkpt lat="44.15512" lon="5.34469">
        <ele>1297.0</ele>
      </trkpt>
      <trkpt lat="44.1553" lon="5.34506">
        <ele>1291.0</ele>
      </trkpt>
      <trkpt lat="44.15545" lon="5.34545">
        <ele>1285.0</ele>
      </trkpt>
      <trkpt lat="44.15552" lon="5.34558">
        <ele>1284.0</ele>
      </trkpt>
      <trkpt lat="44.15557" lon="5.34566">
        <ele>1283.0</ele>
      </trkpt>
      <trkpt lat="44.15565" lon="5.34576">
        <ele>1282.0</ele>
      </trkpt>
      <trkpt lat="44.1558" lon="5.3459">
        <ele>1282.0</ele>
      </trkpt>
      <trkpt lat="44.15598" lon="5.34609">
        <ele>1282.0</ele>
      </trkpt>
      <trkpt lat="44.15606" lon="5.34622">
        <ele>1282.0</ele>
      </trkpt>
      <trkpt lat="44.15614" lon="5.34635">
        <ele>1281.0</ele>
      </trkpt>
      <trkpt lat="44.15629" lon="5.34664">
        <ele>1277.0</ele>
      </trkpt>
      <trkpt lat="44.15637" lon="5.34677">
        <ele>1276.0</ele>
      </trkpt>
      <trkpt lat="44.15646" lon="5.34689">
        <ele>1275.0</ele>
      </trkpt>
      <trkpt lat="44.15671" lon="5.34711">
        <ele>1273.0</ele>
      </trkpt>
      <trkpt lat="44.15702" lon="5.34731">
        <ele>1272.0</ele>
      </trkpt>
      <trkpt lat="44.15728" lon="5.34742">
        <ele>1272.0</ele>
      </trkpt>
      <trkpt lat="44.15753" lon="5.34747">
        <ele>1274.0</ele>
      </trkpt>
      <trkpt lat="44.15758" lon="5.3475">
        <ele>1275.0</ele>
      </trkpt>
      <trkpt lat="44.15764" lon="5.34756">
        <ele>1276.0</ele>
      </trkpt>
      <trkpt lat="44.15767" lon="5.34763">
        <ele>1277.0</ele>
      </trkpt>
      <trkpt lat="44.1577" lon="5.34769">
        <ele>1277.0</ele>
      </trkpt>
      <trkpt lat="44.1577" lon="5.3478">
        <ele>1277.0</ele>
      </trkpt>
      <trkpt lat="44.15768" lon="5.34786">
        <ele>1276.0</ele>
      </trkpt>
      <trkpt lat="44.15766" lon="5.34791">
        <ele>1275.0</ele>
      </trkpt>
      <trkpt lat="44.15754" lon="5.34801">
        <ele>1273.0</ele>
      </trkpt>
      <trkpt lat="44.15725" lon="5.34813">
        <ele>1267.0</ele>
      </trkpt>
      <trkpt lat="44.15717" lon="5.34818">
        <ele>1265.0</ele>
      </trkpt>
      <trkpt lat="44.15705" lon="5.34829">
        <ele>1262.0</ele>
      </trkpt>
      <trkpt lat="44.15693" lon="5.34845">
        <ele>1260.0</ele>
      </trkpt>
      <trkpt lat="44.1569" lon="5.34854">
        <ele>1260.0</ele>
      </trkpt>
      <trkpt lat="44.15688" lon="5.3486">
        <ele>1260.0</ele>
      </trkpt>
      <trkpt lat="44.15688" lon="5.34869">
        <ele>1260.0</ele>
      </trkpt>
      <trkpt lat="44.1569" lon="5.34878">
        <ele>1261.0</ele>
      </trkpt>
      <trkpt lat="44.15696" lon="5.34892">
        <ele>1263.0</ele>
      </trkpt>
      <trkpt lat="44.15705" lon="5.3491">
        <ele>1266.0</ele>
      </trkpt>
      <trkpt lat="44.15715" lon="5.34927">
        <ele>1271.0</ele>
      </trkpt>
      <trkpt lat="44.15721" lon="5.3494">
        <ele>1274.0</ele>
      </trkpt>
      <trkpt lat="44.15724" lon="5.34949">
        <ele>1275.0</ele>
      </trkpt>
      <trkpt lat="44.15725" lon="5.34956">
        <ele>1276.0</ele>
      </trkpt>
      <trkpt lat="44.15724" lon="5.34961">
        <ele>1277.0</ele>
      </trkpt>
      <trkpt lat="44.15723" lon="5.34966">
        <ele>1277.0</ele>
      </trkpt>
      <trkpt lat="44.1572" lon="5.34969">
        <ele>1277.0</ele>
      </trkpt>
      <trkpt lat="44.15717" lon="5.34972">
        <ele>1277.0</ele>
      </trkpt>
      <trkpt lat="44.15702" lon="5.34975">
        <ele>1276.0</ele>
      </trkpt>
      <trkpt lat="44.15688" lon="5.34975">
        <ele>1274.0</ele>
      </trkpt>
      <trkpt lat="44.15673" lon="5.34973">
        <ele>1271.0</ele>
      </trkpt>
      <trkpt lat="44.15662" lon="5.34971">
        <ele>1270.0</ele>
      </trkpt>
      <trkpt lat="44.15649" lon="5.34965">
        <ele>1268.0</ele>
      </trkpt>
      <trkpt lat="44.15618" lon="5.34944">
        <ele>1261.0</ele>
      </trkpt>
      <trkpt lat="44.15606" lon="5.34939">
        <ele>1258.0</ele>
      </trkpt>
      <trkpt lat="44.15594" lon="5.34937">
        <ele>1257.0</ele>
      </trkpt>
      <trkpt lat="44.15585" lon="5.34938">
        <ele>1256.0</ele>
      </trkpt>
      <trkpt lat="44.15566" lon="5.34941">
        <ele>1254.0</ele>
      </trkpt>
      <trkpt lat="44.15555" lon="5.34944">
        <ele>1253.0</ele>
      </trkpt>
      <trkpt lat="44.15541" lon="5.34951">
        <ele>1253.0</ele>
      </trkpt>
      <trkpt lat="44.15527" lon="5.3496">
        <ele>1254.0</ele>
      </trkpt>
      <trkpt lat="44.15514" lon="5.3497">
        <ele>1255.0</ele>
      </trkpt>
      <trkpt lat="44.15502" lon="5.34977">
        <ele>1256.0</ele>
      </trkpt>
      <trkpt lat="44.15484" lon="5.34986">
        <ele>1258.0</ele>
      </trkpt>
      <trkpt lat="44.15458" lon="5.34997">
        <ele>1259.0</ele>
      </trkpt>
      <trkpt lat="44.15449" lon="5.34999">
        <ele>1259.0</ele>
      </trkpt>
      <trkpt lat="44.15442" lon="5.35">
        <ele>1258.0</ele>
      </trkpt>
      <trkpt lat="44.15434" lon="5.34999">
        <ele>1257.0</ele>
      </trkpt>
      <trkpt lat="44.1541" lon="5.34995">
        <ele>1252.0</ele>
      </trkpt>
      <trkpt lat="44.15396" lon="5.34994">
        <ele>1249.0</ele>
      </trkpt>
      <trkpt lat="44.15375" lon="5.34995">
        <ele>1246.0</ele>
      </trkpt>
      <trkpt lat="44.15352" lon="5.34999">
        <ele>1244.0</ele>
      </trkpt>
      <trkpt lat="44.15324" lon="5.35011">
        <ele>1242.0</ele>
      </trkpt>
      <trkpt lat="44.15313" lon="5.3502">
        <ele>1241.0</ele>
      </trkpt>
      <trkpt lat="44.15304" lon="5.3503">
        <ele>1240.0</ele>
      </trkpt>
      <trkpt lat="44.15295" lon="5.35045">
        <ele>1241.0</ele>
      </trkpt>
      <trkpt lat="44.15288" lon="5.35059">
        <ele>1242.0</ele>
      </trkpt>
      <trkpt lat="44.15284" lon="5.35074">
        <ele>1243.0</ele>
      </trkpt>
      <trkpt lat="44.15281" lon="5.35089">
        <ele>1244.0</ele>
      </trkpt>
      <trkpt lat="44.15279" lon="5.35122">
        <ele>1245.0</ele>
      </trkpt>
      <trkpt lat="44.15277" lon="5.35189">
        <ele>1246.0</ele>
      </trkpt>
      <trkpt lat="44.15275" lon="5.35206">
        <ele>1245.0</ele>
      </trkpt>
      <trkpt lat="44.15271" lon="5.35221">
        <ele>1244.0</ele>
      </trkpt>
      <trkpt lat="44.15265" lon="5.35238">
        <ele>1243.0</ele>
      </trkpt>
      <trkpt lat="44.15242" lon="5.35289">
        <ele>1238.0</ele>
      </trkpt>
      <trkpt lat="44.15232" lon="5.35318">
        <ele>1237.0</ele>
      </trkpt>
      <trkpt lat="44.15219" lon="5.3539">
        <ele>1233.0</ele>
      </trkpt>
      <trkpt lat="44.15219" lon="5.35405">
        <ele>1233.0</ele>
      </trkpt>
      <trkpt lat="44.15221" lon="5.35427">
        <ele>1233.0</ele>
      </trkpt>
      <trkpt lat="44.15221" lon="5.35437">
        <ele>1234.0</ele>
      </trkpt>
      <trkpt lat="44.15219" lon="5.35445">
        <ele>1234.0</ele>
      </trkpt>
      <trkpt lat="44.15215" lon="5.35451">
        <ele>1233.0</ele>
      </trkpt>
      <trkpt lat="44.1521" lon="5.35456">
        <ele>1233.0</ele>
      </trkpt>
      <trkpt lat="44.15202" lon="5.35459">
        <ele>1231.0</ele>
      </trkpt>
      <trkpt lat="44.15186" lon="5.35464">
        <ele>1228.0</ele>
      </trkpt>
      <trkpt lat="44.15176" lon="5.35469">
        <ele>1226.0</ele>
      </trkpt>
      <trkpt lat="44.15145" lon="5.35499">
        <ele>1223.0</ele>
      </trkpt>
      <trkpt lat="44.15133" lon="5.35513">
        <ele>1222.0</ele>
      </trkpt>
      <trkpt lat="44.15127" lon="5.35523">
        <ele>1222.0</ele>
      </trkpt>
      <trkpt lat="44.15118" lon="5.35548">
        <ele>1223.0</ele>
      </trkpt>
      <trkpt lat="44.15115" lon="5.35553">
        <ele>1224.0</ele>
      </trkpt>
      <trkpt lat="44.15111" lon="5.35556">
        <ele>1223.0</ele>
      </trkpt>
      <trkpt lat="44.15107" lon="5.35558">
        <ele>1223.0</ele>
      </trkpt>
      <trkpt lat="44.15098" lon="5.35556">
        <ele>1222.0</ele>
      </trkpt>
      <trkpt lat="44.15092" lon="5.35552">
        <ele>1221.0</ele>
      </trkpt>
      <trkpt lat="44.15066" lon="5.35516">
        <ele>1214.0</ele>
      </trkpt>
      <trkpt lat="44.15061" lon="5.3551">
        <ele>1213.0</ele>
      </trkpt>
      <trkpt lat="44.15052" lon="5.35505">
        <ele>1212.0</ele>
      </trkpt>
      <trkpt lat="44.15041" lon="5.35501">
        <ele>1211.0</ele>
      </trkpt>
      <trkpt lat="44.15032" lon="5.355">
        <ele>1210.0</ele>
      </trkpt>
      <trkpt lat="44.15019" lon="5.35499">
        <ele>1208.0</ele>
      </trkpt>
      <trkpt lat="44.15007" lon="5.35501">
        <ele>1208.0</ele>
      </trkpt>
      <trkpt lat="44.14998" lon="5.35504">
        <ele>1207.0</ele>
      </trkpt>
      <trkpt lat="44.14986" lon="5.35511">
        <ele>1206.0</ele>
      </trkpt>
      <trkpt lat="44.14971" lon="5.35522">
        <ele>1205.0</ele>
      </trkpt>
      <trkpt lat="44.14951" lon="5.35539">
        <ele>1203.0</ele>
      </trkpt>
      <trkpt lat="44.14924" lon="5.35572">
        <ele>1202.0</ele>
      </trkpt>
      <trkpt lat="44.14906" lon="5.35598">
        <ele>1200.0</ele>
      </trkpt>
      <trkpt lat="44.14898" lon="5.35612">
        <ele>1199.0</ele>
      </trkpt>
      <trkpt lat="44.14885" lon="5.3564">
        <ele>1197.0</ele>
      </trkpt>
      <trkpt lat="44.14879" lon="5.35655">
        <ele>1197.0</ele>
      </trkpt>
      <trkpt lat="44.14875" lon="5.35671">
        <ele>1196.0</ele>
      </trkpt>
      <trkpt lat="44.14871" lon="5.35687">
        <ele>1194.0</ele>
      </trkpt>
      <trkpt lat="44.14869" lon="5.35706">
        <ele>1193.0</ele>
      </trkpt>
      <trkpt lat="44.14868" lon="5.35721">
        <ele>1192.0</ele>
      </trkpt>
      <trkpt lat="44.14869" lon="5.3574">
        <ele>1191.0</ele>
      </trkpt>
      <trkpt lat="44.14872" lon="5.35765">
        <ele>1190.0</ele>
      </trkpt>
      <trkpt lat="44.14893" lon="5.3586">
        <ele>1186.0</ele>
      </trkpt>
      <trkpt lat="44.14898" lon="5.35873">
        <ele>1185.0</ele>
      </trkpt>
      <trkpt lat="44.14905" lon="5.35883">
        <ele>1186.0</ele>
      </trkpt>
      <trkpt lat="44.14914" lon="5.35892">
        <ele>1186.0</ele>
      </trkpt>
      <trkpt lat="44.14943" lon="5.3592">
        <ele>1189.0</ele>
      </trkpt>
      <trkpt lat="44.14949" lon="5.35928">
        <ele>1191.0</ele>
      </trkpt>
      <trkpt lat="44.14952" lon="5.35936">
        <ele>1192.0</ele>
      </trkpt>
      <trkpt lat="44.14953" lon="5.35943">
        <ele>1193.0</ele>
      </trkpt>
      <trkpt lat="44.14953" lon="5.35949">
        <ele>1193.0</ele>
      </trkpt>
      <trkpt lat="44.1495" lon="5.35955">
        <ele>1193.0</ele>
      </trkpt>
      <trkpt lat="44.14947" lon="5.35961">
        <ele>1193.0</ele>
      </trkpt>
      <trkpt lat="44.14943" lon="5.35965">
        <ele>1193.0</ele>
      </trkpt>
      <trkpt lat="44.14938" lon="5.35966">
        <ele>1192.0</ele>
      </trkpt>
      <trkpt lat="44.14929" lon="5.35964">
        <ele>1191.0</ele>
      </trkpt>
      <trkpt lat="44.14802" lon="5.3592">
        <ele>1171.0</ele>
      </trkpt>
      <trkpt lat="44.14776" lon="5.35911">
        <ele>1168.0</ele>
      </trkpt>
      <trkpt lat="44.14762" lon="5.35911">
        <ele>1167.0</ele>
      </trkpt>
      <trkpt lat="44.14747" lon="5.35914">
        <ele>1165.0</ele>
      </trkpt>
      <trkpt lat="44.1472" lon="5.35921">
        <ele>1163.0</ele>
      </trkpt>
      <trkpt lat="44.14706" lon="5.35925">
        <ele>1162.0</ele>
      </trkpt>
      <trkpt lat="44.14693" lon="5.35931">
        <ele>1161.0</ele>
      </trkpt>
      <trkpt lat="44.1468" lon="5.35939">
        <ele>1161.0</ele>
      </trkpt>
      <trkpt lat="44.14668" lon="5.35948">
        <ele>1160.0</ele>
      </trkpt>
      <trkpt lat="44.14657" lon="5.35959">
        <ele>1159.0</ele>
      </trkpt>
      <trkpt lat="44.14641" lon="5.35981">
        <ele>1157.0</ele>
      </trkpt>
      <trkpt lat="44.14626" lon="5.36012">
        <ele>1156.0</ele>
      </trkpt>
      <trkpt lat="44.14618" lon="5.36034">
        <ele>1156.0</ele>
      </trkpt>
      <trkpt lat="44.14611" lon="5.36056">
        <ele>1155.0</ele>
      </trkpt>
      <trkpt lat="44.14606" lon="5.36077">
        <ele>1155.0</ele>
      </trkpt>
      <trkpt lat="44.14601" lon="5.36108">
        <ele>1154.0</ele>
      </trkpt>
      <trkpt lat="44.14599" lon="5.36128">
        <ele>1154.0</ele>
      </trkpt>
      <trkpt lat="44.14598" lon="5.36144">
        <ele>1154.0</ele>
      </trkpt>
      <trkpt lat="44.14598" lon="5.36177">
        <ele>1153.0</ele>
      </trkpt>
      <trkpt lat="44.14604" lon="5.36247">
        <ele>1151.0</ele>
      </trkpt>
      <trkpt lat="44.14604" lon="5.36264">
        <ele>1151.0</ele>
      </trkpt>
      <trkpt lat="44.14603" lon="5.36279">
        <ele>1151.0</ele>
      </trkpt>
      <trkpt lat="44.14598" lon="5.36297">
        <ele>1150.0</ele>
      </trkpt>
      <trkpt lat="44.14593" lon="5.36306">
        <ele>1149.0</ele>
      </trkpt>
      <trkpt lat="44.14581" lon="5.36321">
        <ele>1147.0</ele>
      </trkpt>
      <trkpt lat="44.14554" lon="5.3635">
        <ele>1145.0</ele>
      </trkpt>
      <trkpt lat="44.14528" lon="5.36379">
        <ele>1143.0</ele>
      </trkpt>
      <trkpt lat="44.1452" lon="5.36389">
        <ele>1142.0</ele>
      </trkpt>
      <trkpt lat="44.14513" lon="5.36401">
        <ele>1142.0</ele>
      </trkpt>
      <trkpt lat="44.14509" lon="5.36412">
        <ele>1142.0</ele>
      </trkpt>
      <trkpt lat="44.14507" lon="5.36424">
        <ele>1141.0</ele>
      </trkpt>
      <trkpt lat="44.14506" lon="5.36437">
        <ele>1141.0</ele>
      </trkpt>
      <trkpt lat="44.14507" lon="5.36448">
        <ele>1140.0</ele>
      </trkpt>
      <trkpt lat="44.14509" lon="5.3646">
        <ele>1140.0</ele>
      </trkpt>
      <trkpt lat="44.14512" lon="5.36472">
        <ele>1139.0</ele>
      </trkpt>
      <trkpt lat="44.14542" lon="5.36542">
        <ele>1138.0</ele>
      </trkpt>
      <trkpt lat="44.14579" lon="5.36622">
        <ele>1139.0</ele>
      </trkpt>
      <trkpt lat="44.14583" lon="5.36635">
        <ele>1140.0</ele>
      </trkpt>
      <trkpt lat="44.14584" lon="5.36645">
        <ele>1140.0</ele>
      </trkpt>
      <trkpt lat="44.14581" lon="5.36653">
        <ele>1140.0</ele>
      </trkpt>
      <trkpt lat="44.14577" lon="5.3666">
        <ele>1140.0</ele>
      </trkpt>
      <trkpt lat="44.14572" lon="5.36664">
        <ele>1139.0</ele>
      </trkpt>
      <trkpt lat="44.14566" lon="5.36665">
        <ele>1139.0</ele>
      </trkpt>
      <trkpt lat="44.14533" lon="5.36661">
        <ele>1137.0</ele>
      </trkpt>
      <trkpt lat="44.14495" lon="5.36653">
        <ele>1133.0</ele>
      </trkpt>
      <trkpt lat="44.14475" lon="5.36651">
        <ele>1131.0</ele>
      </trkpt>
      <trkpt lat="44.1445" lon="5.36653">
        <ele>1128.0</ele>
      </trkpt>
      <trkpt lat="44.1443" lon="5.36657">
        <ele>1126.0</ele>
      </trkpt>
      <trkpt lat="44.14414" lon="5.36661">
        <ele>1124.0</ele>
      </trkpt>
      <trkpt lat="44.14399" lon="5.36667">
        <ele>1122.0</ele>
      </trkpt>
      <trkpt lat="44.14383" lon="5.36676">
        <ele>1121.0</ele>
      </trkpt>
      <trkpt lat="44.14342" lon="5.36706">
        <ele>1118.0</ele>
      </trkpt>
      <trkpt lat="44.14329" lon="5.36721">
        <ele>1117.0</ele>
      </trkpt>
      <trkpt lat="44.14317" lon="5.36737">
        <ele>1116.0</ele>
      </trkpt>
      <trkpt lat="44.14299" lon="5.36763">
        <ele>1114.0</ele>
      </trkpt>
      <trkpt lat="44.14291" lon="5.36779">
        <ele>1112.0</ele>
      </trkpt>
      <trkpt lat="44.14283" lon="5.36797">
        <ele>1111.0</ele>
      </trkpt>
      <trkpt lat="44.14278" lon="5.36816">
        <ele>1110.0</ele>
      </trkpt>
      <trkpt lat="44.14272" lon="5.36859">
        <ele>1109.0</ele>
      </trkpt>
      <trkpt lat="44.14269" lon="5.36909">
        <ele>1109.0</ele>
      </trkpt>
      <trkpt lat="44.14266" lon="5.36964">
        <ele>1109.0</ele>
      </trkpt>
      <trkpt lat="44.14262" lon="5.37004">
        <ele>1109.0</ele>
      </trkpt>
      <trkpt lat="44.1426" lon="5.37016">
        <ele>1108.0</ele>
      </trkpt>
      <trkpt lat="44.14255" lon="5.37027">
        <ele>1107.0</ele>
      </trkpt>
      <trkpt lat="44.14237" lon="5.37053">
        <ele>1105.0</ele>
      </trkpt>
      <trkpt lat="44.14229" lon="5.3706">
        <ele>1105.0</ele>
      </trkpt>
      <trkpt lat="44.14222" lon="5.37063">
        <ele>1105.0</ele>
      </trkpt>
      <trkpt lat="44.14216" lon="5.37063">
        <ele>1105.0</ele>
      </trkpt>
      <trkpt lat="44.1421" lon="5.37062">
        <ele>1105.0</ele>
      </trkpt>
      <trkpt lat="44.14202" lon="5.37055">
        <ele>1105.0</ele>
      </trkpt>
      <trkpt lat="44.14197" lon="5.37048">
        <ele>1105.0</ele>
      </trkpt>
      <trkpt lat="44.14194" lon="5.37038">
        <ele>1105.0</ele>
      </trkpt>
      <trkpt lat="44.14185" lon="5.36991">
        <ele>1104.0</ele>
      </trkpt>
      <trkpt lat="44.1418" lon="5.36975">
        <ele>1103.0</ele>
      </trkpt>
      <trkpt lat="44.14173" lon="5.36954">
        <ele>1101.0</ele>
      </trkpt>
      <trkpt lat="44.14151" lon="5.36912">
        <ele>1097.0</ele>
      </trkpt>
      <trkpt lat="44.14141" lon="5.36896">
        <ele>1096.0</ele>
      </trkpt>
      <trkpt lat="44.1413" lon="5.36881">
        <ele>1094.0</ele>
      </trkpt>
      <trkpt lat="44.14113" lon="5.36862">
        <ele>1092.0</ele>
      </trkpt>
      <trkpt lat="44.14083" lon="5.36834">
        <ele>1088.0</ele>
      </trkpt>
      <trkpt lat="44.14059" lon="5.36818">
        <ele>1086.0</ele>
      </trkpt>
      <trkpt lat="44.14047" lon="5.36811">
        <ele>1084.0</ele>
      </trkpt>
      <trkpt lat="44.14012" lon="5.36796">
        <ele>1082.0</ele>
      </trkpt>
      <trkpt lat="44.13998" lon="5.36791">
        <ele>1081.0</ele>
      </trkpt>
      <trkpt lat="44.13979" lon="5.36788">
        <ele>1079.0</ele>
      </trkpt>
      <trkpt lat="44.13952" lon="5.36785">
        <ele>1076.0</ele>
      </trkpt>
      <trkpt lat="44.13922" lon="5.36784">
        <ele>1074.0</ele>
      </trkpt>
      <trkpt lat="44.13905" lon="5.36784">
        <ele>1072.0</ele>
      </trkpt>
      <trkpt lat="44.13895" lon="5.36786">
        <ele>1071.0</ele>
      </trkpt>
      <trkpt lat="44.13884" lon="5.3679">
        <ele>1070.0</ele>
      </trkpt>
      <trkpt lat="44.13861" lon="5.36801">
        <ele>1069.0</ele>
      </trkpt>
      <trkpt lat="44.13838" lon="5.36816">
        <ele>1068.0</ele>
      </trkpt>
      <trkpt lat="44.13827" lon="5.36824">
        <ele>1068.0</ele>
      </trkpt>
      <trkpt lat="44.13809" lon="5.36844">
        <ele>1067.0</ele>
      </trkpt>
      <trkpt lat="44.13785" lon="5.36875">
        <ele>1066.0</ele>
      </trkpt>
      <trkpt lat="44.1377" lon="5.36893">
        <ele>1065.0</ele>
      </trkpt>
      <trkpt lat="44.13753" lon="5.36908">
        <ele>1064.0</ele>
      </trkpt>
      <trkpt lat="44.13732" lon="5.36921">
        <ele>1062.0</ele>
      </trkpt>
      <trkpt lat="44.13712" lon="5.36929">
        <ele>1061.0</ele>
      </trkpt>
      <trkpt lat="44.13669" lon="5.36944">
        <ele>1057.0</ele>
      </trkpt>
      <trkpt lat="44.13635" lon="5.36951">
        <ele>1054.0</ele>
      </trkpt>
      <trkpt lat="44.13622" lon="5.36955">
        <ele>1052.0</ele>
      </trkpt>
      <trkpt lat="44.1361" lon="5.3696">
        <ele>1051.0</ele>
      </trkpt>
      <trkpt lat="44.13573" lon="5.36981">
        <ele>1048.0</ele>
      </trkpt>
      <trkpt lat="44.1353" lon="5.37013">
        <ele>1045.0</ele>
      </trkpt>
      <trkpt lat="44.13498" lon="5.37037">
        <ele>1042.0</ele>
      </trkpt>
      <trkpt lat="44.13463" lon="5.37061">
        <ele>1039.0</ele>
      </trkpt>
      <trkpt lat="44.13445" lon="5.37076">
        <ele>1037.0</ele>
      </trkpt>
      <trkpt lat="44.13439" lon="5.37085">
        <ele>1037.0</ele>
      </trkpt>
      <trkpt lat="44.13436" lon="5.37095">
        <ele>1036.0</ele>
      </trkpt>
      <trkpt lat="44.13434" lon="5.37107">
        <ele>1036.0</ele>
      </trkpt>
      <trkpt lat="44.13434" lon="5.37117">
        <ele>1035.0</ele>
      </trkpt>
      <trkpt lat="44.13435" lon="5.37127">
        <ele>1035.0</ele>
      </trkpt>
      <trkpt lat="44.13439" lon="5.37136">
        <ele>1035.0</ele>
      </trkpt>
      <trkpt lat="44.13445" lon="5.37147">
        <ele>1035.0</ele>
      </trkpt>
      <trkpt lat="44.13553" lon="5.37285">
        <ele>1030.0</ele>
      </trkpt>
      <trkpt lat="44.1357" lon="5.37304">
        <ele>1029.0</ele>
      </trkpt>
      <trkpt lat="44.13578" lon="5.37311">
        <ele>1028.0</ele>
      </trkpt>
      <trkpt lat="44.13596" lon="5.37324">
        <ele>1028.0</ele>
      </trkpt>
      <trkpt lat="44.13634" lon="5.37344">
        <ele>1031.0</ele>
      </trkpt>
      <trkpt lat="44.13641" lon="5.3735">
        <ele>1031.0</ele>
      </trkpt>
      <trkpt lat="44.13645" lon="5.37358">
        <ele>1031.0</ele>
      </trkpt>
      <trkpt lat="44.13646" lon="5.37368">
        <ele>1031.0</ele>
      </trkpt>
      <trkpt lat="44.13646" lon="5.37378">
        <ele>1031.0</ele>
      </trkpt>
      <trkpt lat="44.13642" lon="5.37387">
        <ele>1030.0</ele>
      </trkpt>
      <trkpt lat="44.13637" lon="5.37393">
        <ele>1029.0</ele>
      </trkpt>
      <trkpt lat="44.1363" lon="5.37396">
        <ele>1028.0</ele>
      </trkpt>
      <trkpt lat="44.13581" lon="5.37403">
        <ele>1022.0</ele>
      </trkpt>
      <trkpt lat="44.13553" lon="5.37409">
        <ele>1019.0</ele>
      </trkpt>
      <trkpt lat="44.13502" lon="5.37422">
        <ele>1014.0</ele>
      </trkpt>
      <trkpt lat="44.13441" lon="5.3744">
        <ele>1009.0</ele>
      </trkpt>
      <trkpt lat="44.13432" lon="5.37443">
        <ele>1008.0</ele>
      </trkpt>
      <trkpt lat="44.13404" lon="5.3745">
        <ele>1007.0</ele>
      </trkpt>
      <trkpt lat="44.13392" lon="5.37452">
        <ele>1007.0</ele>
      </trkpt>
      <trkpt lat="44.1338" lon="5.37451">
        <ele>1007.0</ele>
      </trkpt>
      <trkpt lat="44.13365" lon="5.37447">
        <ele>1007.0</ele>
      </trkpt>
      <trkpt lat="44.13317" lon="5.37433">
        <ele>1004.0</ele>
      </trkpt>
      <trkpt lat="44.13276" lon="5.37418">
        <ele>1001.0</ele>
      </trkpt>
      <trkpt lat="44.13126" lon="5.37338">
        <ele>990.0</ele>
      </trkpt>
      <trkpt lat="44.13098" lon="5.37326">
        <ele>988.0</ele>
      </trkpt>
      <trkpt lat="44.13045" lon="5.37312">
        <ele>984.0</ele>
      </trkpt>
      <trkpt lat="44.13033" lon="5.37312">
        <ele>984.0</ele>
      </trkpt>
      <trkpt lat="44.13021" lon="5.37313">
        <ele>983.0</ele>
      </trkpt>
      <trkpt lat="44.13008" lon="5.37315">
        <ele>982.0</ele>
      </trkpt>
      <trkpt lat="44.12989" lon="5.37323">
        <ele>982.0</ele>
      </trkpt>
      <trkpt lat="44.12947" lon="5.37343">
        <ele>979.0</ele>
      </trkpt>
      <trkpt lat="44.12938" lon="5.37346">
        <ele>978.0</ele>
      </trkpt>
      <trkpt lat="44.12925" lon="5.37348">
        <ele>977.0</ele>
      </trkpt>
      <trkpt lat="44.12897" lon="5.37351">
        <ele>975.0</ele>
      </trkpt>
      <trkpt lat="44.12844" lon="5.37353">
        <ele>971.0</ele>
      </trkpt>
      <trkpt lat="44.12822" lon="5.37351">
        <ele>970.0</ele>
      </trkpt>
      <trkpt lat="44.12805" lon="5.37348">
        <ele>969.0</ele>
      </trkpt>
      <trkpt lat="44.12786" lon="5.37344">
        <ele>968.0</ele>
      </trkpt>
      <trkpt lat="44.12688" lon="5.3731">
        <ele>961.0</ele>
      </trkpt>
      <trkpt lat="44.12655" lon="5.37303">
        <ele>959.0</ele>
      </trkpt>
      <trkpt lat="44.12634" lon="5.37302">
        <ele>958.0</ele>
      </trkpt>
      <trkpt lat="44.12499" lon="5.37303">
        <ele>951.0</ele>
      </trkpt>
      <trkpt lat="44.12471" lon="5.37308">
        <ele>949.0</ele>
      </trkpt>
      <trkpt lat="44.12446" lon="5.37315">
        <ele>948.0</ele>
      </trkpt>
      <trkpt lat="44.12433" lon="5.3732">
        <ele>947.0</ele>
      </trkpt>
      <trkpt lat="44.12414" lon="5.3733">
        <ele>946.0</ele>
      </trkpt>
      <trkpt lat="44.12394" lon="5.37344">
        <ele>945.0</ele>
      </trkpt>
      <trkpt lat="44.1237" lon="5.37363">
        <ele>943.0</ele>
      </trkpt>
      <trkpt lat="44.12357" lon="5.37375">
        <ele>942.0</ele>
      </trkpt>
      <trkpt lat="44.1234" lon="5.37394">
        <ele>941.0</ele>
      </trkpt>
      <trkpt lat="44.12277" lon="5.37466">
        <ele>937.0</ele>
      </trkpt>
      <trkpt lat="44.12233" lon="5.37524">
        <ele>934.0</ele>
      </trkpt>
      <trkpt lat="44.12199" lon="5.37575">
        <ele>930.0</ele>
      </trkpt>
      <trkpt lat="44.12187" lon="5.37597">
        <ele>928.0</ele>
      </trkpt>
      <trkpt lat="44.1218" lon="5.37612">
        <ele>927.0</ele>
      </trkpt>
      <trkpt lat="44.12172" lon="5.3763">
        <ele>925.0</ele>
      </trkpt>
      <trkpt lat="44.12158" lon="5.37669">
        <ele>921.0</ele>
      </trkpt>
      <trkpt lat="44.12144" lon="5.37724">
        <ele>918.0</ele>
      </trkpt>
      <trkpt lat="44.12127" lon="5.37792">
        <ele>916.0</ele>
      </trkpt>
      <trkpt lat="44.12115" lon="5.37837">
        <ele>915.0</ele>
      </trkpt>
      <trkpt lat="44.1211" lon="5.3785">
        <ele>915.0</ele>
      </trkpt>
      <trkpt lat="44.12103" lon="5.37864">
        <ele>914.0</ele>
      </trkpt>
      <trkpt lat="44.12089" lon="5.37882">
        <ele>914.0</ele>
      </trkpt>
      <trkpt lat="44.12023" lon="5.37959">
        <ele>908.0</ele>
      </trkpt>
      <trkpt lat="44.12002" lon="5.37987">
        <ele>906.0</ele>
      </trkpt>
      <trkpt lat="44.11944" lon="5.38079">
        <ele>899.0</ele>
      </trkpt>
      <trkpt lat="44.11921" lon="5.38116">
        <ele>897.0</ele>
      </trkpt>
      <trkpt lat="44.11913" lon="5.38132">
        <ele>897.0</ele>
      </trkpt>
      <trkpt lat="44.11909" lon="5.38146">
        <ele>897.0</ele>
      </trkpt>
      <trkpt lat="44.11905" lon="5.38161">
        <ele>897.0</ele>
      </trkpt>
      <trkpt lat="44.11902" lon="5.38184">
        <ele>897.0</ele>
      </trkpt>
      <trkpt lat="44.11901" lon="5.38199">
        <ele>897.0</ele>
      </trkpt>
      <trkpt lat="44.11898" lon="5.38211">
        <ele>896.0</ele>
      </trkpt>
      <trkpt lat="44.11893" lon="5.38224">
        <ele>896.0</ele>
      </trkpt>
      <trkpt lat="44.11886" lon="5.38234">
        <ele>895.0</ele>
      </trkpt>
      <trkpt lat="44.1186" lon="5.38261">
        <ele>892.0</ele>
      </trkpt>
      <trkpt lat="44.11753" lon="5.38369">
        <ele>880.0</ele>
      </trkpt>
      <trkpt lat="44.11738" lon="5.38386">
        <ele>879.0</ele>
      </trkpt>
      <trkpt lat="44.1173" lon="5.384">
        <ele>878.0</ele>
      </trkpt>
      <trkpt lat="44.11723" lon="5.38417">
        <ele>877.0</ele>
      </trkpt>
      <trkpt lat="44.11718" lon="5.38434">
        <ele>876.0</ele>
      </trkpt>
      <trkpt lat="44.11716" lon="5.38451">
        <ele>876.0</ele>
      </trkpt>
      <trkpt lat="44.11715" lon="5.38463">
        <ele>875.0</ele>
      </trkpt>
      <trkpt lat="44.11717" lon="5.38487">
        <ele>875.0</ele>
      </trkpt>
      <trkpt lat="44.11721" lon="5.38502">
        <ele>874.0</ele>
      </trkpt>
      <trkpt lat="44.11726" lon="5.38523">
        <ele>874.0</ele>
      </trkpt>
      <trkpt lat="44.11736" lon="5.38547">
        <ele>873.0</ele>
      </trkpt>
      <trkpt lat="44.11744" lon="5.38562">
        <ele>873.0</ele>
      </trkpt>
      <trkpt lat="44.11767" lon="5.38592">
        <ele>873.0</ele>
      </trkpt>
      <trkpt lat="44.11771" lon="5.386">
        <ele>873.0</ele>
      </trkpt>
      <trkpt lat="44.11774" lon="5.38608">
        <ele>873.0</ele>
      </trkpt>
      <trkpt lat="44.11774" lon="5.38617">
        <ele>873.0</ele>
      </trkpt>
      <trkpt lat="44.1177" lon="5.3863">
        <ele>872.0</ele>
      </trkpt>
      <trkpt lat="44.11765" lon="5.38636">
        <ele>871.0</ele>
      </trkpt>
      <trkpt lat="44.11714" lon="5.38681">
        <ele>865.0</ele>
      </trkpt>
      <trkpt lat="44.117" lon="5.38691">
        <ele>864.0</ele>
      </trkpt>
      <trkpt lat="44.11622" lon="5.38737">
        <ele>858.0</ele>
      </trkpt>
      <trkpt lat="44.11605" lon="5.38749">
        <ele>856.0</ele>
      </trkpt>
      <trkpt lat="44.11594" lon="5.38759">
        <ele>856.0</ele>
      </trkpt>
      <trkpt lat="44.11586" lon="5.38769">
        <ele>855.0</ele>
      </trkpt>
      <trkpt lat="44.11577" lon="5.38781">
        <ele>855.0</ele>
      </trkpt>
      <trkpt lat="44.1157" lon="5.38794">
        <ele>854.0</ele>
      </trkpt>
      <trkpt lat="44.11532" lon="5.38872">
        <ele>852.0</ele>
      </trkpt>
      <trkpt lat="44.11525" lon="5.38883">
        <ele>852.0</ele>
      </trkpt>
      <trkpt lat="44.11517" lon="5.38892">
        <ele>852.0</ele>
      </trkpt>
      <trkpt lat="44.11511" lon="5.38896">
        <ele>852.0</ele>
      </trkpt>
      <trkpt lat="44.11505" lon="5.38899">
        <ele>852.0</ele>
      </trkpt>
      <trkpt lat="44.11495" lon="5.38901">
        <ele>851.0</ele>
      </trkpt>
      <trkpt lat="44.11486" lon="5.38899">
        <ele>851.0</ele>
      </trkpt>
      <trkpt lat="44.1146" lon="5.38886">
        <ele>849.0</ele>
      </trkpt>
      <trkpt lat="44.11448" lon="5.38883">
        <ele>848.0</ele>
      </trkpt>
      <trkpt lat="44.11437" lon="5.38884">
        <ele>848.0</ele>
      </trkpt>
      <trkpt lat="44.11427" lon="5.38888">
        <ele>847.0</ele>
      </trkpt>
      <trkpt lat="44.1136" lon="5.38933">
        <ele>843.0</ele>
      </trkpt>
      <trkpt lat="44.1135" lon="5.38937">
        <ele>843.0</ele>
      </trkpt>
      <trkpt lat="44.11343" lon="5.38938">
        <ele>843.0</ele>
      </trkpt>
      <trkpt lat="44.11331" lon="5.38936">
        <ele>842.0</ele>
      </trkpt>
      <trkpt lat="44.11325" lon="5.38933">
        <ele>842.0</ele>
      </trkpt>
      <trkpt lat="44.11307" lon="5.38919">
        <ele>842.0</ele>
      </trkpt>
      <trkpt lat="44.11282" lon="5.38893">
        <ele>841.0</ele>
      </trkpt>
      <trkpt lat="44.11269" lon="5.38882">
        <ele>840.0</ele>
      </trkpt>
      <trkpt lat="44.1126" lon="5.38876">
        <ele>840.0</ele>
      </trkpt>
      <trkpt lat="44.1125" lon="5.38872">
        <ele>839.0</ele>
      </trkpt>
      <trkpt lat="44.1124" lon="5.3887">
        <ele>839.0</ele>
      </trkpt>
      <trkpt lat="44.11226" lon="5.3887">
        <ele>838.0</ele>
      </trkpt>
      <trkpt lat="44.11205" lon="5.38873">
        <ele>837.0</ele>
      </trkpt>
      <trkpt lat="44.1118" lon="5.38873">
        <ele>836.0</ele>
      </trkpt>
      <trkpt lat="44.11126" lon="5.3887">
        <ele>833.0</ele>
      </trkpt>
      <trkpt lat="44.11111" lon="5.38871">
        <ele>833.0</ele>
      </trkpt>
      <trkpt lat="44.11096" lon="5.38873">
        <ele>832.0</ele>
      </trkpt>
      <trkpt lat="44.11067" lon="5.38883">
        <ele>831.0</ele>
      </trkpt>
      <trkpt lat="44.11053" lon="5.3889">
        <ele>830.0</ele>
      </trkpt>
      <trkpt lat="44.11041" lon="5.38899">
        <ele>830.0</ele>
      </trkpt>
      <trkpt lat="44.11021" lon="5.3892">
        <ele>830.0</ele>
      </trkpt>
      <trkpt lat="44.11009" lon="5.38935">
        <ele>829.0</ele>
      </trkpt>
      <trkpt lat="44.10998" lon="5.38952">
        <ele>828.0</ele>
      </trkpt>
      <trkpt lat="44.10987" lon="5.38973">
        <ele>827.0</ele>
      </trkpt>
      <trkpt lat="44.10981" lon="5.38989">
        <ele>827.0</ele>
      </trkpt>
      <trkpt lat="44.10977" lon="5.39011">
        <ele>827.0</ele>
      </trkpt>
      <trkpt lat="44.10972" lon="5.39053">
        <ele>825.0</ele>
      </trkpt>
      <trkpt lat="44.10972" lon="5.3907">
        <ele>825.0</ele>
      </trkpt>
      <trkpt lat="44.10974" lon="5.39083">
        <ele>824.0</ele>
      </trkpt>
      <trkpt lat="44.10978" lon="5.39095">
        <ele>824.0</ele>
      </trkpt>
      <trkpt lat="44.10983" lon="5.39104">
        <ele>823.0</ele>
      </trkpt>
      <trkpt lat="44.1099" lon="5.39114">
        <ele>823.0</ele>
      </trkpt>
      <trkpt lat="44.11017" lon="5.3914">
        <ele>822.0</ele>
      </trkpt>
      <trkpt lat="44.11049" lon="5.39169">
        <ele>821.0</ele>
      </trkpt>
      <trkpt lat="44.11063" lon="5.39179">
        <ele>819.0</ele>
      </trkpt>
      <trkpt lat="44.11117" lon="5.39214">
        <ele>815.0</ele>
      </trkpt>
      <trkpt lat="44.11145" lon="5.3923">
        <ele>814.0</ele>
      </trkpt>
      <trkpt lat="44.11168" lon="5.39241">
        <ele>813.0</ele>
      </trkpt>
      <trkpt lat="44.11195" lon="5.39248">
        <ele>813.0</ele>
      </trkpt>
      <trkpt lat="44.11203" lon="5.39251">
        <ele>814.0</ele>
      </trkpt>
      <trkpt lat="44.1121" lon="5.39259">
        <ele>813.0</ele>
      </trkpt>
      <trkpt lat="44.11213" lon="5.3927">
        <ele>812.0</ele>
      </trkpt>
      <trkpt lat="44.11213" lon="5.3928">
        <ele>811.0</ele>
      </trkpt>
      <trkpt lat="44.11209" lon="5.39293">
        <ele>810.0</ele>
      </trkpt>
      <trkpt lat="44.11187" lon="5.39331">
        <ele>803.0</ele>
      </trkpt>
      <trkpt lat="44.11182" lon="5.39341">
        <ele>801.0</ele>
      </trkpt>
      <trkpt lat="44.1118" lon="5.39352">
        <ele>800.0</ele>
      </trkpt>
      <trkpt lat="44.1118" lon="5.3936">
        <ele>798.0</ele>
      </trkpt>
      <trkpt lat="44.11182" lon="5.39368">
        <ele>797.0</ele>
      </trkpt>
      <trkpt lat="44.11185" lon="5.39374">
        <ele>797.0</ele>
      </trkpt>
      <trkpt lat="44.11189" lon="5.3938">
        <ele>796.0</ele>
      </trkpt>
      <trkpt lat="44.11201" lon="5.39386">
        <ele>797.0</ele>
      </trkpt>
      <trkpt lat="44.11234" lon="5.39401">
        <ele>798.0</ele>
      </trkpt>
      <trkpt lat="44.11331" lon="5.39461">
        <ele>798.0</ele>
      </trkpt>
      <trkpt lat="44.11348" lon="5.39473">
        <ele>798.0</ele>
      </trkpt>
      <trkpt lat="44.11364" lon="5.3949">
        <ele>796.0</ele>
      </trkpt>
      <trkpt lat="44.11377" lon="5.39509">
        <ele>794.0</ele>
      </trkpt>
      <trkpt lat="44.11387" lon="5.39527">
        <ele>793.0</ele>
      </trkpt>
      <trkpt lat="44.11402" lon="5.39563">
        <ele>789.0</ele>
      </trkpt>
      <trkpt lat="44.11435" lon="5.39653">
        <ele>785.0</ele>
      </trkpt>
      <trkpt lat="44.11441" lon="5.39668">
        <ele>784.0</ele>
      </trkpt>
      <trkpt lat="44.11443" lon="5.39679">
        <ele>783.0</ele>
      </trkpt>
      <trkpt lat="44.11442" lon="5.39689">
        <ele>782.0</ele>
      </trkpt>
      <trkpt lat="44.1144" lon="5.39696">
        <ele>782.0</ele>
      </trkpt>
      <trkpt lat="44.11437" lon="5.39703">
        <ele>781.0</ele>
      </trkpt>
      <trkpt lat="44.11431" lon="5.39709">
        <ele>781.0</ele>
      </trkpt>
      <trkpt lat="44.11423" lon="5.39714">
        <ele>780.0</ele>
      </trkpt>
      <trkpt lat="44.11398" lon="5.39725">
        <ele>779.0</ele>
      </trkpt>
      <trkpt lat="44.11392" lon="5.39728">
        <ele>778.0</ele>
      </trkpt>
      <trkpt lat="44.1138" lon="5.3973">
        <ele>777.0</ele>
      </trkpt>
      <trkpt lat="44.11362" lon="5.39729">
        <ele>777.0</ele>
      </trkpt>
      <trkpt lat="44.11343" lon="5.39727">
        <ele>776.0</ele>
      </trkpt>
      <trkpt lat="44.11336" lon="5.39727">
        <ele>776.0</ele>
      </trkpt>
      <trkpt lat="44.11325" lon="5.39727">
        <ele>775.0</ele>
      </trkpt>
      <trkpt lat="44.11254" lon="5.39742">
        <ele>770.0</ele>
      </trkpt>
      <trkpt lat="44.11236" lon="5.39744">
        <ele>769.0</ele>
      </trkpt>
      <trkpt lat="44.11215" lon="5.39743">
        <ele>768.0</ele>
      </trkpt>
      <trkpt lat="44.11196" lon="5.39744">
        <ele>767.0</ele>
      </trkpt>
      <trkpt lat="44.11185" lon="5.39747">
        <ele>766.0</ele>
      </trkpt>
      <trkpt lat="44.11176" lon="5.39751">
        <ele>765.0</ele>
      </trkpt>
      <trkpt lat="44.11156" lon="5.39761">
        <ele>764.0</ele>
      </trkpt>
      <trkpt lat="44.11147" lon="5.39768">
        <ele>763.0</ele>
      </trkpt>
      <trkpt lat="44.11104" lon="5.39808">
        <ele>758.0</ele>
      </trkpt>
      <trkpt lat="44.11084" lon="5.39825">
        <ele>756.0</ele>
      </trkpt>
      <trkpt lat="44.11066" lon="5.39838">
        <ele>755.0</ele>
      </trkpt>
      <trkpt lat="44.11004" lon="5.3988">
        <ele>751.0</ele>
      </trkpt>
      <trkpt lat="44.10933" lon="5.39926">
        <ele>746.0</ele>
      </trkpt>
      <trkpt lat="44.10918" lon="5.39939">
        <ele>745.0</ele>
      </trkpt>
      <trkpt lat="44.10897" lon="5.39962">
        <ele>743.0</ele>
      </trkpt>
      <trkpt lat="44.10887" lon="5.39975">
        <ele>742.0</ele>
      </trkpt>
      <trkpt lat="44.10824" lon="5.40068">
        <ele>737.0</ele>
      </trkpt>
      <trkpt lat="44.10816" lon="5.40076">
        <ele>736.0</ele>
      </trkpt>
      <trkpt lat="44.1081" lon="5.4008">
        <ele>736.0</ele>
      </trkpt>
      <trkpt lat="44.10801" lon="5.40081">
        <ele>736.0</ele>
      </trkpt>
      <trkpt lat="44.10792" lon="5.40079">
        <ele>735.0</ele>
      </trkpt>
      <trkpt lat="44.10769" lon="5.40066">
        <ele>734.0</ele>
      </trkpt>
      <trkpt lat="44.10749" lon="5.40058">
        <ele>733.0</ele>
      </trkpt>
      <trkpt lat="44.10715" lon="5.40048">
        <ele>731.0</ele>
      </trkpt>
      <trkpt lat="44.10705" lon="5.40044">
        <ele>730.0</ele>
      </trkpt>
      <trkpt lat="44.10686" lon="5.40032">
        <ele>729.0</ele>
      </trkpt>
      <trkpt lat="44.10657" lon="5.40006">
        <ele>727.0</ele>
      </trkpt>
      <trkpt lat="44.10615" lon="5.39978">
        <ele>724.0</ele>
      </trkpt>
      <trkpt lat="44.10604" lon="5.39971">
        <ele>723.0</ele>
      </trkpt>
      <trkpt lat="44.1054" lon="5.39931">
        <ele>721.0</ele>
      </trkpt>
      <trkpt lat="44.10525" lon="5.39922">
        <ele>720.0</ele>
      </trkpt>
      <trkpt lat="44.10516" lon="5.39917">
        <ele>720.0</ele>
      </trkpt>
      <trkpt lat="44.10504" lon="5.39914">
        <ele>720.0</ele>
      </trkpt>
      <trkpt lat="44.10494" lon="5.39913">
        <ele>720.0</ele>
      </trkpt>
      <trkpt lat="44.10488" lon="5.39913">
        <ele>720.0</ele>
      </trkpt>
      <trkpt lat="44.10469" lon="5.39917">
        <ele>721.0</ele>
      </trkpt>
      <trkpt lat="44.10455" lon="5.39923">
        <ele>721.0</ele>
      </trkpt>
      <trkpt lat="44.10444" lon="5.3993">
        <ele>721.0</ele>
      </trkpt>
      <trkpt lat="44.10435" lon="5.39937">
        <ele>721.0</ele>
      </trkpt>
      <trkpt lat="44.10428" lon="5.39945">
        <ele>720.0</ele>
      </trkpt>
      <trkpt lat="44.10419" lon="5.39957">
        <ele>720.0</ele>
      </trkpt>
      <trkpt lat="44.10404" lon="5.39979">
        <ele>719.0</ele>
      </trkpt>
      <trkpt lat="44.10399" lon="5.39988">
        <ele>719.0</ele>
      </trkpt>
      <trkpt lat="44.10376" lon="5.40019">
        <ele>718.0</ele>
      </trkpt>
      <trkpt lat="44.10357" lon="5.40038">
        <ele>718.0</ele>
      </trkpt>
      <trkpt lat="44.10338" lon="5.40053">
        <ele>717.0</ele>
      </trkpt>
      <trkpt lat="44.10309" lon="5.4007">
        <ele>716.0</ele>
      </trkpt>
      <trkpt lat="44.10176" lon="5.40143">
        <ele>715.0</ele>
      </trkpt>
      <trkpt lat="44.10125" lon="5.40171">
        <ele>715.0</ele>
      </trkpt>
      <trkpt lat="44.1011" lon="5.4018">
        <ele>715.0</ele>
      </trkpt>
      <trkpt lat="44.10071" lon="5.40204">
        <ele>716.0</ele>
      </trkpt>
      <trkpt lat="44.10045" lon="5.4022">
        <ele>715.0</ele>
      </trkpt>
      <trkpt lat="44.1002" lon="5.40231">
        <ele>715.0</ele>
      </trkpt>
      <trkpt lat="44.10005" lon="5.40238">
        <ele>715.0</ele>
      </trkpt>
      <trkpt lat="44.09956" lon="5.40253">
        <ele>715.0</ele>
      </trkpt>
      <trkpt lat="44.09944" lon="5.40258">
        <ele>714.0</ele>
      </trkpt>
      <trkpt lat="44.09936" lon="5.40264">
        <ele>714.0</ele>
      </trkpt>
      <trkpt lat="44.09927" lon="5.40274">
        <ele>713.0</ele>
      </trkpt>
      <trkpt lat="44.09919" lon="5.40287">
        <ele>712.0</ele>
      </trkpt>
      <trkpt lat="44.09896" lon="5.40333">
        <ele>710.0</ele>
      </trkpt>
      <trkpt lat="44.0988" lon="5.40357">
        <ele>709.0</ele>
      </trkpt>
      <trkpt lat="44.09744" lon="5.40544">
        <ele>696.0</ele>
      </trkpt>
      <trkpt lat="44.09729" lon="5.40567">
        <ele>695.0</ele>
      </trkpt>
      <trkpt lat="44.09723" lon="5.40579">
        <ele>695.0</ele>
      </trkpt>
      <trkpt lat="44.09721" lon="5.40587">
        <ele>695.0</ele>
      </trkpt>
      <trkpt lat="44.09719" lon="5.40599">
        <ele>696.0</ele>
      </trkpt>
      <trkpt lat="44.09719" lon="5.40609">
        <ele>697.0</ele>
      </trkpt>
      <trkpt lat="44.0972" lon="5.40621">
        <ele>698.0</ele>
      </trkpt>
      <trkpt lat="44.09726" lon="5.40641">
        <ele>700.0</ele>
      </trkpt>
      <trkpt lat="44.09723" lon="5.40643">
        <ele>700.0</ele>
      </trkpt>
      <trkpt lat="44.09719" lon="5.40643">
        <ele>700.0</ele>
      </trkpt>
      <trkpt lat="44.09715" lon="5.40642">
        <ele>700.0</ele>
      </trkpt>
      <trkpt lat="44.09713" lon="5.40644">
        <ele>701.0</ele>
      </trkpt>
      <trkpt lat="44.09703" lon="5.40649">
        <ele>702.0</ele>
      </trkpt>
      <trkpt lat="44.09666" lon="5.40653">
        <ele>703.0</ele>
      </trkpt>
      <trkpt lat="44.09616" lon="5.4065">
        <ele>703.0</ele>
      </trkpt>
      <trkpt lat="44.09543" lon="5.40665">
        <ele>708.0</ele>
      </trkpt>
      <trkpt lat="44.09517" lon="5.40663">
        <ele>709.0</ele>
      </trkpt>
      <trkpt lat="44.09402" lon="5.40682">
        <ele>719.0</ele>
      </trkpt>
      <trkpt lat="44.09383" lon="5.40683">
        <ele>720.0</ele>
      </trkpt>
      <trkpt lat="44.09375" lon="5.40683">
        <ele>720.0</ele>
      </trkpt>
      <trkpt lat="44.09357" lon="5.40684">
        <ele>722.0</ele>
      </trkpt>
      <trkpt lat="44.09312" lon="5.40689">
        <ele>727.0</ele>
      </trkpt>
      <trkpt lat="44.09275" lon="5.40682">
        <ele>729.0</ele>
      </trkpt>
      <trkpt lat="44.09258" lon="5.40682">
        <ele>731.0</ele>
      </trkpt>
      <trkpt lat="44.09253" lon="5.40681">
        <ele>731.0</ele>
      </trkpt>
      <trkpt lat="44.09247" lon="5.40681">
        <ele>732.0</ele>
      </trkpt>
      <trkpt lat="44.09241" lon="5.40677">
        <ele>731.0</ele>
      </trkpt>
      <trkpt lat="44.09236" lon="5.40676">
        <ele>731.0</ele>
      </trkpt>
      <trkpt lat="44.09233" lon="5.40676">
        <ele>731.0</ele>
      </trkpt>
      <trkpt lat="44.09231" lon="5.40679">
        <ele>732.0</ele>
      </trkpt>
      <trkpt lat="44.0921" lon="5.40672">
        <ele>731.0</ele>
      </trkpt>
      <trkpt lat="44.0908" lon="5.40657">
        <ele>722.0</ele>
      </trkpt>
      <trkpt lat="44.0906" lon="5.40656">
        <ele>719.0</ele>
      </trkpt>
      <trkpt lat="44.09039" lon="5.40659">
        <ele>717.0</ele>
      </trkpt>
      <trkpt lat="44.09028" lon="5.40664">
        <ele>716.0</ele>
      </trkpt>
      <trkpt lat="44.09013" lon="5.40671">
        <ele>715.0</ele>
      </trkpt>
      <trkpt lat="44.09003" lon="5.40683">
        <ele>716.0</ele>
      </trkpt>
      <trkpt lat="44.08998" lon="5.40689">
        <ele>716.0</ele>
      </trkpt>
      <trkpt lat="44.0899" lon="5.40698">
        <ele>716.0</ele>
      </trkpt>
      <trkpt lat="44.08983" lon="5.40701">
        <ele>715.0</ele>
      </trkpt>
      <trkpt lat="44.08978" lon="5.40702">
        <ele>715.0</ele>
      </trkpt>
      <trkpt lat="44.08976" lon="5.40715">
        <ele>716.0</ele>
      </trkpt>
      <trkpt lat="44.08975" lon="5.40727">
        <ele>718.0</ele>
      </trkpt>
      <trkpt lat="44.08975" lon="5.40748">
        <ele>721.0</ele>
      </trkpt>
      <trkpt lat="44.08976" lon="5.4076">
        <ele>722.0</ele>
      </trkpt>
      <trkpt lat="44.08981" lon="5.40852">
        <ele>729.0</ele>
      </trkpt>
      <trkpt lat="44.08981" lon="5.40866">
        <ele>730.0</ele>
      </trkpt>
      <trkpt lat="44.08979" lon="5.40884">
        <ele>730.0</ele>
      </trkpt>
      <trkpt lat="44.08967" lon="5.40932">
        <ele>731.0</ele>
      </trkpt>
      <trkpt lat="44.08936" lon="5.41043">
        <ele>736.0</ele>
      </trkpt>
      <trkpt lat="44.08931" lon="5.41054">
        <ele>737.0</ele>
      </trkpt>
      <trkpt lat="44.08926" lon="5.41064">
        <ele>737.0</ele>
      </trkpt>
      <trkpt lat="44.08919" lon="5.41071">
        <ele>736.0</ele>
      </trkpt>
      <trkpt lat="44.08914" lon="5.41076">
        <ele>735.0</ele>
      </trkpt>
      <trkpt lat="44.08882" lon="5.41095">
        <ele>731.0</ele>
      </trkpt>
      <trkpt lat="44.08874" lon="5.41101">
        <ele>730.0</ele>
      </trkpt>
      <trkpt lat="44.08868" lon="5.41107">
        <ele>729.0</ele>
      </trkpt>
      <trkpt lat="44.08863" lon="5.41116">
        <ele>729.0</ele>
      </trkpt>
      <trkpt lat="44.08858" lon="5.41128">
        <ele>730.0</ele>
      </trkpt>
      <trkpt lat="44.08855" lon="5.41141">
        <ele>731.0</ele>
      </trkpt>
      <trkpt lat="44.08853" lon="5.41157">
        <ele>732.0</ele>
      </trkpt>
      <trkpt lat="44.08844" lon="5.41286">
        <ele>740.0</ele>
      </trkpt>
      <trkpt lat="44.08845" lon="5.41301">
        <ele>741.0</ele>
      </trkpt>
      <trkpt lat="44.08847" lon="5.4131">
        <ele>742.0</ele>
      </trkpt>
      <trkpt lat="44.08849" lon="5.41314">
        <ele>743.0</ele>
      </trkpt>
      <trkpt lat="44.08852" lon="5.41316">
        <ele>745.0</ele>
      </trkpt>
      <trkpt lat="44.08855" lon="5.41315">
        <ele>746.0</ele>
      </trkpt>
      <trkpt lat="44.08857" lon="5.41314">
        <ele>746.0</ele>
      </trkpt>
      <trkpt lat="44.08859" lon="5.4131">
        <ele>747.0</ele>
      </trkpt>
      <trkpt lat="44.08861" lon="5.41303">
        <ele>748.0</ele>
      </trkpt>
      <trkpt lat="44.08867" lon="5.41205">
        <ele>743.0</ele>
      </trkpt>
      <trkpt lat="44.08871" lon="5.41184">
        <ele>741.0</ele>
      </trkpt>
      <trkpt lat="44.08874" lon="5.41173">
        <ele>741.0</ele>
      </trkpt>
      <trkpt lat="44.08879" lon="5.41165">
        <ele>742.0</ele>
      </trkpt>
      <trkpt lat="44.08887" lon="5.41157">
        <ele>743.0</ele>
      </trkpt>
      <trkpt lat="44.08894" lon="5.41153">
        <ele>744.0</ele>
      </trkpt>
      <trkpt lat="44.08903" lon="5.41151">
        <ele>747.0</ele>
      </trkpt>
      <trkpt lat="44.0891" lon="5.41152">
        <ele>749.0</ele>
      </trkpt>
      <trkpt lat="44.08953" lon="5.41168">
        <ele>758.0</ele>
      </trkpt>
      <trkpt lat="44.08962" lon="5.41171">
        <ele>759.0</ele>
      </trkpt>
      <trkpt lat="44.08971" lon="5.41171">
        <ele>760.0</ele>
      </trkpt>
      <trkpt lat="44.08979" lon="5.41168">
        <ele>760.0</ele>
      </trkpt>
      <trkpt lat="44.08986" lon="5.41164">
        <ele>760.0</ele>
      </trkpt>
      <trkpt lat="44.08993" lon="5.41157">
        <ele>761.0</ele>
      </trkpt>
      <trkpt lat="44.08999" lon="5.41148">
        <ele>761.0</ele>
      </trkpt>
      <trkpt lat="44.09003" lon="5.41138">
        <ele>761.0</ele>
      </trkpt>
      <trkpt lat="44.09013" lon="5.41093">
        <ele>760.0</ele>
      </trkpt>
      <trkpt lat="44.09017" lon="5.41083">
        <ele>760.0</ele>
      </trkpt>
      <trkpt lat="44.09022" lon="5.41071">
        <ele>759.0</ele>
      </trkpt>
      <trkpt lat="44.0903" lon="5.41061">
        <ele>759.0</ele>
      </trkpt>
      <trkpt lat="44.09049" lon="5.41042">
        <ele>759.0</ele>
      </trkpt>
      <trkpt lat="44.0911" lon="5.40988">
        <ele>762.0</ele>
      </trkpt>
      <trkpt lat="44.09118" lon="5.40979">
        <ele>763.0</ele>
      </trkpt>
      <trkpt lat="44.09123" lon="5.40973">
        <ele>763.0</ele>
      </trkpt>
      <trkpt lat="44.09139" lon="5.4096">
        <ele>764.0</ele>
      </trkpt>
      <trkpt lat="44.09147" lon="5.40955">
        <ele>765.0</ele>
      </trkpt>
      <trkpt lat="44.09155" lon="5.40951">
        <ele>765.0</ele>
      </trkpt>
      <trkpt lat="44.09172" lon="5.40946">
        <ele>767.0</ele>
      </trkpt>
      <trkpt lat="44.09178" lon="5.40944">
        <ele>767.0</ele>
      </trkpt>
      <trkpt lat="44.09181" lon="5.40941">
        <ele>767.0</ele>
      </trkpt>
      <trkpt lat="44.09187" lon="5.40935">
        <ele>768.0</ele>
      </trkpt>
      <trkpt lat="44.09193" lon="5.40926">
        <ele>768.0</ele>
      </trkpt>
      <trkpt lat="44.0921" lon="5.40942">
        <ele>769.0</ele>
      </trkpt>
      <trkpt lat="44.09238" lon="5.40961">
        <ele>770.0</ele>
      </trkpt>
      <trkpt lat="44.09259" lon="5.40973">
        <ele>772.0</ele>
      </trkpt>
      <trkpt lat="44.09329" lon="5.41019">
        <ele>778.0</ele>
      </trkpt>
      <trkpt lat="44.09352" lon="5.41034">
        <ele>781.0</ele>
      </trkpt>
      <trkpt lat="44.09352" lon="5.41034">
        <ele>781.0</ele>
      </trkpt>
      <trkpt lat="44.09362" lon="5.41043">
        <ele>782.0</ele>
      </trkpt>
      <trkpt lat="44.09372" lon="5.41049">
        <ele>783.0</ele>
      </trkpt>
      <trkpt lat="44.09385" lon="5.41055">
        <ele>784.0</ele>
      </trkpt>
      <trkpt lat="44.09413" lon="5.41074">
        <ele>787.0</ele>
      </trkpt>
      <trkpt lat="44.0946" lon="5.41103">
        <ele>791.0</ele>
      </trkpt>
      <trkpt lat="44.09488" lon="5.41122">
        <ele>794.0</ele>
      </trkpt>
      <trkpt lat="44.09493" lon="5.41128">
        <ele>794.0</ele>
      </trkpt>
      <trkpt lat="44.09505" lon="5.41148">
        <ele>795.0</ele>
      </trkpt>
      <trkpt lat="44.09513" lon="5.41159">
        <ele>795.0</ele>
      </trkpt>
      <trkpt lat="44.09521" lon="5.41169">
        <ele>795.0</ele>
      </trkpt>
      <trkpt lat="44.09526" lon="5.41172">
        <ele>795.0</ele>
      </trkpt>
      <trkpt lat="44.09531" lon="5.41175">
        <ele>795.0</ele>
      </trkpt>
      <trkpt lat="44.09542" lon="5.41176">
        <ele>796.0</ele>
      </trkpt>
      <trkpt lat="44.09544" lon="5.41184">
        <ele>796.0</ele>
      </trkpt>
      <trkpt lat="44.09553" lon="5.41208">
        <ele>796.0</ele>
      </trkpt>
      <trkpt lat="44.09562" lon="5.41223">
        <ele>796.0</ele>
      </trkpt>
      <trkpt lat="44.09569" lon="5.41235">
        <ele>796.0</ele>
      </trkpt>
      <trkpt lat="44.09582" lon="5.41253">
        <ele>796.0</ele>
      </trkpt>
      <trkpt lat="44.09585" lon="5.41259">
        <ele>796.0</ele>
      </trkpt>
      <trkpt lat="44.09594" lon="5.41271">
        <ele>796.0</ele>
      </trkpt>
      <trkpt lat="44.09616" lon="5.41304">
        <ele>797.0</ele>
      </trkpt>
      <trkpt lat="44.09617" lon="5.41306">
        <ele>797.0</ele>
      </trkpt>
      <trkpt lat="44.09622" lon="5.41328">
        <ele>797.0</ele>
      </trkpt>
      <trkpt lat="44.09621" lon="5.41334">
        <ele>797.0</ele>
      </trkpt>
      <trkpt lat="44.09622" lon="5.41341">
        <ele>797.0</ele>
      </trkpt>
      <trkpt lat="44.09624" lon="5.41346">
        <ele>797.0</ele>
      </trkpt>
      <trkpt lat="44.09628" lon="5.41351">
        <ele>797.0</ele>
      </trkpt>
      <trkpt lat="44.09632" lon="5.41353">
        <ele>797.0</ele>
      </trkpt>
      <trkpt lat="44.09637" lon="5.41354">
        <ele>797.0</ele>
      </trkpt>
      <trkpt lat="44.09644" lon="5.41356">
        <ele>798.0</ele>
      </trkpt>
      <trkpt lat="44.09654" lon="5.41361">
        <ele>798.0</ele>
      </trkpt>
      <trkpt lat="44.0972" lon="5.41455">
        <ele>799.0</ele>
      </trkpt>
      <trkpt lat="44.09724" lon="5.41461">
        <ele>799.0</ele>
      </trkpt>
      <trkpt lat="44.09741" lon="5.41484">
        <ele>799.0</ele>
      </trkpt>
      <trkpt lat="44.09773" lon="5.41529">
        <ele>799.0</ele>
      </trkpt>
      <trkpt lat="44.09841" lon="5.41628">
        <ele>800.0</ele>
      </trkpt>
      <trkpt lat="44.09841" lon="5.41628">
        <ele>800.0</ele>
      </trkpt>
      <trkpt lat="44.09913" lon="5.41733">
        <ele>802.0</ele>
      </trkpt>
      <trkpt lat="44.10037" lon="5.41912">
        <ele>798.0</ele>
      </trkpt>
      <trkpt lat="44.1006" lon="5.41946">
        <ele>797.0</ele>
      </trkpt>
      <trkpt lat="44.10082" lon="5.41979">
        <ele>797.0</ele>
      </trkpt>
      <trkpt lat="44.10105" lon="5.42013">
        <ele>798.0</ele>
      </trkpt>
      <trkpt lat="44.10121" lon="5.42043">
        <ele>798.0</ele>
      </trkpt>
      <trkpt lat="44.10127" lon="5.42053">
        <ele>799.0</ele>
      </trkpt>
      <trkpt lat="44.10131" lon="5.42062">
        <ele>799.0</ele>
      </trkpt>
      <trkpt lat="44.10138" lon="5.42079">
        <ele>799.0</ele>
      </trkpt>
      <trkpt lat="44.10144" lon="5.42098">
        <ele>800.0</ele>
      </trkpt>
      <trkpt lat="44.1015" lon="5.42118">
        <ele>802.0</ele>
      </trkpt>
      <trkpt lat="44.10154" lon="5.42134">
        <ele>803.0</ele>
      </trkpt>
      <trkpt lat="44.10156" lon="5.42139">
        <ele>803.0</ele>
      </trkpt>
      <trkpt lat="44.10166" lon="5.42184">
        <ele>806.0</ele>
      </trkpt>
      <trkpt lat="44.10182" lon="5.42236">
        <ele>807.0</ele>
      </trkpt>
      <trkpt lat="44.10195" lon="5.42269">
        <ele>808.0</ele>
      </trkpt>
      <trkpt lat="44.10222" lon="5.42325">
        <ele>808.0</ele>
      </trkpt>
      <trkpt lat="44.10222" lon="5.42325">
        <ele>808.0</ele>
      </trkpt>
      <trkpt lat="44.10302" lon="5.42469">
        <ele>808.0</ele>
      </trkpt>
      <trkpt lat="44.10306" lon="5.42478">
        <ele>808.0</ele>
      </trkpt>
      <trkpt lat="44.10362" lon="5.42584">
        <ele>809.0</ele>
      </trkpt>
      <trkpt lat="44.10376" lon="5.42617">
        <ele>809.0</ele>
      </trkpt>
      <trkpt lat="44.10387" lon="5.42645">
        <ele>809.0</ele>
      </trkpt>
      <trkpt lat="44.10402" lon="5.42692">
        <ele>807.0</ele>
      </trkpt>
      <trkpt lat="44.10408" lon="5.42722">
        <ele>807.0</ele>
      </trkpt>
      <trkpt lat="44.10411" lon="5.4275">
        <ele>806.0</ele>
      </trkpt>
      <trkpt lat="44.10412" lon="5.42781">
        <ele>806.0</ele>
      </trkpt>
      <trkpt lat="44.10411" lon="5.42808">
        <ele>806.0</ele>
      </trkpt>
      <trkpt lat="44.10412" lon="5.42835">
        <ele>806.0</ele>
      </trkpt>
      <trkpt lat="44.10416" lon="5.42886">
        <ele>807.0</ele>
      </trkpt>
      <trkpt lat="44.10426" lon="5.4299">
        <ele>808.0</ele>
      </trkpt>
      <trkpt lat="44.10428" lon="5.43019">
        <ele>807.0</ele>
      </trkpt>
      <trkpt lat="44.10436" lon="5.43108">
        <ele>804.0</ele>
      </trkpt>
      <trkpt lat="44.1044" lon="5.43135">
        <ele>802.0</ele>
      </trkpt>
      <trkpt lat="44.10444" lon="5.43152">
        <ele>801.0</ele>
      </trkpt>
      <trkpt lat="44.10451" lon="5.43169">
        <ele>801.0</ele>
      </trkpt>
      <trkpt lat="44.10459" lon="5.43181">
        <ele>800.0</ele>
      </trkpt>
      <trkpt lat="44.10469" lon="5.43192">
        <ele>800.0</ele>
      </trkpt>
      <trkpt lat="44.10485" lon="5.43206">
        <ele>800.0</ele>
      </trkpt>
      <trkpt lat="44.10516" lon="5.43226">
        <ele>800.0</ele>
      </trkpt>
      <trkpt lat="44.10539" lon="5.4324">
        <ele>798.0</ele>
      </trkpt>
      <trkpt lat="44.10555" lon="5.43248">
        <ele>798.0</ele>
      </trkpt>
      <trkpt lat="44.1057" lon="5.43254">
        <ele>797.0</ele>
      </trkpt>
      <trkpt lat="44.10623" lon="5.43271">
        <ele>794.0</ele>
      </trkpt>
      <trkpt lat="44.1065" lon="5.43278">
        <ele>793.0</ele>
      </trkpt>
      <trkpt lat="44.1074" lon="5.43298">
        <ele>789.0</ele>
      </trkpt>
      <trkpt lat="44.10783" lon="5.4331">
        <ele>787.0</ele>
      </trkpt>
      <trkpt lat="44.10802" lon="5.43317">
        <ele>787.0</ele>
      </trkpt>
      <trkpt lat="44.10832" lon="5.43333">
        <ele>785.0</ele>
      </trkpt>
      <trkpt lat="44.10843" lon="5.43343">
        <ele>785.0</ele>
      </trkpt>
      <trkpt lat="44.10851" lon="5.43353">
        <ele>785.0</ele>
      </trkpt>
      <trkpt lat="44.10858" lon="5.43366">
        <ele>785.0</ele>
      </trkpt>
      <trkpt lat="44.10861" lon="5.43385">
        <ele>785.0</ele>
      </trkpt>
      <trkpt lat="44.10862" lon="5.43395">
        <ele>784.0</ele>
      </trkpt>
      <trkpt lat="44.1086" lon="5.43403">
        <ele>784.0</ele>
      </trkpt>
      <trkpt lat="44.10856" lon="5.43411">
        <ele>784.0</ele>
      </trkpt>
      <trkpt lat="44.10837" lon="5.43423">
        <ele>783.0</ele>
      </trkpt>
      <trkpt lat="44.10826" lon="5.43433">
        <ele>783.0</ele>
      </trkpt>
      <trkpt lat="44.10817" lon="5.43444">
        <ele>784.0</ele>
      </trkpt>
      <trkpt lat="44.10809" lon="5.43464">
        <ele>784.0</ele>
      </trkpt>
      <trkpt lat="44.10803" lon="5.43484">
        <ele>785.0</ele>
      </trkpt>
      <trkpt lat="44.10802" lon="5.43495">
        <ele>786.0</ele>
      </trkpt>
      <trkpt lat="44.10801" lon="5.43508">
        <ele>786.0</ele>
      </trkpt>
      <trkpt lat="44.10803" lon="5.43539">
        <ele>788.0</ele>
      </trkpt>
      <trkpt lat="44.10808" lon="5.43591">
        <ele>790.0</ele>
      </trkpt>
      <trkpt lat="44.10812" lon="5.43611">
        <ele>791.0</ele>
      </trkpt>
      <trkpt lat="44.10815" lon="5.43622">
        <ele>791.0</ele>
      </trkpt>
      <trkpt lat="44.10821" lon="5.43632">
        <ele>792.0</ele>
      </trkpt>
      <trkpt lat="44.10827" lon="5.43641">
        <ele>792.0</ele>
      </trkpt>
      <trkpt lat="44.10845" lon="5.43661">
        <ele>793.0</ele>
      </trkpt>
      <trkpt lat="44.10866" lon="5.43681">
        <ele>795.0</ele>
      </trkpt>
      <trkpt lat="44.10949" lon="5.4375">
        <ele>797.0</ele>
      </trkpt>
      <trkpt lat="44.10955" lon="5.43757">
        <ele>798.0</ele>
      </trkpt>
      <trkpt lat="44.10957" lon="5.43761">
        <ele>798.0</ele>
      </trkpt>
      <trkpt lat="44.1096" lon="5.43768">
        <ele>798.0</ele>
      </trkpt>
      <trkpt lat="44.10962" lon="5.43782">
        <ele>799.0</ele>
      </trkpt>
      <trkpt lat="44.1096" lon="5.43794">
        <ele>799.0</ele>
      </trkpt>
      <trkpt lat="44.10956" lon="5.43803">
        <ele>799.0</ele>
      </trkpt>
      <trkpt lat="44.10949" lon="5.43807">
        <ele>800.0</ele>
      </trkpt>
      <trkpt lat="44.10942" lon="5.43808">
        <ele>800.0</ele>
      </trkpt>
      <trkpt lat="44.10892" lon="5.43795">
        <ele>800.0</ele>
      </trkpt>
      <trkpt lat="44.10846" lon="5.43791">
        <ele>802.0</ele>
      </trkpt>
      <trkpt lat="44.10829" lon="5.43793">
        <ele>802.0</ele>
      </trkpt>
      <trkpt lat="44.10816" lon="5.43797">
        <ele>803.0</ele>
      </trkpt>
      <trkpt lat="44.10803" lon="5.43805">
        <ele>804.0</ele>
      </trkpt>
      <trkpt lat="44.10768" lon="5.43828">
        <ele>806.0</ele>
      </trkpt>
      <trkpt lat="44.10755" lon="5.43839">
        <ele>807.0</ele>
      </trkpt>
      <trkpt lat="44.10747" lon="5.43848">
        <ele>807.0</ele>
      </trkpt>
      <trkpt lat="44.10742" lon="5.43857">
        <ele>807.0</ele>
      </trkpt>
      <trkpt lat="44.10738" lon="5.43868">
        <ele>807.0</ele>
      </trkpt>
      <trkpt lat="44.10737" lon="5.43879">
        <ele>807.0</ele>
      </trkpt>
      <trkpt lat="44.10738" lon="5.43899">
        <ele>807.0</ele>
      </trkpt>
      <trkpt lat="44.10742" lon="5.43924">
        <ele>807.0</ele>
      </trkpt>
      <trkpt lat="44.10747" lon="5.43942">
        <ele>807.0</ele>
      </trkpt>
      <trkpt lat="44.10754" lon="5.43959">
        <ele>807.0</ele>
      </trkpt>
      <trkpt lat="44.10763" lon="5.43976">
        <ele>807.0</ele>
      </trkpt>
      <trkpt lat="44.10775" lon="5.43993">
        <ele>807.0</ele>
      </trkpt>
      <trkpt lat="44.108" lon="5.44023">
        <ele>807.0</ele>
      </trkpt>
      <trkpt lat="44.10821" lon="5.44043">
        <ele>808.0</ele>
      </trkpt>
      <trkpt lat="44.10831" lon="5.44051">
        <ele>808.0</ele>
      </trkpt>
      <trkpt lat="44.109" lon="5.44108">
        <ele>808.0</ele>
      </trkpt>
      <trkpt lat="44.10966" lon="5.44165">
        <ele>810.0</ele>
      </trkpt>
      <trkpt lat="44.11017" lon="5.44218">
        <ele>811.0</ele>
      </trkpt>
      <trkpt lat="44.11035" lon="5.44239">
        <ele>812.0</ele>
      </trkpt>
      <trkpt lat="44.11051" lon="5.4426">
        <ele>812.0</ele>
      </trkpt>
      <trkpt lat="44.11067" lon="5.44288">
        <ele>812.0</ele>
      </trkpt>
      <trkpt lat="44.11082" lon="5.44319">
        <ele>812.0</ele>
      </trkpt>
      <trkpt lat="44.11093" lon="5.44348">
        <ele>812.0</ele>
      </trkpt>
      <trkpt lat="44.11103" lon="5.4438">
        <ele>811.0</ele>
      </trkpt>
      <trkpt lat="44.11109" lon="5.44406">
        <ele>811.0</ele>
      </trkpt>
      <trkpt lat="44.11116" lon="5.44447">
        <ele>810.0</ele>
      </trkpt>
      <trkpt lat="44.11119" lon="5.44488">
        <ele>809.0</ele>
      </trkpt>
      <trkpt lat="44.1112" lon="5.44524">
        <ele>807.0</ele>
      </trkpt>
      <trkpt lat="44.11117" lon="5.44566">
        <ele>805.0</ele>
      </trkpt>
      <trkpt lat="44.11086" lon="5.44826">
        <ele>807.0</ele>
      </trkpt>
      <trkpt lat="44.11077" lon="5.44889">
        <ele>811.0</ele>
      </trkpt>
      <trkpt lat="44.11067" lon="5.44945">
        <ele>816.0</ele>
      </trkpt>
      <trkpt lat="44.11023" lon="5.45142">
        <ele>825.0</ele>
      </trkpt>
      <trkpt lat="44.10946" lon="5.45485">
        <ele>826.0</ele>
      </trkpt>
      <trkpt lat="44.10905" lon="5.45673">
        <ele>824.0</ele>
      </trkpt>
      <trkpt lat="44.10897" lon="5.4571">
        <ele>823.0</ele>
      </trkpt>
      <trkpt lat="44.10875" lon="5.45809">
        <ele>821.0</ele>
      </trkpt>
      <trkpt lat="44.10859" lon="5.45874">
        <ele>822.0</ele>
      </trkpt>
      <trkpt lat="44.10852" lon="5.459">
        <ele>823.0</ele>
      </trkpt>
      <trkpt lat="44.10843" lon="5.45925">
        <ele>824.0</ele>
      </trkpt>
      <trkpt lat="44.10835" lon="5.45946">
        <ele>825.0</ele>
      </trkpt>
      <trkpt lat="44.10822" lon="5.45974">
        <ele>826.0</ele>
      </trkpt>
      <trkpt lat="44.10808" lon="5.46001">
        <ele>827.0</ele>
      </trkpt>
      <trkpt lat="44.10793" lon="5.46026">
        <ele>826.0</ele>
      </trkpt>
      <trkpt lat="44.10766" lon="5.46063">
        <ele>824.0</ele>
      </trkpt>
      <trkpt lat="44.10738" lon="5.46097">
        <ele>823.0</ele>
      </trkpt>
      <trkpt lat="44.10615" lon="5.46221">
        <ele>831.0</ele>
      </trkpt>
      <trkpt lat="44.10569" lon="5.46268">
        <ele>834.0</ele>
      </trkpt>
      <trkpt lat="44.10551" lon="5.46288">
        <ele>835.0</ele>
      </trkpt>
      <trkpt lat="44.10537" lon="5.46308">
        <ele>835.0</ele>
      </trkpt>
      <trkpt lat="44.10523" lon="5.46331">
        <ele>836.0</ele>
      </trkpt>
      <trkpt lat="44.10501" lon="5.4637">
        <ele>838.0</ele>
      </trkpt>
      <trkpt lat="44.10491" lon="5.4639">
        <ele>839.0</ele>
      </trkpt>
      <trkpt lat="44.10491" lon="5.4639">
        <ele>839.0</ele>
      </trkpt>
      <trkpt lat="44.10486" lon="5.46401">
        <ele>840.0</ele>
      </trkpt>
      <trkpt lat="44.10476" lon="5.46426">
        <ele>842.0</ele>
      </trkpt>
      <trkpt lat="44.10464" lon="5.46462">
        <ele>844.0</ele>
      </trkpt>
      <trkpt lat="44.10445" lon="5.46524">
        <ele>845.0</ele>
      </trkpt>
      <trkpt lat="44.10433" lon="5.46562">
        <ele>845.0</ele>
      </trkpt>
      <trkpt lat="44.10415" lon="5.4661">
        <ele>843.0</ele>
      </trkpt>
      <trkpt lat="44.10406" lon="5.46633">
        <ele>843.0</ele>
      </trkpt>
      <trkpt lat="44.10377" lon="5.46704">
        <ele>840.0</ele>
      </trkpt>
      <trkpt lat="44.10367" lon="5.46736">
        <ele>839.0</ele>
      </trkpt>
      <trkpt lat="44.1036" lon="5.4676">
        <ele>840.0</ele>
      </trkpt>
      <trkpt lat="44.10353" lon="5.46793">
        <ele>841.0</ele>
      </trkpt>
      <trkpt lat="44.10345" lon="5.46845">
        <ele>843.0</ele>
      </trkpt>
      <trkpt lat="44.10341" lon="5.46886">
        <ele>842.0</ele>
      </trkpt>
      <trkpt lat="44.10338" lon="5.46928">
        <ele>840.0</ele>
      </trkpt>
      <trkpt lat="44.10339" lon="5.46969">
        <ele>837.0</ele>
      </trkpt>
      <trkpt lat="44.10342" lon="5.47007">
        <ele>834.0</ele>
      </trkpt>
      <trkpt lat="44.10346" lon="5.47041">
        <ele>832.0</ele>
      </trkpt>
      <trkpt lat="44.10352" lon="5.47078">
        <ele>830.0</ele>
      </trkpt>
      <trkpt lat="44.10361" lon="5.47112">
        <ele>831.0</ele>
      </trkpt>
      <trkpt lat="44.10372" lon="5.47148">
        <ele>831.0</ele>
      </trkpt>
      <trkpt lat="44.10393" lon="5.47198">
        <ele>832.0</ele>
      </trkpt>
      <trkpt lat="44.1041" lon="5.47232">
        <ele>831.0</ele>
      </trkpt>
      <trkpt lat="44.10429" lon="5.47272">
        <ele>833.0</ele>
      </trkpt>
      <trkpt lat="44.10436" lon="5.4729">
        <ele>834.0</ele>
      </trkpt>
      <trkpt lat="44.10439" lon="5.47304">
        <ele>835.0</ele>
      </trkpt>
      <trkpt lat="44.10441" lon="5.47322">
        <ele>836.0</ele>
      </trkpt>
      <trkpt lat="44.10443" lon="5.47345">
        <ele>836.0</ele>
      </trkpt>
      <trkpt lat="44.10444" lon="5.4736">
        <ele>837.0</ele>
      </trkpt>
      <trkpt lat="44.10444" lon="5.47384">
        <ele>837.0</ele>
      </trkpt>
      <trkpt lat="44.10443" lon="5.47396">
        <ele>838.0</ele>
      </trkpt>
      <trkpt lat="44.10432" lon="5.47467">
        <ele>839.0</ele>
      </trkpt>
      <trkpt lat="44.10432" lon="5.47486">
        <ele>839.0</ele>
      </trkpt>
      <trkpt lat="44.10433" lon="5.47501">
        <ele>839.0</ele>
      </trkpt>
      <trkpt lat="44.10435" lon="5.47514">
        <ele>839.0</ele>
      </trkpt>
      <trkpt lat="44.10438" lon="5.47529">
        <ele>840.0</ele>
      </trkpt>
      <trkpt lat="44.10449" lon="5.47558">
        <ele>841.0</ele>
      </trkpt>
      <trkpt lat="44.10498" lon="5.4765">
        <ele>847.0</ele>
      </trkpt>
      <trkpt lat="44.10509" lon="5.47674">
        <ele>848.0</ele>
      </trkpt>
      <trkpt lat="44.10514" lon="5.47688">
        <ele>848.0</ele>
      </trkpt>
      <trkpt lat="44.10518" lon="5.47702">
        <ele>849.0</ele>
      </trkpt>
      <trkpt lat="44.10521" lon="5.47718">
        <ele>850.0</ele>
      </trkpt>
      <trkpt lat="44.10529" lon="5.47801">
        <ele>854.0</ele>
      </trkpt>
      <trkpt lat="44.10533" lon="5.47823">
        <ele>854.0</ele>
      </trkpt>
      <trkpt lat="44.10539" lon="5.4784">
        <ele>854.0</ele>
      </trkpt>
      <trkpt lat="44.10552" lon="5.47868">
        <ele>854.0</ele>
      </trkpt>
      <trkpt lat="44.10559" lon="5.47886">
        <ele>854.0</ele>
      </trkpt>
      <trkpt lat="44.10563" lon="5.47903">
        <ele>854.0</ele>
      </trkpt>
      <trkpt lat="44.10565" lon="5.47919">
        <ele>855.0</ele>
      </trkpt>
      <trkpt lat="44.10565" lon="5.47974">
        <ele>857.0</ele>
      </trkpt>
      <trkpt lat="44.10566" lon="5.4799">
        <ele>858.0</ele>
      </trkpt>
      <trkpt lat="44.10569" lon="5.48005">
        <ele>858.0</ele>
      </trkpt>
      <trkpt lat="44.10573" lon="5.48022">
        <ele>858.0</ele>
      </trkpt>
      <trkpt lat="44.1058" lon="5.48034">
        <ele>858.0</ele>
      </trkpt>
      <trkpt lat="44.10588" lon="5.48048">
        <ele>859.0</ele>
      </trkpt>
      <trkpt lat="44.10597" lon="5.48058">
        <ele>859.0</ele>
      </trkpt>
      <trkpt lat="44.10619" lon="5.48074">
        <ele>858.0</ele>
      </trkpt>
      <trkpt lat="44.1063" lon="5.48082">
        <ele>858.0</ele>
      </trkpt>
      <trkpt lat="44.10649" lon="5.48108">
        <ele>859.0</ele>
      </trkpt>
      <trkpt lat="44.10687" lon="5.48166">
        <ele>862.0</ele>
      </trkpt>
      <trkpt lat="44.10695" lon="5.48181">
        <ele>862.0</ele>
      </trkpt>
      <trkpt lat="44.10699" lon="5.48192">
        <ele>862.0</ele>
      </trkpt>
      <trkpt lat="44.10703" lon="5.48205">
        <ele>862.0</ele>
      </trkpt>
      <trkpt lat="44.10704" lon="5.48217">
        <ele>862.0</ele>
      </trkpt>
      <trkpt lat="44.10705" lon="5.48238">
        <ele>863.0</ele>
      </trkpt>
      <trkpt lat="44.10701" lon="5.48279">
        <ele>864.0</ele>
      </trkpt>
      <trkpt lat="44.107" lon="5.48297">
        <ele>865.0</ele>
      </trkpt>
      <trkpt lat="44.10701" lon="5.48314">
        <ele>865.0</ele>
      </trkpt>
      <trkpt lat="44.10703" lon="5.48334">
        <ele>865.0</ele>
      </trkpt>
      <trkpt lat="44.10709" lon="5.48365">
        <ele>865.0</ele>
      </trkpt>
      <trkpt lat="44.10712" lon="5.48379">
        <ele>866.0</ele>
      </trkpt>
      <trkpt lat="44.10713" lon="5.48398">
        <ele>866.0</ele>
      </trkpt>
      <trkpt lat="44.10718" lon="5.48704">
        <ele>874.0</ele>
      </trkpt>
      <trkpt lat="44.10716" lon="5.48751">
        <ele>875.0</ele>
      </trkpt>
      <trkpt lat="44.10713" lon="5.48775">
        <ele>876.0</ele>
      </trkpt>
      <trkpt lat="44.1071" lon="5.48798">
        <ele>876.0</ele>
      </trkpt>
      <trkpt lat="44.10705" lon="5.48823">
        <ele>876.0</ele>
      </trkpt>
      <trkpt lat="44.10698" lon="5.4885">
        <ele>877.0</ele>
      </trkpt>
      <trkpt lat="44.10537" lon="5.49419">
        <ele>887.0</ele>
      </trkpt>
      <trkpt lat="44.10448" lon="5.49734">
        <ele>884.0</ele>
      </trkpt>
      <trkpt lat="44.10439" lon="5.49758">
        <ele>884.0</ele>
      </trkpt>
      <trkpt lat="44.10423" lon="5.49792">
        <ele>886.0</ele>
      </trkpt>
      <trkpt lat="44.10411" lon="5.49814">
        <ele>887.0</ele>
      </trkpt>
      <trkpt lat="44.10387" lon="5.49849">
        <ele>889.0</ele>
      </trkpt>
      <trkpt lat="44.10193" lon="5.50128">
        <ele>886.0</ele>
      </trkpt>
      <trkpt lat="44.0992" lon="5.5052">
        <ele>883.0</ele>
      </trkpt>
      <trkpt lat="44.09732" lon="5.50789">
        <ele>888.0</ele>
      </trkpt>
      <trkpt lat="44.09682" lon="5.5086">
        <ele>891.0</ele>
      </trkpt>
      <trkpt lat="44.0967" lon="5.5088">
        <ele>892.0</ele>
      </trkpt>
      <trkpt lat="44.09659" lon="5.50901">
        <ele>894.0</ele>
      </trkpt>
      <trkpt lat="44.0965" lon="5.50923">
        <ele>895.0</ele>
      </trkpt>
      <trkpt lat="44.0964" lon="5.50949">
        <ele>896.0</ele>
      </trkpt>
      <trkpt lat="44.09634" lon="5.50971">
        <ele>897.0</ele>
      </trkpt>
      <trkpt lat="44.09628" lon="5.50999">
        <ele>899.0</ele>
      </trkpt>
      <trkpt lat="44.09624" lon="5.51023">
        <ele>900.0</ele>
      </trkpt>
      <trkpt lat="44.09619" lon="5.51063">
        <ele>902.0</ele>
      </trkpt>
      <trkpt lat="44.09603" lon="5.51199">
        <ele>908.0</ele>
      </trkpt>
      <trkpt lat="44.09582" lon="5.51373">
        <ele>912.0</ele>
      </trkpt>
      <trkpt lat="44.09581" lon="5.51394">
        <ele>912.0</ele>
      </trkpt>
      <trkpt lat="44.09582" lon="5.51409">
        <ele>912.0</ele>
      </trkpt>
      <trkpt lat="44.09584" lon="5.51426">
        <ele>912.0</ele>
      </trkpt>
      <trkpt lat="44.09588" lon="5.51441">
        <ele>912.0</ele>
      </trkpt>
      <trkpt lat="44.09593" lon="5.51455">
        <ele>912.0</ele>
      </trkpt>
      <trkpt lat="44.09601" lon="5.5147">
        <ele>912.0</ele>
      </trkpt>
      <trkpt lat="44.09665" lon="5.51571">
        <ele>914.0</ele>
      </trkpt>
      <trkpt lat="44.09762" lon="5.51721">
        <ele>916.0</ele>
      </trkpt>
      <trkpt lat="44.09821" lon="5.51818">
        <ele>917.0</ele>
      </trkpt>
      <trkpt lat="44.09829" lon="5.51834">
        <ele>918.0</ele>
      </trkpt>
      <trkpt lat="44.09862" lon="5.51917">
        <ele>919.0</ele>
      </trkpt>
      <trkpt lat="44.09875" lon="5.51941">
        <ele>918.0</ele>
      </trkpt>
      <trkpt lat="44.09881" lon="5.51949">
        <ele>918.0</ele>
      </trkpt>
      <trkpt lat="44.09898" lon="5.51964">
        <ele>918.0</ele>
      </trkpt>
      <trkpt lat="44.09991" lon="5.52024">
        <ele>918.0</ele>
      </trkpt>
      <trkpt lat="44.10047" lon="5.52063">
        <ele>916.0</ele>
      </trkpt>
      <trkpt lat="44.10055" lon="5.52069">
        <ele>916.0</ele>
      </trkpt>
      <trkpt lat="44.10065" lon="5.52079">
        <ele>915.0</ele>
      </trkpt>
      <trkpt lat="44.10112" lon="5.52126">
        <ele>914.0</ele>
      </trkpt>
      <trkpt lat="44.10129" lon="5.52144">
        <ele>914.0</ele>
      </trkpt>
      <trkpt lat="44.10135" lon="5.52155">
        <ele>914.0</ele>
      </trkpt>
      <trkpt lat="44.1014" lon="5.52167">
        <ele>914.0</ele>
      </trkpt>
      <trkpt lat="44.10142" lon="5.52178">
        <ele>914.0</ele>
      </trkpt>
      <trkpt lat="44.10143" lon="5.52191">
        <ele>914.0</ele>
      </trkpt>
      <trkpt lat="44.10141" lon="5.52205">
        <ele>914.0</ele>
      </trkpt>
      <trkpt lat="44.10139" lon="5.52213">
        <ele>914.0</ele>
      </trkpt>
      <trkpt lat="44.10135" lon="5.52222">
        <ele>914.0</ele>
      </trkpt>
      <trkpt lat="44.10127" lon="5.52233">
        <ele>913.0</ele>
      </trkpt>
      <trkpt lat="44.10112" lon="5.5225">
        <ele>913.0</ele>
      </trkpt>
      <trkpt lat="44.10099" lon="5.52266">
        <ele>913.0</ele>
      </trkpt>
      <trkpt lat="44.10092" lon="5.52278">
        <ele>912.0</ele>
      </trkpt>
      <trkpt lat="44.10087" lon="5.52289">
        <ele>912.0</ele>
      </trkpt>
      <trkpt lat="44.10018" lon="5.52493">
        <ele>910.0</ele>
      </trkpt>
      <trkpt lat="44.09989" lon="5.52576">
        <ele>910.0</ele>
      </trkpt>
      <trkpt lat="44.09982" lon="5.52595">
        <ele>911.0</ele>
      </trkpt>
      <trkpt lat="44.09974" lon="5.52611">
        <ele>911.0</ele>
      </trkpt>
      <trkpt lat="44.09967" lon="5.5262">
        <ele>911.0</ele>
      </trkpt>
      <trkpt lat="44.0996" lon="5.52628">
        <ele>911.0</ele>
      </trkpt>
      <trkpt lat="44.09924" lon="5.52654">
        <ele>910.0</ele>
      </trkpt>
      <trkpt lat="44.09575" lon="5.5291">
        <ele>914.0</ele>
      </trkpt>
      <trkpt lat="44.09555" lon="5.52923">
        <ele>914.0</ele>
      </trkpt>
      <trkpt lat="44.09519" lon="5.52944">
        <ele>913.0</ele>
      </trkpt>
      <trkpt lat="44.09496" lon="5.52958">
        <ele>912.0</ele>
      </trkpt>
      <trkpt lat="44.09482" lon="5.52967">
        <ele>912.0</ele>
      </trkpt>
      <trkpt lat="44.09467" lon="5.52982">
        <ele>911.0</ele>
      </trkpt>
      <trkpt lat="44.09451" lon="5.53001">
        <ele>911.0</ele>
      </trkpt>
      <trkpt lat="44.09439" lon="5.53017">
        <ele>910.0</ele>
      </trkpt>
      <trkpt lat="44.09366" lon="5.53129">
        <ele>906.0</ele>
      </trkpt>
      <trkpt lat="44.09356" lon="5.53141">
        <ele>906.0</ele>
      </trkpt>
      <trkpt lat="44.09347" lon="5.53151">
        <ele>906.0</ele>
      </trkpt>
      <trkpt lat="44.09337" lon="5.5316">
        <ele>906.0</ele>
      </trkpt>
      <trkpt lat="44.09267" lon="5.53207">
        <ele>903.0</ele>
      </trkpt>
      <trkpt lat="44.09256" lon="5.53216">
        <ele>903.0</ele>
      </trkpt>
      <trkpt lat="44.09249" lon="5.53221">
        <ele>902.0</ele>
      </trkpt>
      <trkpt lat="44.09234" lon="5.53237">
        <ele>902.0</ele>
      </trkpt>
      <trkpt lat="44.09209" lon="5.53269">
        <ele>903.0</ele>
      </trkpt>
      <trkpt lat="44.09155" lon="5.53349">
        <ele>906.0</ele>
      </trkpt>
      <trkpt lat="44.09133" lon="5.5337">
        <ele>906.0</ele>
      </trkpt>
      <trkpt lat="44.09115" lon="5.53383">
        <ele>906.0</ele>
      </trkpt>
      <trkpt lat="44.09074" lon="5.53409">
        <ele>907.0</ele>
      </trkpt>
      <trkpt lat="44.09058" lon="5.53418">
        <ele>907.0</ele>
      </trkpt>
      <trkpt lat="44.09043" lon="5.53423">
        <ele>907.0</ele>
      </trkpt>
      <trkpt lat="44.08957" lon="5.53438">
        <ele>906.0</ele>
      </trkpt>
      <trkpt lat="44.08913" lon="5.53447">
        <ele>905.0</ele>
      </trkpt>
      <trkpt lat="44.08898" lon="5.53452">
        <ele>904.0</ele>
      </trkpt>
      <trkpt lat="44.08882" lon="5.53458">
        <ele>903.0</ele>
      </trkpt>
      <trkpt lat="44.08865" lon="5.53468">
        <ele>903.0</ele>
      </trkpt>
      <trkpt lat="44.08831" lon="5.53492">
        <ele>902.0</ele>
      </trkpt>
      <trkpt lat="44.08774" lon="5.53544">
        <ele>903.0</ele>
      </trkpt>
      <trkpt lat="44.08719" lon="5.53589">
        <ele>903.0</ele>
      </trkpt>
      <trkpt lat="44.08633" lon="5.53656">
        <ele>900.0</ele>
      </trkpt>
      <trkpt lat="44.08622" lon="5.53666">
        <ele>900.0</ele>
      </trkpt>
      <trkpt lat="44.08614" lon="5.53677">
        <ele>899.0</ele>
      </trkpt>
      <trkpt lat="44.08605" lon="5.53693">
        <ele>899.0</ele>
      </trkpt>
      <trkpt lat="44.08593" lon="5.53721">
        <ele>898.0</ele>
      </trkpt>
      <trkpt lat="44.08559" lon="5.53811">
        <ele>898.0</ele>
      </trkpt>
      <trkpt lat="44.08548" lon="5.53834">
        <ele>898.0</ele>
      </trkpt>
      <trkpt lat="44.08537" lon="5.5385">
        <ele>899.0</ele>
      </trkpt>
      <trkpt lat="44.08528" lon="5.5386">
        <ele>899.0</ele>
      </trkpt>
      <trkpt lat="44.08484" lon="5.53891">
        <ele>900.0</ele>
      </trkpt>
      <trkpt lat="44.08453" lon="5.53912">
        <ele>901.0</ele>
      </trkpt>
      <trkpt lat="44.08439" lon="5.53922">
        <ele>902.0</ele>
      </trkpt>
      <trkpt lat="44.08424" lon="5.53936">
        <ele>902.0</ele>
      </trkpt>
      <trkpt lat="44.0841" lon="5.53953">
        <ele>903.0</ele>
      </trkpt>
      <trkpt lat="44.08369" lon="5.54006">
        <ele>904.0</ele>
      </trkpt>
      <trkpt lat="44.0836" lon="5.54022">
        <ele>905.0</ele>
      </trkpt>
      <trkpt lat="44.08333" lon="5.5408">
        <ele>906.0</ele>
      </trkpt>
      <trkpt lat="44.08316" lon="5.54102">
        <ele>906.0</ele>
      </trkpt>
      <trkpt lat="44.08306" lon="5.54113">
        <ele>906.0</ele>
      </trkpt>
      <trkpt lat="44.08295" lon="5.54122">
        <ele>907.0</ele>
      </trkpt>
      <trkpt lat="44.08279" lon="5.54133">
        <ele>907.0</ele>
      </trkpt>
      <trkpt lat="44.08253" lon="5.54148">
        <ele>908.0</ele>
      </trkpt>
      <trkpt lat="44.08244" lon="5.54155">
        <ele>908.0</ele>
      </trkpt>
      <trkpt lat="44.08236" lon="5.54163">
        <ele>909.0</ele>
      </trkpt>
      <trkpt lat="44.08228" lon="5.54173">
        <ele>909.0</ele>
      </trkpt>
      <trkpt lat="44.08216" lon="5.54195">
        <ele>910.0</ele>
      </trkpt>
      <trkpt lat="44.082" lon="5.54229">
        <ele>912.0</ele>
      </trkpt>
      <trkpt lat="44.08193" lon="5.5425">
        <ele>914.0</ele>
      </trkpt>
      <trkpt lat="44.0819" lon="5.54269">
        <ele>914.0</ele>
      </trkpt>
      <trkpt lat="44.08192" lon="5.54288">
        <ele>915.0</ele>
      </trkpt>
      <trkpt lat="44.08195" lon="5.54302">
        <ele>916.0</ele>
      </trkpt>
      <trkpt lat="44.08204" lon="5.54326">
        <ele>917.0</ele>
      </trkpt>
      <trkpt lat="44.08229" lon="5.54387">
        <ele>920.0</ele>
      </trkpt>
      <trkpt lat="44.08266" lon="5.54469">
        <ele>926.0</ele>
      </trkpt>
      <trkpt lat="44.08285" lon="5.54511">
        <ele>928.0</ele>
      </trkpt>
      <trkpt lat="44.08329" lon="5.54609">
        <ele>934.0</ele>
      </trkpt>
      <trkpt lat="44.08335" lon="5.54627">
        <ele>935.0</ele>
      </trkpt>
      <trkpt lat="44.08337" lon="5.54645">
        <ele>936.0</ele>
      </trkpt>
      <trkpt lat="44.0834" lon="5.54751">
        <ele>940.0</ele>
      </trkpt>
      <trkpt lat="44.08341" lon="5.54773">
        <ele>940.0</ele>
      </trkpt>
      <trkpt lat="44.08343" lon="5.54785">
        <ele>941.0</ele>
      </trkpt>
      <trkpt lat="44.08347" lon="5.54823">
        <ele>942.0</ele>
      </trkpt>
      <trkpt lat="44.08347" lon="5.54843">
        <ele>942.0</ele>
      </trkpt>
      <trkpt lat="44.08345" lon="5.54854">
        <ele>942.0</ele>
      </trkpt>
      <trkpt lat="44.08333" lon="5.54894">
        <ele>942.0</ele>
      </trkpt>
      <trkpt lat="44.08329" lon="5.54902">
        <ele>941.0</ele>
      </trkpt>
      <trkpt lat="44.08313" lon="5.54921">
        <ele>941.0</ele>
      </trkpt>
      <trkpt lat="44.08226" lon="5.55001">
        <ele>937.0</ele>
      </trkpt>
      <trkpt lat="44.08176" lon="5.5505">
        <ele>932.0</ele>
      </trkpt>
      <trkpt lat="44.08154" lon="5.55074">
        <ele>931.0</ele>
      </trkpt>
      <trkpt lat="44.08146" lon="5.55087">
        <ele>930.0</ele>
      </trkpt>
      <trkpt lat="44.08139" lon="5.55098">
        <ele>929.0</ele>
      </trkpt>
      <trkpt lat="44.08132" lon="5.55115">
        <ele>928.0</ele>
      </trkpt>
      <trkpt lat="44.08083" lon="5.55235">
        <ele>927.0</ele>
      </trkpt>
      <trkpt lat="44.08069" lon="5.55266">
        <ele>926.0</ele>
      </trkpt>
      <trkpt lat="44.0806" lon="5.55283">
        <ele>925.0</ele>
      </trkpt>
      <trkpt lat="44.0805" lon="5.55298">
        <ele>925.0</ele>
      </trkpt>
      <trkpt lat="44.0804" lon="5.5531">
        <ele>924.0</ele>
      </trkpt>
      <trkpt lat="44.07997" lon="5.55355">
        <ele>924.0</ele>
      </trkpt>
      <trkpt lat="44.07734" lon="5.55628">
        <ele>930.0</ele>
      </trkpt>
      <trkpt lat="44.07705" lon="5.55661">
        <ele>929.0</ele>
      </trkpt>
      <trkpt lat="44.07683" lon="5.55692">
        <ele>928.0</ele>
      </trkpt>
      <trkpt lat="44.07598" lon="5.5582">
        <ele>927.0</ele>
      </trkpt>
      <trkpt lat="44.07567" lon="5.55867">
        <ele>928.0</ele>
      </trkpt>
      <trkpt lat="44.07555" lon="5.55884">
        <ele>929.0</ele>
      </trkpt>
      <trkpt lat="44.0754" lon="5.55901">
        <ele>930.0</ele>
      </trkpt>
      <trkpt lat="44.07524" lon="5.55915">
        <ele>931.0</ele>
      </trkpt>
      <trkpt lat="44.07506" lon="5.55924">
        <ele>932.0</ele>
      </trkpt>
      <trkpt lat="44.07489" lon="5.55928">
        <ele>933.0</ele>
      </trkpt>
      <trkpt lat="44.07472" lon="5.55928">
        <ele>934.0</ele>
      </trkpt>
      <trkpt lat="44.07428" lon="5.55927">
        <ele>936.0</ele>
      </trkpt>
      <trkpt lat="44.07412" lon="5.5593">
        <ele>937.0</ele>
      </trkpt>
      <trkpt lat="44.074" lon="5.5594">
        <ele>937.0</ele>
      </trkpt>
      <trkpt lat="44.07389" lon="5.55952">
        <ele>937.0</ele>
      </trkpt>
      <trkpt lat="44.07383" lon="5.55962">
        <ele>938.0</ele>
      </trkpt>
      <trkpt lat="44.0738" lon="5.55971">
        <ele>938.0</ele>
      </trkpt>
      <trkpt lat="44.07377" lon="5.55983">
        <ele>939.0</ele>
      </trkpt>
      <trkpt lat="44.07377" lon="5.55997">
        <ele>939.0</ele>
      </trkpt>
      <trkpt lat="44.07379" lon="5.56023">
        <ele>940.0</ele>
      </trkpt>
      <trkpt lat="44.07393" lon="5.56137">
        <ele>942.0</ele>
      </trkpt>
      <trkpt lat="44.07419" lon="5.56373">
        <ele>945.0</ele>
      </trkpt>
      <trkpt lat="44.07422" lon="5.56407">
        <ele>945.0</ele>
      </trkpt>
      <trkpt lat="44.07424" lon="5.56437">
        <ele>946.0</ele>
      </trkpt>
      <trkpt lat="44.07423" lon="5.56464">
        <ele>947.0</ele>
      </trkpt>
      <trkpt lat="44.07415" lon="5.56505">
        <ele>948.0</ele>
      </trkpt>
      <trkpt lat="44.07407" lon="5.56537">
        <ele>949.0</ele>
      </trkpt>
      <trkpt lat="44.07398" lon="5.56575">
        <ele>951.0</ele>
      </trkpt>
      <trkpt lat="44.07394" lon="5.56607">
        <ele>952.0</ele>
      </trkpt>
      <trkpt lat="44.07392" lon="5.56642">
        <ele>952.0</ele>
      </trkpt>
      <trkpt lat="44.07391" lon="5.56697">
        <ele>952.0</ele>
      </trkpt>
      <trkpt lat="44.07392" lon="5.56809">
        <ele>951.0</ele>
      </trkpt>
      <trkpt lat="44.07391" lon="5.56849">
        <ele>951.0</ele>
      </trkpt>
      <trkpt lat="44.07388" lon="5.56881">
        <ele>951.0</ele>
      </trkpt>
      <trkpt lat="44.07382" lon="5.56923">
        <ele>952.0</ele>
      </trkpt>
      <trkpt lat="44.07373" lon="5.56971">
        <ele>951.0</ele>
      </trkpt>
      <trkpt lat="44.07289" lon="5.57384">
        <ele>959.0</ele>
      </trkpt>
      <trkpt lat="44.07276" lon="5.5745">
        <ele>960.0</ele>
      </trkpt>
      <trkpt lat="44.07272" lon="5.57471">
        <ele>960.0</ele>
      </trkpt>
      <trkpt lat="44.07272" lon="5.57485">
        <ele>960.0</ele>
      </trkpt>
      <trkpt lat="44.07273" lon="5.57502">
        <ele>960.0</ele>
      </trkpt>
      <trkpt lat="44.07277" lon="5.57528">
        <ele>959.0</ele>
      </trkpt>
      <trkpt lat="44.07292" lon="5.57595">
        <ele>956.0</ele>
      </trkpt>
      <trkpt lat="44.07298" lon="5.57612">
        <ele>955.0</ele>
      </trkpt>
      <trkpt lat="44.07306" lon="5.57627">
        <ele>955.0</ele>
      </trkpt>
      <trkpt lat="44.0732" lon="5.57647">
        <ele>954.0</ele>
      </trkpt>
      <trkpt lat="44.07337" lon="5.57668">
        <ele>954.0</ele>
      </trkpt>
      <trkpt lat="44.07352" lon="5.57684">
        <ele>954.0</ele>
      </trkpt>
      <trkpt lat="44.07369" lon="5.57698">
        <ele>955.0</ele>
      </trkpt>
      <trkpt lat="44.07385" lon="5.57708">
        <ele>955.0</ele>
      </trkpt>
      <trkpt lat="44.07434" lon="5.57737">
        <ele>955.0</ele>
      </trkpt>
      <trkpt lat="44.07516" lon="5.57797">
        <ele>957.0</ele>
      </trkpt>
      <trkpt lat="44.07533" lon="5.57813">
        <ele>957.0</ele>
      </trkpt>
      <trkpt lat="44.07547" lon="5.57829">
        <ele>957.0</ele>
      </trkpt>
      <trkpt lat="44.07557" lon="5.57845">
        <ele>958.0</ele>
      </trkpt>
      <trkpt lat="44.07566" lon="5.57863">
        <ele>958.0</ele>
      </trkpt>
      <trkpt lat="44.07573" lon="5.57883">
        <ele>957.0</ele>
      </trkpt>
      <trkpt lat="44.07577" lon="5.57895">
        <ele>956.0</ele>
      </trkpt>
      <trkpt lat="44.0758" lon="5.5791">
        <ele>955.0</ele>
      </trkpt>
      <trkpt lat="44.07585" lon="5.5794">
        <ele>955.0</ele>
      </trkpt>
      <trkpt lat="44.07597" lon="5.57989">
        <ele>956.0</ele>
      </trkpt>
      <trkpt lat="44.07598" lon="5.58">
        <ele>956.0</ele>
      </trkpt>
      <trkpt lat="44.07598" lon="5.58008">
        <ele>956.0</ele>
      </trkpt>
      <trkpt lat="44.07597" lon="5.58015">
        <ele>956.0</ele>
      </trkpt>
      <trkpt lat="44.07591" lon="5.5803">
        <ele>956.0</ele>
      </trkpt>
      <trkpt lat="44.07586" lon="5.58036">
        <ele>956.0</ele>
      </trkpt>
      <trkpt lat="44.07579" lon="5.5804">
        <ele>956.0</ele>
      </trkpt>
      <trkpt lat="44.07574" lon="5.58042">
        <ele>957.0</ele>
      </trkpt>
      <trkpt lat="44.07565" lon="5.58043">
        <ele>958.0</ele>
      </trkpt>
      <trkpt lat="44.07559" lon="5.58041">
        <ele>958.0</ele>
      </trkpt>
      <trkpt lat="44.07551" lon="5.58034">
        <ele>959.0</ele>
      </trkpt>
      <trkpt lat="44.07544" lon="5.58023">
        <ele>958.0</ele>
      </trkpt>
      <trkpt lat="44.07521" lon="5.57979">
        <ele>956.0</ele>
      </trkpt>
      <trkpt lat="44.07506" lon="5.57958">
        <ele>954.0</ele>
      </trkpt>
      <trkpt lat="44.07498" lon="5.57951">
        <ele>954.0</ele>
      </trkpt>
      <trkpt lat="44.07489" lon="5.57945">
        <ele>954.0</ele>
      </trkpt>
      <trkpt lat="44.07477" lon="5.5794">
        <ele>954.0</ele>
      </trkpt>
      <trkpt lat="44.07465" lon="5.57936">
        <ele>954.0</ele>
      </trkpt>
      <trkpt lat="44.07452" lon="5.57934">
        <ele>955.0</ele>
      </trkpt>
      <trkpt lat="44.0744" lon="5.57934">
        <ele>956.0</ele>
      </trkpt>
      <trkpt lat="44.07425" lon="5.57936">
        <ele>957.0</ele>
      </trkpt>
      <trkpt lat="44.07391" lon="5.57944">
        <ele>960.0</ele>
      </trkpt>
      <trkpt lat="44.07362" lon="5.57944">
        <ele>961.0</ele>
      </trkpt>
      <trkpt lat="44.07329" lon="5.57937">
        <ele>961.0</ele>
      </trkpt>
      <trkpt lat="44.0732" lon="5.57938">
        <ele>961.0</ele>
      </trkpt>
      <trkpt lat="44.0731" lon="5.57941">
        <ele>962.0</ele>
      </trkpt>
      <trkpt lat="44.07301" lon="5.57947">
        <ele>962.0</ele>
      </trkpt>
      <trkpt lat="44.07293" lon="5.57955">
        <ele>963.0</ele>
      </trkpt>
      <trkpt lat="44.07287" lon="5.57965">
        <ele>963.0</ele>
      </trkpt>
      <trkpt lat="44.07281" lon="5.57978">
        <ele>964.0</ele>
      </trkpt>
      <trkpt lat="44.07275" lon="5.57998">
        <ele>965.0</ele>
      </trkpt>
      <trkpt lat="44.07211" lon="5.58221">
        <ele>971.0</ele>
      </trkpt>
      <trkpt lat="44.07207" lon="5.58245">
        <ele>972.0</ele>
      </trkpt>
      <trkpt lat="44.07205" lon="5.58269">
        <ele>972.0</ele>
      </trkpt>
      <trkpt lat="44.07204" lon="5.58315">
        <ele>972.0</ele>
      </trkpt>
      <trkpt lat="44.07198" lon="5.58959">
        <ele>980.0</ele>
      </trkpt>
      <trkpt lat="44.07197" lon="5.59054">
        <ele>983.0</ele>
      </trkpt>
      <trkpt lat="44.07197" lon="5.59073">
        <ele>984.0</ele>
      </trkpt>
      <trkpt lat="44.07199" lon="5.59087">
        <ele>984.0</ele>
      </trkpt>
      <trkpt lat="44.07203" lon="5.59101">
        <ele>984.0</ele>
      </trkpt>
      <trkpt lat="44.07208" lon="5.59118">
        <ele>983.0</ele>
      </trkpt>
      <trkpt lat="44.07225" lon="5.59163">
        <ele>983.0</ele>
      </trkpt>
      <trkpt lat="44.07254" lon="5.59249">
        <ele>980.0</ele>
      </trkpt>
      <trkpt lat="44.07269" lon="5.59277">
        <ele>980.0</ele>
      </trkpt>
      <trkpt lat="44.07277" lon="5.59287">
        <ele>979.0</ele>
      </trkpt>
      <trkpt lat="44.07286" lon="5.59294">
        <ele>979.0</ele>
      </trkpt>
      <trkpt lat="44.07294" lon="5.593">
        <ele>979.0</ele>
      </trkpt>
      <trkpt lat="44.07326" lon="5.59313">
        <ele>979.0</ele>
      </trkpt>
      <trkpt lat="44.07338" lon="5.5932">
        <ele>979.0</ele>
      </trkpt>
      <trkpt lat="44.07346" lon="5.59328">
        <ele>979.0</ele>
      </trkpt>
      <trkpt lat="44.07353" lon="5.59335">
        <ele>979.0</ele>
      </trkpt>
      <trkpt lat="44.07358" lon="5.59343">
        <ele>979.0</ele>
      </trkpt>
      <trkpt lat="44.07363" lon="5.59356">
        <ele>979.0</ele>
      </trkpt>
      <trkpt lat="44.07367" lon="5.59372">
        <ele>978.0</ele>
      </trkpt>
      <trkpt lat="44.07381" lon="5.59483">
        <ele>976.0</ele>
      </trkpt>
      <trkpt lat="44.07382" lon="5.595">
        <ele>976.0</ele>
      </trkpt>
      <trkpt lat="44.0738" lon="5.59518">
        <ele>974.0</ele>
      </trkpt>
      <trkpt lat="44.07377" lon="5.59538">
        <ele>973.0</ele>
      </trkpt>
      <trkpt lat="44.07359" lon="5.59627">
        <ele>967.0</ele>
      </trkpt>
      <trkpt lat="44.07347" lon="5.59687">
        <ele>965.0</ele>
      </trkpt>
      <trkpt lat="44.07343" lon="5.59701">
        <ele>966.0</ele>
      </trkpt>
      <trkpt lat="44.07338" lon="5.59711">
        <ele>966.0</ele>
      </trkpt>
      <trkpt lat="44.07332" lon="5.5972">
        <ele>967.0</ele>
      </trkpt>
      <trkpt lat="44.07315" lon="5.59735">
        <ele>967.0</ele>
      </trkpt>
      <trkpt lat="44.07117" lon="5.59814">
        <ele>966.0</ele>
      </trkpt>
      <trkpt lat="44.07098" lon="5.59821">
        <ele>967.0</ele>
      </trkpt>
      <trkpt lat="44.07081" lon="5.59831">
        <ele>968.0</ele>
      </trkpt>
      <trkpt lat="44.07065" lon="5.59843">
        <ele>968.0</ele>
      </trkpt>
      <trkpt lat="44.07036" lon="5.5987">
        <ele>969.0</ele>
      </trkpt>
      <trkpt lat="44.06972" lon="5.59934">
        <ele>968.0</ele>
      </trkpt>
      <trkpt lat="44.06844" lon="5.60057">
        <ele>965.0</ele>
      </trkpt>
      <trkpt lat="44.06824" lon="5.60078">
        <ele>965.0</ele>
      </trkpt>
      <trkpt lat="44.06808" lon="5.60097">
        <ele>964.0</ele>
      </trkpt>
      <trkpt lat="44.06754" lon="5.60176">
        <ele>960.0</ele>
      </trkpt>
      <trkpt lat="44.06742" lon="5.60189">
        <ele>960.0</ele>
      </trkpt>
      <trkpt lat="44.06733" lon="5.60197">
        <ele>960.0</ele>
      </trkpt>
      <trkpt lat="44.06724" lon="5.60204">
        <ele>960.0</ele>
      </trkpt>
      <trkpt lat="44.06713" lon="5.60209">
        <ele>960.0</ele>
      </trkpt>
      <trkpt lat="44.06701" lon="5.60213">
        <ele>960.0</ele>
      </trkpt>
      <trkpt lat="44.06385" lon="5.60267">
        <ele>953.0</ele>
      </trkpt>
      <trkpt lat="44.06314" lon="5.60279">
        <ele>952.0</ele>
      </trkpt>
      <trkpt lat="44.06296" lon="5.60283">
        <ele>952.0</ele>
      </trkpt>
      <trkpt lat="44.06277" lon="5.6029">
        <ele>952.0</ele>
      </trkpt>
      <trkpt lat="44.06254" lon="5.60303">
        <ele>953.0</ele>
      </trkpt>
      <trkpt lat="44.06088" lon="5.60413">
        <ele>944.0</ele>
      </trkpt>
      <trkpt lat="44.06027" lon="5.60452">
        <ele>944.0</ele>
      </trkpt>
      <trkpt lat="44.05995" lon="5.60466">
        <ele>944.0</ele>
      </trkpt>
      <trkpt lat="44.0597" lon="5.60475">
        <ele>945.0</ele>
      </trkpt>
      <trkpt lat="44.05698" lon="5.60554">
        <ele>939.0</ele>
      </trkpt>
      <trkpt lat="44.05676" lon="5.60561">
        <ele>939.0</ele>
      </trkpt>
      <trkpt lat="44.05656" lon="5.60569">
        <ele>939.0</ele>
      </trkpt>
      <trkpt lat="44.05631" lon="5.60583">
        <ele>939.0</ele>
      </trkpt>
      <trkpt lat="44.05556" lon="5.60632">
        <ele>938.0</ele>
      </trkpt>
      <trkpt lat="44.05532" lon="5.60647">
        <ele>938.0</ele>
      </trkpt>
      <trkpt lat="44.05519" lon="5.60654">
        <ele>938.0</ele>
      </trkpt>
      <trkpt lat="44.05505" lon="5.60659">
        <ele>938.0</ele>
      </trkpt>
      <trkpt lat="44.05478" lon="5.60665">
        <ele>937.0</ele>
      </trkpt>
      <trkpt lat="44.05461" lon="5.60666">
        <ele>937.0</ele>
      </trkpt>
      <trkpt lat="44.0541" lon="5.60665">
        <ele>936.0</ele>
      </trkpt>
      <trkpt lat="44.05392" lon="5.60666">
        <ele>935.0</ele>
      </trkpt>
      <trkpt lat="44.05377" lon="5.60669">
        <ele>934.0</ele>
      </trkpt>
      <trkpt lat="44.05362" lon="5.60674">
        <ele>934.0</ele>
      </trkpt>
      <trkpt lat="44.0535" lon="5.60679">
        <ele>934.0</ele>
      </trkpt>
      <trkpt lat="44.05261" lon="5.60736">
        <ele>931.0</ele>
      </trkpt>
      <trkpt lat="44.0519" lon="5.60784">
        <ele>932.0</ele>
      </trkpt>
      <trkpt lat="44.05162" lon="5.608">
        <ele>933.0</ele>
      </trkpt>
      <trkpt lat="44.05107" lon="5.60822">
        <ele>934.0</ele>
      </trkpt>
      <trkpt lat="44.05092" lon="5.60831">
        <ele>934.0</ele>
      </trkpt>
      <trkpt lat="44.05082" lon="5.60841">
        <ele>934.0</ele>
      </trkpt>
      <trkpt lat="44.05071" lon="5.60854">
        <ele>934.0</ele>
      </trkpt>
      <trkpt lat="44.05059" lon="5.60877">
        <ele>935.0</ele>
      </trkpt>
      <trkpt lat="44.05055" lon="5.60887">
        <ele>935.0</ele>
      </trkpt>
      <trkpt lat="44.05052" lon="5.609">
        <ele>936.0</ele>
      </trkpt>
      <trkpt lat="44.05049" lon="5.60917">
        <ele>937.0</ele>
      </trkpt>
      <trkpt lat="44.05043" lon="5.60971">
        <ele>938.0</ele>
      </trkpt>
      <trkpt lat="44.05038" lon="5.60989">
        <ele>938.0</ele>
      </trkpt>
      <trkpt lat="44.05034" lon="5.60999">
        <ele>938.0</ele>
      </trkpt>
      <trkpt lat="44.05023" lon="5.61019">
        <ele>938.0</ele>
      </trkpt>
      <trkpt lat="44.04993" lon="5.6106">
        <ele>938.0</ele>
      </trkpt>
      <trkpt lat="44.04946" lon="5.61124">
        <ele>939.0</ele>
      </trkpt>
      <trkpt lat="44.04932" lon="5.61149">
        <ele>938.0</ele>
      </trkpt>
      <trkpt lat="44.04927" lon="5.61164">
        <ele>938.0</ele>
      </trkpt>
      <trkpt lat="44.04925" lon="5.61179">
        <ele>937.0</ele>
      </trkpt>
      <trkpt lat="44.04925" lon="5.61197">
        <ele>936.0</ele>
      </trkpt>
      <trkpt lat="44.04927" lon="5.61213">
        <ele>936.0</ele>
      </trkpt>
      <trkpt lat="44.04936" lon="5.6124">
        <ele>936.0</ele>
      </trkpt>
      <trkpt lat="44.04945" lon="5.61263">
        <ele>936.0</ele>
      </trkpt>
      <trkpt lat="44.04952" lon="5.61276">
        <ele>936.0</ele>
      </trkpt>
      <trkpt lat="44.0496" lon="5.61285">
        <ele>937.0</ele>
      </trkpt>
      <trkpt lat="44.04968" lon="5.61291">
        <ele>937.0</ele>
      </trkpt>
      <trkpt lat="44.04978" lon="5.61294">
        <ele>938.0</ele>
      </trkpt>
      <trkpt lat="44.05076" lon="5.6131">
        <ele>942.0</ele>
      </trkpt>
      <trkpt lat="44.05093" lon="5.61314">
        <ele>944.0</ele>
      </trkpt>
      <trkpt lat="44.0511" lon="5.61321">
        <ele>945.0</ele>
      </trkpt>
      <trkpt lat="44.05127" lon="5.6133">
        <ele>946.0</ele>
      </trkpt>
      <trkpt lat="44.05206" lon="5.61381">
        <ele>950.0</ele>
      </trkpt>
      <trkpt lat="44.05228" lon="5.61397">
        <ele>950.0</ele>
      </trkpt>
      <trkpt lat="44.05244" lon="5.61409">
        <ele>949.0</ele>
      </trkpt>
      <trkpt lat="44.05259" lon="5.61426">
        <ele>949.0</ele>
      </trkpt>
      <trkpt lat="44.05275" lon="5.61447">
        <ele>949.0</ele>
      </trkpt>
      <trkpt lat="44.05313" lon="5.61503">
        <ele>947.0</ele>
      </trkpt>
      <trkpt lat="44.05329" lon="5.61524">
        <ele>943.0</ele>
      </trkpt>
      <trkpt lat="44.05344" lon="5.61542">
        <ele>941.0</ele>
      </trkpt>
      <trkpt lat="44.05367" lon="5.61563">
        <ele>940.0</ele>
      </trkpt>
      <trkpt lat="44.0539" lon="5.61586">
        <ele>940.0</ele>
      </trkpt>
      <trkpt lat="44.05491" lon="5.61689">
        <ele>937.0</ele>
      </trkpt>
      <trkpt lat="44.05505" lon="5.61705">
        <ele>937.0</ele>
      </trkpt>
      <trkpt lat="44.05518" lon="5.61722">
        <ele>937.0</ele>
      </trkpt>
      <trkpt lat="44.05531" lon="5.61741">
        <ele>937.0</ele>
      </trkpt>
      <trkpt lat="44.05542" lon="5.61761">
        <ele>937.0</ele>
      </trkpt>
      <trkpt lat="44.05562" lon="5.61803">
        <ele>934.0</ele>
      </trkpt>
      <trkpt lat="44.0558" lon="5.61847">
        <ele>930.0</ele>
      </trkpt>
      <trkpt lat="44.05598" lon="5.61888">
        <ele>927.0</ele>
      </trkpt>
      <trkpt lat="44.05608" lon="5.61906">
        <ele>927.0</ele>
      </trkpt>
      <trkpt lat="44.05618" lon="5.61923">
        <ele>926.0</ele>
      </trkpt>
      <trkpt lat="44.05651" lon="5.6197">
        <ele>925.0</ele>
      </trkpt>
      <trkpt lat="44.05681" lon="5.62022">
        <ele>920.0</ele>
      </trkpt>
      <trkpt lat="44.05692" lon="5.62037">
        <ele>919.0</ele>
      </trkpt>
      <trkpt lat="44.05703" lon="5.6205">
        <ele>918.0</ele>
      </trkpt>
      <trkpt lat="44.05724" lon="5.6207">
        <ele>917.0</ele>
      </trkpt>
      <trkpt lat="44.05734" lon="5.62077">
        <ele>917.0</ele>
      </trkpt>
      <trkpt lat="44.05744" lon="5.62082">
        <ele>918.0</ele>
      </trkpt>
      <trkpt lat="44.05755" lon="5.62086">
        <ele>918.0</ele>
      </trkpt>
      <trkpt lat="44.05774" lon="5.6209">
        <ele>917.0</ele>
      </trkpt>
      <trkpt lat="44.05796" lon="5.62091">
        <ele>918.0</ele>
      </trkpt>
      <trkpt lat="44.058" lon="5.62092">
        <ele>917.0</ele>
      </trkpt>
      <trkpt lat="44.05803" lon="5.62097">
        <ele>916.0</ele>
      </trkpt>
      <trkpt lat="44.05804" lon="5.62102">
        <ele>914.0</ele>
      </trkpt>
      <trkpt lat="44.05802" lon="5.62107">
        <ele>912.0</ele>
      </trkpt>
      <trkpt lat="44.058" lon="5.62111">
        <ele>911.0</ele>
      </trkpt>
      <trkpt lat="44.05796" lon="5.62113">
        <ele>910.0</ele>
      </trkpt>
      <trkpt lat="44.05787" lon="5.62113">
        <ele>910.0</ele>
      </trkpt>
      <trkpt lat="44.05774" lon="5.62111">
        <ele>910.0</ele>
      </trkpt>
      <trkpt lat="44.05761" lon="5.62108">
        <ele>911.0</ele>
      </trkpt>
      <trkpt lat="44.05745" lon="5.62102">
        <ele>912.0</ele>
      </trkpt>
      <trkpt lat="44.05725" lon="5.62093">
        <ele>910.0</ele>
      </trkpt>
      <trkpt lat="44.05709" lon="5.62084">
        <ele>908.0</ele>
      </trkpt>
      <trkpt lat="44.05694" lon="5.62074">
        <ele>907.0</ele>
      </trkpt>
      <trkpt lat="44.05679" lon="5.6206">
        <ele>908.0</ele>
      </trkpt>
      <trkpt lat="44.05633" lon="5.62014">
        <ele>908.0</ele>
      </trkpt>
      <trkpt lat="44.05587" lon="5.61974">
        <ele>902.0</ele>
      </trkpt>
      <trkpt lat="44.05557" lon="5.61941">
        <ele>900.0</ele>
      </trkpt>
      <trkpt lat="44.05542" lon="5.61923">
        <ele>898.0</ele>
      </trkpt>
      <trkpt lat="44.05477" lon="5.61827">
        <ele>895.0</ele>
      </trkpt>
      <trkpt lat="44.05463" lon="5.61811">
        <ele>895.0</ele>
      </trkpt>
      <trkpt lat="44.05449" lon="5.61795">
        <ele>894.0</ele>
      </trkpt>
      <trkpt lat="44.05434" lon="5.61781">
        <ele>893.0</ele>
      </trkpt>
      <trkpt lat="44.05404" lon="5.61754">
        <ele>890.0</ele>
      </trkpt>
      <trkpt lat="44.05357" lon="5.61718">
        <ele>890.0</ele>
      </trkpt>
      <trkpt lat="44.0534" lon="5.61707">
        <ele>889.0</ele>
      </trkpt>
      <trkpt lat="44.05324" lon="5.61699">
        <ele>889.0</ele>
      </trkpt>
      <trkpt lat="44.05307" lon="5.61693">
        <ele>888.0</ele>
      </trkpt>
      <trkpt lat="44.0529" lon="5.6169">
        <ele>887.0</ele>
      </trkpt>
      <trkpt lat="44.05235" lon="5.61684">
        <ele>881.0</ele>
      </trkpt>
      <trkpt lat="44.0518" lon="5.61681">
        <ele>878.0</ele>
      </trkpt>
      <trkpt lat="44.05144" lon="5.61683">
        <ele>876.0</ele>
      </trkpt>
      <trkpt lat="44.05092" lon="5.61688">
        <ele>875.0</ele>
      </trkpt>
      <trkpt lat="44.05054" lon="5.61695">
        <ele>878.0</ele>
      </trkpt>
      <trkpt lat="44.05036" lon="5.61702">
        <ele>877.0</ele>
      </trkpt>
      <trkpt lat="44.05016" lon="5.61711">
        <ele>876.0</ele>
      </trkpt>
      <trkpt lat="44.04955" lon="5.61742">
        <ele>870.0</ele>
      </trkpt>
      <trkpt lat="44.04922" lon="5.61762">
        <ele>868.0</ele>
      </trkpt>
      <trkpt lat="44.04854" lon="5.6181">
        <ele>862.0</ele>
      </trkpt>
      <trkpt lat="44.04821" lon="5.6183">
        <ele>856.0</ele>
      </trkpt>
      <trkpt lat="44.04806" lon="5.61837">
        <ele>854.0</ele>
      </trkpt>
      <trkpt lat="44.04783" lon="5.61845">
        <ele>853.0</ele>
      </trkpt>
      <trkpt lat="44.04751" lon="5.61853">
        <ele>852.0</ele>
      </trkpt>
      <trkpt lat="44.04733" lon="5.61855">
        <ele>851.0</ele>
      </trkpt>
      <trkpt lat="44.04716" lon="5.61855">
        <ele>850.0</ele>
      </trkpt>
      <trkpt lat="44.04699" lon="5.61852">
        <ele>850.0</ele>
      </trkpt>
      <trkpt lat="44.04668" lon="5.61845">
        <ele>850.0</ele>
      </trkpt>
      <trkpt lat="44.04645" lon="5.61841">
        <ele>848.0</ele>
      </trkpt>
      <trkpt lat="44.0457" lon="5.6183">
        <ele>842.0</ele>
      </trkpt>
      <trkpt lat="44.04534" lon="5.6182">
        <ele>840.0</ele>
      </trkpt>
      <trkpt lat="44.04516" lon="5.61814">
        <ele>839.0</ele>
      </trkpt>
      <trkpt lat="44.04482" lon="5.61797">
        <ele>838.0</ele>
      </trkpt>
      <trkpt lat="44.04436" lon="5.61772">
        <ele>835.0</ele>
      </trkpt>
      <trkpt lat="44.04383" lon="5.61741">
        <ele>834.0</ele>
      </trkpt>
      <trkpt lat="44.04366" lon="5.61733">
        <ele>834.0</ele>
      </trkpt>
      <trkpt lat="44.04349" lon="5.61726">
        <ele>834.0</ele>
      </trkpt>
      <trkpt lat="44.04322" lon="5.61717">
        <ele>833.0</ele>
      </trkpt>
      <trkpt lat="44.04315" lon="5.61715">
        <ele>833.0</ele>
      </trkpt>
      <trkpt lat="44.04254" lon="5.61696">
        <ele>830.0</ele>
      </trkpt>
      <trkpt lat="44.04209" lon="5.61691">
        <ele>831.0</ele>
      </trkpt>
      <trkpt lat="44.04182" lon="5.61691">
        <ele>831.0</ele>
      </trkpt>
      <trkpt lat="44.04173" lon="5.61692">
        <ele>830.0</ele>
      </trkpt>
      <trkpt lat="44.04165" lon="5.61696">
        <ele>829.0</ele>
      </trkpt>
      <trkpt lat="44.0416" lon="5.61701">
        <ele>829.0</ele>
      </trkpt>
      <trkpt lat="44.04155" lon="5.61708">
        <ele>827.0</ele>
      </trkpt>
      <trkpt lat="44.04152" lon="5.61716">
        <ele>825.0</ele>
      </trkpt>
      <trkpt lat="44.0415" lon="5.61724">
        <ele>823.0</ele>
      </trkpt>
      <trkpt lat="44.0415" lon="5.61735">
        <ele>819.0</ele>
      </trkpt>
      <trkpt lat="44.04152" lon="5.61773">
        <ele>815.0</ele>
      </trkpt>
      <trkpt lat="44.04152" lon="5.6179">
        <ele>815.0</ele>
      </trkpt>
      <trkpt lat="44.04148" lon="5.61806">
        <ele>815.0</ele>
      </trkpt>
      <trkpt lat="44.04134" lon="5.61865">
        <ele>816.0</ele>
      </trkpt>
      <trkpt lat="44.04117" lon="5.61952">
        <ele>818.0</ele>
      </trkpt>
      <trkpt lat="44.04104" lon="5.62007">
        <ele>817.0</ele>
      </trkpt>
      <trkpt lat="44.04089" lon="5.62055">
        <ele>815.0</ele>
      </trkpt>
      <trkpt lat="44.04031" lon="5.62217">
        <ele>815.0</ele>
      </trkpt>
      <trkpt lat="44.0402" lon="5.6224">
        <ele>814.0</ele>
      </trkpt>
      <trkpt lat="44.04009" lon="5.62261">
        <ele>813.0</ele>
      </trkpt>
      <trkpt lat="44.03996" lon="5.62281">
        <ele>813.0</ele>
      </trkpt>
      <trkpt lat="44.03982" lon="5.62299">
        <ele>812.0</ele>
      </trkpt>
      <trkpt lat="44.03924" lon="5.62369">
        <ele>805.0</ele>
      </trkpt>
      <trkpt lat="44.03876" lon="5.62441">
        <ele>805.0</ele>
      </trkpt>
      <trkpt lat="44.03857" lon="5.62467">
        <ele>804.0</ele>
      </trkpt>
      <trkpt lat="44.03814" lon="5.6252">
        <ele>804.0</ele>
      </trkpt>
      <trkpt lat="44.03787" lon="5.6255">
        <ele>805.0</ele>
      </trkpt>
      <trkpt lat="44.03743" lon="5.6259">
        <ele>803.0</ele>
      </trkpt>
      <trkpt lat="44.03708" lon="5.62622">
        <ele>799.0</ele>
      </trkpt>
      <trkpt lat="44.03685" lon="5.62649">
        <ele>796.0</ele>
      </trkpt>
      <trkpt lat="44.03678" lon="5.6266">
        <ele>796.0</ele>
      </trkpt>
      <trkpt lat="44.03673" lon="5.62668">
        <ele>795.0</ele>
      </trkpt>
      <trkpt lat="44.0367" lon="5.62679">
        <ele>793.0</ele>
      </trkpt>
      <trkpt lat="44.03668" lon="5.62689">
        <ele>792.0</ele>
      </trkpt>
      <trkpt lat="44.03668" lon="5.62698">
        <ele>791.0</ele>
      </trkpt>
      <trkpt lat="44.03671" lon="5.62707">
        <ele>791.0</ele>
      </trkpt>
      <trkpt lat="44.03675" lon="5.62715">
        <ele>792.0</ele>
      </trkpt>
      <trkpt lat="44.03682" lon="5.62722">
        <ele>793.0</ele>
      </trkpt>
      <trkpt lat="44.03717" lon="5.62741">
        <ele>799.0</ele>
      </trkpt>
      <trkpt lat="44.03773" lon="5.62773">
        <ele>803.0</ele>
      </trkpt>
      <trkpt lat="44.03794" lon="5.6279">
        <ele>802.0</ele>
      </trkpt>
      <trkpt lat="44.03797" lon="5.62793">
        <ele>802.0</ele>
      </trkpt>
      <trkpt lat="44.0381" lon="5.62806">
        <ele>801.0</ele>
      </trkpt>
      <trkpt lat="44.03821" lon="5.62818">
        <ele>800.0</ele>
      </trkpt>
      <trkpt lat="44.03833" lon="5.6283">
        <ele>800.0</ele>
      </trkpt>
      <trkpt lat="44.03841" lon="5.62839">
        <ele>799.0</ele>
      </trkpt>
      <trkpt lat="44.0385" lon="5.62848">
        <ele>799.0</ele>
      </trkpt>
      <trkpt lat="44.03872" lon="5.62871">
        <ele>799.0</ele>
      </trkpt>
      <trkpt lat="44.03877" lon="5.62877">
        <ele>798.0</ele>
      </trkpt>
      <trkpt lat="44.03882" lon="5.62884">
        <ele>798.0</ele>
      </trkpt>
      <trkpt lat="44.03887" lon="5.62891">
        <ele>798.0</ele>
      </trkpt>
      <trkpt lat="44.03892" lon="5.62895">
        <ele>797.0</ele>
      </trkpt>
      <trkpt lat="44.03897" lon="5.62897">
        <ele>797.0</ele>
      </trkpt>
      <trkpt lat="44.03908" lon="5.62899">
        <ele>798.0</ele>
      </trkpt>
      <trkpt lat="44.03918" lon="5.62898">
        <ele>798.0</ele>
      </trkpt>
      <trkpt lat="44.03943" lon="5.62888">
        <ele>800.0</ele>
      </trkpt>
      <trkpt lat="44.03951" lon="5.62886">
        <ele>801.0</ele>
      </trkpt>
      <trkpt lat="44.03958" lon="5.62888">
        <ele>800.0</ele>
      </trkpt>
      <trkpt lat="44.03967" lon="5.62892">
        <ele>800.0</ele>
      </trkpt>
      <trkpt lat="44.03972" lon="5.62895">
        <ele>800.0</ele>
      </trkpt>
      <trkpt lat="44.03978" lon="5.62901">
        <ele>799.0</ele>
      </trkpt>
      <trkpt lat="44.04006" lon="5.62934">
        <ele>794.0</ele>
      </trkpt>
      <trkpt lat="44.04016" lon="5.62944">
        <ele>794.0</ele>
      </trkpt>
      <trkpt lat="44.04074" lon="5.62992">
        <ele>789.0</ele>
      </trkpt>
      <trkpt lat="44.04111" lon="5.63019">
        <ele>790.0</ele>
      </trkpt>
      <trkpt lat="44.04156" lon="5.63051">
        <ele>792.0</ele>
      </trkpt>
      <trkpt lat="44.04176" lon="5.63067">
        <ele>791.0</ele>
      </trkpt>
      <trkpt lat="44.04192" lon="5.63083">
        <ele>790.0</ele>
      </trkpt>
      <trkpt lat="44.04208" lon="5.63105">
        <ele>788.0</ele>
      </trkpt>
      <trkpt lat="44.04243" lon="5.6316">
        <ele>786.0</ele>
      </trkpt>
      <trkpt lat="44.04253" lon="5.63175">
        <ele>785.0</ele>
      </trkpt>
      <trkpt lat="44.04277" lon="5.63214">
        <ele>782.0</ele>
      </trkpt>
      <trkpt lat="44.04286" lon="5.63226">
        <ele>781.0</ele>
      </trkpt>
      <trkpt lat="44.04296" lon="5.6324">
        <ele>779.0</ele>
      </trkpt>
      <trkpt lat="44.04318" lon="5.63269">
        <ele>778.0</ele>
      </trkpt>
      <trkpt lat="44.04386" lon="5.63353">
        <ele>781.0</ele>
      </trkpt>
      <trkpt lat="44.04392" lon="5.63364">
        <ele>781.0</ele>
      </trkpt>
      <trkpt lat="44.04398" lon="5.63376">
        <ele>781.0</ele>
      </trkpt>
      <trkpt lat="44.044" lon="5.63384">
        <ele>780.0</ele>
      </trkpt>
      <trkpt lat="44.04401" lon="5.63393">
        <ele>779.0</ele>
      </trkpt>
      <trkpt lat="44.04401" lon="5.63407">
        <ele>778.0</ele>
      </trkpt>
      <trkpt lat="44.04399" lon="5.63416">
        <ele>777.0</ele>
      </trkpt>
      <trkpt lat="44.04395" lon="5.63432">
        <ele>776.0</ele>
      </trkpt>
      <trkpt lat="44.0439" lon="5.63446">
        <ele>774.0</ele>
      </trkpt>
      <trkpt lat="44.04377" lon="5.63481">
        <ele>770.0</ele>
      </trkpt>
      <trkpt lat="44.04374" lon="5.63499">
        <ele>768.0</ele>
      </trkpt>
      <trkpt lat="44.04371" lon="5.63517">
        <ele>767.0</ele>
      </trkpt>
      <trkpt lat="44.0437" lon="5.63532">
        <ele>766.0</ele>
      </trkpt>
      <trkpt lat="44.04372" lon="5.63555">
        <ele>766.0</ele>
      </trkpt>
      <trkpt lat="44.04376" lon="5.63574">
        <ele>766.0</ele>
      </trkpt>
      <trkpt lat="44.0438" lon="5.63584">
        <ele>767.0</ele>
      </trkpt>
      <trkpt lat="44.04384" lon="5.63594">
        <ele>767.0</ele>
      </trkpt>
      <trkpt lat="44.04387" lon="5.63599">
        <ele>767.0</ele>
      </trkpt>
      <trkpt lat="44.04402" lon="5.63626">
        <ele>768.0</ele>
      </trkpt>
      <trkpt lat="44.04406" lon="5.63636">
        <ele>768.0</ele>
      </trkpt>
      <trkpt lat="44.04409" lon="5.63646">
        <ele>767.0</ele>
      </trkpt>
      <trkpt lat="44.04412" lon="5.63667">
        <ele>766.0</ele>
      </trkpt>
      <trkpt lat="44.04413" lon="5.63714">
        <ele>762.0</ele>
      </trkpt>
      <trkpt lat="44.04415" lon="5.63728">
        <ele>762.0</ele>
      </trkpt>
      <trkpt lat="44.04418" lon="5.63745">
        <ele>761.0</ele>
      </trkpt>
      <trkpt lat="44.04421" lon="5.63759">
        <ele>760.0</ele>
      </trkpt>
      <trkpt lat="44.04426" lon="5.63782">
        <ele>759.0</ele>
      </trkpt>
      <trkpt lat="44.04435" lon="5.63818">
        <ele>758.0</ele>
      </trkpt>
      <trkpt lat="44.04438" lon="5.63839">
        <ele>757.0</ele>
      </trkpt>
      <trkpt lat="44.04442" lon="5.63864">
        <ele>756.0</ele>
      </trkpt>
      <trkpt lat="44.04448" lon="5.63927">
        <ele>752.0</ele>
      </trkpt>
      <trkpt lat="44.04449" lon="5.63944">
        <ele>751.0</ele>
      </trkpt>
      <trkpt lat="44.0445" lon="5.63966">
        <ele>750.0</ele>
      </trkpt>
      <trkpt lat="44.04446" lon="5.64016">
        <ele>747.0</ele>
      </trkpt>
      <trkpt lat="44.04446" lon="5.6402">
        <ele>747.0</ele>
      </trkpt>
      <trkpt lat="44.04444" lon="5.64053">
        <ele>746.0</ele>
      </trkpt>
      <trkpt lat="44.04444" lon="5.64072">
        <ele>745.0</ele>
      </trkpt>
      <trkpt lat="44.04446" lon="5.64089">
        <ele>745.0</ele>
      </trkpt>
      <trkpt lat="44.04462" lon="5.64162">
        <ele>743.0</ele>
      </trkpt>
      <trkpt lat="44.04462" lon="5.64163">
        <ele>743.0</ele>
      </trkpt>
      <trkpt lat="44.04458" lon="5.64179">
        <ele>741.0</ele>
      </trkpt>
      <trkpt lat="44.04452" lon="5.64188">
        <ele>740.0</ele>
      </trkpt>
      <trkpt lat="44.04464" lon="5.64202">
        <ele>740.0</ele>
      </trkpt>
      <trkpt lat="44.0449" lon="5.64234">
        <ele>740.0</ele>
      </trkpt>
      <trkpt lat="44.04498" lon="5.64243">
        <ele>740.0</ele>
      </trkpt>
      <trkpt lat="44.04515" lon="5.64264">
        <ele>740.0</ele>
      </trkpt>
      <trkpt lat="44.04517" lon="5.64274">
        <ele>740.0</ele>
      </trkpt>
      <trkpt lat="44.04518" lon="5.64289">
        <ele>739.0</ele>
      </trkpt>
      <trkpt lat="44.04517" lon="5.64307">
        <ele>738.0</ele>
      </trkpt>
      <trkpt lat="44.04519" lon="5.64348">
        <ele>735.0</ele>
      </trkpt>
      <trkpt lat="44.04519" lon="5.64364">
        <ele>734.0</ele>
      </trkpt>
      <trkpt lat="44.04532" lon="5.64945">
        <ele>724.0</ele>
      </trkpt>
      <trkpt lat="44.04535" lon="5.6499">
        <ele>723.0</ele>
      </trkpt>
      <trkpt lat="44.04536" lon="5.65003">
        <ele>723.0</ele>
      </trkpt>
      <trkpt lat="44.0454" lon="5.65023">
        <ele>723.0</ele>
      </trkpt>
      <trkpt lat="44.04543" lon="5.6504">
        <ele>723.0</ele>
      </trkpt>
      <trkpt lat="44.04551" lon="5.65069">
        <ele>722.0</ele>
      </trkpt>
      <trkpt lat="44.04558" lon="5.65091">
        <ele>722.0</ele>
      </trkpt>
      <trkpt lat="44.04587" lon="5.65173">
        <ele>720.0</ele>
      </trkpt>
      <trkpt lat="44.0463" lon="5.65294">
        <ele>724.0</ele>
      </trkpt>
      <trkpt lat="44.04654" lon="5.6536">
        <ele>727.0</ele>
      </trkpt>
      <trkpt lat="44.04663" lon="5.65378">
        <ele>727.0</ele>
      </trkpt>
      <trkpt lat="44.04687" lon="5.65419">
        <ele>730.0</ele>
      </trkpt>
      <trkpt lat="44.04695" lon="5.65433">
        <ele>730.0</ele>
      </trkpt>
      <trkpt lat="44.04702" lon="5.65455">
        <ele>730.0</ele>
      </trkpt>
      <trkpt lat="44.04705" lon="5.65483">
        <ele>731.0</ele>
      </trkpt>
      <trkpt lat="44.04705" lon="5.65496">
        <ele>732.0</ele>
      </trkpt>
      <trkpt lat="44.04695" lon="5.65587">
        <ele>730.0</ele>
      </trkpt>
      <trkpt lat="44.0469" lon="5.65619">
        <ele>729.0</ele>
      </trkpt>
      <trkpt lat="44.04685" lon="5.65644">
        <ele>728.0</ele>
      </trkpt>
      <trkpt lat="44.0465" lon="5.65771">
        <ele>726.0</ele>
      </trkpt>
      <trkpt lat="44.04612" lon="5.65883">
        <ele>724.0</ele>
      </trkpt>
      <trkpt lat="44.04603" lon="5.65904">
        <ele>722.0</ele>
      </trkpt>
      <trkpt lat="44.04587" lon="5.65936">
        <ele>719.0</ele>
      </trkpt>
      <trkpt lat="44.0458" lon="5.65948">
        <ele>719.0</ele>
      </trkpt>
      <trkpt lat="44.04569" lon="5.65964">
        <ele>719.0</ele>
      </trkpt>
      <trkpt lat="44.04516" lon="5.6603">
        <ele>717.0</ele>
      </trkpt>
      <trkpt lat="44.04503" lon="5.66048">
        <ele>715.0</ele>
      </trkpt>
      <trkpt lat="44.04492" lon="5.66066">
        <ele>713.0</ele>
      </trkpt>
      <trkpt lat="44.04478" lon="5.66093">
        <ele>712.0</ele>
      </trkpt>
      <trkpt lat="44.04472" lon="5.6611">
        <ele>713.0</ele>
      </trkpt>
      <trkpt lat="44.04468" lon="5.66128">
        <ele>713.0</ele>
      </trkpt>
      <trkpt lat="44.04462" lon="5.66159">
        <ele>714.0</ele>
      </trkpt>
      <trkpt lat="44.04455" lon="5.66185">
        <ele>714.0</ele>
      </trkpt>
      <trkpt lat="44.04447" lon="5.66204">
        <ele>714.0</ele>
      </trkpt>
      <trkpt lat="44.04425" lon="5.66241">
        <ele>710.0</ele>
      </trkpt>
      <trkpt lat="44.04416" lon="5.6626">
        <ele>709.0</ele>
      </trkpt>
      <trkpt lat="44.04411" lon="5.66275">
        <ele>710.0</ele>
      </trkpt>
      <trkpt lat="44.04408" lon="5.66287">
        <ele>710.0</ele>
      </trkpt>
      <trkpt lat="44.04405" lon="5.66307">
        <ele>711.0</ele>
      </trkpt>
      <trkpt lat="44.04405" lon="5.66324">
        <ele>710.0</ele>
      </trkpt>
      <trkpt lat="44.04406" lon="5.66336">
        <ele>710.0</ele>
      </trkpt>
      <trkpt lat="44.04408" lon="5.66354">
        <ele>710.0</ele>
      </trkpt>
      <trkpt lat="44.04423" lon="5.66428">
        <ele>710.0</ele>
      </trkpt>
      <trkpt lat="44.0444" lon="5.66514">
        <ele>712.0</ele>
      </trkpt>
      <trkpt lat="44.04459" lon="5.66606">
        <ele>709.0</ele>
      </trkpt>
      <trkpt lat="44.04464" lon="5.66635">
        <ele>709.0</ele>
      </trkpt>
      <trkpt lat="44.04465" lon="5.66655">
        <ele>708.0</ele>
      </trkpt>
      <trkpt lat="44.04466" lon="5.66674">
        <ele>708.0</ele>
      </trkpt>
      <trkpt lat="44.04465" lon="5.66692">
        <ele>709.0</ele>
      </trkpt>
      <trkpt lat="44.04462" lon="5.66715">
        <ele>710.0</ele>
      </trkpt>
      <trkpt lat="44.04454" lon="5.66758">
        <ele>710.0</ele>
      </trkpt>
      <trkpt lat="44.04447" lon="5.66787">
        <ele>710.0</ele>
      </trkpt>
      <trkpt lat="44.04441" lon="5.66803">
        <ele>709.0</ele>
      </trkpt>
      <trkpt lat="44.04422" lon="5.66842">
        <ele>706.0</ele>
      </trkpt>
      <trkpt lat="44.04404" lon="5.66873">
        <ele>710.0</ele>
      </trkpt>
      <trkpt lat="44.04395" lon="5.66884">
        <ele>711.0</ele>
      </trkpt>
      <trkpt lat="44.04381" lon="5.66894">
        <ele>711.0</ele>
      </trkpt>
      <trkpt lat="44.04364" lon="5.66902">
        <ele>710.0</ele>
      </trkpt>
      <trkpt lat="44.04352" lon="5.66906">
        <ele>709.0</ele>
      </trkpt>
      <trkpt lat="44.04329" lon="5.6691">
        <ele>706.0</ele>
      </trkpt>
      <trkpt lat="44.04305" lon="5.66908">
        <ele>706.0</ele>
      </trkpt>
      <trkpt lat="44.04287" lon="5.66904">
        <ele>706.0</ele>
      </trkpt>
      <trkpt lat="44.0418" lon="5.66878">
        <ele>705.0</ele>
      </trkpt>
      <trkpt lat="44.04145" lon="5.66872">
        <ele>704.0</ele>
      </trkpt>
      <trkpt lat="44.04119" lon="5.66871">
        <ele>703.0</ele>
      </trkpt>
      <trkpt lat="44.04036" lon="5.66879">
        <ele>702.0</ele>
      </trkpt>
      <trkpt lat="44.04023" lon="5.66882">
        <ele>701.0</ele>
      </trkpt>
      <trkpt lat="44.04004" lon="5.66892">
        <ele>699.0</ele>
      </trkpt>
      <trkpt lat="44.03972" lon="5.6692">
        <ele>699.0</ele>
      </trkpt>
      <trkpt lat="44.03958" lon="5.66932">
        <ele>701.0</ele>
      </trkpt>
      <trkpt lat="44.03942" lon="5.66943">
        <ele>701.0</ele>
      </trkpt>
      <trkpt lat="44.03856" lon="5.66996">
        <ele>694.0</ele>
      </trkpt>
      <trkpt lat="44.03832" lon="5.67008">
        <ele>694.0</ele>
      </trkpt>
      <trkpt lat="44.03815" lon="5.67011">
        <ele>694.0</ele>
      </trkpt>
      <trkpt lat="44.03807" lon="5.67011">
        <ele>693.0</ele>
      </trkpt>
      <trkpt lat="44.03791" lon="5.67009">
        <ele>693.0</ele>
      </trkpt>
      <trkpt lat="44.03741" lon="5.66997">
        <ele>691.0</ele>
      </trkpt>
      <trkpt lat="44.03723" lon="5.66994">
        <ele>693.0</ele>
      </trkpt>
      <trkpt lat="44.03712" lon="5.66993">
        <ele>694.0</ele>
      </trkpt>
      <trkpt lat="44.037" lon="5.66994">
        <ele>694.0</ele>
      </trkpt>
      <trkpt lat="44.0369" lon="5.66997">
        <ele>694.0</ele>
      </trkpt>
      <trkpt lat="44.0368" lon="5.67002">
        <ele>693.0</ele>
      </trkpt>
      <trkpt lat="44.0367" lon="5.67009">
        <ele>694.0</ele>
      </trkpt>
      <trkpt lat="44.03657" lon="5.6702">
        <ele>695.0</ele>
      </trkpt>
      <trkpt lat="44.03624" lon="5.67049">
        <ele>695.0</ele>
      </trkpt>
      <trkpt lat="44.03608" lon="5.67065">
        <ele>693.0</ele>
      </trkpt>
      <trkpt lat="44.03582" lon="5.67097">
        <ele>688.0</ele>
      </trkpt>
      <trkpt lat="44.0357" lon="5.67116">
        <ele>691.0</ele>
      </trkpt>
      <trkpt lat="44.0356" lon="5.67143">
        <ele>692.0</ele>
      </trkpt>
      <trkpt lat="44.03523" lon="5.6729">
        <ele>690.0</ele>
      </trkpt>
      <trkpt lat="44.03518" lon="5.67305">
        <ele>689.0</ele>
      </trkpt>
      <trkpt lat="44.03512" lon="5.67316">
        <ele>688.0</ele>
      </trkpt>
      <trkpt lat="44.03505" lon="5.67326">
        <ele>686.0</ele>
      </trkpt>
      <trkpt lat="44.03494" lon="5.67338">
        <ele>686.0</ele>
      </trkpt>
      <trkpt lat="44.03447" lon="5.67383">
        <ele>692.0</ele>
      </trkpt>
      <trkpt lat="44.03403" lon="5.6742">
        <ele>690.0</ele>
      </trkpt>
      <trkpt lat="44.03387" lon="5.67435">
        <ele>693.0</ele>
      </trkpt>
      <trkpt lat="44.03372" lon="5.6745">
        <ele>695.0</ele>
      </trkpt>
      <trkpt lat="44.03366" lon="5.67459">
        <ele>694.0</ele>
      </trkpt>
      <trkpt lat="44.0336" lon="5.67474">
        <ele>694.0</ele>
      </trkpt>
      <trkpt lat="44.03332" lon="5.67554">
        <ele>683.0</ele>
      </trkpt>
      <trkpt lat="44.03311" lon="5.67608">
        <ele>684.0</ele>
      </trkpt>
      <trkpt lat="44.03296" lon="5.67639">
        <ele>683.0</ele>
      </trkpt>
      <trkpt lat="44.0329" lon="5.67651">
        <ele>683.0</ele>
      </trkpt>
      <trkpt lat="44.03282" lon="5.67662">
        <ele>681.0</ele>
      </trkpt>
      <trkpt lat="44.03264" lon="5.6768">
        <ele>680.0</ele>
      </trkpt>
      <trkpt lat="44.03148" lon="5.67781">
        <ele>678.0</ele>
      </trkpt>
      <trkpt lat="44.03121" lon="5.67805">
        <ele>677.0</ele>
      </trkpt>
      <trkpt lat="44.03095" lon="5.67832">
        <ele>673.0</ele>
      </trkpt>
      <trkpt lat="44.0299" lon="5.67952">
        <ele>669.0</ele>
      </trkpt>
      <trkpt lat="44.02971" lon="5.67974">
        <ele>669.0</ele>
      </trkpt>
      <trkpt lat="44.02961" lon="5.67989">
        <ele>669.0</ele>
      </trkpt>
      <trkpt lat="44.02954" lon="5.68002">
        <ele>669.0</ele>
      </trkpt>
      <trkpt lat="44.02919" lon="5.68079">
        <ele>663.0</ele>
      </trkpt>
      <trkpt lat="44.02898" lon="5.68122">
        <ele>661.0</ele>
      </trkpt>
      <trkpt lat="44.02891" lon="5.68134">
        <ele>660.0</ele>
      </trkpt>
      <trkpt lat="44.02883" lon="5.68143">
        <ele>659.0</ele>
      </trkpt>
      <trkpt lat="44.02877" lon="5.68148">
        <ele>659.0</ele>
      </trkpt>
      <trkpt lat="44.0287" lon="5.6815">
        <ele>659.0</ele>
      </trkpt>
      <trkpt lat="44.02862" lon="5.68151">
        <ele>659.0</ele>
      </trkpt>
      <trkpt lat="44.02842" lon="5.6815">
        <ele>659.0</ele>
      </trkpt>
      <trkpt lat="44.02788" lon="5.68135">
        <ele>658.0</ele>
      </trkpt>
      <trkpt lat="44.02723" lon="5.68117">
        <ele>656.0</ele>
      </trkpt>
      <trkpt lat="44.02393" lon="5.68031">
        <ele>651.0</ele>
      </trkpt>
      <trkpt lat="44.02288" lon="5.68004">
        <ele>649.0</ele>
      </trkpt>
      <trkpt lat="44.02267" lon="5.68">
        <ele>648.0</ele>
      </trkpt>
      <trkpt lat="44.02238" lon="5.67996">
        <ele>647.0</ele>
      </trkpt>
      <trkpt lat="44.02208" lon="5.67994">
        <ele>647.0</ele>
      </trkpt>
      <trkpt lat="44.0218" lon="5.67994">
        <ele>647.0</ele>
      </trkpt>
      <trkpt lat="44.02103" lon="5.67999">
        <ele>647.0</ele>
      </trkpt>
      <trkpt lat="44.02089" lon="5.68001">
        <ele>647.0</ele>
      </trkpt>
      <trkpt lat="44.02075" lon="5.68004">
        <ele>648.0</ele>
      </trkpt>
      <trkpt lat="44.02063" lon="5.68009">
        <ele>648.0</ele>
      </trkpt>
      <trkpt lat="44.0196" lon="5.68073">
        <ele>647.0</ele>
      </trkpt>
      <trkpt lat="44.01947" lon="5.68082">
        <ele>647.0</ele>
      </trkpt>
      <trkpt lat="44.01936" lon="5.68091">
        <ele>647.0</ele>
      </trkpt>
      <trkpt lat="44.01911" lon="5.68117">
        <ele>646.0</ele>
      </trkpt>
      <trkpt lat="44.01902" lon="5.68125">
        <ele>646.0</ele>
      </trkpt>
      <trkpt lat="44.01892" lon="5.68132">
        <ele>646.0</ele>
      </trkpt>
      <trkpt lat="44.01878" lon="5.68139">
        <ele>646.0</ele>
      </trkpt>
      <trkpt lat="44.01844" lon="5.68151">
        <ele>644.0</ele>
      </trkpt>
      <trkpt lat="44.01832" lon="5.68155">
        <ele>644.0</ele>
      </trkpt>
      <trkpt lat="44.01807" lon="5.68159">
        <ele>642.0</ele>
      </trkpt>
      <trkpt lat="44.0179" lon="5.68158">
        <ele>642.0</ele>
      </trkpt>
      <trkpt lat="44.01706" lon="5.68149">
        <ele>641.0</ele>
      </trkpt>
      <trkpt lat="44.01694" lon="5.68149">
        <ele>640.0</ele>
      </trkpt>
      <trkpt lat="44.01684" lon="5.6815">
        <ele>640.0</ele>
      </trkpt>
      <trkpt lat="44.01672" lon="5.68153">
        <ele>638.0</ele>
      </trkpt>
      <trkpt lat="44.01662" lon="5.68159">
        <ele>636.0</ele>
      </trkpt>
      <trkpt lat="44.01654" lon="5.68166">
        <ele>634.0</ele>
      </trkpt>
      <trkpt lat="44.01625" lon="5.68195">
        <ele>632.0</ele>
      </trkpt>
      <trkpt lat="44.01606" lon="5.68213">
        <ele>632.0</ele>
      </trkpt>
      <trkpt lat="44.01592" lon="5.68226">
        <ele>632.0</ele>
      </trkpt>
      <trkpt lat="44.01585" lon="5.68231">
        <ele>632.0</ele>
      </trkpt>
      <trkpt lat="44.01576" lon="5.68234">
        <ele>631.0</ele>
      </trkpt>
      <trkpt lat="44.01568" lon="5.68236">
        <ele>631.0</ele>
      </trkpt>
      <trkpt lat="44.01559" lon="5.68236">
        <ele>631.0</ele>
      </trkpt>
      <trkpt lat="44.0155" lon="5.68234">
        <ele>631.0</ele>
      </trkpt>
      <trkpt lat="44.0152" lon="5.6822">
        <ele>630.0</ele>
      </trkpt>
      <trkpt lat="44.0151" lon="5.68217">
        <ele>630.0</ele>
      </trkpt>
      <trkpt lat="44.0149" lon="5.68216">
        <ele>629.0</ele>
      </trkpt>
      <trkpt lat="44.01478" lon="5.68219">
        <ele>629.0</ele>
      </trkpt>
      <trkpt lat="44.01464" lon="5.68225">
        <ele>629.0</ele>
      </trkpt>
      <trkpt lat="44.0139" lon="5.68262">
        <ele>630.0</ele>
      </trkpt>
      <trkpt lat="44.01081" lon="5.68438">
        <ele>636.0</ele>
      </trkpt>
      <trkpt lat="44.01029" lon="5.68471">
        <ele>637.0</ele>
      </trkpt>
      <trkpt lat="44.01023" lon="5.68476">
        <ele>637.0</ele>
      </trkpt>
      <trkpt lat="44.01015" lon="5.68484">
        <ele>638.0</ele>
      </trkpt>
      <trkpt lat="44.00957" lon="5.68517">
        <ele>640.0</ele>
      </trkpt>
      <trkpt lat="44.00858" lon="5.68566">
        <ele>637.0</ele>
      </trkpt>
      <trkpt lat="44.00841" lon="5.68576">
        <ele>636.0</ele>
      </trkpt>
      <trkpt lat="44.00831" lon="5.68583">
        <ele>635.0</ele>
      </trkpt>
      <trkpt lat="44.00824" lon="5.68589">
        <ele>634.0</ele>
      </trkpt>
      <trkpt lat="44.00817" lon="5.68597">
        <ele>634.0</ele>
      </trkpt>
      <trkpt lat="44.00814" lon="5.68603">
        <ele>634.0</ele>
      </trkpt>
      <trkpt lat="44.00813" lon="5.68611">
        <ele>634.0</ele>
      </trkpt>
      <trkpt lat="44.00813" lon="5.68619">
        <ele>635.0</ele>
      </trkpt>
      <trkpt lat="44.00814" lon="5.68629">
        <ele>636.0</ele>
      </trkpt>
      <trkpt lat="44.00819" lon="5.68642">
        <ele>637.0</ele>
      </trkpt>
      <trkpt lat="44.00845" lon="5.68696">
        <ele>646.0</ele>
      </trkpt>
      <trkpt lat="44.00851" lon="5.68711">
        <ele>648.0</ele>
      </trkpt>
      <trkpt lat="44.00853" lon="5.68722">
        <ele>649.0</ele>
      </trkpt>
      <trkpt lat="44.00855" lon="5.68745">
        <ele>650.0</ele>
      </trkpt>
      <trkpt lat="44.00854" lon="5.68756">
        <ele>651.0</ele>
      </trkpt>
      <trkpt lat="44.00851" lon="5.68769">
        <ele>651.0</ele>
      </trkpt>
      <trkpt lat="44.00836" lon="5.68822">
        <ele>651.0</ele>
      </trkpt>
      <trkpt lat="44.00831" lon="5.6884">
        <ele>652.0</ele>
      </trkpt>
      <trkpt lat="44.00823" lon="5.68887">
        <ele>654.0</ele>
      </trkpt>
      <trkpt lat="44.00814" lon="5.68925">
        <ele>656.0</ele>
      </trkpt>
      <trkpt lat="44.00811" lon="5.68941">
        <ele>656.0</ele>
      </trkpt>
      <trkpt lat="44.0081" lon="5.68951">
        <ele>656.0</ele>
      </trkpt>
      <trkpt lat="44.00811" lon="5.68961">
        <ele>655.0</ele>
      </trkpt>
      <trkpt lat="44.00816" lon="5.68987">
        <ele>654.0</ele>
      </trkpt>
      <trkpt lat="44.0082" lon="5.69005">
        <ele>654.0</ele>
      </trkpt>
      <trkpt lat="44.00835" lon="5.6904">
        <ele>651.0</ele>
      </trkpt>
      <trkpt lat="44.00843" lon="5.69054">
        <ele>653.0</ele>
      </trkpt>
      <trkpt lat="44.00873" lon="5.69101">
        <ele>656.0</ele>
      </trkpt>
      <trkpt lat="44.00885" lon="5.69121">
        <ele>656.0</ele>
      </trkpt>
      <trkpt lat="44.00889" lon="5.69131">
        <ele>656.0</ele>
      </trkpt>
      <trkpt lat="44.00894" lon="5.69144">
        <ele>655.0</ele>
      </trkpt>
      <trkpt lat="44.00898" lon="5.69164">
        <ele>653.0</ele>
      </trkpt>
      <trkpt lat="44.00903" lon="5.69181">
        <ele>653.0</ele>
      </trkpt>
      <trkpt lat="44.00911" lon="5.69199">
        <ele>652.0</ele>
      </trkpt>
      <trkpt lat="44.00934" lon="5.69231">
        <ele>654.0</ele>
      </trkpt>
      <trkpt lat="44.00938" lon="5.69238">
        <ele>654.0</ele>
      </trkpt>
      <trkpt lat="44.00941" lon="5.69247">
        <ele>654.0</ele>
      </trkpt>
      <trkpt lat="44.00944" lon="5.69271">
        <ele>654.0</ele>
      </trkpt>
      <trkpt lat="44.00945" lon="5.69309">
        <ele>653.0</ele>
      </trkpt>
      <trkpt lat="44.00947" lon="5.6932">
        <ele>653.0</ele>
      </trkpt>
      <trkpt lat="44.00949" lon="5.69329">
        <ele>653.0</ele>
      </trkpt>
      <trkpt lat="44.00955" lon="5.69341">
        <ele>654.0</ele>
      </trkpt>
      <trkpt lat="44.00962" lon="5.69352">
        <ele>655.0</ele>
      </trkpt>
      <trkpt lat="44.00982" lon="5.69374">
        <ele>656.0</ele>
      </trkpt>
      <trkpt lat="44.01041" lon="5.69429">
        <ele>658.0</ele>
      </trkpt>
      <trkpt lat="44.01056" lon="5.69445">
        <ele>659.0</ele>
      </trkpt>
      <trkpt lat="44.01068" lon="5.69459">
        <ele>659.0</ele>
      </trkpt>
      <trkpt lat="44.01076" lon="5.69471">
        <ele>659.0</ele>
      </trkpt>
      <trkpt lat="44.01093" lon="5.69502">
        <ele>658.0</ele>
      </trkpt>
      <trkpt lat="44.01133" lon="5.69572">
        <ele>659.0</ele>
      </trkpt>
      <trkpt lat="44.0114" lon="5.6959">
        <ele>659.0</ele>
      </trkpt>
      <trkpt lat="44.01145" lon="5.69602">
        <ele>658.0</ele>
      </trkpt>
      <trkpt lat="44.01153" lon="5.69637">
        <ele>658.0</ele>
      </trkpt>
      <trkpt lat="44.01162" lon="5.69699">
        <ele>658.0</ele>
      </trkpt>
      <trkpt lat="44.01165" lon="5.69712">
        <ele>658.0</ele>
      </trkpt>
      <trkpt lat="44.01182" lon="5.6977">
        <ele>660.0</ele>
      </trkpt>
      <trkpt lat="44.01185" lon="5.69782">
        <ele>661.0</ele>
      </trkpt>
      <trkpt lat="44.01186" lon="5.69803">
        <ele>662.0</ele>
      </trkpt>
      <trkpt lat="44.01186" lon="5.69816">
        <ele>662.0</ele>
      </trkpt>
      <trkpt lat="44.01181" lon="5.69837">
        <ele>663.0</ele>
      </trkpt>
      <trkpt lat="44.01166" lon="5.69879">
        <ele>663.0</ele>
      </trkpt>
      <trkpt lat="44.01159" lon="5.69902">
        <ele>664.0</ele>
      </trkpt>
      <trkpt lat="44.01151" lon="5.69944">
        <ele>664.0</ele>
      </trkpt>
      <trkpt lat="44.01149" lon="5.69967">
        <ele>663.0</ele>
      </trkpt>
      <trkpt lat="44.0115" lon="5.69978">
        <ele>663.0</ele>
      </trkpt>
      <trkpt lat="44.01151" lon="5.69987">
        <ele>663.0</ele>
      </trkpt>
      <trkpt lat="44.01154" lon="5.69996">
        <ele>663.0</ele>
      </trkpt>
      <trkpt lat="44.01159" lon="5.70006">
        <ele>663.0</ele>
      </trkpt>
      <trkpt lat="44.01166" lon="5.70017">
        <ele>662.0</ele>
      </trkpt>
      <trkpt lat="44.01177" lon="5.70028">
        <ele>661.0</ele>
      </trkpt>
      <trkpt lat="44.01197" lon="5.70044">
        <ele>660.0</ele>
      </trkpt>
      <trkpt lat="44.01218" lon="5.7006">
        <ele>658.0</ele>
      </trkpt>
      <trkpt lat="44.0125" lon="5.70081">
        <ele>656.0</ele>
      </trkpt>
      <trkpt lat="44.01272" lon="5.70093">
        <ele>655.0</ele>
      </trkpt>
      <trkpt lat="44.01293" lon="5.70101">
        <ele>654.0</ele>
      </trkpt>
      <trkpt lat="44.01341" lon="5.70115">
        <ele>652.0</ele>
      </trkpt>
      <trkpt lat="44.01367" lon="5.7012">
        <ele>651.0</ele>
      </trkpt>
      <trkpt lat="44.01386" lon="5.70121">
        <ele>651.0</ele>
      </trkpt>
      <trkpt lat="44.01403" lon="5.7012">
        <ele>651.0</ele>
      </trkpt>
      <trkpt lat="44.01409" lon="5.70122">
        <ele>650.0</ele>
      </trkpt>
      <trkpt lat="44.01413" lon="5.70126">
        <ele>650.0</ele>
      </trkpt>
      <trkpt lat="44.01431" lon="5.70159">
        <ele>647.0</ele>
      </trkpt>
      <trkpt lat="44.01438" lon="5.70167">
        <ele>646.0</ele>
      </trkpt>
      <trkpt lat="44.01444" lon="5.70172">
        <ele>646.0</ele>
      </trkpt>
      <trkpt lat="44.01454" lon="5.70178">
        <ele>646.0</ele>
      </trkpt>
      <trkpt lat="44.01471" lon="5.70184">
        <ele>646.0</ele>
      </trkpt>
      <trkpt lat="44.01485" lon="5.70186">
        <ele>646.0</ele>
      </trkpt>
      <trkpt lat="44.015" lon="5.70192">
        <ele>646.0</ele>
      </trkpt>
      <trkpt lat="44.01507" lon="5.70198">
        <ele>645.0</ele>
      </trkpt>
      <trkpt lat="44.01514" lon="5.70206">
        <ele>644.0</ele>
      </trkpt>
      <trkpt lat="44.01532" lon="5.70236">
        <ele>642.0</ele>
      </trkpt>
      <trkpt lat="44.01543" lon="5.70248">
        <ele>641.0</ele>
      </trkpt>
      <trkpt lat="44.01553" lon="5.70257">
        <ele>640.0</ele>
      </trkpt>
      <trkpt lat="44.01579" lon="5.70274">
        <ele>639.0</ele>
      </trkpt>
      <trkpt lat="44.01624" lon="5.70301">
        <ele>636.0</ele>
      </trkpt>
      <trkpt lat="44.01673" lon="5.7033">
        <ele>631.0</ele>
      </trkpt>
      <trkpt lat="44.01683" lon="5.70338">
        <ele>631.0</ele>
      </trkpt>
      <trkpt lat="44.01691" lon="5.70347">
        <ele>630.0</ele>
      </trkpt>
      <trkpt lat="44.01705" lon="5.70366">
        <ele>630.0</ele>
      </trkpt>
      <trkpt lat="44.01746" lon="5.70423">
        <ele>630.0</ele>
      </trkpt>
      <trkpt lat="44.0191" lon="5.70639">
        <ele>626.0</ele>
      </trkpt>
      <trkpt lat="44.01925" lon="5.70661">
        <ele>626.0</ele>
      </trkpt>
      <trkpt lat="44.01931" lon="5.70668">
        <ele>626.0</ele>
      </trkpt>
      <trkpt lat="44.01974" lon="5.70727">
        <ele>625.0</ele>
      </trkpt>
      <trkpt lat="44.01999" lon="5.7076">
        <ele>625.0</ele>
      </trkpt>
      <trkpt lat="44.02039" lon="5.70814">
        <ele>623.0</ele>
      </trkpt>
      <trkpt lat="44.02056" lon="5.70839">
        <ele>623.0</ele>
      </trkpt>
      <trkpt lat="44.02064" lon="5.70856">
        <ele>623.0</ele>
      </trkpt>
      <trkpt lat="44.02067" lon="5.70865">
        <ele>623.0</ele>
      </trkpt>
      <trkpt lat="44.02071" lon="5.70884">
        <ele>624.0</ele>
      </trkpt>
      <trkpt lat="44.02073" lon="5.70906">
        <ele>624.0</ele>
      </trkpt>
      <trkpt lat="44.02082" lon="5.7099">
        <ele>625.0</ele>
      </trkpt>
      <trkpt lat="44.02085" lon="5.71016">
        <ele>625.0</ele>
      </trkpt>
      <trkpt lat="44.02087" lon="5.71029">
        <ele>625.0</ele>
      </trkpt>
      <trkpt lat="44.02091" lon="5.71044">
        <ele>625.0</ele>
      </trkpt>
      <trkpt lat="44.02097" lon="5.71057">
        <ele>625.0</ele>
      </trkpt>
      <trkpt lat="44.02104" lon="5.71067">
        <ele>625.0</ele>
      </trkpt>
      <trkpt lat="44.02127" lon="5.71085">
        <ele>625.0</ele>
      </trkpt>
      <trkpt lat="44.0213" lon="5.71089">
        <ele>625.0</ele>
      </trkpt>
      <trkpt lat="44.02138" lon="5.71103">
        <ele>625.0</ele>
      </trkpt>
      <trkpt lat="44.02165" lon="5.71159">
        <ele>623.0</ele>
      </trkpt>
      <trkpt lat="44.02168" lon="5.71168">
        <ele>622.0</ele>
      </trkpt>
      <trkpt lat="44.02171" lon="5.71177">
        <ele>622.0</ele>
      </trkpt>
      <trkpt lat="44.02171" lon="5.71183">
        <ele>622.0</ele>
      </trkpt>
      <trkpt lat="44.02171" lon="5.71189">
        <ele>622.0</ele>
      </trkpt>
      <trkpt lat="44.0217" lon="5.71195">
        <ele>621.0</ele>
      </trkpt>
      <trkpt lat="44.02167" lon="5.71203">
        <ele>621.0</ele>
      </trkpt>
      <trkpt lat="44.02162" lon="5.71213">
        <ele>621.0</ele>
      </trkpt>
      <trkpt lat="44.02155" lon="5.71229">
        <ele>622.0</ele>
      </trkpt>
      <trkpt lat="44.02152" lon="5.71237">
        <ele>622.0</ele>
      </trkpt>
      <trkpt lat="44.02155" lon="5.7124">
        <ele>621.0</ele>
      </trkpt>
      <trkpt lat="44.02159" lon="5.71245">
        <ele>621.0</ele>
      </trkpt>
      <trkpt lat="44.02164" lon="5.7125">
        <ele>620.0</ele>
      </trkpt>
      <trkpt lat="44.02172" lon="5.71257">
        <ele>621.0</ele>
      </trkpt>
      <trkpt lat="44.02175" lon="5.71265">
        <ele>621.0</ele>
      </trkpt>
      <trkpt lat="44.02178" lon="5.71274">
        <ele>622.0</ele>
      </trkpt>
      <trkpt lat="44.0218" lon="5.71283">
        <ele>622.0</ele>
      </trkpt>
      <trkpt lat="44.02179" lon="5.71295">
        <ele>623.0</ele>
      </trkpt>
      <trkpt lat="44.02175" lon="5.71307">
        <ele>623.0</ele>
      </trkpt>
      <trkpt lat="44.02164" lon="5.71329">
        <ele>624.0</ele>
      </trkpt>
      <trkpt lat="44.02132" lon="5.7138">
        <ele>620.0</ele>
      </trkpt>
      <trkpt lat="44.02122" lon="5.71403">
        <ele>618.0</ele>
      </trkpt>
      <trkpt lat="44.0212" lon="5.7141">
        <ele>618.0</ele>
      </trkpt>
      <trkpt lat="44.02117" lon="5.71425">
        <ele>618.0</ele>
      </trkpt>
      <trkpt lat="44.02112" lon="5.71457">
        <ele>618.0</ele>
      </trkpt>
      <trkpt lat="44.02109" lon="5.71501">
        <ele>619.0</ele>
      </trkpt>
      <trkpt lat="44.02107" lon="5.71533">
        <ele>618.0</ele>
      </trkpt>
      <trkpt lat="44.02107" lon="5.71538">
        <ele>618.0</ele>
      </trkpt>
      <trkpt lat="44.021" lon="5.71773">
        <ele>616.0</ele>
      </trkpt>
      <trkpt lat="44.021" lon="5.71857">
        <ele>616.0</ele>
      </trkpt>
      <trkpt lat="44.02099" lon="5.71928">
        <ele>616.0</ele>
      </trkpt>
      <trkpt lat="44.021" lon="5.72006">
        <ele>616.0</ele>
      </trkpt>
      <trkpt lat="44.02102" lon="5.72042">
        <ele>616.0</ele>
      </trkpt>
      <trkpt lat="44.02108" lon="5.72075">
        <ele>616.0</ele>
      </trkpt>
      <trkpt lat="44.02112" lon="5.72111">
        <ele>616.0</ele>
      </trkpt>
      <trkpt lat="44.02114" lon="5.72153">
        <ele>617.0</ele>
      </trkpt>
      <trkpt lat="44.02111" lon="5.72184">
        <ele>617.0</ele>
      </trkpt>
      <trkpt lat="44.02104" lon="5.72208">
        <ele>617.0</ele>
      </trkpt>
      <trkpt lat="44.0208" lon="5.72258">
        <ele>616.0</ele>
      </trkpt>
      <trkpt lat="44.02062" lon="5.72296">
        <ele>615.0</ele>
      </trkpt>
      <trkpt lat="44.02048" lon="5.72335">
        <ele>615.0</ele>
      </trkpt>
      <trkpt lat="44.0203" lon="5.72379">
        <ele>613.0</ele>
      </trkpt>
      <trkpt lat="44.02017" lon="5.72402">
        <ele>612.0</ele>
      </trkpt>
      <trkpt lat="44.0201" lon="5.72414">
        <ele>612.0</ele>
      </trkpt>
      <trkpt lat="44.01976" lon="5.7246">
        <ele>610.0</ele>
      </trkpt>
      <trkpt lat="44.01963" lon="5.72483">
        <ele>609.0</ele>
      </trkpt>
      <trkpt lat="44.01928" lon="5.72552">
        <ele>608.0</ele>
      </trkpt>
      <trkpt lat="44.0192" lon="5.72581">
        <ele>608.0</ele>
      </trkpt>
      <trkpt lat="44.0189" lon="5.72709">
        <ele>604.0</ele>
      </trkpt>
      <trkpt lat="44.0188" lon="5.72739">
        <ele>603.0</ele>
      </trkpt>
      <trkpt lat="44.01864" lon="5.72771">
        <ele>602.0</ele>
      </trkpt>
      <trkpt lat="44.01856" lon="5.72795">
        <ele>602.0</ele>
      </trkpt>
      <trkpt lat="44.01853" lon="5.72814">
        <ele>602.0</ele>
      </trkpt>
      <trkpt lat="44.01851" lon="5.72841">
        <ele>601.0</ele>
      </trkpt>
      <trkpt lat="44.01852" lon="5.72864">
        <ele>600.0</ele>
      </trkpt>
      <trkpt lat="44.01863" lon="5.72912">
        <ele>599.0</ele>
      </trkpt>
      <trkpt lat="44.01894" lon="5.73012">
        <ele>598.0</ele>
      </trkpt>
      <trkpt lat="44.01899" lon="5.73041">
        <ele>597.0</ele>
      </trkpt>
      <trkpt lat="44.01898" lon="5.73075">
        <ele>596.0</ele>
      </trkpt>
      <trkpt lat="44.01888" lon="5.73163">
        <ele>594.0</ele>
      </trkpt>
      <trkpt lat="44.01886" lon="5.73205">
        <ele>594.0</ele>
      </trkpt>
      <trkpt lat="44.01888" lon="5.73264">
        <ele>593.0</ele>
      </trkpt>
      <trkpt lat="44.01891" lon="5.73294">
        <ele>593.0</ele>
      </trkpt>
      <trkpt lat="44.01895" lon="5.7331">
        <ele>593.0</ele>
      </trkpt>
      <trkpt lat="44.019" lon="5.73323">
        <ele>592.0</ele>
      </trkpt>
      <trkpt lat="44.01914" lon="5.73343">
        <ele>591.0</ele>
      </trkpt>
      <trkpt lat="44.01917" lon="5.73347">
        <ele>591.0</ele>
      </trkpt>
      <trkpt lat="44.01947" lon="5.7338">
        <ele>592.0</ele>
      </trkpt>
      <trkpt lat="44.01952" lon="5.73386">
        <ele>592.0</ele>
      </trkpt>
      <trkpt lat="44.01953" lon="5.73388">
        <ele>592.0</ele>
      </trkpt>
      <trkpt lat="44.01956" lon="5.73391">
        <ele>592.0</ele>
      </trkpt>
      <trkpt lat="44.02037" lon="5.73473">
        <ele>590.0</ele>
      </trkpt>
      <trkpt lat="44.02045" lon="5.73484">
        <ele>590.0</ele>
      </trkpt>
      <trkpt lat="44.02053" lon="5.73497">
        <ele>588.0</ele>
      </trkpt>
      <trkpt lat="44.02065" lon="5.73523">
        <ele>587.0</ele>
      </trkpt>
      <trkpt lat="44.02084" lon="5.7357">
        <ele>583.0</ele>
      </trkpt>
      <trkpt lat="44.02103" lon="5.73611">
        <ele>584.0</ele>
      </trkpt>
      <trkpt lat="44.02108" lon="5.73621">
        <ele>584.0</ele>
      </trkpt>
      <trkpt lat="44.02111" lon="5.73625">
        <ele>584.0</ele>
      </trkpt>
      <trkpt lat="44.02119" lon="5.73634">
        <ele>584.0</ele>
      </trkpt>
      <trkpt lat="44.02122" lon="5.7364">
        <ele>584.0</ele>
      </trkpt>
      <trkpt lat="44.02123" lon="5.73647">
        <ele>584.0</ele>
      </trkpt>
      <trkpt lat="44.02126" lon="5.73661">
        <ele>583.0</ele>
      </trkpt>
      <trkpt lat="44.02129" lon="5.73687">
        <ele>584.0</ele>
      </trkpt>
      <trkpt lat="44.02134" lon="5.73706">
        <ele>583.0</ele>
      </trkpt>
      <trkpt lat="44.0216" lon="5.73781">
        <ele>579.0</ele>
      </trkpt>
      <trkpt lat="44.02168" lon="5.73811">
        <ele>578.0</ele>
      </trkpt>
      <trkpt lat="44.02171" lon="5.73839">
        <ele>579.0</ele>
      </trkpt>
      <trkpt lat="44.02171" lon="5.73873">
        <ele>580.0</ele>
      </trkpt>
      <trkpt lat="44.0217" lon="5.73894">
        <ele>580.0</ele>
      </trkpt>
      <trkpt lat="44.02167" lon="5.73918">
        <ele>579.0</ele>
      </trkpt>
      <trkpt lat="44.02158" lon="5.73949">
        <ele>581.0</ele>
      </trkpt>
      <trkpt lat="44.02146" lon="5.73982">
        <ele>580.0</ele>
      </trkpt>
      <trkpt lat="44.02137" lon="5.74002">
        <ele>579.0</ele>
      </trkpt>
      <trkpt lat="44.02127" lon="5.74017">
        <ele>578.0</ele>
      </trkpt>
      <trkpt lat="44.02093" lon="5.74061">
        <ele>573.0</ele>
      </trkpt>
      <trkpt lat="44.02088" lon="5.74069">
        <ele>573.0</ele>
      </trkpt>
      <trkpt lat="44.02074" lon="5.74106">
        <ele>575.0</ele>
      </trkpt>
      <trkpt lat="44.02068" lon="5.74118">
        <ele>575.0</ele>
      </trkpt>
      <trkpt lat="44.02064" lon="5.74124">
        <ele>575.0</ele>
      </trkpt>
      <trkpt lat="44.02062" lon="5.74126">
        <ele>575.0</ele>
      </trkpt>
      <trkpt lat="44.02038" lon="5.74152">
        <ele>574.0</ele>
      </trkpt>
      <trkpt lat="44.02034" lon="5.74162">
        <ele>574.0</ele>
      </trkpt>
      <trkpt lat="44.0203" lon="5.74174">
        <ele>574.0</ele>
      </trkpt>
      <trkpt lat="44.02013" lon="5.74237">
        <ele>577.0</ele>
      </trkpt>
      <trkpt lat="44.01994" lon="5.74298">
        <ele>581.0</ele>
      </trkpt>
      <trkpt lat="44.01984" lon="5.74321">
        <ele>582.0</ele>
      </trkpt>
      <trkpt lat="44.01974" lon="5.74338">
        <ele>582.0</ele>
      </trkpt>
      <trkpt lat="44.01966" lon="5.74349">
        <ele>581.0</ele>
      </trkpt>
      <trkpt lat="44.01956" lon="5.74359">
        <ele>580.0</ele>
      </trkpt>
      <trkpt lat="44.01925" lon="5.7438">
        <ele>575.0</ele>
      </trkpt>
      <trkpt lat="44.01916" lon="5.74389">
        <ele>575.0</ele>
      </trkpt>
      <trkpt lat="44.01913" lon="5.74395">
        <ele>575.0</ele>
      </trkpt>
      <trkpt lat="44.0191" lon="5.74412">
        <ele>577.0</ele>
      </trkpt>
      <trkpt lat="44.01911" lon="5.74421">
        <ele>577.0</ele>
      </trkpt>
      <trkpt lat="44.01914" lon="5.74433">
        <ele>578.0</ele>
      </trkpt>
      <trkpt lat="44.01951" lon="5.7452">
        <ele>584.0</ele>
      </trkpt>
      <trkpt lat="44.01975" lon="5.74574">
        <ele>585.0</ele>
      </trkpt>
      <trkpt lat="44.02008" lon="5.7465">
        <ele>585.0</ele>
      </trkpt>
      <trkpt lat="44.02014" lon="5.74659">
        <ele>586.0</ele>
      </trkpt>
      <trkpt lat="44.02059" lon="5.74721">
        <ele>585.0</ele>
      </trkpt>
      <trkpt lat="44.02105" lon="5.74791">
        <ele>585.0</ele>
      </trkpt>
      <trkpt lat="44.02122" lon="5.74812">
        <ele>586.0</ele>
      </trkpt>
      <trkpt lat="44.02137" lon="5.74828">
        <ele>587.0</ele>
      </trkpt>
      <trkpt lat="44.02162" lon="5.74848">
        <ele>588.0</ele>
      </trkpt>
      <trkpt lat="44.02233" lon="5.74902">
        <ele>590.0</ele>
      </trkpt>
      <trkpt lat="44.02282" lon="5.74938">
        <ele>591.0</ele>
      </trkpt>
      <trkpt lat="44.02299" lon="5.74949">
        <ele>591.0</ele>
      </trkpt>
      <trkpt lat="44.02312" lon="5.74957">
        <ele>592.0</ele>
      </trkpt>
      <trkpt lat="44.02331" lon="5.74964">
        <ele>593.0</ele>
      </trkpt>
      <trkpt lat="44.02364" lon="5.74973">
        <ele>595.0</ele>
      </trkpt>
      <trkpt lat="44.02504" lon="5.75035">
        <ele>602.0</ele>
      </trkpt>
      <trkpt lat="44.02557" lon="5.7506">
        <ele>604.0</ele>
      </trkpt>
      <trkpt lat="44.02575" lon="5.75069">
        <ele>605.0</ele>
      </trkpt>
      <trkpt lat="44.02578" lon="5.75071">
        <ele>605.0</ele>
      </trkpt>
      <trkpt lat="44.02609" lon="5.75089">
        <ele>606.0</ele>
      </trkpt>
      <trkpt lat="44.02655" lon="5.75124">
        <ele>606.0</ele>
      </trkpt>
      <trkpt lat="44.02692" lon="5.75151">
        <ele>606.0</ele>
      </trkpt>
      <trkpt lat="44.0277" lon="5.75205">
        <ele>608.0</ele>
      </trkpt>
      <trkpt lat="44.02955" lon="5.75335">
        <ele>613.0</ele>
      </trkpt>
      <trkpt lat="44.02967" lon="5.75346">
        <ele>614.0</ele>
      </trkpt>
      <trkpt lat="44.02979" lon="5.75359">
        <ele>615.0</ele>
      </trkpt>
      <trkpt lat="44.0299" lon="5.75374">
        <ele>616.0</ele>
      </trkpt>
      <trkpt lat="44.02997" lon="5.75391">
        <ele>616.0</ele>
      </trkpt>
      <trkpt lat="44.0301" lon="5.75443">
        <ele>616.0</ele>
      </trkpt>
      <trkpt lat="44.03019" lon="5.75463">
        <ele>617.0</ele>
      </trkpt>
      <trkpt lat="44.03027" lon="5.75477">
        <ele>617.0</ele>
      </trkpt>
      <trkpt lat="44.03045" lon="5.75503">
        <ele>619.0</ele>
      </trkpt>
      <trkpt lat="44.03052" lon="5.75516">
        <ele>620.0</ele>
      </trkpt>
      <trkpt lat="44.03055" lon="5.7553">
        <ele>622.0</ele>
      </trkpt>
      <trkpt lat="44.03054" lon="5.75545">
        <ele>623.0</ele>
      </trkpt>
      <trkpt lat="44.0305" lon="5.75559">
        <ele>623.0</ele>
      </trkpt>
      <trkpt lat="44.03043" lon="5.75572">
        <ele>624.0</ele>
      </trkpt>
      <trkpt lat="44.03035" lon="5.75584">
        <ele>624.0</ele>
      </trkpt>
      <trkpt lat="44.03025" lon="5.75595">
        <ele>624.0</ele>
      </trkpt>
      <trkpt lat="44.03014" lon="5.75604">
        <ele>624.0</ele>
      </trkpt>
      <trkpt lat="44.02989" lon="5.75622">
        <ele>624.0</ele>
      </trkpt>
      <trkpt lat="44.02977" lon="5.75631">
        <ele>623.0</ele>
      </trkpt>
      <trkpt lat="44.02942" lon="5.75651">
        <ele>621.0</ele>
      </trkpt>
      <trkpt lat="44.02935" lon="5.75659">
        <ele>621.0</ele>
      </trkpt>
      <trkpt lat="44.02929" lon="5.7567">
        <ele>621.0</ele>
      </trkpt>
      <trkpt lat="44.02927" lon="5.75683">
        <ele>621.0</ele>
      </trkpt>
      <trkpt lat="44.02929" lon="5.75697">
        <ele>621.0</ele>
      </trkpt>
      <trkpt lat="44.02934" lon="5.75711">
        <ele>622.0</ele>
      </trkpt>
      <trkpt lat="44.0294" lon="5.75725">
        <ele>623.0</ele>
      </trkpt>
      <trkpt lat="44.02948" lon="5.75738">
        <ele>624.0</ele>
      </trkpt>
      <trkpt lat="44.02969" lon="5.75764">
        <ele>627.0</ele>
      </trkpt>
      <trkpt lat="44.03019" lon="5.75819">
        <ele>633.0</ele>
      </trkpt>
      <trkpt lat="44.03044" lon="5.75846">
        <ele>634.0</ele>
      </trkpt>
      <trkpt lat="44.03086" lon="5.75888">
        <ele>635.0</ele>
      </trkpt>
      <trkpt lat="44.03143" lon="5.7595">
        <ele>638.0</ele>
      </trkpt>
      <trkpt lat="44.03194" lon="5.75998">
        <ele>640.0</ele>
      </trkpt>
      <trkpt lat="44.03279" lon="5.76071">
        <ele>645.0</ele>
      </trkpt>
      <trkpt lat="44.03315" lon="5.76113">
        <ele>647.0</ele>
      </trkpt>
      <trkpt lat="44.03343" lon="5.76142">
        <ele>648.0</ele>
      </trkpt>
      <trkpt lat="44.0337" lon="5.76161">
        <ele>650.0</ele>
      </trkpt>
      <trkpt lat="44.03427" lon="5.762">
        <ele>656.0</ele>
      </trkpt>
      <trkpt lat="44.03435" lon="5.76207">
        <ele>657.0</ele>
      </trkpt>
      <trkpt lat="44.03471" lon="5.76258">
        <ele>660.0</ele>
      </trkpt>
      <trkpt lat="44.0353" lon="5.76322">
        <ele>664.0</ele>
      </trkpt>
      <trkpt lat="44.0354" lon="5.76336">
        <ele>664.0</ele>
      </trkpt>
      <trkpt lat="44.03565" lon="5.7637">
        <ele>665.0</ele>
      </trkpt>
      <trkpt lat="44.03605" lon="5.76412">
        <ele>667.0</ele>
      </trkpt>
      <trkpt lat="44.03614" lon="5.76424">
        <ele>667.0</ele>
      </trkpt>
      <trkpt lat="44.0365" lon="5.76475">
        <ele>669.0</ele>
      </trkpt>
      <trkpt lat="44.03659" lon="5.76483">
        <ele>670.0</ele>
      </trkpt>
      <trkpt lat="44.03694" lon="5.76507">
        <ele>670.0</ele>
      </trkpt>
      <trkpt lat="44.0371" lon="5.76519">
        <ele>670.0</ele>
      </trkpt>
      <trkpt lat="44.03721" lon="5.7653">
        <ele>670.0</ele>
      </trkpt>
      <trkpt lat="44.03786" lon="5.7661">
        <ele>666.0</ele>
      </trkpt>
      <trkpt lat="44.03812" lon="5.7664">
        <ele>666.0</ele>
      </trkpt>
      <trkpt lat="44.03839" lon="5.76668">
        <ele>665.0</ele>
      </trkpt>
      <trkpt lat="44.03855" lon="5.76687">
        <ele>666.0</ele>
      </trkpt>
      <trkpt lat="44.03864" lon="5.76699">
        <ele>665.0</ele>
      </trkpt>
      <trkpt lat="44.03886" lon="5.76731">
        <ele>665.0</ele>
      </trkpt>
      <trkpt lat="44.03911" lon="5.76766">
        <ele>666.0</ele>
      </trkpt>
      <trkpt lat="44.04013" lon="5.76886">
        <ele>668.0</ele>
      </trkpt>
      <trkpt lat="44.04053" lon="5.76939">
        <ele>669.0</ele>
      </trkpt>
      <trkpt lat="44.0408" lon="5.76972">
        <ele>669.0</ele>
      </trkpt>
      <trkpt lat="44.04108" lon="5.77003">
        <ele>669.0</ele>
      </trkpt>
      <trkpt lat="44.04154" lon="5.77047">
        <ele>669.0</ele>
      </trkpt>
      <trkpt lat="44.04168" lon="5.77063">
        <ele>669.0</ele>
      </trkpt>
      <trkpt lat="44.0418" lon="5.7708">
        <ele>669.0</ele>
      </trkpt>
      <trkpt lat="44.04191" lon="5.77098">
        <ele>669.0</ele>
      </trkpt>
      <trkpt lat="44.04211" lon="5.77136">
        <ele>670.0</ele>
      </trkpt>
      <trkpt lat="44.04234" lon="5.77171">
        <ele>671.0</ele>
      </trkpt>
      <trkpt lat="44.04257" lon="5.77203">
        <ele>673.0</ele>
      </trkpt>
      <trkpt lat="44.04331" lon="5.77294">
        <ele>676.0</ele>
      </trkpt>
      <trkpt lat="44.04354" lon="5.77323">
        <ele>677.0</ele>
      </trkpt>
      <trkpt lat="44.04396" lon="5.77381">
        <ele>679.0</ele>
      </trkpt>
      <trkpt lat="44.04407" lon="5.77402">
        <ele>680.0</ele>
      </trkpt>
      <trkpt lat="44.04413" lon="5.77413">
        <ele>680.0</ele>
      </trkpt>
      <trkpt lat="44.04419" lon="5.7743">
        <ele>680.0</ele>
      </trkpt>
      <trkpt lat="44.04427" lon="5.77463">
        <ele>680.0</ele>
      </trkpt>
      <trkpt lat="44.04432" lon="5.77477">
        <ele>680.0</ele>
      </trkpt>
      <trkpt lat="44.04437" lon="5.77491">
        <ele>680.0</ele>
      </trkpt>
      <trkpt lat="44.04445" lon="5.77508">
        <ele>680.0</ele>
      </trkpt>
      <trkpt lat="44.04458" lon="5.77534">
        <ele>681.0</ele>
      </trkpt>
      <trkpt lat="44.04484" lon="5.77579">
        <ele>684.0</ele>
      </trkpt>
      <trkpt lat="44.04495" lon="5.77595">
        <ele>685.0</ele>
      </trkpt>
      <trkpt lat="44.04506" lon="5.77614">
        <ele>687.0</ele>
      </trkpt>
      <trkpt lat="44.0451" lon="5.77632">
        <ele>687.0</ele>
      </trkpt>
      <trkpt lat="44.04514" lon="5.77653">
        <ele>687.0</ele>
      </trkpt>
      <trkpt lat="44.04516" lon="5.77666">
        <ele>688.0</ele>
      </trkpt>
      <trkpt lat="44.04518" lon="5.77678">
        <ele>688.0</ele>
      </trkpt>
      <trkpt lat="44.04523" lon="5.77709">
        <ele>688.0</ele>
      </trkpt>
      <trkpt lat="44.04528" lon="5.77745">
        <ele>687.0</ele>
      </trkpt>
      <trkpt lat="44.04531" lon="5.77773">
        <ele>687.0</ele>
      </trkpt>
      <trkpt lat="44.04535" lon="5.77807">
        <ele>687.0</ele>
      </trkpt>
      <trkpt lat="44.04537" lon="5.77838">
        <ele>687.0</ele>
      </trkpt>
      <trkpt lat="44.04538" lon="5.77875">
        <ele>689.0</ele>
      </trkpt>
      <trkpt lat="44.0454" lon="5.77888">
        <ele>689.0</ele>
      </trkpt>
      <trkpt lat="44.04542" lon="5.77906">
        <ele>690.0</ele>
      </trkpt>
      <trkpt lat="44.04545" lon="5.7794">
        <ele>691.0</ele>
      </trkpt>
      <trkpt lat="44.04546" lon="5.77954">
        <ele>692.0</ele>
      </trkpt>
      <trkpt lat="44.04542" lon="5.77999">
        <ele>694.0</ele>
      </trkpt>
      <trkpt lat="44.04546" lon="5.78002">
        <ele>694.0</ele>
      </trkpt>
      <trkpt lat="44.04566" lon="5.7801">
        <ele>695.0</ele>
      </trkpt>
      <trkpt lat="44.04652" lon="5.78054">
        <ele>704.0</ele>
      </trkpt>
      <trkpt lat="44.04658" lon="5.78057">
        <ele>704.0</ele>
      </trkpt>
      <trkpt lat="44.04672" lon="5.7807">
        <ele>706.0</ele>
      </trkpt>
      <trkpt lat="44.04685" lon="5.78082">
        <ele>708.0</ele>
      </trkpt>
      <trkpt lat="44.04707" lon="5.78095">
        <ele>710.0</ele>
      </trkpt>
      <trkpt lat="44.04749" lon="5.7811">
        <ele>714.0</ele>
      </trkpt>
      <trkpt lat="44.0479" lon="5.78126">
        <ele>717.0</ele>
      </trkpt>
      <trkpt lat="44.0483" lon="5.78141">
        <ele>720.0</ele>
      </trkpt>
      <trkpt lat="44.04874" lon="5.78158">
        <ele>724.0</ele>
      </trkpt>
      <trkpt lat="44.04888" lon="5.78155">
        <ele>726.0</ele>
      </trkpt>
      <trkpt lat="44.0489" lon="5.7816">
        <ele>726.0</ele>
      </trkpt>
      <trkpt lat="44.04897" lon="5.78167">
        <ele>727.0</ele>
      </trkpt>
      <trkpt lat="44.04906" lon="5.78172">
        <ele>728.0</ele>
      </trkpt>
      <trkpt lat="44.04916" lon="5.78177">
        <ele>729.0</ele>
      </trkpt>
      <trkpt lat="44.04961" lon="5.78195">
        <ele>734.0</ele>
      </trkpt>
      <trkpt lat="44.04981" lon="5.78201">
        <ele>737.0</ele>
      </trkpt>
      <trkpt lat="44.0499" lon="5.78203">
        <ele>738.0</ele>
      </trkpt>
      <trkpt lat="44.05001" lon="5.78202">
        <ele>739.0</ele>
      </trkpt>
      <trkpt lat="44.0501" lon="5.78197">
        <ele>740.0</ele>
      </trkpt>
      <trkpt lat="44.05017" lon="5.7819">
        <ele>741.0</ele>
      </trkpt>
      <trkpt lat="44.05024" lon="5.7818">
        <ele>742.0</ele>
      </trkpt>
      <trkpt lat="44.05029" lon="5.7817">
        <ele>742.0</ele>
      </trkpt>
      <trkpt lat="44.05032" lon="5.78159">
        <ele>743.0</ele>
      </trkpt>
      <trkpt lat="44.05038" lon="5.78122">
        <ele>745.0</ele>
      </trkpt>
      <trkpt lat="44.0505" lon="5.78013">
        <ele>751.0</ele>
      </trkpt>
      <trkpt lat="44.05056" lon="5.7796">
        <ele>752.0</ele>
      </trkpt>
      <trkpt lat="44.05064" lon="5.77904">
        <ele>753.0</ele>
      </trkpt>
      <trkpt lat="44.05067" lon="5.77894">
        <ele>753.0</ele>
      </trkpt>
      <trkpt lat="44.05073" lon="5.77889">
        <ele>753.0</ele>
      </trkpt>
      <trkpt lat="44.0508" lon="5.77889">
        <ele>755.0</ele>
      </trkpt>
      <trkpt lat="44.05086" lon="5.77893">
        <ele>756.0</ele>
      </trkpt>
      <trkpt lat="44.05092" lon="5.77901">
        <ele>757.0</ele>
      </trkpt>
      <trkpt lat="44.05109" lon="5.77932">
        <ele>759.0</ele>
      </trkpt>
      <trkpt lat="44.05124" lon="5.7795">
        <ele>761.0</ele>
      </trkpt>
      <trkpt lat="44.05165" lon="5.77991">
        <ele>768.0</ele>
      </trkpt>
      <trkpt lat="44.05183" lon="5.78007">
        <ele>769.0</ele>
      </trkpt>
      <trkpt lat="44.05202" lon="5.78018">
        <ele>770.0</ele>
      </trkpt>
      <trkpt lat="44.05259" lon="5.7804">
        <ele>775.0</ele>
      </trkpt>
      <trkpt lat="44.0527" lon="5.78046">
        <ele>776.0</ele>
      </trkpt>
      <trkpt lat="44.0528" lon="5.78053">
        <ele>777.0</ele>
      </trkpt>
      <trkpt lat="44.05288" lon="5.78063">
        <ele>778.0</ele>
      </trkpt>
      <trkpt lat="44.05296" lon="5.78076">
        <ele>778.0</ele>
      </trkpt>
      <trkpt lat="44.05317" lon="5.78119">
        <ele>780.0</ele>
      </trkpt>
      <trkpt lat="44.05335" lon="5.78147">
        <ele>781.0</ele>
      </trkpt>
      <trkpt lat="44.05351" lon="5.78167">
        <ele>783.0</ele>
      </trkpt>
      <trkpt lat="44.05374" lon="5.78193">
        <ele>785.0</ele>
      </trkpt>
      <trkpt lat="44.05382" lon="5.782">
        <ele>786.0</ele>
      </trkpt>
      <trkpt lat="44.05405" lon="5.78222">
        <ele>788.0</ele>
      </trkpt>
      <trkpt lat="44.05425" lon="5.78239">
        <ele>789.0</ele>
      </trkpt>
      <trkpt lat="44.05447" lon="5.7825">
        <ele>791.0</ele>
      </trkpt>
      <trkpt lat="44.05467" lon="5.78259">
        <ele>793.0</ele>
      </trkpt>
      <trkpt lat="44.05516" lon="5.78273">
        <ele>798.0</ele>
      </trkpt>
      <trkpt lat="44.05534" lon="5.78279">
        <ele>800.0</ele>
      </trkpt>
      <trkpt lat="44.05542" lon="5.78283">
        <ele>801.0</ele>
      </trkpt>
      <trkpt lat="44.05548" lon="5.78288">
        <ele>802.0</ele>
      </trkpt>
      <trkpt lat="44.05555" lon="5.78296">
        <ele>802.0</ele>
      </trkpt>
      <trkpt lat="44.05561" lon="5.78308">
        <ele>803.0</ele>
      </trkpt>
      <trkpt lat="44.05563" lon="5.78315">
        <ele>803.0</ele>
      </trkpt>
      <trkpt lat="44.05564" lon="5.78326">
        <ele>804.0</ele>
      </trkpt>
      <trkpt lat="44.05563" lon="5.78351">
        <ele>805.0</ele>
      </trkpt>
      <trkpt lat="44.05554" lon="5.78394">
        <ele>806.0</ele>
      </trkpt>
      <trkpt lat="44.0555" lon="5.78422">
        <ele>807.0</ele>
      </trkpt>
      <trkpt lat="44.05551" lon="5.78436">
        <ele>807.0</ele>
      </trkpt>
      <trkpt lat="44.05553" lon="5.78449">
        <ele>808.0</ele>
      </trkpt>
      <trkpt lat="44.05557" lon="5.78461">
        <ele>809.0</ele>
      </trkpt>
      <trkpt lat="44.05562" lon="5.78475">
        <ele>810.0</ele>
      </trkpt>
      <trkpt lat="44.05604" lon="5.78543">
        <ele>818.0</ele>
      </trkpt>
      <trkpt lat="44.0562" lon="5.78571">
        <ele>821.0</ele>
      </trkpt>
      <trkpt lat="44.05627" lon="5.78586">
        <ele>822.0</ele>
      </trkpt>
      <trkpt lat="44.05632" lon="5.78601">
        <ele>823.0</ele>
      </trkpt>
      <trkpt lat="44.05636" lon="5.78616">
        <ele>824.0</ele>
      </trkpt>
      <trkpt lat="44.05651" lon="5.78692">
        <ele>828.0</ele>
      </trkpt>
      <trkpt lat="44.05662" lon="5.78768">
        <ele>829.0</ele>
      </trkpt>
      <trkpt lat="44.05677" lon="5.78874">
        <ele>835.0</ele>
      </trkpt>
      <trkpt lat="44.0568" lon="5.78885">
        <ele>836.0</ele>
      </trkpt>
      <trkpt lat="44.05684" lon="5.78894">
        <ele>836.0</ele>
      </trkpt>
      <trkpt lat="44.05689" lon="5.78901">
        <ele>837.0</ele>
      </trkpt>
      <trkpt lat="44.05695" lon="5.78904">
        <ele>838.0</ele>
      </trkpt>
      <trkpt lat="44.05702" lon="5.78905">
        <ele>838.0</ele>
      </trkpt>
      <trkpt lat="44.05709" lon="5.78902">
        <ele>839.0</ele>
      </trkpt>
      <trkpt lat="44.05712" lon="5.78899">
        <ele>839.0</ele>
      </trkpt>
      <trkpt lat="44.05715" lon="5.78898">
        <ele>839.0</ele>
      </trkpt>
      <trkpt lat="44.05729" lon="5.78881">
        <ele>841.0</ele>
      </trkpt>
      <trkpt lat="44.0574" lon="5.78866">
        <ele>842.0</ele>
      </trkpt>
      <trkpt lat="44.05754" lon="5.78847">
        <ele>843.0</ele>
      </trkpt>
      <trkpt lat="44.05764" lon="5.78836">
        <ele>845.0</ele>
      </trkpt>
      <trkpt lat="44.05774" lon="5.78827">
        <ele>846.0</ele>
      </trkpt>
      <trkpt lat="44.05817" lon="5.78799">
        <ele>851.0</ele>
      </trkpt>
      <trkpt lat="44.05827" lon="5.78791">
        <ele>852.0</ele>
      </trkpt>
      <trkpt lat="44.05836" lon="5.78781">
        <ele>853.0</ele>
      </trkpt>
      <trkpt lat="44.05843" lon="5.78768">
        <ele>853.0</ele>
      </trkpt>
      <trkpt lat="44.05861" lon="5.7873">
        <ele>853.0</ele>
      </trkpt>
      <trkpt lat="44.05868" lon="5.7872">
        <ele>854.0</ele>
      </trkpt>
      <trkpt lat="44.05878" lon="5.78711">
        <ele>854.0</ele>
      </trkpt>
      <trkpt lat="44.05944" lon="5.78669">
        <ele>859.0</ele>
      </trkpt>
      <trkpt lat="44.05982" lon="5.78648">
        <ele>863.0</ele>
      </trkpt>
      <trkpt lat="44.05992" lon="5.7864">
        <ele>864.0</ele>
      </trkpt>
      <trkpt lat="44.06" lon="5.78629">
        <ele>865.0</ele>
      </trkpt>
      <trkpt lat="44.06006" lon="5.78615">
        <ele>866.0</ele>
      </trkpt>
      <trkpt lat="44.06009" lon="5.78599">
        <ele>867.0</ele>
      </trkpt>
      <trkpt lat="44.0601" lon="5.78582">
        <ele>867.0</ele>
      </trkpt>
      <trkpt lat="44.06003" lon="5.78529">
        <ele>868.0</ele>
      </trkpt>
      <trkpt lat="44.05994" lon="5.78461">
        <ele>869.0</ele>
      </trkpt>
      <trkpt lat="44.05988" lon="5.78411">
        <ele>871.0</ele>
      </trkpt>
      <trkpt lat="44.05986" lon="5.78382">
        <ele>870.0</ele>
      </trkpt>
      <trkpt lat="44.05988" lon="5.78369">
        <ele>870.0</ele>
      </trkpt>
      <trkpt lat="44.05994" lon="5.78361">
        <ele>871.0</ele>
      </trkpt>
      <trkpt lat="44.06002" lon="5.78358">
        <ele>872.0</ele>
      </trkpt>
      <trkpt lat="44.0601" lon="5.78359">
        <ele>873.0</ele>
      </trkpt>
      <trkpt lat="44.06017" lon="5.78366">
        <ele>874.0</ele>
      </trkpt>
      <trkpt lat="44.06032" lon="5.78402">
        <ele>876.0</ele>
      </trkpt>
      <trkpt lat="44.06039" lon="5.78415">
        <ele>878.0</ele>
      </trkpt>
      <trkpt lat="44.06048" lon="5.78428">
        <ele>878.0</ele>
      </trkpt>
      <trkpt lat="44.06162" lon="5.78574">
        <ele>890.0</ele>
      </trkpt>
      <trkpt lat="44.06189" lon="5.78609">
        <ele>892.0</ele>
      </trkpt>
      <trkpt lat="44.06205" lon="5.78633">
        <ele>893.0</ele>
      </trkpt>
      <trkpt lat="44.06213" lon="5.78646">
        <ele>894.0</ele>
      </trkpt>
      <trkpt lat="44.06218" lon="5.78659">
        <ele>894.0</ele>
      </trkpt>
      <trkpt lat="44.06245" lon="5.78762">
        <ele>896.0</ele>
      </trkpt>
      <trkpt lat="44.06253" lon="5.78788">
        <ele>897.0</ele>
      </trkpt>
      <trkpt lat="44.06257" lon="5.78799">
        <ele>898.0</ele>
      </trkpt>
      <trkpt lat="44.06268" lon="5.78817">
        <ele>899.0</ele>
      </trkpt>
      <trkpt lat="44.06274" lon="5.78823">
        <ele>900.0</ele>
      </trkpt>
      <trkpt lat="44.06281" lon="5.78827">
        <ele>900.0</ele>
      </trkpt>
      <trkpt lat="44.06297" lon="5.78829">
        <ele>902.0</ele>
      </trkpt>
      <trkpt lat="44.0635" lon="5.78824">
        <ele>907.0</ele>
      </trkpt>
      <trkpt lat="44.06419" lon="5.7882">
        <ele>910.0</ele>
      </trkpt>
      <trkpt lat="44.06429" lon="5.7882">
        <ele>911.0</ele>
      </trkpt>
      <trkpt lat="44.06438" lon="5.78823">
        <ele>911.0</ele>
      </trkpt>
      <trkpt lat="44.06443" lon="5.78825">
        <ele>911.0</ele>
      </trkpt>
      <trkpt lat="44.06447" lon="5.78827">
        <ele>911.0</ele>
      </trkpt>
      <trkpt lat="44.06455" lon="5.78835">
        <ele>912.0</ele>
      </trkpt>
      <trkpt lat="44.06462" lon="5.78846">
        <ele>913.0</ele>
      </trkpt>
      <trkpt lat="44.06466" lon="5.78858">
        <ele>913.0</ele>
      </trkpt>
      <trkpt lat="44.06469" lon="5.78872">
        <ele>914.0</ele>
      </trkpt>
      <trkpt lat="44.06469" lon="5.78888">
        <ele>914.0</ele>
      </trkpt>
      <trkpt lat="44.06464" lon="5.78938">
        <ele>915.0</ele>
      </trkpt>
      <trkpt lat="44.06465" lon="5.78954">
        <ele>915.0</ele>
      </trkpt>
      <trkpt lat="44.06468" lon="5.7897">
        <ele>915.0</ele>
      </trkpt>
      <trkpt lat="44.06473" lon="5.78984">
        <ele>916.0</ele>
      </trkpt>
      <trkpt lat="44.06482" lon="5.78996">
        <ele>918.0</ele>
      </trkpt>
      <trkpt lat="44.06491" lon="5.79006">
        <ele>918.0</ele>
      </trkpt>
      <trkpt lat="44.06504" lon="5.79017">
        <ele>920.0</ele>
      </trkpt>
      <trkpt lat="44.06552" lon="5.79055">
        <ele>924.0</ele>
      </trkpt>
      <trkpt lat="44.06607" lon="5.79094">
        <ele>928.0</ele>
      </trkpt>
      <trkpt lat="44.06704" lon="5.79154">
        <ele>935.0</ele>
      </trkpt>
      <trkpt lat="44.06771" lon="5.79192">
        <ele>939.0</ele>
      </trkpt>
      <trkpt lat="44.06822" lon="5.79222">
        <ele>941.0</ele>
      </trkpt>
      <trkpt lat="44.06871" lon="5.79254">
        <ele>945.0</ele>
      </trkpt>
      <trkpt lat="44.06893" lon="5.79272">
        <ele>947.0</ele>
      </trkpt>
      <trkpt lat="44.06924" lon="5.79303">
        <ele>949.0</ele>
      </trkpt>
      <trkpt lat="44.06961" lon="5.79344">
        <ele>952.0</ele>
      </trkpt>
      <trkpt lat="44.07004" lon="5.79396">
        <ele>954.0</ele>
      </trkpt>
      <trkpt lat="44.07012" lon="5.79405">
        <ele>954.0</ele>
      </trkpt>
      <trkpt lat="44.0702" lon="5.7941">
        <ele>955.0</ele>
      </trkpt>
      <trkpt lat="44.07029" lon="5.7941">
        <ele>956.0</ele>
      </trkpt>
      <trkpt lat="44.07036" lon="5.79405">
        <ele>957.0</ele>
      </trkpt>
      <trkpt lat="44.0704" lon="5.79396">
        <ele>959.0</ele>
      </trkpt>
      <trkpt lat="44.0704" lon="5.79386">
        <ele>960.0</ele>
      </trkpt>
      <trkpt lat="44.07037" lon="5.79376">
        <ele>960.0</ele>
      </trkpt>
      <trkpt lat="44.07032" lon="5.79366">
        <ele>960.0</ele>
      </trkpt>
      <trkpt lat="44.07015" lon="5.79344">
        <ele>960.0</ele>
      </trkpt>
      <trkpt lat="44.07007" lon="5.7933">
        <ele>960.0</ele>
      </trkpt>
      <trkpt lat="44.07" lon="5.79315">
        <ele>961.0</ele>
      </trkpt>
      <trkpt lat="44.06994" lon="5.79299">
        <ele>961.0</ele>
      </trkpt>
      <trkpt lat="44.06957" lon="5.79164">
        <ele>969.0</ele>
      </trkpt>
      <trkpt lat="44.06946" lon="5.79127">
        <ele>972.0</ele>
      </trkpt>
      <trkpt lat="44.06912" lon="5.79006">
        <ele>979.0</ele>
      </trkpt>
      <trkpt lat="44.06899" lon="5.78963">
        <ele>981.0</ele>
      </trkpt>
      <trkpt lat="44.06895" lon="5.78949">
        <ele>981.0</ele>
      </trkpt>
      <trkpt lat="44.06891" lon="5.7892">
        <ele>983.0</ele>
      </trkpt>
      <trkpt lat="44.06887" lon="5.78878">
        <ele>983.0</ele>
      </trkpt>
      <trkpt lat="44.06885" lon="5.78839">
        <ele>983.0</ele>
      </trkpt>
      <trkpt lat="44.06886" lon="5.78826">
        <ele>982.0</ele>
      </trkpt>
      <trkpt lat="44.06888" lon="5.78814">
        <ele>982.0</ele>
      </trkpt>
      <trkpt lat="44.06892" lon="5.78804">
        <ele>982.0</ele>
      </trkpt>
      <trkpt lat="44.06899" lon="5.78797">
        <ele>983.0</ele>
      </trkpt>
      <trkpt lat="44.06906" lon="5.78794">
        <ele>984.0</ele>
      </trkpt>
      <trkpt lat="44.06914" lon="5.78795">
        <ele>986.0</ele>
      </trkpt>
      <trkpt lat="44.06921" lon="5.788">
        <ele>987.0</ele>
      </trkpt>
      <trkpt lat="44.06926" lon="5.78808">
        <ele>989.0</ele>
      </trkpt>
      <trkpt lat="44.0693" lon="5.78818">
        <ele>990.0</ele>
      </trkpt>
      <trkpt lat="44.0695" lon="5.78871">
        <ele>993.0</ele>
      </trkpt>
      <trkpt lat="44.06958" lon="5.78886">
        <ele>994.0</ele>
      </trkpt>
      <trkpt lat="44.06968" lon="5.789">
        <ele>994.0</ele>
      </trkpt>
      <trkpt lat="44.06979" lon="5.78913">
        <ele>995.0</ele>
      </trkpt>
      <trkpt lat="44.06992" lon="5.78926">
        <ele>996.0</ele>
      </trkpt>
      <trkpt lat="44.07019" lon="5.78953">
        <ele>999.0</ele>
      </trkpt>
      <trkpt lat="44.07046" lon="5.78979">
        <ele>1001.0</ele>
      </trkpt>
      <trkpt lat="44.07115" lon="5.7904">
        <ele>1007.0</ele>
      </trkpt>
      <trkpt lat="44.07183" lon="5.79098">
        <ele>1013.0</ele>
      </trkpt>
      <trkpt lat="44.07212" lon="5.79117">
        <ele>1015.0</ele>
      </trkpt>
      <trkpt lat="44.07227" lon="5.79124">
        <ele>1016.0</ele>
      </trkpt>
      <trkpt lat="44.07286" lon="5.7915">
        <ele>1021.0</ele>
      </trkpt>
      <trkpt lat="44.07314" lon="5.79164">
        <ele>1023.0</ele>
      </trkpt>
      <trkpt lat="44.07341" lon="5.79181">
        <ele>1026.0</ele>
      </trkpt>
      <trkpt lat="44.07354" lon="5.79191">
        <ele>1027.0</ele>
      </trkpt>
      <trkpt lat="44.07365" lon="5.79203">
        <ele>1027.0</ele>
      </trkpt>
      <trkpt lat="44.07375" lon="5.79216">
        <ele>1028.0</ele>
      </trkpt>
      <trkpt lat="44.07422" lon="5.79289">
        <ele>1032.0</ele>
      </trkpt>
      <trkpt lat="44.07449" lon="5.79332">
        <ele>1033.0</ele>
      </trkpt>
      <trkpt lat="44.07482" lon="5.79389">
        <ele>1036.0</ele>
      </trkpt>
      <trkpt lat="44.07495" lon="5.79419">
        <ele>1037.0</ele>
      </trkpt>
      <trkpt lat="44.07517" lon="5.79474">
        <ele>1039.0</ele>
      </trkpt>
      <trkpt lat="44.07523" lon="5.79483">
        <ele>1039.0</ele>
      </trkpt>
      <trkpt lat="44.07531" lon="5.79487">
        <ele>1039.0</ele>
      </trkpt>
      <trkpt lat="44.07539" lon="5.79485">
        <ele>1040.0</ele>
      </trkpt>
      <trkpt lat="44.07545" lon="5.79479">
        <ele>1040.0</ele>
      </trkpt>
      <trkpt lat="44.07548" lon="5.79469">
        <ele>1041.0</ele>
      </trkpt>
      <trkpt lat="44.07556" lon="5.79414">
        <ele>1046.0</ele>
      </trkpt>
      <trkpt lat="44.07559" lon="5.79367">
        <ele>1048.0</ele>
      </trkpt>
      <trkpt lat="44.07558" lon="5.79326">
        <ele>1050.0</ele>
      </trkpt>
      <trkpt lat="44.07554" lon="5.7928">
        <ele>1053.0</ele>
      </trkpt>
      <trkpt lat="44.07539" lon="5.79189">
        <ele>1058.0</ele>
      </trkpt>
      <trkpt lat="44.07518" lon="5.7904">
        <ele>1068.0</ele>
      </trkpt>
      <trkpt lat="44.07516" lon="5.79022">
        <ele>1068.0</ele>
      </trkpt>
      <trkpt lat="44.07515" lon="5.79004">
        <ele>1069.0</ele>
      </trkpt>
      <trkpt lat="44.07517" lon="5.78986">
        <ele>1069.0</ele>
      </trkpt>
      <trkpt lat="44.07522" lon="5.7897">
        <ele>1069.0</ele>
      </trkpt>
      <trkpt lat="44.0753" lon="5.78957">
        <ele>1070.0</ele>
      </trkpt>
      <trkpt lat="44.0754" lon="5.78948">
        <ele>1070.0</ele>
      </trkpt>
      <trkpt lat="44.07552" lon="5.78942">
        <ele>1071.0</ele>
      </trkpt>
      <trkpt lat="44.07564" lon="5.78942">
        <ele>1072.0</ele>
      </trkpt>
      <trkpt lat="44.07574" lon="5.78944">
        <ele>1073.0</ele>
      </trkpt>
      <trkpt lat="44.07631" lon="5.78966">
        <ele>1077.0</ele>
      </trkpt>
      <trkpt lat="44.07657" lon="5.78976">
        <ele>1078.0</ele>
      </trkpt>
      <trkpt lat="44.07668" lon="5.78978">
        <ele>1079.0</ele>
      </trkpt>
      <trkpt lat="44.07682" lon="5.7898">
        <ele>1080.0</ele>
      </trkpt>
      <trkpt lat="44.07692" lon="5.78975">
        <ele>1081.0</ele>
      </trkpt>
      <trkpt lat="44.07701" lon="5.78967">
        <ele>1081.0</ele>
      </trkpt>
      <trkpt lat="44.07707" lon="5.78956">
        <ele>1082.0</ele>
      </trkpt>
      <trkpt lat="44.07712" lon="5.78943">
        <ele>1083.0</ele>
      </trkpt>
      <trkpt lat="44.07715" lon="5.78928">
        <ele>1084.0</ele>
      </trkpt>
      <trkpt lat="44.07719" lon="5.78879">
        <ele>1084.0</ele>
      </trkpt>
      <trkpt lat="44.07719" lon="5.78865">
        <ele>1084.0</ele>
      </trkpt>
      <trkpt lat="44.07722" lon="5.78837">
        <ele>1085.0</ele>
      </trkpt>
      <trkpt lat="44.07724" lon="5.78824">
        <ele>1083.0</ele>
      </trkpt>
      <trkpt lat="44.07729" lon="5.78813">
        <ele>1081.0</ele>
      </trkpt>
      <trkpt lat="44.07736" lon="5.78806">
        <ele>1081.0</ele>
      </trkpt>
      <trkpt lat="44.07744" lon="5.78803">
        <ele>1081.0</ele>
      </trkpt>
      <trkpt lat="44.07752" lon="5.78804">
        <ele>1082.0</ele>
      </trkpt>
      <trkpt lat="44.07761" lon="5.78809">
        <ele>1085.0</ele>
      </trkpt>
      <trkpt lat="44.07813" lon="5.78854">
        <ele>1096.0</ele>
      </trkpt>
      <trkpt lat="44.07826" lon="5.78863">
        <ele>1097.0</ele>
      </trkpt>
      <trkpt lat="44.0784" lon="5.78869">
        <ele>1098.0</ele>
      </trkpt>
      <trkpt lat="44.07854" lon="5.78874">
        <ele>1099.0</ele>
      </trkpt>
      <trkpt lat="44.07883" lon="5.78882">
        <ele>1102.0</ele>
      </trkpt>
      <trkpt lat="44.08079" lon="5.7893">
        <ele>1115.0</ele>
      </trkpt>
      <trkpt lat="44.08165" lon="5.78953">
        <ele>1120.0</ele>
      </trkpt>
      <trkpt lat="44.08187" lon="5.78961">
        <ele>1122.0</ele>
      </trkpt>
      <trkpt lat="44.08209" lon="5.78971">
        <ele>1123.0</ele>
      </trkpt>
      <trkpt lat="44.08239" lon="5.78987">
        <ele>1124.0</ele>
      </trkpt>
      <trkpt lat="44.08266" lon="5.79002">
        <ele>1125.0</ele>
      </trkpt>
      <trkpt lat="44.08274" lon="5.79004">
        <ele>1126.0</ele>
      </trkpt>
      <trkpt lat="44.08281" lon="5.79002">
        <ele>1127.0</ele>
      </trkpt>
      <trkpt lat="44.08285" lon="5.78997">
        <ele>1129.0</ele>
      </trkpt>
      <trkpt lat="44.08287" lon="5.78989">
        <ele>1130.0</ele>
      </trkpt>
      <trkpt lat="44.08286" lon="5.78981">
        <ele>1132.0</ele>
      </trkpt>
      <trkpt lat="44.08282" lon="5.78975">
        <ele>1132.0</ele>
      </trkpt>
      <trkpt lat="44.08276" lon="5.78968">
        <ele>1133.0</ele>
      </trkpt>
      <trkpt lat="44.08239" lon="5.78934">
        <ele>1134.0</ele>
      </trkpt>
      <trkpt lat="44.08219" lon="5.78912">
        <ele>1135.0</ele>
      </trkpt>
      <trkpt lat="44.08195" lon="5.78873">
        <ele>1138.0</ele>
      </trkpt>
      <trkpt lat="44.08174" lon="5.78833">
        <ele>1140.0</ele>
      </trkpt>
      <trkpt lat="44.08162" lon="5.78806">
        <ele>1141.0</ele>
      </trkpt>
      <trkpt lat="44.08151" lon="5.78777">
        <ele>1143.0</ele>
      </trkpt>
      <trkpt lat="44.08138" lon="5.78733">
        <ele>1144.0</ele>
      </trkpt>
      <trkpt lat="44.0813" lon="5.78705">
        <ele>1143.0</ele>
      </trkpt>
      <trkpt lat="44.08129" lon="5.7869">
        <ele>1144.0</ele>
      </trkpt>
      <trkpt lat="44.08131" lon="5.78678">
        <ele>1144.0</ele>
      </trkpt>
      <trkpt lat="44.08135" lon="5.78667">
        <ele>1145.0</ele>
      </trkpt>
      <trkpt lat="44.08142" lon="5.78659">
        <ele>1145.0</ele>
      </trkpt>
      <trkpt lat="44.08151" lon="5.78656">
        <ele>1147.0</ele>
      </trkpt>
      <trkpt lat="44.08159" lon="5.78658">
        <ele>1148.0</ele>
      </trkpt>
      <trkpt lat="44.08167" lon="5.78665">
        <ele>1149.0</ele>
      </trkpt>
      <trkpt lat="44.08173" lon="5.78675">
        <ele>1150.0</ele>
      </trkpt>
      <trkpt lat="44.08187" lon="5.78701">
        <ele>1152.0</ele>
      </trkpt>
      <trkpt lat="44.08195" lon="5.78715">
        <ele>1153.0</ele>
      </trkpt>
      <trkpt lat="44.08204" lon="5.78727">
        <ele>1154.0</ele>
      </trkpt>
      <trkpt lat="44.08215" lon="5.78737">
        <ele>1156.0</ele>
      </trkpt>
      <trkpt lat="44.08226" lon="5.78746">
        <ele>1157.0</ele>
      </trkpt>
      <trkpt lat="44.08346" lon="5.78831">
        <ele>1162.0</ele>
      </trkpt>
      <trkpt lat="44.0836" lon="5.78838">
        <ele>1163.0</ele>
      </trkpt>
      <trkpt lat="44.08374" lon="5.78843">
        <ele>1164.0</ele>
      </trkpt>
      <trkpt lat="44.08389" lon="5.78846">
        <ele>1164.0</ele>
      </trkpt>
      <trkpt lat="44.08403" lon="5.78848">
        <ele>1165.0</ele>
      </trkpt>
      <trkpt lat="44.08435" lon="5.7885">
        <ele>1168.0</ele>
      </trkpt>
      <trkpt lat="44.08601" lon="5.78853">
        <ele>1180.0</ele>
      </trkpt>
      <trkpt lat="44.08728" lon="5.78857">
        <ele>1189.0</ele>
      </trkpt>
      <trkpt lat="44.08741" lon="5.78856">
        <ele>1190.0</ele>
      </trkpt>
      <trkpt lat="44.08766" lon="5.78852">
        <ele>1193.0</ele>
      </trkpt>
      <trkpt lat="44.0879" lon="5.78845">
        <ele>1196.0</ele>
      </trkpt>
      <trkpt lat="44.08801" lon="5.7884">
        <ele>1197.0</ele>
      </trkpt>
      <trkpt lat="44.08833" lon="5.78823">
        <ele>1202.0</ele>
      </trkpt>
      <trkpt lat="44.08889" lon="5.7879">
        <ele>1213.0</ele>
      </trkpt>
      <trkpt lat="44.08907" lon="5.78783">
        <ele>1216.0</ele>
      </trkpt>
      <trkpt lat="44.08915" lon="5.78782">
        <ele>1216.0</ele>
      </trkpt>
      <trkpt lat="44.08933" lon="5.78782">
        <ele>1219.0</ele>
      </trkpt>
      <trkpt lat="44.0895" lon="5.78786">
        <ele>1222.0</ele>
      </trkpt>
      <trkpt lat="44.08958" lon="5.78789">
        <ele>1223.0</ele>
      </trkpt>
      <trkpt lat="44.08965" lon="5.78794">
        <ele>1223.0</ele>
      </trkpt>
      <trkpt lat="44.08969" lon="5.78802">
        <ele>1223.0</ele>
      </trkpt>
      <trkpt lat="44.0897" lon="5.7881">
        <ele>1222.0</ele>
      </trkpt>
      <trkpt lat="44.08967" lon="5.78819">
        <ele>1220.0</ele>
      </trkpt>
      <trkpt lat="44.08963" lon="5.78826">
        <ele>1219.0</ele>
      </trkpt>
      <trkpt lat="44.08949" lon="5.78839">
        <ele>1215.0</ele>
      </trkpt>
      <trkpt lat="44.08942" lon="5.78846">
        <ele>1215.0</ele>
      </trkpt>
      <trkpt lat="44.08935" lon="5.78856">
        <ele>1214.0</ele>
      </trkpt>
      <trkpt lat="44.08929" lon="5.78868">
        <ele>1215.0</ele>
      </trkpt>
      <trkpt lat="44.08923" lon="5.78882">
        <ele>1215.0</ele>
      </trkpt>
      <trkpt lat="44.08912" lon="5.78912">
        <ele>1216.0</ele>
      </trkpt>
      <trkpt lat="44.08903" lon="5.78945">
        <ele>1217.0</ele>
      </trkpt>
      <trkpt lat="44.08894" lon="5.78978">
        <ele>1218.0</ele>
      </trkpt>
      <trkpt lat="44.08888" lon="5.7901">
        <ele>1220.0</ele>
      </trkpt>
      <trkpt lat="44.08885" lon="5.79027">
        <ele>1221.0</ele>
      </trkpt>
      <trkpt lat="44.08883" lon="5.79061">
        <ele>1223.0</ele>
      </trkpt>
      <trkpt lat="44.08884" lon="5.79078">
        <ele>1225.0</ele>
      </trkpt>
      <trkpt lat="44.08887" lon="5.79094">
        <ele>1226.0</ele>
      </trkpt>
      <trkpt lat="44.08896" lon="5.79125">
        <ele>1228.0</ele>
      </trkpt>
      <trkpt lat="44.08952" lon="5.79253">
        <ele>1235.0</ele>
      </trkpt>
      <trkpt lat="44.08961" lon="5.79268">
        <ele>1236.0</ele>
      </trkpt>
      <trkpt lat="44.08972" lon="5.7928">
        <ele>1237.0</ele>
      </trkpt>
      <trkpt lat="44.08979" lon="5.79286">
        <ele>1238.0</ele>
      </trkpt>
      <trkpt lat="44.08989" lon="5.79291">
        <ele>1239.0</ele>
      </trkpt>
      <trkpt lat="44.09003" lon="5.79295">
        <ele>1240.0</ele>
      </trkpt>
      <trkpt lat="44.0902" lon="5.79297">
        <ele>1240.0</ele>
      </trkpt>
      <trkpt lat="44.09031" lon="5.79294">
        <ele>1240.0</ele>
      </trkpt>
      <trkpt lat="44.09037" lon="5.79291">
        <ele>1241.0</ele>
      </trkpt>
      <trkpt lat="44.09098" lon="5.79264">
        <ele>1248.0</ele>
      </trkpt>
      <trkpt lat="44.09193" lon="5.79207">
        <ele>1262.0</ele>
      </trkpt>
      <trkpt lat="44.09226" lon="5.79184">
        <ele>1267.0</ele>
      </trkpt>
      <trkpt lat="44.0928" lon="5.79146">
        <ele>1274.0</ele>
      </trkpt>
      <trkpt lat="44.09304" lon="5.79134">
        <ele>1276.0</ele>
      </trkpt>
      <trkpt lat="44.09366" lon="5.79109">
        <ele>1279.0</ele>
      </trkpt>
      <trkpt lat="44.09369" lon="5.79106">
        <ele>1280.0</ele>
      </trkpt>
      <trkpt lat="44.09372" lon="5.79102">
        <ele>1281.0</ele>
      </trkpt>
      <trkpt lat="44.09373" lon="5.79097">
        <ele>1282.0</ele>
      </trkpt>
      <trkpt lat="44.09372" lon="5.79094">
        <ele>1283.0</ele>
      </trkpt>
      <trkpt lat="44.09368" lon="5.79088">
        <ele>1285.0</ele>
      </trkpt>
      <trkpt lat="44.09333" lon="5.79083">
        <ele>1288.0</ele>
      </trkpt>
      <trkpt lat="44.09313" lon="5.79078">
        <ele>1289.0</ele>
      </trkpt>
      <trkpt lat="44.09272" lon="5.79059">
        <ele>1290.0</ele>
      </trkpt>
      <trkpt lat="44.09256" lon="5.79049">
        <ele>1291.0</ele>
      </trkpt>
      <trkpt lat="44.09248" lon="5.79041">
        <ele>1292.0</ele>
      </trkpt>
      <trkpt lat="44.09242" lon="5.79033">
        <ele>1292.0</ele>
      </trkpt>
      <trkpt lat="44.09236" lon="5.79022">
        <ele>1293.0</ele>
      </trkpt>
      <trkpt lat="44.09231" lon="5.7901">
        <ele>1294.0</ele>
      </trkpt>
      <trkpt lat="44.09228" lon="5.78998">
        <ele>1295.0</ele>
      </trkpt>
      <trkpt lat="44.09226" lon="5.78986">
        <ele>1295.0</ele>
      </trkpt>
      <trkpt lat="44.09225" lon="5.78973">
        <ele>1295.0</ele>
      </trkpt>
      <trkpt lat="44.09226" lon="5.7896">
        <ele>1296.0</ele>
      </trkpt>
      <trkpt lat="44.0923" lon="5.78936">
        <ele>1297.0</ele>
      </trkpt>
      <trkpt lat="44.09237" lon="5.78912">
        <ele>1299.0</ele>
      </trkpt>
      <trkpt lat="44.0926" lon="5.78845">
        <ele>1303.0</ele>
      </trkpt>
      <trkpt lat="44.09266" lon="5.78826">
        <ele>1305.0</ele>
      </trkpt>
      <trkpt lat="44.09276" lon="5.78785">
        <ele>1307.0</ele>
      </trkpt>
      <trkpt lat="44.09281" lon="5.78757">
        <ele>1308.0</ele>
      </trkpt>
      <trkpt lat="44.09286" lon="5.78724">
        <ele>1310.0</ele>
      </trkpt>
      <trkpt lat="44.09288" lon="5.78717">
        <ele>1310.0</ele>
      </trkpt>
      <trkpt lat="44.0929" lon="5.78712">
        <ele>1310.0</ele>
      </trkpt>
      <trkpt lat="44.09298" lon="5.78707">
        <ele>1312.0</ele>
      </trkpt>
      <trkpt lat="44.093" lon="5.78708">
        <ele>1312.0</ele>
      </trkpt>
      <trkpt lat="44.09302" lon="5.78711">
        <ele>1313.0</ele>
      </trkpt>
      <trkpt lat="44.09306" lon="5.78718">
        <ele>1313.0</ele>
      </trkpt>
      <trkpt lat="44.09315" lon="5.78778">
        <ele>1315.0</ele>
      </trkpt>
      <trkpt lat="44.0932" lon="5.78804">
        <ele>1316.0</ele>
      </trkpt>
      <trkpt lat="44.09329" lon="5.78826">
        <ele>1318.0</ele>
      </trkpt>
      <trkpt lat="44.09339" lon="5.78844">
        <ele>1319.0</ele>
      </trkpt>
      <trkpt lat="44.09344" lon="5.78851">
        <ele>1320.0</ele>
      </trkpt>
      <trkpt lat="44.0935" lon="5.78857">
        <ele>1320.0</ele>
      </trkpt>
      <trkpt lat="44.09357" lon="5.78859">
        <ele>1321.0</ele>
      </trkpt>
      <trkpt lat="44.09362" lon="5.78857">
        <ele>1322.0</ele>
      </trkpt>
      <trkpt lat="44.09367" lon="5.7885">
        <ele>1323.0</ele>
      </trkpt>
      <trkpt lat="44.09369" lon="5.78841">
        <ele>1323.0</ele>
      </trkpt>
      <trkpt lat="44.09373" lon="5.78787">
        <ele>1325.0</ele>
      </trkpt>
      <trkpt lat="44.09377" lon="5.78773">
        <ele>1325.0</ele>
      </trkpt>
      <trkpt lat="44.09382" lon="5.78759">
        <ele>1326.0</ele>
      </trkpt>
      <trkpt lat="44.09389" lon="5.78748">
        <ele>1327.0</ele>
      </trkpt>
      <trkpt lat="44.09397" lon="5.78738">
        <ele>1327.0</ele>
      </trkpt>
      <trkpt lat="44.09414" lon="5.78722">
        <ele>1328.0</ele>
      </trkpt>
      <trkpt lat="44.09423" lon="5.78717">
        <ele>1329.0</ele>
      </trkpt>
      <trkpt lat="44.09432" lon="5.78715">
        <ele>1330.0</ele>
      </trkpt>
      <trkpt lat="44.09441" lon="5.78717">
        <ele>1331.0</ele>
      </trkpt>
      <trkpt lat="44.09448" lon="5.78724">
        <ele>1333.0</ele>
      </trkpt>
      <trkpt lat="44.09453" lon="5.78732">
        <ele>1334.0</ele>
      </trkpt>
      <trkpt lat="44.09457" lon="5.78742">
        <ele>1336.0</ele>
      </trkpt>
      <trkpt lat="44.09465" lon="5.78783">
        <ele>1338.0</ele>
      </trkpt>
      <trkpt lat="44.09469" lon="5.7879">
        <ele>1339.0</ele>
      </trkpt>
      <trkpt lat="44.09474" lon="5.78794">
        <ele>1339.0</ele>
      </trkpt>
      <trkpt lat="44.09479" lon="5.78793">
        <ele>1340.0</ele>
      </trkpt>
      <trkpt lat="44.09484" lon="5.78788">
        <ele>1341.0</ele>
      </trkpt>
      <trkpt lat="44.09496" lon="5.78759">
        <ele>1343.0</ele>
      </trkpt>
      <trkpt lat="44.09503" lon="5.78749">
        <ele>1343.0</ele>
      </trkpt>
      <trkpt lat="44.09511" lon="5.78739">
        <ele>1343.0</ele>
      </trkpt>
      <trkpt lat="44.09521" lon="5.78732">
        <ele>1344.0</ele>
      </trkpt>
      <trkpt lat="44.09531" lon="5.78727">
        <ele>1345.0</ele>
      </trkpt>
      <trkpt lat="44.09541" lon="5.78725">
        <ele>1346.0</ele>
      </trkpt>
      <trkpt lat="44.09609" lon="5.78719">
        <ele>1356.0</ele>
      </trkpt>
      <trkpt lat="44.09617" lon="5.78718">
        <ele>1357.0</ele>
      </trkpt>
      <trkpt lat="44.09637" lon="5.78709">
        <ele>1359.0</ele>
      </trkpt>
      <trkpt lat="44.09644" lon="5.78707">
        <ele>1360.0</ele>
      </trkpt>
      <trkpt lat="44.0965" lon="5.78709">
        <ele>1361.0</ele>
      </trkpt>
      <trkpt lat="44.09654" lon="5.78714">
        <ele>1362.0</ele>
      </trkpt>
      <trkpt lat="44.09655" lon="5.78721">
        <ele>1362.0</ele>
      </trkpt>
      <trkpt lat="44.09653" lon="5.78728">
        <ele>1362.0</ele>
      </trkpt>
      <trkpt lat="44.09649" lon="5.78735">
        <ele>1362.0</ele>
      </trkpt>
      <trkpt lat="44.09631" lon="5.7876">
        <ele>1361.0</ele>
      </trkpt>
      <trkpt lat="44.09626" lon="5.7877">
        <ele>1360.0</ele>
      </trkpt>
      <trkpt lat="44.09621" lon="5.78781">
        <ele>1360.0</ele>
      </trkpt>
      <trkpt lat="44.09618" lon="5.78792">
        <ele>1360.0</ele>
      </trkpt>
      <trkpt lat="44.09618" lon="5.78804">
        <ele>1360.0</ele>
      </trkpt>
      <trkpt lat="44.09621" lon="5.78815">
        <ele>1360.0</ele>
      </trkpt>
      <trkpt lat="44.09628" lon="5.78822">
        <ele>1360.0</ele>
      </trkpt>
      <trkpt lat="44.09636" lon="5.78823">
        <ele>1361.0</ele>
      </trkpt>
      <trkpt lat="44.09645" lon="5.7882">
        <ele>1361.0</ele>
      </trkpt>
      <trkpt lat="44.09654" lon="5.78815">
        <ele>1362.0</ele>
      </trkpt>
      <trkpt lat="44.09675" lon="5.78798">
        <ele>1364.0</ele>
      </trkpt>
      <trkpt lat="44.09697" lon="5.78778">
        <ele>1367.0</ele>
      </trkpt>
      <trkpt lat="44.09707" lon="5.78767">
        <ele>1369.0</ele>
      </trkpt>
      <trkpt lat="44.09715" lon="5.78754">
        <ele>1371.0</ele>
      </trkpt>
      <trkpt lat="44.09721" lon="5.78739">
        <ele>1372.0</ele>
      </trkpt>
      <trkpt lat="44.09727" lon="5.78723">
        <ele>1373.0</ele>
      </trkpt>
      <trkpt lat="44.09744" lon="5.7867">
        <ele>1377.0</ele>
      </trkpt>
      <trkpt lat="44.09774" lon="5.78595">
        <ele>1383.0</ele>
      </trkpt>
      <trkpt lat="44.09794" lon="5.78549">
        <ele>1387.0</ele>
      </trkpt>
      <trkpt lat="44.09799" lon="5.78533">
        <ele>1388.0</ele>
      </trkpt>
      <trkpt lat="44.09806" lon="5.78499">
        <ele>1391.0</ele>
      </trkpt>
      <trkpt lat="44.09809" lon="5.78483">
        <ele>1393.0</ele>
      </trkpt>
      <trkpt lat="44.09812" lon="5.78451">
        <ele>1395.0</ele>
      </trkpt>
      <trkpt lat="44.09812" lon="5.7842">
        <ele>1397.0</ele>
      </trkpt>
      <trkpt lat="44.0981" lon="5.78391">
        <ele>1399.0</ele>
      </trkpt>
      <trkpt lat="44.09806" lon="5.78364">
        <ele>1401.0</ele>
      </trkpt>
      <trkpt lat="44.09797" lon="5.78328">
        <ele>1402.0</ele>
      </trkpt>
      <trkpt lat="44.09795" lon="5.78317">
        <ele>1402.0</ele>
      </trkpt>
      <trkpt lat="44.09795" lon="5.78307">
        <ele>1403.0</ele>
      </trkpt>
      <trkpt lat="44.09797" lon="5.783">
        <ele>1404.0</ele>
      </trkpt>
      <trkpt lat="44.09802" lon="5.78296">
        <ele>1405.0</ele>
      </trkpt>
      <trkpt lat="44.09807" lon="5.78298">
        <ele>1407.0</ele>
      </trkpt>
      <trkpt lat="44.09812" lon="5.78305">
        <ele>1407.0</ele>
      </trkpt>
      <trkpt lat="44.09821" lon="5.78325">
        <ele>1408.0</ele>
      </trkpt>
      <trkpt lat="44.09831" lon="5.78353">
        <ele>1408.0</ele>
      </trkpt>
      <trkpt lat="44.09837" lon="5.78366">
        <ele>1408.0</ele>
      </trkpt>
      <trkpt lat="44.09844" lon="5.78379">
        <ele>1408.0</ele>
      </trkpt>
      <trkpt lat="44.09853" lon="5.7839">
        <ele>1409.0</ele>
      </trkpt>
      <trkpt lat="44.09863" lon="5.78399">
        <ele>1410.0</ele>
      </trkpt>
      <trkpt lat="44.09874" lon="5.78408">
        <ele>1411.0</ele>
      </trkpt>
      <trkpt lat="44.09897" lon="5.78425">
        <ele>1413.0</ele>
      </trkpt>
      <trkpt lat="44.09909" lon="5.78431">
        <ele>1414.0</ele>
      </trkpt>
      <trkpt lat="44.09922" lon="5.78435">
        <ele>1415.0</ele>
      </trkpt>
      <trkpt lat="44.09934" lon="5.78437">
        <ele>1416.0</ele>
      </trkpt>
      <trkpt lat="44.09945" lon="5.78438">
        <ele>1416.0</ele>
      </trkpt>
      <trkpt lat="44.0997" lon="5.78435">
        <ele>1418.0</ele>
      </trkpt>
      <trkpt lat="44.10008" lon="5.78427">
        <ele>1421.0</ele>
      </trkpt>
      <trkpt lat="44.1007" lon="5.78409">
        <ele>1431.0</ele>
      </trkpt>
      <trkpt lat="44.10095" lon="5.78405">
        <ele>1434.0</ele>
      </trkpt>
      <trkpt lat="44.10117" lon="5.78405">
        <ele>1435.0</ele>
      </trkpt>
      <trkpt lat="44.10149" lon="5.78412">
        <ele>1437.0</ele>
      </trkpt>
      <trkpt lat="44.10192" lon="5.78425">
        <ele>1441.0</ele>
      </trkpt>
      <trkpt lat="44.10212" lon="5.78434">
        <ele>1443.0</ele>
      </trkpt>
      <trkpt lat="44.10221" lon="5.7844">
        <ele>1444.0</ele>
      </trkpt>
      <trkpt lat="44.10247" lon="5.78462">
        <ele>1446.0</ele>
      </trkpt>
      <trkpt lat="44.1028" lon="5.78492">
        <ele>1449.0</ele>
      </trkpt>
      <trkpt lat="44.10287" lon="5.785">
        <ele>1450.0</ele>
      </trkpt>
      <trkpt lat="44.10294" lon="5.78509">
        <ele>1450.0</ele>
      </trkpt>
      <trkpt lat="44.10311" lon="5.78537">
        <ele>1449.0</ele>
      </trkpt>
      <trkpt lat="44.10316" lon="5.78543">
        <ele>1449.0</ele>
      </trkpt>
      <trkpt lat="44.10322" lon="5.78546">
        <ele>1450.0</ele>
      </trkpt>
      <trkpt lat="44.10327" lon="5.78544">
        <ele>1451.0</ele>
      </trkpt>
      <trkpt lat="44.1033" lon="5.78538">
        <ele>1452.0</ele>
      </trkpt>
      <trkpt lat="44.1033" lon="5.7853">
        <ele>1453.0</ele>
      </trkpt>
      <trkpt lat="44.10318" lon="5.78498">
        <ele>1455.0</ele>
      </trkpt>
      <trkpt lat="44.10314" lon="5.78486">
        <ele>1455.0</ele>
      </trkpt>
      <trkpt lat="44.10312" lon="5.78472">
        <ele>1456.0</ele>
      </trkpt>
      <trkpt lat="44.10312" lon="5.78445">
        <ele>1458.0</ele>
      </trkpt>
      <trkpt lat="44.10319" lon="5.78381">
        <ele>1461.0</ele>
      </trkpt>
      <trkpt lat="44.10323" lon="5.78349">
        <ele>1462.0</ele>
      </trkpt>
      <trkpt lat="44.10326" lon="5.78343">
        <ele>1462.0</ele>
      </trkpt>
      <trkpt lat="44.10331" lon="5.78339">
        <ele>1463.0</ele>
      </trkpt>
      <trkpt lat="44.10337" lon="5.78341">
        <ele>1464.0</ele>
      </trkpt>
      <trkpt lat="44.10341" lon="5.78347">
        <ele>1464.0</ele>
      </trkpt>
      <trkpt lat="44.1035" lon="5.78379">
        <ele>1465.0</ele>
      </trkpt>
      <trkpt lat="44.10355" lon="5.78392">
        <ele>1466.0</ele>
      </trkpt>
      <trkpt lat="44.10362" lon="5.78404">
        <ele>1467.0</ele>
      </trkpt>
      <trkpt lat="44.1037" lon="5.78415">
        <ele>1468.0</ele>
      </trkpt>
      <trkpt lat="44.10378" lon="5.78424">
        <ele>1468.0</ele>
      </trkpt>
      <trkpt lat="44.10387" lon="5.78432">
        <ele>1469.0</ele>
      </trkpt>
      <trkpt lat="44.10397" lon="5.78438">
        <ele>1470.0</ele>
      </trkpt>
      <trkpt lat="44.10407" lon="5.78442">
        <ele>1470.0</ele>
      </trkpt>
      <trkpt lat="44.10417" lon="5.78443">
        <ele>1472.0</ele>
      </trkpt>
      <trkpt lat="44.10438" lon="5.78441">
        <ele>1474.0</ele>
      </trkpt>
      <trkpt lat="44.10492" lon="5.78426">
        <ele>1482.0</ele>
      </trkpt>
      <trkpt lat="44.10498" lon="5.78422">
        <ele>1483.0</ele>
      </trkpt>
      <trkpt lat="44.10503" lon="5.78416">
        <ele>1484.0</ele>
      </trkpt>
      <trkpt lat="44.10503" lon="5.78408">
        <ele>1485.0</ele>
      </trkpt>
      <trkpt lat="44.10502" lon="5.784">
        <ele>1485.0</ele>
      </trkpt>
      <trkpt lat="44.10499" lon="5.78391">
        <ele>1485.0</ele>
      </trkpt>
      <trkpt lat="44.10486" lon="5.78363">
        <ele>1484.0</ele>
      </trkpt>
      <trkpt lat="44.10483" lon="5.78352">
        <ele>1484.0</ele>
      </trkpt>
      <trkpt lat="44.10482" lon="5.78342">
        <ele>1484.0</ele>
      </trkpt>
      <trkpt lat="44.10483" lon="5.78331">
        <ele>1484.0</ele>
      </trkpt>
      <trkpt lat="44.10488" lon="5.78323">
        <ele>1484.0</ele>
      </trkpt>
      <trkpt lat="44.10494" lon="5.78319">
        <ele>1485.0</ele>
      </trkpt>
      <trkpt lat="44.10501" lon="5.78319">
        <ele>1486.0</ele>
      </trkpt>
      <trkpt lat="44.10508" lon="5.78324">
        <ele>1488.0</ele>
      </trkpt>
      <trkpt lat="44.10556" lon="5.78381">
        <ele>1495.0</ele>
      </trkpt>
      <trkpt lat="44.10566" lon="5.78391">
        <ele>1496.0</ele>
      </trkpt>
      <trkpt lat="44.10575" lon="5.78399">
        <ele>1497.0</ele>
      </trkpt>
      <trkpt lat="44.10585" lon="5.78406">
        <ele>1498.0</ele>
      </trkpt>
      <trkpt lat="44.10649" lon="5.78441">
        <ele>1506.0</ele>
      </trkpt>
      <trkpt lat="44.10673" lon="5.78457">
        <ele>1508.0</ele>
      </trkpt>
      <trkpt lat="44.10705" lon="5.78484">
        <ele>1512.0</ele>
      </trkpt>
      <trkpt lat="44.1077" lon="5.78538">
        <ele>1519.0</ele>
      </trkpt>
      <trkpt lat="44.10777" lon="5.78547">
        <ele>1519.0</ele>
      </trkpt>
      <trkpt lat="44.10783" lon="5.78556">
        <ele>1519.0</ele>
      </trkpt>
      <trkpt lat="44.10787" lon="5.78567">
        <ele>1518.0</ele>
      </trkpt>
      <trkpt lat="44.10804" lon="5.78635">
        <ele>1515.0</ele>
      </trkpt>
      <trkpt lat="44.10808" lon="5.7864">
        <ele>1515.0</ele>
      </trkpt>
      <trkpt lat="44.10811" lon="5.78643">
        <ele>1515.0</ele>
      </trkpt>
      <trkpt lat="44.10817" lon="5.78642">
        <ele>1515.0</ele>
      </trkpt>
      <trkpt lat="44.10821" lon="5.78639">
        <ele>1516.0</ele>
      </trkpt>
      <trkpt lat="44.10824" lon="5.78632">
        <ele>1517.0</ele>
      </trkpt>
      <trkpt lat="44.10825" lon="5.78613">
        <ele>1519.0</ele>
      </trkpt>
      <trkpt lat="44.10825" lon="5.78587">
        <ele>1522.0</ele>
      </trkpt>
      <trkpt lat="44.10823" lon="5.78561">
        <ele>1525.0</ele>
      </trkpt>
      <trkpt lat="44.10821" lon="5.78547">
        <ele>1527.0</ele>
      </trkpt>
      <trkpt lat="44.10819" lon="5.78536">
        <ele>1528.0</ele>
      </trkpt>
      <trkpt lat="44.10812" lon="5.78511">
        <ele>1530.0</ele>
      </trkpt>
      <trkpt lat="44.10786" lon="5.78442">
        <ele>1532.0</ele>
      </trkpt>
      <trkpt lat="44.10779" lon="5.78424">
        <ele>1533.0</ele>
      </trkpt>
      <trkpt lat="44.10775" lon="5.78411">
        <ele>1533.0</ele>
      </trkpt>
      <trkpt lat="44.10772" lon="5.78397">
        <ele>1533.0</ele>
      </trkpt>
      <trkpt lat="44.1077" lon="5.78384">
        <ele>1533.0</ele>
      </trkpt>
      <trkpt lat="44.10771" lon="5.78368">
        <ele>1534.0</ele>
      </trkpt>
      <trkpt lat="44.10773" lon="5.78355">
        <ele>1535.0</ele>
      </trkpt>
      <trkpt lat="44.10778" lon="5.78343">
        <ele>1536.0</ele>
      </trkpt>
      <trkpt lat="44.10784" lon="5.78332">
        <ele>1538.0</ele>
      </trkpt>
      <trkpt lat="44.10791" lon="5.78323">
        <ele>1538.0</ele>
      </trkpt>
      <trkpt lat="44.10799" lon="5.78315">
        <ele>1539.0</ele>
      </trkpt>
      <trkpt lat="44.10828" lon="5.78295">
        <ele>1542.0</ele>
      </trkpt>
      <trkpt lat="44.10931" lon="5.78227">
        <ele>1552.0</ele>
      </trkpt>
      <trkpt lat="44.10949" lon="5.78214">
        <ele>1553.0</ele>
      </trkpt>
      <trkpt lat="44.10984" lon="5.78185">
        <ele>1555.0</ele>
      </trkpt>
      <trkpt lat="44.11001" lon="5.78173">
        <ele>1556.0</ele>
      </trkpt>
      <trkpt lat="44.11011" lon="5.7817">
        <ele>1556.0</ele>
      </trkpt>
      <trkpt lat="44.1103" lon="5.78165">
        <ele>1557.0</ele>
      </trkpt>
      <trkpt lat="44.11049" lon="5.78163">
        <ele>1557.0</ele>
      </trkpt>
      <trkpt lat="44.11058" lon="5.78163">
        <ele>1558.0</ele>
      </trkpt>
      <trkpt lat="44.11076" lon="5.78167">
        <ele>1560.0</ele>
      </trkpt>
      <trkpt lat="44.11093" lon="5.78174">
        <ele>1561.0</ele>
      </trkpt>
      <trkpt lat="44.11101" lon="5.78179">
        <ele>1562.0</ele>
      </trkpt>
      <trkpt lat="44.11116" lon="5.7819">
        <ele>1563.0</ele>
      </trkpt>
      <trkpt lat="44.11137" lon="5.78209">
        <ele>1565.0</ele>
      </trkpt>
      <trkpt lat="44.11152" lon="5.78219">
        <ele>1565.0</ele>
      </trkpt>
      <trkpt lat="44.1116" lon="5.78222">
        <ele>1565.0</ele>
      </trkpt>
      <trkpt lat="44.1118" lon="5.78223">
        <ele>1565.0</ele>
      </trkpt>
      <trkpt lat="44.11208" lon="5.78216">
        <ele>1567.0</ele>
      </trkpt>
      <trkpt lat="44.11232" lon="5.78203">
        <ele>1568.0</ele>
      </trkpt>
      <trkpt lat="44.11241" lon="5.78196">
        <ele>1569.0</ele>
      </trkpt>
      <trkpt lat="44.11249" lon="5.78189">
        <ele>1571.0</ele>
      </trkpt>
      <trkpt lat="44.11253" lon="5.78181">
        <ele>1571.0</ele>
      </trkpt>
      <trkpt lat="44.11256" lon="5.78171">
        <ele>1572.0</ele>
      </trkpt>
      <trkpt lat="44.11259" lon="5.78158">
        <ele>1574.0</ele>
      </trkpt>
      <trkpt lat="44.11259" lon="5.78143">
        <ele>1575.0</ele>
      </trkpt>
      <trkpt lat="44.11257" lon="5.78125">
        <ele>1576.0</ele>
      </trkpt>
      <trkpt lat="44.11236" lon="5.78021">
        <ele>1579.0</ele>
      </trkpt>
      <trkpt lat="44.11232" lon="5.77999">
        <ele>1579.0</ele>
      </trkpt>
      <trkpt lat="44.11232" lon="5.77985">
        <ele>1578.0</ele>
      </trkpt>
      <trkpt lat="44.11233" lon="5.7798">
        <ele>1578.0</ele>
      </trkpt>
      <trkpt lat="44.11235" lon="5.77971">
        <ele>1578.0</ele>
      </trkpt>
      <trkpt lat="44.11241" lon="5.77963">
        <ele>1578.0</ele>
      </trkpt>
      <trkpt lat="44.11246" lon="5.77958">
        <ele>1578.0</ele>
      </trkpt>
      <trkpt lat="44.11255" lon="5.77954">
        <ele>1578.0</ele>
      </trkpt>
      <trkpt lat="44.11263" lon="5.77954">
        <ele>1578.0</ele>
      </trkpt>
      <trkpt lat="44.11272" lon="5.77957">
        <ele>1579.0</ele>
      </trkpt>
      <trkpt lat="44.11296" lon="5.77971">
        <ele>1582.0</ele>
      </trkpt>
      <trkpt lat="44.11366" lon="5.78016">
        <ele>1589.0</ele>
      </trkpt>
      <trkpt lat="44.11386" lon="5.78033">
        <ele>1588.0</ele>
      </trkpt>
      <trkpt lat="44.11433" lon="5.78056">
        <ele>1589.0</ele>
      </trkpt>
      <trkpt lat="44.11449" lon="5.78066">
        <ele>1591.0</ele>
      </trkpt>
      <trkpt lat="44.11459" lon="5.78074">
        <ele>1593.0</ele>
      </trkpt>
      <trkpt lat="44.11472" lon="5.7809">
        <ele>1596.0</ele>
      </trkpt>
      <trkpt lat="44.11506" lon="5.78149">
        <ele>1599.0</ele>
      </trkpt>
      <trkpt lat="44.11529" lon="5.78187">
        <ele>1602.0</ele>
      </trkpt>
      <trkpt lat="44.11545" lon="5.7821">
        <ele>1603.0</ele>
      </trkpt>
      <trkpt lat="44.11563" lon="5.78231">
        <ele>1605.0</ele>
      </trkpt>
      <trkpt lat="44.11574" lon="5.78242">
        <ele>1606.0</ele>
      </trkpt>
      <trkpt lat="44.11583" lon="5.78249">
        <ele>1607.0</ele>
      </trkpt>
      <trkpt lat="44.11613" lon="5.7827">
        <ele>1611.0</ele>
      </trkpt>
      <trkpt lat="44.11644" lon="5.78288">
        <ele>1614.0</ele>
      </trkpt>
      <trkpt lat="44.11703" lon="5.78318">
        <ele>1618.0</ele>
      </trkpt>
      <trkpt lat="44.11731" lon="5.78328">
        <ele>1620.0</ele>
      </trkpt>
      <trkpt lat="44.11768" lon="5.78338">
        <ele>1623.0</ele>
      </trkpt>
      <trkpt lat="44.11836" lon="5.78359">
        <ele>1629.0</ele>
      </trkpt>
      <trkpt lat="44.11857" lon="5.78366">
        <ele>1633.0</ele>
      </trkpt>
      <trkpt lat="44.11867" lon="5.7837">
        <ele>1635.0</ele>
      </trkpt>
      <trkpt lat="44.11874" lon="5.78375">
        <ele>1636.0</ele>
      </trkpt>
      <trkpt lat="44.11882" lon="5.78385">
        <ele>1637.0</ele>
      </trkpt>
      <trkpt lat="44.11901" lon="5.78413">
        <ele>1639.0</ele>
      </trkpt>
      <trkpt lat="44.11908" lon="5.78426">
        <ele>1643.0</ele>
      </trkpt>
      <trkpt lat="44.11909" lon="5.78434">
        <ele>1645.0</ele>
      </trkpt>
      <trkpt lat="44.11908" lon="5.78437">
        <ele>1645.0</ele>
      </trkpt>
      <trkpt lat="44.11906" lon="5.78441">
        <ele>1645.0</ele>
      </trkpt>
      <trkpt lat="44.11865" lon="5.78474">
        <ele>1643.0</ele>
      </trkpt>
      <trkpt lat="44.11764" lon="5.78543">
        <ele>1651.0</ele>
      </trkpt>
      <trkpt lat="44.11683" lon="5.78606">
        <ele>1659.0</ele>
      </trkpt>
      <trkpt lat="44.11657" lon="5.78626">
        <ele>1660.0</ele>
      </trkpt>
      <trkpt lat="44.11635" lon="5.78645">
        <ele>1661.0</ele>
      </trkpt>
      <trkpt lat="44.11615" lon="5.7867">
        <ele>1664.0</ele>
      </trkpt>
      <trkpt lat="44.11602" lon="5.78687">
        <ele>1664.0</ele>
      </trkpt>
      <trkpt lat="44.11595" lon="5.78702">
        <ele>1665.0</ele>
      </trkpt>
      <trkpt lat="44.1159" lon="5.78718">
        <ele>1666.0</ele>
      </trkpt>
      <trkpt lat="44.11586" lon="5.78743">
        <ele>1668.0</ele>
      </trkpt>
      <trkpt lat="44.11585" lon="5.78756">
        <ele>1669.0</ele>
      </trkpt>
      <trkpt lat="44.11586" lon="5.78779">
        <ele>1670.0</ele>
      </trkpt>
      <trkpt lat="44.11589" lon="5.78793">
        <ele>1672.0</ele>
      </trkpt>
      <trkpt lat="44.11593" lon="5.78805">
        <ele>1673.0</ele>
      </trkpt>
      <trkpt lat="44.11597" lon="5.78816">
        <ele>1674.0</ele>
      </trkpt>
      <trkpt lat="44.11601" lon="5.78821">
        <ele>1675.0</ele>
      </trkpt>
      <trkpt lat="44.11604" lon="5.78825">
        <ele>1676.0</ele>
      </trkpt>
      <trkpt lat="44.1162" lon="5.78837">
        <ele>1678.0</ele>
      </trkpt>
      <trkpt lat="44.11648" lon="5.78857">
        <ele>1678.0</ele>
      </trkpt>
      <trkpt lat="44.11673" lon="5.78865">
        <ele>1679.0</ele>
      </trkpt>
      <trkpt lat="44.11683" lon="5.78867">
        <ele>1679.0</ele>
      </trkpt>
      <trkpt lat="44.11713" lon="5.78867">
        <ele>1680.0</ele>
      </trkpt>
      <trkpt lat="44.11733" lon="5.78865">
        <ele>1681.0</ele>
      </trkpt>
      <trkpt lat="44.11774" lon="5.78855">
        <ele>1685.0</ele>
      </trkpt>
      <trkpt lat="44.11802" lon="5.78845">
        <ele>1689.0</ele>
      </trkpt>
      <trkpt lat="44.11862" lon="5.78819">
        <ele>1690.0</ele>
      </trkpt>
      <trkpt lat="44.11879" lon="5.7881">
        <ele>1690.0</ele>
      </trkpt>
      <trkpt lat="44.11907" lon="5.78791">
        <ele>1690.0</ele>
      </trkpt>
      <trkpt lat="44.11935" lon="5.78769">
        <ele>1691.0</ele>
      </trkpt>
      <trkpt lat="44.11951" lon="5.78752">
        <ele>1691.0</ele>
      </trkpt>
      <trkpt lat="44.11997" lon="5.78699">
        <ele>1690.0</ele>
      </trkpt>
      <trkpt lat="44.12005" lon="5.78689">
        <ele>1691.0</ele>
      </trkpt>
      <trkpt lat="44.12029" lon="5.78653">
        <ele>1695.0</ele>
      </trkpt>
      <trkpt lat="44.12037" lon="5.78638">
        <ele>1695.0</ele>
      </trkpt>
      <trkpt lat="44.12043" lon="5.78631">
        <ele>1696.0</ele>
      </trkpt>
      <trkpt lat="44.12049" lon="5.78624">
        <ele>1697.0</ele>
      </trkpt>
      <trkpt lat="44.12056" lon="5.78619">
        <ele>1697.0</ele>
      </trkpt>
      <trkpt lat="44.12064" lon="5.78615">
        <ele>1698.0</ele>
      </trkpt>
      <trkpt lat="44.12075" lon="5.78614">
        <ele>1700.0</ele>
      </trkpt>
      <trkpt lat="44.12088" lon="5.78616">
        <ele>1701.0</ele>
      </trkpt>
      <trkpt lat="44.12102" lon="5.78621">
        <ele>1703.0</ele>
      </trkpt>
      <trkpt lat="44.12111" lon="5.78627">
        <ele>1704.0</ele>
      </trkpt>
      <trkpt lat="44.12122" lon="5.78637">
        <ele>1706.0</ele>
      </trkpt>
      <trkpt lat="44.1213" lon="5.78648">
        <ele>1707.0</ele>
      </trkpt>
      <trkpt lat="44.12134" lon="5.78657">
        <ele>1707.0</ele>
      </trkpt>
      <trkpt lat="44.12137" lon="5.78671">
        <ele>1707.0</ele>
      </trkpt>
      <trkpt lat="44.12138" lon="5.78681">
        <ele>1708.0</ele>
      </trkpt>
      <trkpt lat="44.12136" lon="5.78697">
        <ele>1708.0</ele>
      </trkpt>
      <trkpt lat="44.1212" lon="5.7875">
        <ele>1704.0</ele>
      </trkpt>
      <trkpt lat="44.12112" lon="5.78783">
        <ele>1703.0</ele>
      </trkpt>
      <trkpt lat="44.12104" lon="5.78826">
        <ele>1702.0</ele>
      </trkpt>
      <trkpt lat="44.12094" lon="5.78885">
        <ele>1703.0</ele>
      </trkpt>
      <trkpt lat="44.12092" lon="5.78912">
        <ele>1705.0</ele>
      </trkpt>
      <trkpt lat="44.12093" lon="5.78938">
        <ele>1703.0</ele>
      </trkpt>
      <trkpt lat="44.12095" lon="5.78949">
        <ele>1702.0</ele>
      </trkpt>
      <trkpt lat="44.12098" lon="5.7896">
        <ele>1702.0</ele>
      </trkpt>
      <trkpt lat="44.12104" lon="5.78969">
        <ele>1702.0</ele>
      </trkpt>
      <trkpt lat="44.12111" lon="5.78977">
        <ele>1702.0</ele>
      </trkpt>
      <trkpt lat="44.12118" lon="5.78984">
        <ele>1703.0</ele>
      </trkpt>
      <trkpt lat="44.12128" lon="5.7899">
        <ele>1704.0</ele>
      </trkpt>
      <trkpt lat="44.12137" lon="5.78995">
        <ele>1704.0</ele>
      </trkpt>
      <trkpt lat="44.12157" lon="5.79002">
        <ele>1706.0</ele>
      </trkpt>
      <trkpt lat="44.12197" lon="5.79012">
        <ele>1707.0</ele>
      </trkpt>
      <trkpt lat="44.12233" lon="5.79023">
        <ele>1707.0</ele>
      </trkpt>
      <trkpt lat="44.12248" lon="5.79028">
        <ele>1707.0</ele>
      </trkpt>
      <trkpt lat="44.12262" lon="5.79035">
        <ele>1706.0</ele>
      </trkpt>
      <trkpt lat="44.12276" lon="5.79047">
        <ele>1704.0</ele>
      </trkpt>
      <trkpt lat="44.12313" lon="5.79077">
        <ele>1703.0</ele>
      </trkpt>
      <trkpt lat="44.12327" lon="5.79087">
        <ele>1704.0</ele>
      </trkpt>
      <trkpt lat="44.12348" lon="5.79103">
        <ele>1700.0</ele>
      </trkpt>
      <trkpt lat="44.12357" lon="5.79114">
        <ele>1697.0</ele>
      </trkpt>
      <trkpt lat="44.12359" lon="5.79119">
        <ele>1697.0</ele>
      </trkpt>
      <trkpt lat="44.12361" lon="5.79125">
        <ele>1697.0</ele>
      </trkpt>
      <trkpt lat="44.12361" lon="5.79136">
        <ele>1697.0</ele>
      </trkpt>
      <trkpt lat="44.1236" lon="5.79141">
        <ele>1698.0</ele>
      </trkpt>
      <trkpt lat="44.12359" lon="5.79149">
        <ele>1698.0</ele>
      </trkpt>
      <trkpt lat="44.12355" lon="5.79156">
        <ele>1699.0</ele>
      </trkpt>
      <trkpt lat="44.12324" lon="5.79203">
        <ele>1707.0</ele>
      </trkpt>
      <trkpt lat="44.12294" lon="5.79246">
        <ele>1706.0</ele>
      </trkpt>
      <trkpt lat="44.12286" lon="5.79258">
        <ele>1706.0</ele>
      </trkpt>
      <trkpt lat="44.12272" lon="5.79285">
        <ele>1707.0</ele>
      </trkpt>
      <trkpt lat="44.12255" lon="5.7933">
        <ele>1710.0</ele>
      </trkpt>
      <trkpt lat="44.12226" lon="5.79415">
        <ele>1720.0</ele>
      </trkpt>
      <trkpt lat="44.1222" lon="5.7943">
        <ele>1722.0</ele>
      </trkpt>
      <trkpt lat="44.12215" lon="5.79437">
        <ele>1723.0</ele>
      </trkpt>
      <trkpt lat="44.12207" lon="5.79443">
        <ele>1723.0</ele>
      </trkpt>
      <trkpt lat="44.12201" lon="5.79443">
        <ele>1722.0</ele>
      </trkpt>
      <trkpt lat="44.12195" lon="5.79442">
        <ele>1721.0</ele>
      </trkpt>
      <trkpt lat="44.12162" lon="5.79429">
        <ele>1713.0</ele>
      </trkpt>
      <trkpt lat="44.12154" lon="5.79427">
        <ele>1713.0</ele>
      </trkpt>
      <trkpt lat="44.12147" lon="5.79427">
        <ele>1713.0</ele>
      </trkpt>
      <trkpt lat="44.12121" lon="5.79431">
        <ele>1713.0</ele>
      </trkpt>
      <trkpt lat="44.12069" lon="5.79444">
        <ele>1715.0</ele>
      </trkpt>
      <trkpt lat="44.12052" lon="5.7945">
        <ele>1716.0</ele>
      </trkpt>
      <trkpt lat="44.12013" lon="5.79472">
        <ele>1720.0</ele>
      </trkpt>
      <trkpt lat="44.11941" lon="5.79522">
        <ele>1722.0</ele>
      </trkpt>
      <trkpt lat="44.11932" lon="5.79529">
        <ele>1722.0</ele>
      </trkpt>
      <trkpt lat="44.11926" lon="5.79536">
        <ele>1722.0</ele>
      </trkpt>
      <trkpt lat="44.1192" lon="5.79543">
        <ele>1722.0</ele>
      </trkpt>
      <trkpt lat="44.1191" lon="5.79561">
        <ele>1722.0</ele>
      </trkpt>
      <trkpt lat="44.11906" lon="5.7957">
        <ele>1723.0</ele>
      </trkpt>
      <trkpt lat="44.11901" lon="5.79591">
        <ele>1723.0</ele>
      </trkpt>
      <trkpt lat="44.11898" lon="5.79617">
        <ele>1721.0</ele>
      </trkpt>
      <trkpt lat="44.11899" lon="5.7963">
        <ele>1721.0</ele>
      </trkpt>
      <trkpt lat="44.11901" lon="5.79643">
        <ele>1721.0</ele>
      </trkpt>
      <trkpt lat="44.11903" lon="5.79652">
        <ele>1722.0</ele>
      </trkpt>
      <trkpt lat="44.11911" lon="5.79674">
        <ele>1723.0</ele>
      </trkpt>
      <trkpt lat="44.11922" lon="5.79695">
        <ele>1724.0</ele>
      </trkpt>
      <trkpt lat="44.1195" lon="5.79747">
        <ele>1726.0</ele>
      </trkpt>
      <trkpt lat="44.11998" lon="5.7983">
        <ele>1732.0</ele>
      </trkpt>
      <trkpt lat="44.12027" lon="5.79884">
        <ele>1733.0</ele>
      </trkpt>
      <trkpt lat="44.12074" lon="5.79981">
        <ele>1738.0</ele>
      </trkpt>
      <trkpt lat="44.12081" lon="5.79992">
        <ele>1739.0</ele>
      </trkpt>
      <trkpt lat="44.12097" lon="5.80013">
        <ele>1744.0</ele>
      </trkpt>
      <trkpt lat="44.12099" lon="5.80019">
        <ele>1745.0</ele>
      </trkpt>
      <trkpt lat="44.121" lon="5.80025">
        <ele>1746.0</ele>
      </trkpt>
      <trkpt lat="44.12099" lon="5.80031">
        <ele>1746.0</ele>
      </trkpt>
      <trkpt lat="44.12097" lon="5.80037">
        <ele>1746.0</ele>
      </trkpt>
      <trkpt lat="44.12091" lon="5.80044">
        <ele>1745.0</ele>
      </trkpt>
      <trkpt lat="44.12086" lon="5.80047">
        <ele>1745.0</ele>
      </trkpt>
      <trkpt lat="44.11982" lon="5.80095">
        <ele>1739.0</ele>
      </trkpt>
      <trkpt lat="44.11961" lon="5.80106">
        <ele>1739.0</ele>
      </trkpt>
      <trkpt lat="44.11952" lon="5.80112">
        <ele>1739.0</ele>
      </trkpt>
      <trkpt lat="44.11939" lon="5.80126">
        <ele>1740.0</ele>
      </trkpt>
      <trkpt lat="44.11913" lon="5.80162">
        <ele>1744.0</ele>
      </trkpt>
      <trkpt lat="44.11907" lon="5.80177">
        <ele>1744.0</ele>
      </trkpt>
      <trkpt lat="44.11903" lon="5.8019">
        <ele>1744.0</ele>
      </trkpt>
      <trkpt lat="44.11902" lon="5.80197">
        <ele>1744.0</ele>
      </trkpt>
      <trkpt lat="44.11903" lon="5.80204">
        <ele>1744.0</ele>
      </trkpt>
      <trkpt lat="44.11907" lon="5.80218">
        <ele>1745.0</ele>
      </trkpt>
      <trkpt lat="44.11954" lon="5.80334">
        <ele>1743.0</ele>
      </trkpt>
      <trkpt lat="44.11977" lon="5.80379">
        <ele>1740.0</ele>
      </trkpt>
      <trkpt lat="44.12006" lon="5.80442">
        <ele>1736.0</ele>
      </trkpt>
      <trkpt lat="44.12036" lon="5.80509">
        <ele>1734.0</ele>
      </trkpt>
      <trkpt lat="44.12071" lon="5.80585">
        <ele>1729.0</ele>
      </trkpt>
      <trkpt lat="44.12076" lon="5.80598">
        <ele>1729.0</ele>
      </trkpt>
      <trkpt lat="44.12083" lon="5.80621">
        <ele>1728.0</ele>
      </trkpt>
      <trkpt lat="44.1209" lon="5.80646">
        <ele>1727.0</ele>
      </trkpt>
      <trkpt lat="44.12106" lon="5.80715">
        <ele>1724.0</ele>
      </trkpt>
      <trkpt lat="44.12109" lon="5.80722">
        <ele>1724.0</ele>
      </trkpt>
      <trkpt lat="44.12117" lon="5.80737">
        <ele>1724.0</ele>
      </trkpt>
      <trkpt lat="44.12121" lon="5.80743">
        <ele>1725.0</ele>
      </trkpt>
      <trkpt lat="44.12138" lon="5.80763">
        <ele>1727.0</ele>
      </trkpt>
      <trkpt lat="44.1214" lon="5.8077">
        <ele>1728.0</ele>
      </trkpt>
      <trkpt lat="44.12141" lon="5.80777">
        <ele>1727.0</ele>
      </trkpt>
      <trkpt lat="44.1214" lon="5.80787">
        <ele>1726.0</ele>
      </trkpt>
      <trkpt lat="44.12133" lon="5.80813">
        <ele>1722.0</ele>
      </trkpt>
      <trkpt lat="44.12128" lon="5.80839">
        <ele>1719.0</ele>
      </trkpt>
      <trkpt lat="44.12121" lon="5.80947">
        <ele>1712.0</ele>
      </trkpt>
      <trkpt lat="44.12117" lon="5.80978">
        <ele>1711.0</ele>
      </trkpt>
      <trkpt lat="44.12114" lon="5.80993">
        <ele>1710.0</ele>
      </trkpt>
      <trkpt lat="44.12106" lon="5.81019">
        <ele>1707.0</ele>
      </trkpt>
      <trkpt lat="44.12101" lon="5.81033">
        <ele>1706.0</ele>
      </trkpt>
      <trkpt lat="44.12094" lon="5.81048">
        <ele>1704.0</ele>
      </trkpt>
      <trkpt lat="44.1208" lon="5.81075">
        <ele>1700.0</ele>
      </trkpt>
      <trkpt lat="44.12076" lon="5.81085">
        <ele>1700.0</ele>
      </trkpt>
      <trkpt lat="44.12074" lon="5.81091">
        <ele>1699.0</ele>
      </trkpt>
      <trkpt lat="44.12073" lon="5.81101">
        <ele>1699.0</ele>
      </trkpt>
      <trkpt lat="44.12074" lon="5.81113">
        <ele>1699.0</ele>
      </trkpt>
      <trkpt lat="44.12078" lon="5.81125">
        <ele>1700.0</ele>
      </trkpt>
      <trkpt lat="44.1209" lon="5.81141">
        <ele>1702.0</ele>
      </trkpt>
      <trkpt lat="44.12104" lon="5.81157">
        <ele>1704.0</ele>
      </trkpt>
      <trkpt lat="44.12111" lon="5.81168">
        <ele>1706.0</ele>
      </trkpt>
      <trkpt lat="44.12113" lon="5.81176">
        <ele>1707.0</ele>
      </trkpt>
      <trkpt lat="44.12113" lon="5.8118">
        <ele>1707.0</ele>
      </trkpt>
      <trkpt lat="44.12112" lon="5.81186">
        <ele>1707.0</ele>
      </trkpt>
      <trkpt lat="44.12111" lon="5.8119">
        <ele>1707.0</ele>
      </trkpt>
      <trkpt lat="44.12106" lon="5.81197">
        <ele>1706.0</ele>
      </trkpt>
      <trkpt lat="44.12095" lon="5.81209">
        <ele>1705.0</ele>
      </trkpt>
      <trkpt lat="44.12031" lon="5.81265">
        <ele>1695.0</ele>
      </trkpt>
      <trkpt lat="44.11969" lon="5.81331">
        <ele>1688.0</ele>
      </trkpt>
      <trkpt lat="44.11958" lon="5.81344">
        <ele>1687.0</ele>
      </trkpt>
      <trkpt lat="44.11943" lon="5.81366">
        <ele>1686.0</ele>
      </trkpt>
      <trkpt lat="44.11932" lon="5.81387">
        <ele>1685.0</ele>
      </trkpt>
      <trkpt lat="44.11918" lon="5.81416">
        <ele>1684.0</ele>
      </trkpt>
      <trkpt lat="44.11913" lon="5.81429">
        <ele>1683.0</ele>
      </trkpt>
      <trkpt lat="44.11909" lon="5.81444">
        <ele>1683.0</ele>
      </trkpt>
      <trkpt lat="44.11907" lon="5.81458">
        <ele>1682.0</ele>
      </trkpt>
      <trkpt lat="44.11906" lon="5.81474">
        <ele>1683.0</ele>
      </trkpt>
      <trkpt lat="44.11905" lon="5.81509">
        <ele>1683.0</ele>
      </trkpt>
      <trkpt lat="44.11906" lon="5.81524">
        <ele>1682.0</ele>
      </trkpt>
      <trkpt lat="44.11909" lon="5.81543">
        <ele>1682.0</ele>
      </trkpt>
      <trkpt lat="44.11913" lon="5.81564">
        <ele>1682.0</ele>
      </trkpt>
      <trkpt lat="44.11923" lon="5.81602">
        <ele>1684.0</ele>
      </trkpt>
      <trkpt lat="44.11926" lon="5.81616">
        <ele>1685.0</ele>
      </trkpt>
      <trkpt lat="44.11925" lon="5.81628">
        <ele>1685.0</ele>
      </trkpt>
      <trkpt lat="44.11923" lon="5.81634">
        <ele>1685.0</ele>
      </trkpt>
      <trkpt lat="44.1192" lon="5.81637">
        <ele>1684.0</ele>
      </trkpt>
      <trkpt lat="44.11916" lon="5.81641">
        <ele>1683.0</ele>
      </trkpt>
      <trkpt lat="44.11911" lon="5.81641">
        <ele>1683.0</ele>
      </trkpt>
      <trkpt lat="44.11905" lon="5.81639">
        <ele>1683.0</ele>
      </trkpt>
      <trkpt lat="44.11902" lon="5.81636">
        <ele>1683.0</ele>
      </trkpt>
      <trkpt lat="44.1188" lon="5.81614">
        <ele>1680.0</ele>
      </trkpt>
      <trkpt lat="44.11861" lon="5.81601">
        <ele>1677.0</ele>
      </trkpt>
      <trkpt lat="44.11828" lon="5.81584">
        <ele>1672.0</ele>
      </trkpt>
      <trkpt lat="44.11801" lon="5.81568">
        <ele>1668.0</ele>
      </trkpt>
      <trkpt lat="44.11792" lon="5.81563">
        <ele>1667.0</ele>
      </trkpt>
      <trkpt lat="44.11783" lon="5.81562">
        <ele>1666.0</ele>
      </trkpt>
      <trkpt lat="44.11776" lon="5.81563">
        <ele>1665.0</ele>
      </trkpt>
      <trkpt lat="44.11769" lon="5.81568">
        <ele>1665.0</ele>
      </trkpt>
      <trkpt lat="44.11766" lon="5.81572">
        <ele>1665.0</ele>
      </trkpt>
      <trkpt lat="44.11762" lon="5.81581">
        <ele>1666.0</ele>
      </trkpt>
      <trkpt lat="44.11761" lon="5.81587">
        <ele>1666.0</ele>
      </trkpt>
      <trkpt lat="44.1176" lon="5.816">
        <ele>1666.0</ele>
      </trkpt>
      <trkpt lat="44.1176" lon="5.81614">
        <ele>1665.0</ele>
      </trkpt>
      <trkpt lat="44.11765" lon="5.81704">
        <ele>1662.0</ele>
      </trkpt>
      <trkpt lat="44.11773" lon="5.81784">
        <ele>1657.0</ele>
      </trkpt>
      <trkpt lat="44.11777" lon="5.81803">
        <ele>1656.0</ele>
      </trkpt>
      <trkpt lat="44.11783" lon="5.81825">
        <ele>1656.0</ele>
      </trkpt>
      <trkpt lat="44.11804" lon="5.81893">
        <ele>1657.0</ele>
      </trkpt>
      <trkpt lat="44.11813" lon="5.81932">
        <ele>1657.0</ele>
      </trkpt>
      <trkpt lat="44.11823" lon="5.81972">
        <ele>1657.0</ele>
      </trkpt>
      <trkpt lat="44.11831" lon="5.8201">
        <ele>1657.0</ele>
      </trkpt>
      <trkpt lat="44.11835" lon="5.82034">
        <ele>1655.0</ele>
      </trkpt>
      <trkpt lat="44.11837" lon="5.82055">
        <ele>1652.0</ele>
      </trkpt>
      <trkpt lat="44.11837" lon="5.82074">
        <ele>1649.0</ele>
      </trkpt>
      <trkpt lat="44.11836" lon="5.82109">
        <ele>1647.0</ele>
      </trkpt>
      <trkpt lat="44.11833" lon="5.82135">
        <ele>1645.0</ele>
      </trkpt>
      <trkpt lat="44.11829" lon="5.82171">
        <ele>1643.0</ele>
      </trkpt>
      <trkpt lat="44.11826" lon="5.82192">
        <ele>1643.0</ele>
      </trkpt>
      <trkpt lat="44.11819" lon="5.82219">
        <ele>1642.0</ele>
      </trkpt>
      <trkpt lat="44.11761" lon="5.82373">
        <ele>1631.0</ele>
      </trkpt>
      <trkpt lat="44.11755" lon="5.8239">
        <ele>1630.0</ele>
      </trkpt>
      <trkpt lat="44.11749" lon="5.82408">
        <ele>1630.0</ele>
      </trkpt>
      <trkpt lat="44.1174" lon="5.82449">
        <ele>1627.0</ele>
      </trkpt>
      <trkpt lat="44.11729" lon="5.82515">
        <ele>1624.0</ele>
      </trkpt>
      <trkpt lat="44.11725" lon="5.82549">
        <ele>1622.0</ele>
      </trkpt>
      <trkpt lat="44.11722" lon="5.82567">
        <ele>1620.0</ele>
      </trkpt>
      <trkpt lat="44.1172" lon="5.82578">
        <ele>1620.0</ele>
      </trkpt>
      <trkpt lat="44.11716" lon="5.82589">
        <ele>1618.0</ele>
      </trkpt>
      <trkpt lat="44.117" lon="5.82621">
        <ele>1615.0</ele>
      </trkpt>
      <trkpt lat="44.11663" lon="5.82691">
        <ele>1616.0</ele>
      </trkpt>
      <trkpt lat="44.11655" lon="5.82704">
        <ele>1615.0</ele>
      </trkpt>
      <trkpt lat="44.11628" lon="5.82738">
        <ele>1610.0</ele>
      </trkpt>
      <trkpt lat="44.1162" lon="5.8275">
        <ele>1610.0</ele>
      </trkpt>
      <trkpt lat="44.11591" lon="5.82798">
        <ele>1612.0</ele>
      </trkpt>
      <trkpt lat="44.11547" lon="5.82866">
        <ele>1608.0</ele>
      </trkpt>
      <trkpt lat="44.11532" lon="5.82892">
        <ele>1607.0</ele>
      </trkpt>
      <trkpt lat="44.1152" lon="5.82916">
        <ele>1608.0</ele>
      </trkpt>
      <trkpt lat="44.11509" lon="5.82945">
        <ele>1606.0</ele>
      </trkpt>
      <trkpt lat="44.11503" lon="5.82974">
        <ele>1607.0</ele>
      </trkpt>
      <trkpt lat="44.115" lon="5.82989">
        <ele>1607.0</ele>
      </trkpt>
      <trkpt lat="44.11498" lon="5.83016">
        <ele>1606.0</ele>
      </trkpt>
      <trkpt lat="44.11496" lon="5.83087">
        <ele>1602.0</ele>
      </trkpt>
      <trkpt lat="44.11497" lon="5.83128">
        <ele>1599.0</ele>
      </trkpt>
      <trkpt lat="44.11498" lon="5.83147">
        <ele>1598.0</ele>
      </trkpt>
      <trkpt lat="44.115" lon="5.83168">
        <ele>1597.0</ele>
      </trkpt>
      <trkpt lat="44.11504" lon="5.83183">
        <ele>1595.0</ele>
      </trkpt>
      <trkpt lat="44.11513" lon="5.83211">
        <ele>1590.0</ele>
      </trkpt>
      <trkpt lat="44.11514" lon="5.83217">
        <ele>1589.0</ele>
      </trkpt>
      <trkpt lat="44.11516" lon="5.83231">
        <ele>1587.0</ele>
      </trkpt>
      <trkpt lat="44.11512" lon="5.83281">
        <ele>1585.0</ele>
      </trkpt>
      <trkpt lat="44.11512" lon="5.833">
        <ele>1585.0</ele>
      </trkpt>
      <trkpt lat="44.11513" lon="5.83307">
        <ele>1585.0</ele>
      </trkpt>
      <trkpt lat="44.11515" lon="5.83312">
        <ele>1584.0</ele>
      </trkpt>
      <trkpt lat="44.11518" lon="5.83315">
        <ele>1584.0</ele>
      </trkpt>
      <trkpt lat="44.11521" lon="5.83317">
        <ele>1583.0</ele>
      </trkpt>
      <trkpt lat="44.11527" lon="5.83317">
        <ele>1582.0</ele>
      </trkpt>
      <trkpt lat="44.11531" lon="5.83316">
        <ele>1581.0</ele>
      </trkpt>
      <trkpt lat="44.11537" lon="5.8331">
        <ele>1580.0</ele>
      </trkpt>
      <trkpt lat="44.11541" lon="5.83304">
        <ele>1580.0</ele>
      </trkpt>
      <trkpt lat="44.11546" lon="5.83287">
        <ele>1579.0</ele>
      </trkpt>
      <trkpt lat="44.11547" lon="5.83277">
        <ele>1579.0</ele>
      </trkpt>
      <trkpt lat="44.11548" lon="5.83245">
        <ele>1581.0</ele>
      </trkpt>
      <trkpt lat="44.11549" lon="5.83233">
        <ele>1582.0</ele>
      </trkpt>
      <trkpt lat="44.11551" lon="5.83221">
        <ele>1583.0</ele>
      </trkpt>
      <trkpt lat="44.11558" lon="5.83197">
        <ele>1584.0</ele>
      </trkpt>
      <trkpt lat="44.11574" lon="5.83148">
        <ele>1589.0</ele>
      </trkpt>
      <trkpt lat="44.11579" lon="5.83135">
        <ele>1592.0</ele>
      </trkpt>
      <trkpt lat="44.11585" lon="5.83123">
        <ele>1593.0</ele>
      </trkpt>
      <trkpt lat="44.11606" lon="5.83092">
        <ele>1585.0</ele>
      </trkpt>
      <trkpt lat="44.11615" lon="5.83068">
        <ele>1585.0</ele>
      </trkpt>
      <trkpt lat="44.11639" lon="5.83021">
        <ele>1583.0</ele>
      </trkpt>
      <trkpt lat="44.11654" lon="5.82985">
        <ele>1584.0</ele>
      </trkpt>
      <trkpt lat="44.11659" lon="5.82975">
        <ele>1584.0</ele>
      </trkpt>
      <trkpt lat="44.11665" lon="5.82966">
        <ele>1583.0</ele>
      </trkpt>
      <trkpt lat="44.11683" lon="5.82944">
        <ele>1577.0</ele>
      </trkpt>
      <trkpt lat="44.11687" lon="5.82935">
        <ele>1577.0</ele>
      </trkpt>
      <trkpt lat="44.11695" lon="5.82906">
        <ele>1578.0</ele>
      </trkpt>
      <trkpt lat="44.11698" lon="5.82896">
        <ele>1579.0</ele>
      </trkpt>
      <trkpt lat="44.11702" lon="5.82888">
        <ele>1578.0</ele>
      </trkpt>
      <trkpt lat="44.11711" lon="5.82871">
        <ele>1576.0</ele>
      </trkpt>
      <trkpt lat="44.1173" lon="5.82843">
        <ele>1570.0</ele>
      </trkpt>
      <trkpt lat="44.11736" lon="5.82832">
        <ele>1569.0</ele>
      </trkpt>
      <trkpt lat="44.11745" lon="5.82807">
        <ele>1572.0</ele>
      </trkpt>
      <trkpt lat="44.11751" lon="5.82795">
        <ele>1573.0</ele>
      </trkpt>
      <trkpt lat="44.11766" lon="5.82775">
        <ele>1570.0</ele>
      </trkpt>
      <trkpt lat="44.11773" lon="5.82763">
        <ele>1569.0</ele>
      </trkpt>
      <trkpt lat="44.11794" lon="5.82725">
        <ele>1567.0</ele>
      </trkpt>
      <trkpt lat="44.11802" lon="5.82713">
        <ele>1566.0</ele>
      </trkpt>
      <trkpt lat="44.11828" lon="5.82679">
        <ele>1560.0</ele>
      </trkpt>
      <trkpt lat="44.11875" lon="5.82605">
        <ele>1562.0</ele>
      </trkpt>
      <trkpt lat="44.11884" lon="5.82594">
        <ele>1562.0</ele>
      </trkpt>
      <trkpt lat="44.11904" lon="5.82576">
        <ele>1558.0</ele>
      </trkpt>
      <trkpt lat="44.11923" lon="5.82557">
        <ele>1555.0</ele>
      </trkpt>
      <trkpt lat="44.11941" lon="5.82537">
        <ele>1551.0</ele>
      </trkpt>
      <trkpt lat="44.11959" lon="5.82516">
        <ele>1547.0</ele>
      </trkpt>
      <trkpt lat="44.11974" lon="5.82492">
        <ele>1544.0</ele>
      </trkpt>
      <trkpt lat="44.11993" lon="5.8244">
        <ele>1551.0</ele>
      </trkpt>
      <trkpt lat="44.12" lon="5.82428">
        <ele>1551.0</ele>
      </trkpt>
      <trkpt lat="44.12007" lon="5.82418">
        <ele>1550.0</ele>
      </trkpt>
      <trkpt lat="44.12015" lon="5.82409">
        <ele>1548.0</ele>
      </trkpt>
      <trkpt lat="44.12033" lon="5.82394">
        <ele>1542.0</ele>
      </trkpt>
      <trkpt lat="44.12041" lon="5.82385">
        <ele>1540.0</ele>
      </trkpt>
      <trkpt lat="44.12049" lon="5.82375">
        <ele>1537.0</ele>
      </trkpt>
      <trkpt lat="44.12055" lon="5.82365">
        <ele>1536.0</ele>
      </trkpt>
      <trkpt lat="44.12066" lon="5.82341">
        <ele>1536.0</ele>
      </trkpt>
      <trkpt lat="44.12077" lon="5.82306">
        <ele>1538.0</ele>
      </trkpt>
      <trkpt lat="44.12083" lon="5.82295">
        <ele>1537.0</ele>
      </trkpt>
      <trkpt lat="44.12096" lon="5.82273">
        <ele>1535.0</ele>
      </trkpt>
      <trkpt lat="44.12102" lon="5.82261">
        <ele>1535.0</ele>
      </trkpt>
      <trkpt lat="44.12108" lon="5.82247">
        <ele>1535.0</ele>
      </trkpt>
      <trkpt lat="44.12124" lon="5.82193">
        <ele>1537.0</ele>
      </trkpt>
      <trkpt lat="44.12133" lon="5.82168">
        <ele>1537.0</ele>
      </trkpt>
      <trkpt lat="44.12144" lon="5.82146">
        <ele>1536.0</ele>
      </trkpt>
      <trkpt lat="44.1215" lon="5.82138">
        <ele>1535.0</ele>
      </trkpt>
      <trkpt lat="44.12165" lon="5.82122">
        <ele>1530.0</ele>
      </trkpt>
      <trkpt lat="44.12192" lon="5.82088">
        <ele>1524.0</ele>
      </trkpt>
      <trkpt lat="44.12218" lon="5.82044">
        <ele>1522.0</ele>
      </trkpt>
      <trkpt lat="44.12226" lon="5.82034">
        <ele>1520.0</ele>
      </trkpt>
      <trkpt lat="44.12244" lon="5.82018">
        <ele>1515.0</ele>
      </trkpt>
      <trkpt lat="44.12252" lon="5.82009">
        <ele>1514.0</ele>
      </trkpt>
      <trkpt lat="44.1226" lon="5.81998">
        <ele>1513.0</ele>
      </trkpt>
      <trkpt lat="44.12275" lon="5.81973">
        <ele>1512.0</ele>
      </trkpt>
      <trkpt lat="44.12306" lon="5.8192">
        <ele>1511.0</ele>
      </trkpt>
      <trkpt lat="44.12331" lon="5.81879">
        <ele>1507.0</ele>
      </trkpt>
      <trkpt lat="44.12355" lon="5.8184">
        <ele>1504.0</ele>
      </trkpt>
      <trkpt lat="44.12378" lon="5.81805">
        <ele>1503.0</ele>
      </trkpt>
      <trkpt lat="44.12386" lon="5.81796">
        <ele>1501.0</ele>
      </trkpt>
      <trkpt lat="44.12415" lon="5.81773">
        <ele>1494.0</ele>
      </trkpt>
      <trkpt lat="44.12425" lon="5.81763">
        <ele>1492.0</ele>
      </trkpt>
      <trkpt lat="44.12434" lon="5.81753">
        <ele>1490.0</ele>
      </trkpt>
      <trkpt lat="44.12442" lon="5.81741">
        <ele>1489.0</ele>
      </trkpt>
      <trkpt lat="44.12456" lon="5.81716">
        <ele>1487.0</ele>
      </trkpt>
      <trkpt lat="44.12462" lon="5.81702">
        <ele>1487.0</ele>
      </trkpt>
      <trkpt lat="44.12466" lon="5.81687">
        <ele>1489.0</ele>
      </trkpt>
      <trkpt lat="44.12473" lon="5.81656">
        <ele>1491.0</ele>
      </trkpt>
      <trkpt lat="44.12477" lon="5.81641">
        <ele>1493.0</ele>
      </trkpt>
      <trkpt lat="44.12483" lon="5.81627">
        <ele>1492.0</ele>
      </trkpt>
      <trkpt lat="44.12489" lon="5.81613">
        <ele>1492.0</ele>
      </trkpt>
      <trkpt lat="44.12511" lon="5.81576">
        <ele>1487.0</ele>
      </trkpt>
      <trkpt lat="44.12518" lon="5.81562">
        <ele>1485.0</ele>
      </trkpt>
      <trkpt lat="44.12529" lon="5.81534">
        <ele>1484.0</ele>
      </trkpt>
      <trkpt lat="44.12544" lon="5.81493">
        <ele>1483.0</ele>
      </trkpt>
      <trkpt lat="44.12557" lon="5.81468">
        <ele>1480.0</ele>
      </trkpt>
      <trkpt lat="44.12572" lon="5.81447">
        <ele>1476.0</ele>
      </trkpt>
      <trkpt lat="44.12584" lon="5.81427">
        <ele>1473.0</ele>
      </trkpt>
      <trkpt lat="44.12608" lon="5.81379">
        <ele>1475.0</ele>
      </trkpt>
      <trkpt lat="44.12638" lon="5.81325">
        <ele>1472.0</ele>
      </trkpt>
      <trkpt lat="44.12651" lon="5.81295">
        <ele>1472.0</ele>
      </trkpt>
      <trkpt lat="44.12666" lon="5.81251">
        <ele>1475.0</ele>
      </trkpt>
      <trkpt lat="44.1267" lon="5.81241">
        <ele>1475.0</ele>
      </trkpt>
      <trkpt lat="44.12673" lon="5.81238">
        <ele>1474.0</ele>
      </trkpt>
      <trkpt lat="44.12677" lon="5.81237">
        <ele>1472.0</ele>
      </trkpt>
      <trkpt lat="44.1268" lon="5.8124">
        <ele>1470.0</ele>
      </trkpt>
      <trkpt lat="44.1268" lon="5.81247">
        <ele>1468.0</ele>
      </trkpt>
      <trkpt lat="44.12679" lon="5.81255">
        <ele>1467.0</ele>
      </trkpt>
      <trkpt lat="44.12662" lon="5.81301">
        <ele>1463.0</ele>
      </trkpt>
      <trkpt lat="44.12653" lon="5.81332">
        <ele>1460.0</ele>
      </trkpt>
      <trkpt lat="44.12629" lon="5.81392">
        <ele>1459.0</ele>
      </trkpt>
      <trkpt lat="44.12614" lon="5.81441">
        <ele>1454.0</ele>
      </trkpt>
      <trkpt lat="44.12603" lon="5.81473">
        <ele>1453.0</ele>
      </trkpt>
      <trkpt lat="44.12592" lon="5.81503">
        <ele>1451.0</ele>
      </trkpt>
      <trkpt lat="44.12587" lon="5.81518">
        <ele>1451.0</ele>
      </trkpt>
      <trkpt lat="44.12584" lon="5.81533">
        <ele>1450.0</ele>
      </trkpt>
      <trkpt lat="44.12576" lon="5.81579">
        <ele>1446.0</ele>
      </trkpt>
      <trkpt lat="44.12568" lon="5.81609">
        <ele>1445.0</ele>
      </trkpt>
      <trkpt lat="44.12555" lon="5.81653">
        <ele>1444.0</ele>
      </trkpt>
      <trkpt lat="44.12549" lon="5.8168">
        <ele>1442.0</ele>
      </trkpt>
      <trkpt lat="44.12547" lon="5.81706">
        <ele>1438.0</ele>
      </trkpt>
      <trkpt lat="44.12544" lon="5.81744">
        <ele>1432.0</ele>
      </trkpt>
      <trkpt lat="44.12541" lon="5.8177">
        <ele>1429.0</ele>
      </trkpt>
      <trkpt lat="44.12537" lon="5.81797">
        <ele>1425.0</ele>
      </trkpt>
      <trkpt lat="44.12533" lon="5.81811">
        <ele>1424.0</ele>
      </trkpt>
      <trkpt lat="44.12524" lon="5.81836">
        <ele>1422.0</ele>
      </trkpt>
      <trkpt lat="44.12511" lon="5.81857">
        <ele>1422.0</ele>
      </trkpt>
      <trkpt lat="44.12505" lon="5.81865">
        <ele>1423.0</ele>
      </trkpt>
      <trkpt lat="44.12483" lon="5.81887">
        <ele>1427.0</ele>
      </trkpt>
      <trkpt lat="44.12472" lon="5.81905">
        <ele>1427.0</ele>
      </trkpt>
      <trkpt lat="44.12467" lon="5.81917">
        <ele>1426.0</ele>
      </trkpt>
      <trkpt lat="44.12454" lon="5.81959">
        <ele>1420.0</ele>
      </trkpt>
      <trkpt lat="44.12448" lon="5.81974">
        <ele>1419.0</ele>
      </trkpt>
      <trkpt lat="44.12411" lon="5.82059">
        <ele>1414.0</ele>
      </trkpt>
      <trkpt lat="44.12391" lon="5.82102">
        <ele>1412.0</ele>
      </trkpt>
      <trkpt lat="44.12363" lon="5.82153">
        <ele>1411.0</ele>
      </trkpt>
      <trkpt lat="44.12357" lon="5.82167">
        <ele>1410.0</ele>
      </trkpt>
      <trkpt lat="44.12352" lon="5.82181">
        <ele>1409.0</ele>
      </trkpt>
      <trkpt lat="44.12341" lon="5.82227">
        <ele>1403.0</ele>
      </trkpt>
      <trkpt lat="44.12337" lon="5.82242">
        <ele>1401.0</ele>
      </trkpt>
      <trkpt lat="44.1232" lon="5.82282">
        <ele>1401.0</ele>
      </trkpt>
      <trkpt lat="44.12303" lon="5.82339">
        <ele>1399.0</ele>
      </trkpt>
      <trkpt lat="44.12299" lon="5.82364">
        <ele>1397.0</ele>
      </trkpt>
      <trkpt lat="44.12296" lon="5.82409">
        <ele>1390.0</ele>
      </trkpt>
      <trkpt lat="44.12296" lon="5.82421">
        <ele>1388.0</ele>
      </trkpt>
      <trkpt lat="44.123" lon="5.82453">
        <ele>1382.0</ele>
      </trkpt>
      <trkpt lat="44.12299" lon="5.82472">
        <ele>1380.0</ele>
      </trkpt>
      <trkpt lat="44.12294" lon="5.8249">
        <ele>1381.0</ele>
      </trkpt>
      <trkpt lat="44.12286" lon="5.82508">
        <ele>1381.0</ele>
      </trkpt>
      <trkpt lat="44.12281" lon="5.82519">
        <ele>1381.0</ele>
      </trkpt>
      <trkpt lat="44.1227" lon="5.82538">
        <ele>1382.0</ele>
      </trkpt>
      <trkpt lat="44.12254" lon="5.82562">
        <ele>1384.0</ele>
      </trkpt>
      <trkpt lat="44.12251" lon="5.82572">
        <ele>1383.0</ele>
      </trkpt>
      <trkpt lat="44.12248" lon="5.82585">
        <ele>1382.0</ele>
      </trkpt>
      <trkpt lat="44.12243" lon="5.82614">
        <ele>1378.0</ele>
      </trkpt>
      <trkpt lat="44.12238" lon="5.82637">
        <ele>1376.0</ele>
      </trkpt>
      <trkpt lat="44.12233" lon="5.8265">
        <ele>1376.0</ele>
      </trkpt>
      <trkpt lat="44.12227" lon="5.82667">
        <ele>1375.0</ele>
      </trkpt>
      <trkpt lat="44.12212" lon="5.82694">
        <ele>1374.0</ele>
      </trkpt>
      <trkpt lat="44.12205" lon="5.82711">
        <ele>1372.0</ele>
      </trkpt>
      <trkpt lat="44.12204" lon="5.82715">
        <ele>1371.0</ele>
      </trkpt>
      <trkpt lat="44.12202" lon="5.82716">
        <ele>1371.0</ele>
      </trkpt>
      <trkpt lat="44.12196" lon="5.82728">
        <ele>1370.0</ele>
      </trkpt>
      <trkpt lat="44.12165" lon="5.82809">
        <ele>1360.0</ele>
      </trkpt>
      <trkpt lat="44.12153" lon="5.82833">
        <ele>1359.0</ele>
      </trkpt>
      <trkpt lat="44.12145" lon="5.82852">
        <ele>1356.0</ele>
      </trkpt>
      <trkpt lat="44.12129" lon="5.82886">
        <ele>1352.0</ele>
      </trkpt>
      <trkpt lat="44.12119" lon="5.82905">
        <ele>1349.0</ele>
      </trkpt>
      <trkpt lat="44.12112" lon="5.82913">
        <ele>1349.0</ele>
      </trkpt>
      <trkpt lat="44.12104" lon="5.82921">
        <ele>1349.0</ele>
      </trkpt>
      <trkpt lat="44.12079" lon="5.8294">
        <ele>1352.0</ele>
      </trkpt>
      <trkpt lat="44.12071" lon="5.82948">
        <ele>1353.0</ele>
      </trkpt>
      <trkpt lat="44.12064" lon="5.82957">
        <ele>1353.0</ele>
      </trkpt>
      <trkpt lat="44.12058" lon="5.82967">
        <ele>1352.0</ele>
      </trkpt>
      <trkpt lat="44.1204" lon="5.83007">
        <ele>1349.0</ele>
      </trkpt>
      <trkpt lat="44.12028" lon="5.83041">
        <ele>1347.0</ele>
      </trkpt>
      <trkpt lat="44.12018" lon="5.83064">
        <ele>1346.0</ele>
      </trkpt>
      <trkpt lat="44.12008" lon="5.83091">
        <ele>1344.0</ele>
      </trkpt>
      <trkpt lat="44.11999" lon="5.83122">
        <ele>1341.0</ele>
      </trkpt>
      <trkpt lat="44.11982" lon="5.83164">
        <ele>1340.0</ele>
      </trkpt>
      <trkpt lat="44.11982" lon="5.8317">
        <ele>1339.0</ele>
      </trkpt>
      <trkpt lat="44.11984" lon="5.83174">
        <ele>1337.0</ele>
      </trkpt>
      <trkpt lat="44.11987" lon="5.83175">
        <ele>1335.0</ele>
      </trkpt>
      <trkpt lat="44.1199" lon="5.83172">
        <ele>1335.0</ele>
      </trkpt>
      <trkpt lat="44.12022" lon="5.8311">
        <ele>1334.0</ele>
      </trkpt>
      <trkpt lat="44.12061" lon="5.83043">
        <ele>1332.0</ele>
      </trkpt>
      <trkpt lat="44.12073" lon="5.83025">
        <ele>1331.0</ele>
      </trkpt>
      <trkpt lat="44.1208" lon="5.83016">
        <ele>1330.0</ele>
      </trkpt>
      <trkpt lat="44.12087" lon="5.83008">
        <ele>1329.0</ele>
      </trkpt>
      <trkpt lat="44.12095" lon="5.83003">
        <ele>1328.0</ele>
      </trkpt>
      <trkpt lat="44.12104" lon="5.82997">
        <ele>1327.0</ele>
      </trkpt>
      <trkpt lat="44.12156" lon="5.82978">
        <ele>1318.0</ele>
      </trkpt>
      <trkpt lat="44.12165" lon="5.82973">
        <ele>1317.0</ele>
      </trkpt>
      <trkpt lat="44.12182" lon="5.82959">
        <ele>1315.0</ele>
      </trkpt>
      <trkpt lat="44.12189" lon="5.8295">
        <ele>1315.0</ele>
      </trkpt>
      <trkpt lat="44.12206" lon="5.82921">
        <ele>1317.0</ele>
      </trkpt>
      <trkpt lat="44.12265" lon="5.82831">
        <ele>1316.0</ele>
      </trkpt>
      <trkpt lat="44.12273" lon="5.82821">
        <ele>1316.0</ele>
      </trkpt>
      <trkpt lat="44.12281" lon="5.82812">
        <ele>1315.0</ele>
      </trkpt>
      <trkpt lat="44.12309" lon="5.82792">
        <ele>1308.0</ele>
      </trkpt>
      <trkpt lat="44.12317" lon="5.82783">
        <ele>1307.0</ele>
      </trkpt>
      <trkpt lat="44.12331" lon="5.82765">
        <ele>1306.0</ele>
      </trkpt>
      <trkpt lat="44.12344" lon="5.82742">
        <ele>1304.0</ele>
      </trkpt>
      <trkpt lat="44.1235" lon="5.82729">
        <ele>1304.0</ele>
      </trkpt>
      <trkpt lat="44.1236" lon="5.82703">
        <ele>1304.0</ele>
      </trkpt>
      <trkpt lat="44.12367" lon="5.82678">
        <ele>1305.0</ele>
      </trkpt>
      <trkpt lat="44.12372" lon="5.82667">
        <ele>1305.0</ele>
      </trkpt>
      <trkpt lat="44.12379" lon="5.82659">
        <ele>1304.0</ele>
      </trkpt>
      <trkpt lat="44.12396" lon="5.82646">
        <ele>1299.0</ele>
      </trkpt>
      <trkpt lat="44.12404" lon="5.82638">
        <ele>1298.0</ele>
      </trkpt>
      <trkpt lat="44.12418" lon="5.82618">
        <ele>1297.0</ele>
      </trkpt>
      <trkpt lat="44.12439" lon="5.82587">
        <ele>1296.0</ele>
      </trkpt>
      <trkpt lat="44.12446" lon="5.82576">
        <ele>1294.0</ele>
      </trkpt>
      <trkpt lat="44.12458" lon="5.8255">
        <ele>1291.0</ele>
      </trkpt>
      <trkpt lat="44.12463" lon="5.82537">
        <ele>1290.0</ele>
      </trkpt>
      <trkpt lat="44.12467" lon="5.82523">
        <ele>1290.0</ele>
      </trkpt>
      <trkpt lat="44.1247" lon="5.82508">
        <ele>1290.0</ele>
      </trkpt>
      <trkpt lat="44.1247" lon="5.82494">
        <ele>1291.0</ele>
      </trkpt>
      <trkpt lat="44.12466" lon="5.82456">
        <ele>1296.0</ele>
      </trkpt>
      <trkpt lat="44.12468" lon="5.82445">
        <ele>1295.0</ele>
      </trkpt>
      <trkpt lat="44.12471" lon="5.82435">
        <ele>1294.0</ele>
      </trkpt>
      <trkpt lat="44.12488" lon="5.82406">
        <ele>1290.0</ele>
      </trkpt>
      <trkpt lat="44.12521" lon="5.82356">
        <ele>1286.0</ele>
      </trkpt>
      <trkpt lat="44.12528" lon="5.82347">
        <ele>1285.0</ele>
      </trkpt>
      <trkpt lat="44.12553" lon="5.82328">
        <ele>1279.0</ele>
      </trkpt>
      <trkpt lat="44.1257" lon="5.82312">
        <ele>1276.0</ele>
      </trkpt>
      <trkpt lat="44.12625" lon="5.82249">
        <ele>1274.0</ele>
      </trkpt>
      <trkpt lat="44.12654" lon="5.82213">
        <ele>1270.0</ele>
      </trkpt>
      <trkpt lat="44.1266" lon="5.82203">
        <ele>1270.0</ele>
      </trkpt>
      <trkpt lat="44.12664" lon="5.82193">
        <ele>1270.0</ele>
      </trkpt>
      <trkpt lat="44.12669" lon="5.82161">
        <ele>1276.0</ele>
      </trkpt>
      <trkpt lat="44.12673" lon="5.82152">
        <ele>1277.0</ele>
      </trkpt>
      <trkpt lat="44.12678" lon="5.82145">
        <ele>1277.0</ele>
      </trkpt>
      <trkpt lat="44.12685" lon="5.82141">
        <ele>1276.0</ele>
      </trkpt>
      <trkpt lat="44.12693" lon="5.82138">
        <ele>1274.0</ele>
      </trkpt>
      <trkpt lat="44.12708" lon="5.82138">
        <ele>1269.0</ele>
      </trkpt>
      <trkpt lat="44.1273" lon="5.82139">
        <ele>1261.0</ele>
      </trkpt>
      <trkpt lat="44.12744" lon="5.82138">
        <ele>1257.0</ele>
      </trkpt>
      <trkpt lat="44.12751" lon="5.82135">
        <ele>1255.0</ele>
      </trkpt>
      <trkpt lat="44.12757" lon="5.82129">
        <ele>1254.0</ele>
      </trkpt>
      <trkpt lat="44.12764" lon="5.82121">
        <ele>1253.0</ele>
      </trkpt>
      <trkpt lat="44.1277" lon="5.82111">
        <ele>1253.0</ele>
      </trkpt>
      <trkpt lat="44.12775" lon="5.82098">
        <ele>1254.0</ele>
      </trkpt>
      <trkpt lat="44.12786" lon="5.82069">
        <ele>1255.0</ele>
      </trkpt>
      <trkpt lat="44.12795" lon="5.82035">
        <ele>1256.0</ele>
      </trkpt>
      <trkpt lat="44.12808" lon="5.81982">
        <ele>1257.0</ele>
      </trkpt>
      <trkpt lat="44.12819" lon="5.81947">
        <ele>1255.0</ele>
      </trkpt>
      <trkpt lat="44.12826" lon="5.81932">
        <ele>1253.0</ele>
      </trkpt>
      <trkpt lat="44.12831" lon="5.81922">
        <ele>1252.0</ele>
      </trkpt>
      <trkpt lat="44.12867" lon="5.81859">
        <ele>1247.0</ele>
      </trkpt>
      <trkpt lat="44.12884" lon="5.81832">
        <ele>1245.0</ele>
      </trkpt>
      <trkpt lat="44.12912" lon="5.81795">
        <ele>1239.0</ele>
      </trkpt>
      <trkpt lat="44.1292" lon="5.81781">
        <ele>1239.0</ele>
      </trkpt>
      <trkpt lat="44.12926" lon="5.81767">
        <ele>1239.0</ele>
      </trkpt>
      <trkpt lat="44.12932" lon="5.81753">
        <ele>1239.0</ele>
      </trkpt>
      <trkpt lat="44.12936" lon="5.81738">
        <ele>1239.0</ele>
      </trkpt>
      <trkpt lat="44.12944" lon="5.8169">
        <ele>1240.0</ele>
      </trkpt>
      <trkpt lat="44.12947" lon="5.81672">
        <ele>1240.0</ele>
      </trkpt>
      <trkpt lat="44.12952" lon="5.81655">
        <ele>1240.0</ele>
      </trkpt>
      <trkpt lat="44.12959" lon="5.81639">
        <ele>1239.0</ele>
      </trkpt>
      <trkpt lat="44.12991" lon="5.81579">
        <ele>1231.0</ele>
      </trkpt>
      <trkpt lat="44.12998" lon="5.81563">
        <ele>1229.0</ele>
      </trkpt>
      <trkpt lat="44.13004" lon="5.81546">
        <ele>1229.0</ele>
      </trkpt>
      <trkpt lat="44.13011" lon="5.81511">
        <ele>1230.0</ele>
      </trkpt>
      <trkpt lat="44.13017" lon="5.81478">
        <ele>1231.0</ele>
      </trkpt>
      <trkpt lat="44.13021" lon="5.81445">
        <ele>1233.0</ele>
      </trkpt>
      <trkpt lat="44.13025" lon="5.81401">
        <ele>1238.0</ele>
      </trkpt>
      <trkpt lat="44.13027" lon="5.81388">
        <ele>1239.0</ele>
      </trkpt>
      <trkpt lat="44.13031" lon="5.81377">
        <ele>1239.0</ele>
      </trkpt>
      <trkpt lat="44.13038" lon="5.81369">
        <ele>1237.0</ele>
      </trkpt>
      <trkpt lat="44.13062" lon="5.81353">
        <ele>1227.0</ele>
      </trkpt>
      <trkpt lat="44.1307" lon="5.81345">
        <ele>1224.0</ele>
      </trkpt>
      <trkpt lat="44.13078" lon="5.81336">
        <ele>1221.0</ele>
      </trkpt>
      <trkpt lat="44.13092" lon="5.81314">
        <ele>1219.0</ele>
      </trkpt>
      <trkpt lat="44.13099" lon="5.81301">
        <ele>1218.0</ele>
      </trkpt>
      <trkpt lat="44.13105" lon="5.81289">
        <ele>1217.0</ele>
      </trkpt>
      <trkpt lat="44.13109" lon="5.81276">
        <ele>1218.0</ele>
      </trkpt>
      <trkpt lat="44.13118" lon="5.8123">
        <ele>1216.0</ele>
      </trkpt>
      <trkpt lat="44.13121" lon="5.81223">
        <ele>1215.0</ele>
      </trkpt>
      <trkpt lat="44.13126" lon="5.81221">
        <ele>1213.0</ele>
      </trkpt>
      <trkpt lat="44.1313" lon="5.81225">
        <ele>1212.0</ele>
      </trkpt>
      <trkpt lat="44.13132" lon="5.81232">
        <ele>1212.0</ele>
      </trkpt>
      <trkpt lat="44.13133" lon="5.81241">
        <ele>1212.0</ele>
      </trkpt>
      <trkpt lat="44.13132" lon="5.81252">
        <ele>1212.0</ele>
      </trkpt>
      <trkpt lat="44.13128" lon="5.81277">
        <ele>1211.0</ele>
      </trkpt>
      <trkpt lat="44.13121" lon="5.81305">
        <ele>1211.0</ele>
      </trkpt>
      <trkpt lat="44.13116" lon="5.81318">
        <ele>1211.0</ele>
      </trkpt>
      <trkpt lat="44.1311" lon="5.8133">
        <ele>1211.0</ele>
      </trkpt>
      <trkpt lat="44.13102" lon="5.81341">
        <ele>1212.0</ele>
      </trkpt>
      <trkpt lat="44.13075" lon="5.81371">
        <ele>1216.0</ele>
      </trkpt>
      <trkpt lat="44.13067" lon="5.81381">
        <ele>1218.0</ele>
      </trkpt>
      <trkpt lat="44.1306" lon="5.81392">
        <ele>1220.0</ele>
      </trkpt>
      <trkpt lat="44.13055" lon="5.81404">
        <ele>1220.0</ele>
      </trkpt>
      <trkpt lat="44.13052" lon="5.81417">
        <ele>1219.0</ele>
      </trkpt>
      <trkpt lat="44.13051" lon="5.8143">
        <ele>1218.0</ele>
      </trkpt>
      <trkpt lat="44.13052" lon="5.81458">
        <ele>1213.0</ele>
      </trkpt>
      <trkpt lat="44.13054" lon="5.81473">
        <ele>1210.0</ele>
      </trkpt>
      <trkpt lat="44.13062" lon="5.81517">
        <ele>1200.0</ele>
      </trkpt>
      <trkpt lat="44.13063" lon="5.81549">
        <ele>1197.0</ele>
      </trkpt>
      <trkpt lat="44.13063" lon="5.81584">
        <ele>1195.0</ele>
      </trkpt>
      <trkpt lat="44.1306" lon="5.8162">
        <ele>1193.0</ele>
      </trkpt>
      <trkpt lat="44.13054" lon="5.81655">
        <ele>1192.0</ele>
      </trkpt>
      <trkpt lat="44.13046" lon="5.81692">
        <ele>1192.0</ele>
      </trkpt>
      <trkpt lat="44.13044" lon="5.81709">
        <ele>1192.0</ele>
      </trkpt>
      <trkpt lat="44.13043" lon="5.81727">
        <ele>1191.0</ele>
      </trkpt>
      <trkpt lat="44.13046" lon="5.81761">
        <ele>1187.0</ele>
      </trkpt>
      <trkpt lat="44.13048" lon="5.81776">
        <ele>1185.0</ele>
      </trkpt>
      <trkpt lat="44.13054" lon="5.81827">
        <ele>1180.0</ele>
      </trkpt>
      <trkpt lat="44.13055" lon="5.81842">
        <ele>1178.0</ele>
      </trkpt>
      <trkpt lat="44.13054" lon="5.81858">
        <ele>1176.0</ele>
      </trkpt>
      <trkpt lat="44.13051" lon="5.81872">
        <ele>1175.0</ele>
      </trkpt>
      <trkpt lat="44.13047" lon="5.81887">
        <ele>1174.0</ele>
      </trkpt>
      <trkpt lat="44.13042" lon="5.819">
        <ele>1174.0</ele>
      </trkpt>
      <trkpt lat="44.13036" lon="5.81913">
        <ele>1174.0</ele>
      </trkpt>
      <trkpt lat="44.13022" lon="5.81934">
        <ele>1175.0</ele>
      </trkpt>
      <trkpt lat="44.13014" lon="5.81943">
        <ele>1175.0</ele>
      </trkpt>
      <trkpt lat="44.13001" lon="5.81963">
        <ele>1174.0</ele>
      </trkpt>
      <trkpt lat="44.12995" lon="5.81975">
        <ele>1173.0</ele>
      </trkpt>
      <trkpt lat="44.12983" lon="5.82015">
        <ele>1170.0</ele>
      </trkpt>
      <trkpt lat="44.12977" lon="5.82028">
        <ele>1170.0</ele>
      </trkpt>
      <trkpt lat="44.12952" lon="5.82075">
        <ele>1171.0</ele>
      </trkpt>
      <trkpt lat="44.12935" lon="5.82113">
        <ele>1171.0</ele>
      </trkpt>
      <trkpt lat="44.12925" lon="5.82135">
        <ele>1172.0</ele>
      </trkpt>
      <trkpt lat="44.12913" lon="5.82151">
        <ele>1175.0</ele>
      </trkpt>
      <trkpt lat="44.1291" lon="5.82159">
        <ele>1175.0</ele>
      </trkpt>
      <trkpt lat="44.12909" lon="5.82169">
        <ele>1174.0</ele>
      </trkpt>
      <trkpt lat="44.12914" lon="5.82201">
        <ele>1167.0</ele>
      </trkpt>
      <trkpt lat="44.12913" lon="5.82226">
        <ele>1164.0</ele>
      </trkpt>
      <trkpt lat="44.12909" lon="5.82263">
        <ele>1162.0</ele>
      </trkpt>
      <trkpt lat="44.12911" lon="5.82288">
        <ele>1159.0</ele>
      </trkpt>
      <trkpt lat="44.12912" lon="5.82312">
        <ele>1156.0</ele>
      </trkpt>
      <trkpt lat="44.12909" lon="5.82338">
        <ele>1155.0</ele>
      </trkpt>
      <trkpt lat="44.12906" lon="5.82365">
        <ele>1152.0</ele>
      </trkpt>
      <trkpt lat="44.12901" lon="5.82391">
        <ele>1149.0</ele>
      </trkpt>
      <trkpt lat="44.12897" lon="5.82402">
        <ele>1148.0</ele>
      </trkpt>
      <trkpt lat="44.12893" lon="5.8241">
        <ele>1147.0</ele>
      </trkpt>
      <trkpt lat="44.12888" lon="5.82416">
        <ele>1147.0</ele>
      </trkpt>
      <trkpt lat="44.12883" lon="5.82418">
        <ele>1147.0</ele>
      </trkpt>
      <trkpt lat="44.12877" lon="5.82418">
        <ele>1148.0</ele>
      </trkpt>
      <trkpt lat="44.1286" lon="5.82413">
        <ele>1152.0</ele>
      </trkpt>
      <trkpt lat="44.1285" lon="5.82412">
        <ele>1154.0</ele>
      </trkpt>
      <trkpt lat="44.1284" lon="5.82414">
        <ele>1155.0</ele>
      </trkpt>
      <trkpt lat="44.12831" lon="5.82419">
        <ele>1155.0</ele>
      </trkpt>
      <trkpt lat="44.12822" lon="5.82427">
        <ele>1157.0</ele>
      </trkpt>
      <trkpt lat="44.12815" lon="5.82438">
        <ele>1157.0</ele>
      </trkpt>
      <trkpt lat="44.12809" lon="5.8245">
        <ele>1157.0</ele>
      </trkpt>
      <trkpt lat="44.12805" lon="5.82463">
        <ele>1157.0</ele>
      </trkpt>
      <trkpt lat="44.12803" lon="5.82478">
        <ele>1155.0</ele>
      </trkpt>
      <trkpt lat="44.12801" lon="5.82493">
        <ele>1153.0</ele>
      </trkpt>
      <trkpt lat="44.128" lon="5.82524">
        <ele>1147.0</ele>
      </trkpt>
      <trkpt lat="44.12801" lon="5.82587">
        <ele>1135.0</ele>
      </trkpt>
      <trkpt lat="44.128" lon="5.82601">
        <ele>1134.0</ele>
      </trkpt>
      <trkpt lat="44.12798" lon="5.82613">
        <ele>1133.0</ele>
      </trkpt>
      <trkpt lat="44.12793" lon="5.82625">
        <ele>1133.0</ele>
      </trkpt>
      <trkpt lat="44.12788" lon="5.82634">
        <ele>1133.0</ele>
      </trkpt>
      <trkpt lat="44.12781" lon="5.82641">
        <ele>1134.0</ele>
      </trkpt>
      <trkpt lat="44.12774" lon="5.82644">
        <ele>1135.0</ele>
      </trkpt>
      <trkpt lat="44.12766" lon="5.82646">
        <ele>1136.0</ele>
      </trkpt>
      <trkpt lat="44.12756" lon="5.82646">
        <ele>1138.0</ele>
      </trkpt>
      <trkpt lat="44.12747" lon="5.82648">
        <ele>1139.0</ele>
      </trkpt>
      <trkpt lat="44.12739" lon="5.82652">
        <ele>1140.0</ele>
      </trkpt>
      <trkpt lat="44.1273" lon="5.8266">
        <ele>1141.0</ele>
      </trkpt>
      <trkpt lat="44.12694" lon="5.8271">
        <ele>1142.0</ele>
      </trkpt>
      <trkpt lat="44.12688" lon="5.8272">
        <ele>1141.0</ele>
      </trkpt>
      <trkpt lat="44.12685" lon="5.8273">
        <ele>1141.0</ele>
      </trkpt>
      <trkpt lat="44.12684" lon="5.82741">
        <ele>1139.0</ele>
      </trkpt>
      <trkpt lat="44.12683" lon="5.82754">
        <ele>1138.0</ele>
      </trkpt>
      <trkpt lat="44.12684" lon="5.8278">
        <ele>1135.0</ele>
      </trkpt>
      <trkpt lat="44.12684" lon="5.82792">
        <ele>1134.0</ele>
      </trkpt>
      <trkpt lat="44.12682" lon="5.82803">
        <ele>1134.0</ele>
      </trkpt>
      <trkpt lat="44.12679" lon="5.82812">
        <ele>1134.0</ele>
      </trkpt>
      <trkpt lat="44.12674" lon="5.82819">
        <ele>1135.0</ele>
      </trkpt>
      <trkpt lat="44.12671" lon="5.82827">
        <ele>1136.0</ele>
      </trkpt>
      <trkpt lat="44.12671" lon="5.82835">
        <ele>1135.0</ele>
      </trkpt>
      <trkpt lat="44.12672" lon="5.82843">
        <ele>1135.0</ele>
      </trkpt>
      <trkpt lat="44.12679" lon="5.82862">
        <ele>1131.0</ele>
      </trkpt>
      <trkpt lat="44.12687" lon="5.82886">
        <ele>1127.0</ele>
      </trkpt>
      <trkpt lat="44.12694" lon="5.82914">
        <ele>1122.0</ele>
      </trkpt>
      <trkpt lat="44.12704" lon="5.82976">
        <ele>1116.0</ele>
      </trkpt>
      <trkpt lat="44.12708" lon="5.83008">
        <ele>1113.0</ele>
      </trkpt>
      <trkpt lat="44.12708" lon="5.8304">
        <ele>1111.0</ele>
      </trkpt>
      <trkpt lat="44.12705" lon="5.83061">
        <ele>1111.0</ele>
      </trkpt>
      <trkpt lat="44.12697" lon="5.83096">
        <ele>1110.0</ele>
      </trkpt>
      <trkpt lat="44.12693" lon="5.83109">
        <ele>1109.0</ele>
      </trkpt>
      <trkpt lat="44.12676" lon="5.83148">
        <ele>1109.0</ele>
      </trkpt>
      <trkpt lat="44.12671" lon="5.83155">
        <ele>1109.0</ele>
      </trkpt>
      <trkpt lat="44.1266" lon="5.83166">
        <ele>1110.0</ele>
      </trkpt>
      <trkpt lat="44.12654" lon="5.83173">
        <ele>1111.0</ele>
      </trkpt>
      <trkpt lat="44.1265" lon="5.83183">
        <ele>1110.0</ele>
      </trkpt>
      <trkpt lat="44.1265" lon="5.83194">
        <ele>1109.0</ele>
      </trkpt>
      <trkpt lat="44.12651" lon="5.83205">
        <ele>1107.0</ele>
      </trkpt>
      <trkpt lat="44.12657" lon="5.83226">
        <ele>1101.0</ele>
      </trkpt>
      <trkpt lat="44.12658" lon="5.83238">
        <ele>1099.0</ele>
      </trkpt>
      <trkpt lat="44.12658" lon="5.83251">
        <ele>1097.0</ele>
      </trkpt>
      <trkpt lat="44.12652" lon="5.83277">
        <ele>1094.0</ele>
      </trkpt>
      <trkpt lat="44.12647" lon="5.83288">
        <ele>1094.0</ele>
      </trkpt>
      <trkpt lat="44.1264" lon="5.83296">
        <ele>1095.0</ele>
      </trkpt>
      <trkpt lat="44.12633" lon="5.83303">
        <ele>1096.0</ele>
      </trkpt>
      <trkpt lat="44.12625" lon="5.83308">
        <ele>1097.0</ele>
      </trkpt>
      <trkpt lat="44.12598" lon="5.83315">
        <ele>1104.0</ele>
      </trkpt>
      <trkpt lat="44.12591" lon="5.8332">
        <ele>1105.0</ele>
      </trkpt>
      <trkpt lat="44.12585" lon="5.83327">
        <ele>1105.0</ele>
      </trkpt>
      <trkpt lat="44.12582" lon="5.83337">
        <ele>1103.0</ele>
      </trkpt>
      <trkpt lat="44.12576" lon="5.8336">
        <ele>1099.0</ele>
      </trkpt>
      <trkpt lat="44.12568" lon="5.83384">
        <ele>1094.0</ele>
      </trkpt>
      <trkpt lat="44.12558" lon="5.83408">
        <ele>1091.0</ele>
      </trkpt>
      <trkpt lat="44.12551" lon="5.83418">
        <ele>1090.0</ele>
      </trkpt>
      <trkpt lat="44.12544" lon="5.83428">
        <ele>1091.0</ele>
      </trkpt>
      <trkpt lat="44.12521" lon="5.83455">
        <ele>1093.0</ele>
      </trkpt>
      <trkpt lat="44.12516" lon="5.83465">
        <ele>1092.0</ele>
      </trkpt>
      <trkpt lat="44.12513" lon="5.83476">
        <ele>1091.0</ele>
      </trkpt>
      <trkpt lat="44.1251" lon="5.83513">
        <ele>1085.0</ele>
      </trkpt>
      <trkpt lat="44.12507" lon="5.83526">
        <ele>1084.0</ele>
      </trkpt>
      <trkpt lat="44.12502" lon="5.8354">
        <ele>1082.0</ele>
      </trkpt>
      <trkpt lat="44.12497" lon="5.83553">
        <ele>1081.0</ele>
      </trkpt>
      <trkpt lat="44.12491" lon="5.83564">
        <ele>1079.0</ele>
      </trkpt>
      <trkpt lat="44.12484" lon="5.83574">
        <ele>1078.0</ele>
      </trkpt>
      <trkpt lat="44.12477" lon="5.8358">
        <ele>1077.0</ele>
      </trkpt>
      <trkpt lat="44.1247" lon="5.83585">
        <ele>1076.0</ele>
      </trkpt>
      <trkpt lat="44.12462" lon="5.83585">
        <ele>1077.0</ele>
      </trkpt>
      <trkpt lat="44.12452" lon="5.83584">
        <ele>1078.0</ele>
      </trkpt>
      <trkpt lat="44.1242" lon="5.83574">
        <ele>1082.0</ele>
      </trkpt>
      <trkpt lat="44.12408" lon="5.83572">
        <ele>1085.0</ele>
      </trkpt>
      <trkpt lat="44.12397" lon="5.83573">
        <ele>1086.0</ele>
      </trkpt>
      <trkpt lat="44.12387" lon="5.83576">
        <ele>1087.0</ele>
      </trkpt>
      <trkpt lat="44.12378" lon="5.83582">
        <ele>1086.0</ele>
      </trkpt>
      <trkpt lat="44.1236" lon="5.836">
        <ele>1086.0</ele>
      </trkpt>
      <trkpt lat="44.12343" lon="5.83621">
        <ele>1085.0</ele>
      </trkpt>
      <trkpt lat="44.12336" lon="5.83631">
        <ele>1084.0</ele>
      </trkpt>
      <trkpt lat="44.12331" lon="5.83642">
        <ele>1083.0</ele>
      </trkpt>
      <trkpt lat="44.12329" lon="5.83654">
        <ele>1082.0</ele>
      </trkpt>
      <trkpt lat="44.12327" lon="5.83682">
        <ele>1080.0</ele>
      </trkpt>
      <trkpt lat="44.12323" lon="5.83713">
        <ele>1080.0</ele>
      </trkpt>
      <trkpt lat="44.12322" lon="5.8373">
        <ele>1080.0</ele>
      </trkpt>
      <trkpt lat="44.12322" lon="5.83747">
        <ele>1079.0</ele>
      </trkpt>
      <trkpt lat="44.12323" lon="5.83764">
        <ele>1079.0</ele>
      </trkpt>
      <trkpt lat="44.12331" lon="5.83796">
        <ele>1076.0</ele>
      </trkpt>
      <trkpt lat="44.12343" lon="5.83838">
        <ele>1072.0</ele>
      </trkpt>
      <trkpt lat="44.12346" lon="5.83851">
        <ele>1072.0</ele>
      </trkpt>
      <trkpt lat="44.1235" lon="5.83877">
        <ele>1071.0</ele>
      </trkpt>
      <trkpt lat="44.12354" lon="5.83888">
        <ele>1069.0</ele>
      </trkpt>
      <trkpt lat="44.12359" lon="5.83899">
        <ele>1068.0</ele>
      </trkpt>
      <trkpt lat="44.12369" lon="5.8392">
        <ele>1064.0</ele>
      </trkpt>
      <trkpt lat="44.12373" lon="5.83931">
        <ele>1062.0</ele>
      </trkpt>
      <trkpt lat="44.12374" lon="5.83942">
        <ele>1061.0</ele>
      </trkpt>
      <trkpt lat="44.12373" lon="5.83952">
        <ele>1061.0</ele>
      </trkpt>
      <trkpt lat="44.1237" lon="5.83963">
        <ele>1061.0</ele>
      </trkpt>
      <trkpt lat="44.12364" lon="5.83973">
        <ele>1064.0</ele>
      </trkpt>
      <trkpt lat="44.12352" lon="5.83988">
        <ele>1068.0</ele>
      </trkpt>
      <trkpt lat="44.12349" lon="5.83993">
        <ele>1069.0</ele>
      </trkpt>
      <trkpt lat="44.12344" lon="5.84004">
        <ele>1070.0</ele>
      </trkpt>
      <trkpt lat="44.12342" lon="5.84014">
        <ele>1070.0</ele>
      </trkpt>
      <trkpt lat="44.1234" lon="5.84024">
        <ele>1070.0</ele>
      </trkpt>
      <trkpt lat="44.12341" lon="5.84035">
        <ele>1069.0</ele>
      </trkpt>
      <trkpt lat="44.12343" lon="5.84045">
        <ele>1068.0</ele>
      </trkpt>
      <trkpt lat="44.12347" lon="5.84056">
        <ele>1065.0</ele>
      </trkpt>
      <trkpt lat="44.12352" lon="5.84065">
        <ele>1062.0</ele>
      </trkpt>
      <trkpt lat="44.12357" lon="5.84073">
        <ele>1060.0</ele>
      </trkpt>
      <trkpt lat="44.12385" lon="5.84103">
        <ele>1047.0</ele>
      </trkpt>
      <trkpt lat="44.1241" lon="5.84136">
        <ele>1041.0</ele>
      </trkpt>
      <trkpt lat="44.12436" lon="5.84167">
        <ele>1038.0</ele>
      </trkpt>
      <trkpt lat="44.12443" lon="5.84177">
        <ele>1036.0</ele>
      </trkpt>
      <trkpt lat="44.12447" lon="5.84187">
        <ele>1036.0</ele>
      </trkpt>
      <trkpt lat="44.1245" lon="5.84199">
        <ele>1037.0</ele>
      </trkpt>
      <trkpt lat="44.12455" lon="5.84238">
        <ele>1040.0</ele>
      </trkpt>
      <trkpt lat="44.12458" lon="5.84266">
        <ele>1040.0</ele>
      </trkpt>
      <trkpt lat="44.1246" lon="5.84297">
        <ele>1039.0</ele>
      </trkpt>
      <trkpt lat="44.12462" lon="5.84311">
        <ele>1038.0</ele>
      </trkpt>
      <trkpt lat="44.12465" lon="5.84325">
        <ele>1038.0</ele>
      </trkpt>
      <trkpt lat="44.12473" lon="5.8435">
        <ele>1037.0</ele>
      </trkpt>
      <trkpt lat="44.12483" lon="5.84375">
        <ele>1036.0</ele>
      </trkpt>
      <trkpt lat="44.12497" lon="5.84406">
        <ele>1034.0</ele>
      </trkpt>
      <trkpt lat="44.12502" lon="5.84413">
        <ele>1034.0</ele>
      </trkpt>
      <trkpt lat="44.12507" lon="5.84417">
        <ele>1033.0</ele>
      </trkpt>
      <trkpt lat="44.12511" lon="5.84416">
        <ele>1033.0</ele>
      </trkpt>
      <trkpt lat="44.12526" lon="5.84405">
        <ele>1034.0</ele>
      </trkpt>
      <trkpt lat="44.12531" lon="5.84404">
        <ele>1034.0</ele>
      </trkpt>
      <trkpt lat="44.12536" lon="5.84407">
        <ele>1034.0</ele>
      </trkpt>
      <trkpt lat="44.12538" lon="5.84413">
        <ele>1033.0</ele>
      </trkpt>
      <trkpt lat="44.12538" lon="5.84421">
        <ele>1032.0</ele>
      </trkpt>
      <trkpt lat="44.12536" lon="5.84429">
        <ele>1030.0</ele>
      </trkpt>
      <trkpt lat="44.12529" lon="5.84446">
        <ele>1027.0</ele>
      </trkpt>
      <trkpt lat="44.12523" lon="5.84451">
        <ele>1026.0</ele>
      </trkpt>
      <trkpt lat="44.12518" lon="5.84453">
        <ele>1026.0</ele>
      </trkpt>
      <trkpt lat="44.12512" lon="5.84452">
        <ele>1026.0</ele>
      </trkpt>
      <trkpt lat="44.12506" lon="5.84448">
        <ele>1027.0</ele>
      </trkpt>
      <trkpt lat="44.12489" lon="5.84433">
        <ele>1026.0</ele>
      </trkpt>
      <trkpt lat="44.1247" lon="5.84411">
        <ele>1025.0</ele>
      </trkpt>
      <trkpt lat="44.12452" lon="5.84386">
        <ele>1024.0</ele>
      </trkpt>
      <trkpt lat="44.12435" lon="5.84359">
        <ele>1024.0</ele>
      </trkpt>
      <trkpt lat="44.1242" lon="5.84332">
        <ele>1024.0</ele>
      </trkpt>
      <trkpt lat="44.12408" lon="5.84304">
        <ele>1027.0</ele>
      </trkpt>
      <trkpt lat="44.12399" lon="5.84279">
        <ele>1030.0</ele>
      </trkpt>
      <trkpt lat="44.12393" lon="5.84268">
        <ele>1032.0</ele>
      </trkpt>
      <trkpt lat="44.12387" lon="5.84261">
        <ele>1033.0</ele>
      </trkpt>
      <trkpt lat="44.12379" lon="5.84258">
        <ele>1033.0</ele>
      </trkpt>
      <trkpt lat="44.12371" lon="5.84259">
        <ele>1032.0</ele>
      </trkpt>
      <trkpt lat="44.12363" lon="5.84265">
        <ele>1031.0</ele>
      </trkpt>
      <trkpt lat="44.12358" lon="5.84274">
        <ele>1029.0</ele>
      </trkpt>
      <trkpt lat="44.12354" lon="5.84287">
        <ele>1027.0</ele>
      </trkpt>
      <trkpt lat="44.12347" lon="5.84329">
        <ele>1019.0</ele>
      </trkpt>
      <trkpt lat="44.12339" lon="5.84358">
        <ele>1015.0</ele>
      </trkpt>
      <trkpt lat="44.12325" lon="5.84402">
        <ele>1014.0</ele>
      </trkpt>
      <trkpt lat="44.12313" lon="5.84444">
        <ele>1016.0</ele>
      </trkpt>
      <trkpt lat="44.12306" lon="5.84472">
        <ele>1018.0</ele>
      </trkpt>
      <trkpt lat="44.12304" lon="5.84484">
        <ele>1018.0</ele>
      </trkpt>
      <trkpt lat="44.12305" lon="5.84496">
        <ele>1018.0</ele>
      </trkpt>
      <trkpt lat="44.12307" lon="5.84518">
        <ele>1017.0</ele>
      </trkpt>
      <trkpt lat="44.12307" lon="5.8454">
        <ele>1018.0</ele>
      </trkpt>
      <trkpt lat="44.12308" lon="5.84551">
        <ele>1017.0</ele>
      </trkpt>
      <trkpt lat="44.12324" lon="5.84593">
        <ele>1011.0</ele>
      </trkpt>
      <trkpt lat="44.12326" lon="5.84604">
        <ele>1011.0</ele>
      </trkpt>
      <trkpt lat="44.12328" lon="5.84615">
        <ele>1011.0</ele>
      </trkpt>
      <trkpt lat="44.12327" lon="5.84636">
        <ele>1013.0</ele>
      </trkpt>
      <trkpt lat="44.12329" lon="5.84649">
        <ele>1012.0</ele>
      </trkpt>
      <trkpt lat="44.12335" lon="5.84672">
        <ele>1011.0</ele>
      </trkpt>
      <trkpt lat="44.12346" lon="5.84696">
        <ele>1009.0</ele>
      </trkpt>
      <trkpt lat="44.12364" lon="5.84729">
        <ele>1005.0</ele>
      </trkpt>
      <trkpt lat="44.12369" lon="5.8474">
        <ele>1003.0</ele>
      </trkpt>
      <trkpt lat="44.12378" lon="5.84775">
        <ele>1002.0</ele>
      </trkpt>
      <trkpt lat="44.12382" lon="5.84786">
        <ele>1002.0</ele>
      </trkpt>
      <trkpt lat="44.12396" lon="5.84808">
        <ele>997.0</ele>
      </trkpt>
      <trkpt lat="44.1241" lon="5.84834">
        <ele>992.0</ele>
      </trkpt>
      <trkpt lat="44.1242" lon="5.84859">
        <ele>987.0</ele>
      </trkpt>
      <trkpt lat="44.12423" lon="5.84872">
        <ele>985.0</ele>
      </trkpt>
      <trkpt lat="44.12425" lon="5.84884">
        <ele>984.0</ele>
      </trkpt>
      <trkpt lat="44.12426" lon="5.84897">
        <ele>983.0</ele>
      </trkpt>
      <trkpt lat="44.12424" lon="5.84909">
        <ele>983.0</ele>
      </trkpt>
      <trkpt lat="44.12421" lon="5.8492">
        <ele>984.0</ele>
      </trkpt>
      <trkpt lat="44.12418" lon="5.84932">
        <ele>983.0</ele>
      </trkpt>
      <trkpt lat="44.12403" lon="5.84964">
        <ele>985.0</ele>
      </trkpt>
      <trkpt lat="44.12392" lon="5.8498">
        <ele>986.0</ele>
      </trkpt>
      <trkpt lat="44.1238" lon="5.84993">
        <ele>987.0</ele>
      </trkpt>
      <trkpt lat="44.12374" lon="5.85001">
        <ele>987.0</ele>
      </trkpt>
      <trkpt lat="44.12371" lon="5.85011">
        <ele>987.0</ele>
      </trkpt>
      <trkpt lat="44.12371" lon="5.85023">
        <ele>987.0</ele>
      </trkpt>
      <trkpt lat="44.12374" lon="5.85036">
        <ele>985.0</ele>
      </trkpt>
      <trkpt lat="44.12381" lon="5.85062">
        <ele>983.0</ele>
      </trkpt>
      <trkpt lat="44.12391" lon="5.85087">
        <ele>982.0</ele>
      </trkpt>
      <trkpt lat="44.12397" lon="5.85099">
        <ele>982.0</ele>
      </trkpt>
      <trkpt lat="44.12406" lon="5.85107">
        <ele>982.0</ele>
      </trkpt>
      <trkpt lat="44.12415" lon="5.85112">
        <ele>981.0</ele>
      </trkpt>
      <trkpt lat="44.12425" lon="5.85117">
        <ele>980.0</ele>
      </trkpt>
      <trkpt lat="44.12469" lon="5.85132">
        <ele>975.0</ele>
      </trkpt>
      <trkpt lat="44.12488" lon="5.85143">
        <ele>973.0</ele>
      </trkpt>
      <trkpt lat="44.12495" lon="5.85151">
        <ele>973.0</ele>
      </trkpt>
      <trkpt lat="44.12502" lon="5.8516">
        <ele>972.0</ele>
      </trkpt>
      <trkpt lat="44.12507" lon="5.85172">
        <ele>972.0</ele>
      </trkpt>
      <trkpt lat="44.1251" lon="5.85185">
        <ele>972.0</ele>
      </trkpt>
      <trkpt lat="44.12517" lon="5.85214">
        <ele>973.0</ele>
      </trkpt>
      <trkpt lat="44.12521" lon="5.85228">
        <ele>973.0</ele>
      </trkpt>
      <trkpt lat="44.12528" lon="5.8524">
        <ele>973.0</ele>
      </trkpt>
      <trkpt lat="44.12536" lon="5.85249">
        <ele>973.0</ele>
      </trkpt>
      <trkpt lat="44.12552" lon="5.85259">
        <ele>971.0</ele>
      </trkpt>
      <trkpt lat="44.12558" lon="5.85263">
        <ele>971.0</ele>
      </trkpt>
      <trkpt lat="44.12572" lon="5.85275">
        <ele>970.0</ele>
      </trkpt>
      <trkpt lat="44.12579" lon="5.85285">
        <ele>970.0</ele>
      </trkpt>
      <trkpt lat="44.12585" lon="5.85298">
        <ele>969.0</ele>
      </trkpt>
      <trkpt lat="44.12588" lon="5.85308">
        <ele>969.0</ele>
      </trkpt>
      <trkpt lat="44.12594" lon="5.85333">
        <ele>970.0</ele>
      </trkpt>
      <trkpt lat="44.12594" lon="5.85349">
        <ele>969.0</ele>
      </trkpt>
      <trkpt lat="44.1259" lon="5.85361">
        <ele>968.0</ele>
      </trkpt>
      <trkpt lat="44.12585" lon="5.8537">
        <ele>967.0</ele>
      </trkpt>
      <trkpt lat="44.12578" lon="5.85377">
        <ele>966.0</ele>
      </trkpt>
      <trkpt lat="44.12572" lon="5.85379">
        <ele>966.0</ele>
      </trkpt>
      <trkpt lat="44.12563" lon="5.8538">
        <ele>966.0</ele>
      </trkpt>
      <trkpt lat="44.12531" lon="5.85376">
        <ele>965.0</ele>
      </trkpt>
      <trkpt lat="44.12508" lon="5.85376">
        <ele>965.0</ele>
      </trkpt>
      <trkpt lat="44.1248" lon="5.8538">
        <ele>966.0</ele>
      </trkpt>
      <trkpt lat="44.12464" lon="5.85385">
        <ele>968.0</ele>
      </trkpt>
      <trkpt lat="44.12456" lon="5.85392">
        <ele>968.0</ele>
      </trkpt>
      <trkpt lat="44.12452" lon="5.85401">
        <ele>968.0</ele>
      </trkpt>
      <trkpt lat="44.12451" lon="5.85413">
        <ele>968.0</ele>
      </trkpt>
      <trkpt lat="44.12454" lon="5.85427">
        <ele>967.0</ele>
      </trkpt>
      <trkpt lat="44.12458" lon="5.85441">
        <ele>966.0</ele>
      </trkpt>
      <trkpt lat="44.12465" lon="5.85454">
        <ele>964.0</ele>
      </trkpt>
      <trkpt lat="44.12507" lon="5.85525">
        <ele>955.0</ele>
      </trkpt>
      <trkpt lat="44.12514" lon="5.85538">
        <ele>954.0</ele>
      </trkpt>
      <trkpt lat="44.12518" lon="5.85551">
        <ele>954.0</ele>
      </trkpt>
      <trkpt lat="44.12521" lon="5.85565">
        <ele>953.0</ele>
      </trkpt>
      <trkpt lat="44.12526" lon="5.85621">
        <ele>953.0</ele>
      </trkpt>
      <trkpt lat="44.12528" lon="5.85631">
        <ele>953.0</ele>
      </trkpt>
      <trkpt lat="44.12532" lon="5.85639">
        <ele>952.0</ele>
      </trkpt>
      <trkpt lat="44.12544" lon="5.8565">
        <ele>950.0</ele>
      </trkpt>
      <trkpt lat="44.12549" lon="5.85657">
        <ele>948.0</ele>
      </trkpt>
      <trkpt lat="44.12553" lon="5.85665">
        <ele>947.0</ele>
      </trkpt>
      <trkpt lat="44.12562" lon="5.8572">
        <ele>944.0</ele>
      </trkpt>
      <trkpt lat="44.12567" lon="5.85755">
        <ele>942.0</ele>
      </trkpt>
      <trkpt lat="44.12569" lon="5.85787">
        <ele>940.0</ele>
      </trkpt>
      <trkpt lat="44.12569" lon="5.85802">
        <ele>939.0</ele>
      </trkpt>
      <trkpt lat="44.12568" lon="5.85815">
        <ele>939.0</ele>
      </trkpt>
      <trkpt lat="44.12565" lon="5.85827">
        <ele>939.0</ele>
      </trkpt>
      <trkpt lat="44.12561" lon="5.85838">
        <ele>939.0</ele>
      </trkpt>
      <trkpt lat="44.1255" lon="5.85856">
        <ele>941.0</ele>
      </trkpt>
      <trkpt lat="44.12547" lon="5.85866">
        <ele>941.0</ele>
      </trkpt>
      <trkpt lat="44.12545" lon="5.85878">
        <ele>940.0</ele>
      </trkpt>
      <trkpt lat="44.12545" lon="5.8589">
        <ele>939.0</ele>
      </trkpt>
      <trkpt lat="44.12541" lon="5.85914">
        <ele>938.0</ele>
      </trkpt>
      <trkpt lat="44.1254" lon="5.85927">
        <ele>938.0</ele>
      </trkpt>
      <trkpt lat="44.12543" lon="5.8594">
        <ele>937.0</ele>
      </trkpt>
      <trkpt lat="44.12553" lon="5.85965">
        <ele>933.0</ele>
      </trkpt>
      <trkpt lat="44.12557" lon="5.8598">
        <ele>932.0</ele>
      </trkpt>
      <trkpt lat="44.12559" lon="5.85995">
        <ele>931.0</ele>
      </trkpt>
      <trkpt lat="44.1256" lon="5.8601">
        <ele>930.0</ele>
      </trkpt>
      <trkpt lat="44.12559" lon="5.86024">
        <ele>930.0</ele>
      </trkpt>
      <trkpt lat="44.12557" lon="5.86037">
        <ele>930.0</ele>
      </trkpt>
      <trkpt lat="44.12539" lon="5.86084">
        <ele>932.0</ele>
      </trkpt>
      <trkpt lat="44.12536" lon="5.86096">
        <ele>932.0</ele>
      </trkpt>
      <trkpt lat="44.12533" lon="5.86108">
        <ele>932.0</ele>
      </trkpt>
      <trkpt lat="44.12524" lon="5.86158">
        <ele>930.0</ele>
      </trkpt>
      <trkpt lat="44.12521" lon="5.86169">
        <ele>930.0</ele>
      </trkpt>
      <trkpt lat="44.12517" lon="5.86179">
        <ele>929.0</ele>
      </trkpt>
      <trkpt lat="44.12511" lon="5.86188">
        <ele>928.0</ele>
      </trkpt>
      <trkpt lat="44.12505" lon="5.86194">
        <ele>928.0</ele>
      </trkpt>
      <trkpt lat="44.12498" lon="5.86197">
        <ele>928.0</ele>
      </trkpt>
      <trkpt lat="44.12491" lon="5.86197">
        <ele>927.0</ele>
      </trkpt>
      <trkpt lat="44.12484" lon="5.86193">
        <ele>928.0</ele>
      </trkpt>
      <trkpt lat="44.12479" lon="5.86186">
        <ele>928.0</ele>
      </trkpt>
      <trkpt lat="44.1246" lon="5.86164">
        <ele>929.0</ele>
      </trkpt>
      <trkpt lat="44.12437" lon="5.86139">
        <ele>931.0</ele>
      </trkpt>
      <trkpt lat="44.12421" lon="5.86127">
        <ele>931.0</ele>
      </trkpt>
      <trkpt lat="44.12413" lon="5.86123">
        <ele>932.0</ele>
      </trkpt>
      <trkpt lat="44.12404" lon="5.8612">
        <ele>933.0</ele>
      </trkpt>
      <trkpt lat="44.12395" lon="5.86118">
        <ele>934.0</ele>
      </trkpt>
      <trkpt lat="44.12386" lon="5.86118">
        <ele>935.0</ele>
      </trkpt>
      <trkpt lat="44.12379" lon="5.86121">
        <ele>935.0</ele>
      </trkpt>
      <trkpt lat="44.12368" lon="5.86125">
        <ele>936.0</ele>
      </trkpt>
      <trkpt lat="44.12364" lon="5.86136">
        <ele>935.0</ele>
      </trkpt>
      <trkpt lat="44.12362" lon="5.86149">
        <ele>934.0</ele>
      </trkpt>
      <trkpt lat="44.12363" lon="5.86163">
        <ele>932.0</ele>
      </trkpt>
      <trkpt lat="44.12375" lon="5.86205">
        <ele>927.0</ele>
      </trkpt>
      <trkpt lat="44.12376" lon="5.86217">
        <ele>926.0</ele>
      </trkpt>
      <trkpt lat="44.12374" lon="5.86227">
        <ele>925.0</ele>
      </trkpt>
      <trkpt lat="44.12369" lon="5.86235">
        <ele>925.0</ele>
      </trkpt>
      <trkpt lat="44.12362" lon="5.86239">
        <ele>925.0</ele>
      </trkpt>
      <trkpt lat="44.12353" lon="5.86241">
        <ele>926.0</ele>
      </trkpt>
      <trkpt lat="44.12343" lon="5.8624">
        <ele>927.0</ele>
      </trkpt>
      <trkpt lat="44.12314" lon="5.86239">
        <ele>932.0</ele>
      </trkpt>
      <trkpt lat="44.12307" lon="5.86241">
        <ele>933.0</ele>
      </trkpt>
      <trkpt lat="44.12299" lon="5.86249">
        <ele>934.0</ele>
      </trkpt>
      <trkpt lat="44.12298" lon="5.86258">
        <ele>935.0</ele>
      </trkpt>
      <trkpt lat="44.123" lon="5.86266">
        <ele>935.0</ele>
      </trkpt>
      <trkpt lat="44.12306" lon="5.86275">
        <ele>935.0</ele>
      </trkpt>
      <trkpt lat="44.1233" lon="5.863">
        <ele>930.0</ele>
      </trkpt>
      <trkpt lat="44.12346" lon="5.86323">
        <ele>928.0</ele>
      </trkpt>
      <trkpt lat="44.12367" lon="5.86362">
        <ele>926.0</ele>
      </trkpt>
      <trkpt lat="44.12378" lon="5.8639">
        <ele>924.0</ele>
      </trkpt>
      <trkpt lat="44.12399" lon="5.86434">
        <ele>919.0</ele>
      </trkpt>
      <trkpt lat="44.12401" lon="5.86444">
        <ele>919.0</ele>
      </trkpt>
      <trkpt lat="44.12402" lon="5.86454">
        <ele>919.0</ele>
      </trkpt>
      <trkpt lat="44.12399" lon="5.86464">
        <ele>920.0</ele>
      </trkpt>
      <trkpt lat="44.12389" lon="5.86484">
        <ele>924.0</ele>
      </trkpt>
      <trkpt lat="44.12387" lon="5.86497">
        <ele>925.0</ele>
      </trkpt>
      <trkpt lat="44.12389" lon="5.86511">
        <ele>925.0</ele>
      </trkpt>
      <trkpt lat="44.12394" lon="5.86524">
        <ele>924.0</ele>
      </trkpt>
      <trkpt lat="44.12402" lon="5.86537">
        <ele>923.0</ele>
      </trkpt>
      <trkpt lat="44.12411" lon="5.86548">
        <ele>922.0</ele>
      </trkpt>
      <trkpt lat="44.12441" lon="5.86576">
        <ele>918.0</ele>
      </trkpt>
      <trkpt lat="44.1245" lon="5.86586">
        <ele>916.0</ele>
      </trkpt>
      <trkpt lat="44.12457" lon="5.86597">
        <ele>914.0</ele>
      </trkpt>
      <trkpt lat="44.12462" lon="5.86609">
        <ele>913.0</ele>
      </trkpt>
      <trkpt lat="44.12466" lon="5.8662">
        <ele>912.0</ele>
      </trkpt>
      <trkpt lat="44.12468" lon="5.86632">
        <ele>911.0</ele>
      </trkpt>
      <trkpt lat="44.12466" lon="5.86644">
        <ele>912.0</ele>
      </trkpt>
      <trkpt lat="44.12461" lon="5.86654">
        <ele>912.0</ele>
      </trkpt>
      <trkpt lat="44.12453" lon="5.86661">
        <ele>913.0</ele>
      </trkpt>
      <trkpt lat="44.12421" lon="5.86676">
        <ele>917.0</ele>
      </trkpt>
      <trkpt lat="44.12388" lon="5.86698">
        <ele>919.0</ele>
      </trkpt>
      <trkpt lat="44.12376" lon="5.86704">
        <ele>919.0</ele>
      </trkpt>
      <trkpt lat="44.12342" lon="5.86718">
        <ele>922.0</ele>
      </trkpt>
      <trkpt lat="44.12332" lon="5.86724">
        <ele>922.0</ele>
      </trkpt>
      <trkpt lat="44.12323" lon="5.86732">
        <ele>924.0</ele>
      </trkpt>
      <trkpt lat="44.12318" lon="5.86743">
        <ele>924.0</ele>
      </trkpt>
      <trkpt lat="44.12314" lon="5.86756">
        <ele>925.0</ele>
      </trkpt>
      <trkpt lat="44.12314" lon="5.86771">
        <ele>926.0</ele>
      </trkpt>
      <trkpt lat="44.12314" lon="5.86787">
        <ele>926.0</ele>
      </trkpt>
      <trkpt lat="44.12316" lon="5.86802">
        <ele>927.0</ele>
      </trkpt>
      <trkpt lat="44.12319" lon="5.86816">
        <ele>927.0</ele>
      </trkpt>
      <trkpt lat="44.12322" lon="5.86826">
        <ele>926.0</ele>
      </trkpt>
      <trkpt lat="44.12328" lon="5.86833">
        <ele>925.0</ele>
      </trkpt>
      <trkpt lat="44.12335" lon="5.86836">
        <ele>923.0</ele>
      </trkpt>
      <trkpt lat="44.12343" lon="5.86834">
        <ele>922.0</ele>
      </trkpt>
      <trkpt lat="44.12361" lon="5.86825">
        <ele>920.0</ele>
      </trkpt>
      <trkpt lat="44.12371" lon="5.86822">
        <ele>919.0</ele>
      </trkpt>
      <trkpt lat="44.12382" lon="5.8682">
        <ele>918.0</ele>
      </trkpt>
      <trkpt lat="44.12392" lon="5.8682">
        <ele>918.0</ele>
      </trkpt>
      <trkpt lat="44.12413" lon="5.86822">
        <ele>916.0</ele>
      </trkpt>
      <trkpt lat="44.12433" lon="5.86826">
        <ele>914.0</ele>
      </trkpt>
      <trkpt lat="44.12441" lon="5.8683">
        <ele>913.0</ele>
      </trkpt>
      <trkpt lat="44.12446" lon="5.86835">
        <ele>912.0</ele>
      </trkpt>
      <trkpt lat="44.1245" lon="5.86843">
        <ele>912.0</ele>
      </trkpt>
      <trkpt lat="44.12452" lon="5.86854">
        <ele>913.0</ele>
      </trkpt>
      <trkpt lat="44.12454" lon="5.86878">
        <ele>915.0</ele>
      </trkpt>
      <trkpt lat="44.12457" lon="5.86903">
        <ele>917.0</ele>
      </trkpt>
      <trkpt lat="44.12456" lon="5.86915">
        <ele>919.0</ele>
      </trkpt>
      <trkpt lat="44.12453" lon="5.86926">
        <ele>920.0</ele>
      </trkpt>
      <trkpt lat="44.12445" lon="5.86948">
        <ele>922.0</ele>
      </trkpt>
      <trkpt lat="44.12444" lon="5.86957">
        <ele>923.0</ele>
      </trkpt>
      <trkpt lat="44.12445" lon="5.86965">
        <ele>923.0</ele>
      </trkpt>
      <trkpt lat="44.12449" lon="5.8697">
        <ele>923.0</ele>
      </trkpt>
      <trkpt lat="44.12456" lon="5.86974">
        <ele>922.0</ele>
      </trkpt>
      <trkpt lat="44.12492" lon="5.86978">
        <ele>916.0</ele>
      </trkpt>
      <trkpt lat="44.125" lon="5.86981">
        <ele>915.0</ele>
      </trkpt>
      <trkpt lat="44.12508" lon="5.86986">
        <ele>915.0</ele>
      </trkpt>
      <trkpt lat="44.12513" lon="5.86993">
        <ele>916.0</ele>
      </trkpt>
      <trkpt lat="44.12534" lon="5.87036">
        <ele>918.0</ele>
      </trkpt>
      <trkpt lat="44.12535" lon="5.87039">
        <ele>918.0</ele>
      </trkpt>
      <trkpt lat="44.12538" lon="5.87051">
        <ele>918.0</ele>
      </trkpt>
      <trkpt lat="44.12539" lon="5.87059">
        <ele>918.0</ele>
      </trkpt>
      <trkpt lat="44.12538" lon="5.87073">
        <ele>919.0</ele>
      </trkpt>
      <trkpt lat="44.12531" lon="5.87136">
        <ele>918.0</ele>
      </trkpt>
      <trkpt lat="44.12528" lon="5.87191">
        <ele>917.0</ele>
      </trkpt>
      <trkpt lat="44.12525" lon="5.87208">
        <ele>916.0</ele>
      </trkpt>
      <trkpt lat="44.12516" lon="5.8726">
        <ele>912.0</ele>
      </trkpt>
      <trkpt lat="44.12514" lon="5.87277">
        <ele>911.0</ele>
      </trkpt>
      <trkpt lat="44.12513" lon="5.87294">
        <ele>909.0</ele>
      </trkpt>
      <trkpt lat="44.12515" lon="5.8731">
        <ele>908.0</ele>
      </trkpt>
      <trkpt lat="44.12521" lon="5.87343">
        <ele>907.0</ele>
      </trkpt>
      <trkpt lat="44.12523" lon="5.87365">
        <ele>906.0</ele>
      </trkpt>
      <trkpt lat="44.12521" lon="5.87382">
        <ele>904.0</ele>
      </trkpt>
      <trkpt lat="44.12507" lon="5.8746">
        <ele>897.0</ele>
      </trkpt>
      <trkpt lat="44.12502" lon="5.87473">
        <ele>895.0</ele>
      </trkpt>
      <trkpt lat="44.1249" lon="5.87497">
        <ele>895.0</ele>
      </trkpt>
      <trkpt lat="44.12485" lon="5.87513">
        <ele>895.0</ele>
      </trkpt>
      <trkpt lat="44.12483" lon="5.8753">
        <ele>895.0</ele>
      </trkpt>
      <trkpt lat="44.12479" lon="5.8758">
        <ele>894.0</ele>
      </trkpt>
      <trkpt lat="44.12476" lon="5.87594">
        <ele>894.0</ele>
      </trkpt>
      <trkpt lat="44.12472" lon="5.87608">
        <ele>894.0</ele>
      </trkpt>
      <trkpt lat="44.12464" lon="5.87627">
        <ele>894.0</ele>
      </trkpt>
      <trkpt lat="44.12456" lon="5.87635">
        <ele>895.0</ele>
      </trkpt>
      <trkpt lat="44.12437" lon="5.8764">
        <ele>897.0</ele>
      </trkpt>
      <trkpt lat="44.12378" lon="5.87649">
        <ele>904.0</ele>
      </trkpt>
      <trkpt lat="44.1237" lon="5.87652">
        <ele>905.0</ele>
      </trkpt>
      <trkpt lat="44.12364" lon="5.87659">
        <ele>905.0</ele>
      </trkpt>
      <trkpt lat="44.12362" lon="5.87668">
        <ele>905.0</ele>
      </trkpt>
      <trkpt lat="44.12363" lon="5.87677">
        <ele>905.0</ele>
      </trkpt>
      <trkpt lat="44.12368" lon="5.87686">
        <ele>904.0</ele>
      </trkpt>
      <trkpt lat="44.12375" lon="5.87694">
        <ele>903.0</ele>
      </trkpt>
      <trkpt lat="44.12405" lon="5.87721">
        <ele>898.0</ele>
      </trkpt>
      <trkpt lat="44.12411" lon="5.8773">
        <ele>897.0</ele>
      </trkpt>
      <trkpt lat="44.12418" lon="5.87753">
        <ele>895.0</ele>
      </trkpt>
      <trkpt lat="44.12424" lon="5.87764">
        <ele>894.0</ele>
      </trkpt>
      <trkpt lat="44.12431" lon="5.87772">
        <ele>893.0</ele>
      </trkpt>
      <trkpt lat="44.12481" lon="5.87801">
        <ele>887.0</ele>
      </trkpt>
      <trkpt lat="44.12491" lon="5.87808">
        <ele>886.0</ele>
      </trkpt>
      <trkpt lat="44.12499" lon="5.87818">
        <ele>885.0</ele>
      </trkpt>
      <trkpt lat="44.12505" lon="5.87829">
        <ele>885.0</ele>
      </trkpt>
      <trkpt lat="44.1251" lon="5.87841">
        <ele>884.0</ele>
      </trkpt>
      <trkpt lat="44.12512" lon="5.87857">
        <ele>884.0</ele>
      </trkpt>
      <trkpt lat="44.12513" lon="5.8788">
        <ele>884.0</ele>
      </trkpt>
      <trkpt lat="44.12514" lon="5.87895">
        <ele>883.0</ele>
      </trkpt>
      <trkpt lat="44.12515" lon="5.87918">
        <ele>883.0</ele>
      </trkpt>
      <trkpt lat="44.12515" lon="5.87938">
        <ele>881.0</ele>
      </trkpt>
      <trkpt lat="44.12514" lon="5.87964">
        <ele>879.0</ele>
      </trkpt>
      <trkpt lat="44.12509" lon="5.88037">
        <ele>872.0</ele>
      </trkpt>
      <trkpt lat="44.12505" lon="5.88048">
        <ele>872.0</ele>
      </trkpt>
      <trkpt lat="44.12501" lon="5.88057">
        <ele>871.0</ele>
      </trkpt>
      <trkpt lat="44.12494" lon="5.88064">
        <ele>871.0</ele>
      </trkpt>
      <trkpt lat="44.12486" lon="5.88067">
        <ele>872.0</ele>
      </trkpt>
      <trkpt lat="44.12469" lon="5.88067">
        <ele>874.0</ele>
      </trkpt>
      <trkpt lat="44.1246" lon="5.88069">
        <ele>875.0</ele>
      </trkpt>
      <trkpt lat="44.12452" lon="5.88075">
        <ele>875.0</ele>
      </trkpt>
      <trkpt lat="44.12446" lon="5.88085">
        <ele>875.0</ele>
      </trkpt>
      <trkpt lat="44.12443" lon="5.88098">
        <ele>874.0</ele>
      </trkpt>
      <trkpt lat="44.12444" lon="5.88112">
        <ele>873.0</ele>
      </trkpt>
      <trkpt lat="44.12445" lon="5.88128">
        <ele>871.0</ele>
      </trkpt>
      <trkpt lat="44.12452" lon="5.88161">
        <ele>866.0</ele>
      </trkpt>
      <trkpt lat="44.12456" lon="5.88176">
        <ele>865.0</ele>
      </trkpt>
      <trkpt lat="44.12463" lon="5.88189">
        <ele>863.0</ele>
      </trkpt>
      <trkpt lat="44.12479" lon="5.88213">
        <ele>860.0</ele>
      </trkpt>
      <trkpt lat="44.12485" lon="5.88227">
        <ele>859.0</ele>
      </trkpt>
      <trkpt lat="44.1249" lon="5.88241">
        <ele>857.0</ele>
      </trkpt>
      <trkpt lat="44.12492" lon="5.88256">
        <ele>857.0</ele>
      </trkpt>
      <trkpt lat="44.12492" lon="5.8829">
        <ele>856.0</ele>
      </trkpt>
      <trkpt lat="44.12494" lon="5.88308">
        <ele>856.0</ele>
      </trkpt>
      <trkpt lat="44.12497" lon="5.88325">
        <ele>855.0</ele>
      </trkpt>
      <trkpt lat="44.12506" lon="5.88357">
        <ele>852.0</ele>
      </trkpt>
      <trkpt lat="44.12513" lon="5.88388">
        <ele>850.0</ele>
      </trkpt>
      <trkpt lat="44.12516" lon="5.88404">
        <ele>849.0</ele>
      </trkpt>
      <trkpt lat="44.12518" lon="5.88419">
        <ele>848.0</ele>
      </trkpt>
      <trkpt lat="44.12518" lon="5.88434">
        <ele>847.0</ele>
      </trkpt>
      <trkpt lat="44.12515" lon="5.88446">
        <ele>846.0</ele>
      </trkpt>
      <trkpt lat="44.12511" lon="5.88458">
        <ele>845.0</ele>
      </trkpt>
      <trkpt lat="44.12505" lon="5.88468">
        <ele>844.0</ele>
      </trkpt>
      <trkpt lat="44.12492" lon="5.88488">
        <ele>844.0</ele>
      </trkpt>
      <trkpt lat="44.12485" lon="5.885">
        <ele>844.0</ele>
      </trkpt>
      <trkpt lat="44.12473" lon="5.88538">
        <ele>843.0</ele>
      </trkpt>
      <trkpt lat="44.12468" lon="5.88548">
        <ele>843.0</ele>
      </trkpt>
      <trkpt lat="44.12462" lon="5.88554">
        <ele>844.0</ele>
      </trkpt>
      <trkpt lat="44.12455" lon="5.88556">
        <ele>845.0</ele>
      </trkpt>
      <trkpt lat="44.12448" lon="5.88554">
        <ele>846.0</ele>
      </trkpt>
      <trkpt lat="44.12432" lon="5.88545">
        <ele>850.0</ele>
      </trkpt>
      <trkpt lat="44.12424" lon="5.88546">
        <ele>851.0</ele>
      </trkpt>
      <trkpt lat="44.12417" lon="5.88552">
        <ele>852.0</ele>
      </trkpt>
      <trkpt lat="44.12415" lon="5.88566">
        <ele>852.0</ele>
      </trkpt>
      <trkpt lat="44.12416" lon="5.88578">
        <ele>851.0</ele>
      </trkpt>
      <trkpt lat="44.12421" lon="5.8859">
        <ele>852.0</ele>
      </trkpt>
      <trkpt lat="44.12429" lon="5.88601">
        <ele>852.0</ele>
      </trkpt>
      <trkpt lat="44.1245" lon="5.88621">
        <ele>852.0</ele>
      </trkpt>
      <trkpt lat="44.12474" lon="5.88638">
        <ele>849.0</ele>
      </trkpt>
      <trkpt lat="44.12487" lon="5.88644">
        <ele>846.0</ele>
      </trkpt>
      <trkpt lat="44.1251" lon="5.8865">
        <ele>841.0</ele>
      </trkpt>
      <trkpt lat="44.12521" lon="5.88653">
        <ele>839.0</ele>
      </trkpt>
      <trkpt lat="44.12531" lon="5.8866">
        <ele>838.0</ele>
      </trkpt>
      <trkpt lat="44.1254" lon="5.88669">
        <ele>837.0</ele>
      </trkpt>
      <trkpt lat="44.12558" lon="5.8869">
        <ele>836.0</ele>
      </trkpt>
      <trkpt lat="44.12579" lon="5.88714">
        <ele>835.0</ele>
      </trkpt>
      <trkpt lat="44.12603" lon="5.88737">
        <ele>832.0</ele>
      </trkpt>
      <trkpt lat="44.12615" lon="5.88747">
        <ele>831.0</ele>
      </trkpt>
      <trkpt lat="44.1266" lon="5.88774">
        <ele>824.0</ele>
      </trkpt>
      <trkpt lat="44.12669" lon="5.88781">
        <ele>822.0</ele>
      </trkpt>
      <trkpt lat="44.12678" lon="5.8879">
        <ele>821.0</ele>
      </trkpt>
      <trkpt lat="44.12685" lon="5.88801">
        <ele>820.0</ele>
      </trkpt>
      <trkpt lat="44.1269" lon="5.88812">
        <ele>820.0</ele>
      </trkpt>
      <trkpt lat="44.12695" lon="5.88825">
        <ele>820.0</ele>
      </trkpt>
      <trkpt lat="44.12701" lon="5.88854">
        <ele>818.0</ele>
      </trkpt>
      <trkpt lat="44.12706" lon="5.88885">
        <ele>815.0</ele>
      </trkpt>
      <trkpt lat="44.12706" lon="5.889">
        <ele>814.0</ele>
      </trkpt>
      <trkpt lat="44.12705" lon="5.88913">
        <ele>814.0</ele>
      </trkpt>
      <trkpt lat="44.12703" lon="5.88925">
        <ele>814.0</ele>
      </trkpt>
      <trkpt lat="44.12701" lon="5.88937">
        <ele>814.0</ele>
      </trkpt>
      <trkpt lat="44.12701" lon="5.88943">
        <ele>814.0</ele>
      </trkpt>
      <trkpt lat="44.12702" lon="5.88949">
        <ele>814.0</ele>
      </trkpt>
      <trkpt lat="44.12706" lon="5.88959">
        <ele>812.0</ele>
      </trkpt>
      <trkpt lat="44.12713" lon="5.88968">
        <ele>811.0</ele>
      </trkpt>
      <trkpt lat="44.1272" lon="5.88974">
        <ele>810.0</ele>
      </trkpt>
      <trkpt lat="44.12744" lon="5.88988">
        <ele>806.0</ele>
      </trkpt>
      <trkpt lat="44.12751" lon="5.88994">
        <ele>805.0</ele>
      </trkpt>
      <trkpt lat="44.12756" lon="5.89002">
        <ele>804.0</ele>
      </trkpt>
      <trkpt lat="44.12757" lon="5.89013">
        <ele>803.0</ele>
      </trkpt>
      <trkpt lat="44.12756" lon="5.89018">
        <ele>803.0</ele>
      </trkpt>
      <trkpt lat="44.12754" lon="5.89023">
        <ele>803.0</ele>
      </trkpt>
      <trkpt lat="44.12747" lon="5.89031">
        <ele>803.0</ele>
      </trkpt>
      <trkpt lat="44.12738" lon="5.89034">
        <ele>804.0</ele>
      </trkpt>
      <trkpt lat="44.12727" lon="5.89034">
        <ele>805.0</ele>
      </trkpt>
      <trkpt lat="44.12703" lon="5.89031">
        <ele>807.0</ele>
      </trkpt>
      <trkpt lat="44.12689" lon="5.89032">
        <ele>808.0</ele>
      </trkpt>
      <trkpt lat="44.12632" lon="5.89037">
        <ele>814.0</ele>
      </trkpt>
      <trkpt lat="44.12618" lon="5.89039">
        <ele>815.0</ele>
      </trkpt>
      <trkpt lat="44.12604" lon="5.89043">
        <ele>816.0</ele>
      </trkpt>
      <trkpt lat="44.1259" lon="5.89049">
        <ele>816.0</ele>
      </trkpt>
      <trkpt lat="44.12531" lon="5.89079">
        <ele>813.0</ele>
      </trkpt>
      <trkpt lat="44.12521" lon="5.89085">
        <ele>813.0</ele>
      </trkpt>
      <trkpt lat="44.12513" lon="5.89092">
        <ele>813.0</ele>
      </trkpt>
      <trkpt lat="44.12508" lon="5.89103">
        <ele>812.0</ele>
      </trkpt>
      <trkpt lat="44.12507" lon="5.89116">
        <ele>810.0</ele>
      </trkpt>
      <trkpt lat="44.1251" lon="5.89129">
        <ele>808.0</ele>
      </trkpt>
      <trkpt lat="44.12516" lon="5.89141">
        <ele>806.0</ele>
      </trkpt>
      <trkpt lat="44.12524" lon="5.89153">
        <ele>804.0</ele>
      </trkpt>
      <trkpt lat="44.12569" lon="5.89204">
        <ele>799.0</ele>
      </trkpt>
      <trkpt lat="44.12585" lon="5.89223">
        <ele>796.0</ele>
      </trkpt>
      <trkpt lat="44.12631" lon="5.89279">
        <ele>795.0</ele>
      </trkpt>
      <trkpt lat="44.12651" lon="5.89308">
        <ele>795.0</ele>
      </trkpt>
      <trkpt lat="44.12659" lon="5.89322">
        <ele>794.0</ele>
      </trkpt>
      <trkpt lat="44.12665" lon="5.89336">
        <ele>793.0</ele>
      </trkpt>
      <trkpt lat="44.1267" lon="5.8935">
        <ele>792.0</ele>
      </trkpt>
      <trkpt lat="44.12673" lon="5.89364">
        <ele>792.0</ele>
      </trkpt>
      <trkpt lat="44.12677" lon="5.89394">
        <ele>791.0</ele>
      </trkpt>
      <trkpt lat="44.12678" lon="5.8941">
        <ele>792.0</ele>
      </trkpt>
      <trkpt lat="44.12677" lon="5.89424">
        <ele>791.0</ele>
      </trkpt>
      <trkpt lat="44.12676" lon="5.89437">
        <ele>790.0</ele>
      </trkpt>
      <trkpt lat="44.12672" lon="5.89448">
        <ele>790.0</ele>
      </trkpt>
      <trkpt lat="44.12668" lon="5.89457">
        <ele>790.0</ele>
      </trkpt>
      <trkpt lat="44.1266" lon="5.89465">
        <ele>791.0</ele>
      </trkpt>
      <trkpt lat="44.12623" lon="5.89501">
        <ele>796.0</ele>
      </trkpt>
      <trkpt lat="44.12616" lon="5.89512">
        <ele>798.0</ele>
      </trkpt>
      <trkpt lat="44.12614" lon="5.89522">
        <ele>800.0</ele>
      </trkpt>
      <trkpt lat="44.12614" lon="5.89533">
        <ele>801.0</ele>
      </trkpt>
      <trkpt lat="44.12618" lon="5.89542">
        <ele>801.0</ele>
      </trkpt>
      <trkpt lat="44.12624" lon="5.89549">
        <ele>800.0</ele>
      </trkpt>
      <trkpt lat="44.12633" lon="5.89553">
        <ele>799.0</ele>
      </trkpt>
      <trkpt lat="44.12653" lon="5.89561">
        <ele>796.0</ele>
      </trkpt>
      <trkpt lat="44.12694" lon="5.89574">
        <ele>788.0</ele>
      </trkpt>
      <trkpt lat="44.12704" lon="5.89578">
        <ele>786.0</ele>
      </trkpt>
      <trkpt lat="44.12713" lon="5.89584">
        <ele>784.0</ele>
      </trkpt>
      <trkpt lat="44.12721" lon="5.89592">
        <ele>783.0</ele>
      </trkpt>
      <trkpt lat="44.12728" lon="5.89602">
        <ele>782.0</ele>
      </trkpt>
      <trkpt lat="44.12733" lon="5.89612">
        <ele>781.0</ele>
      </trkpt>
      <trkpt lat="44.12737" lon="5.89625">
        <ele>781.0</ele>
      </trkpt>
      <trkpt lat="44.12739" lon="5.89638">
        <ele>781.0</ele>
      </trkpt>
      <trkpt lat="44.12738" lon="5.89652">
        <ele>782.0</ele>
      </trkpt>
      <trkpt lat="44.12736" lon="5.89666">
        <ele>784.0</ele>
      </trkpt>
      <trkpt lat="44.12732" lon="5.89696">
        <ele>783.0</ele>
      </trkpt>
      <trkpt lat="44.12732" lon="5.89711">
        <ele>782.0</ele>
      </trkpt>
      <trkpt lat="44.12735" lon="5.8974">
        <ele>779.0</ele>
      </trkpt>
      <trkpt lat="44.12734" lon="5.89753">
        <ele>778.0</ele>
      </trkpt>
      <trkpt lat="44.12731" lon="5.89763">
        <ele>777.0</ele>
      </trkpt>
      <trkpt lat="44.12725" lon="5.89771">
        <ele>778.0</ele>
      </trkpt>
      <trkpt lat="44.12718" lon="5.89778">
        <ele>778.0</ele>
      </trkpt>
      <trkpt lat="44.127" lon="5.89789">
        <ele>782.0</ele>
      </trkpt>
      <trkpt lat="44.12691" lon="5.89797">
        <ele>783.0</ele>
      </trkpt>
      <trkpt lat="44.12684" lon="5.89808">
        <ele>783.0</ele>
      </trkpt>
      <trkpt lat="44.12679" lon="5.89821">
        <ele>782.0</ele>
      </trkpt>
      <trkpt lat="44.12676" lon="5.89836">
        <ele>780.0</ele>
      </trkpt>
      <trkpt lat="44.12672" lon="5.89868">
        <ele>777.0</ele>
      </trkpt>
      <trkpt lat="44.12671" lon="5.89903">
        <ele>774.0</ele>
      </trkpt>
      <trkpt lat="44.12672" lon="5.89921">
        <ele>772.0</ele>
      </trkpt>
      <trkpt lat="44.12674" lon="5.89933">
        <ele>771.0</ele>
      </trkpt>
      <trkpt lat="44.12681" lon="5.89954">
        <ele>770.0</ele>
      </trkpt>
      <trkpt lat="44.12688" lon="5.89972">
        <ele>770.0</ele>
      </trkpt>
      <trkpt lat="44.12713" lon="5.90034">
        <ele>775.0</ele>
      </trkpt>
      <trkpt lat="44.12723" lon="5.90045">
        <ele>777.0</ele>
      </trkpt>
      <trkpt lat="44.12735" lon="5.90052">
        <ele>779.0</ele>
      </trkpt>
      <trkpt lat="44.12747" lon="5.90054">
        <ele>779.0</ele>
      </trkpt>
      <trkpt lat="44.12759" lon="5.90052">
        <ele>778.0</ele>
      </trkpt>
      <trkpt lat="44.1277" lon="5.90049">
        <ele>778.0</ele>
      </trkpt>
      <trkpt lat="44.12781" lon="5.90044">
        <ele>776.0</ele>
      </trkpt>
      <trkpt lat="44.12822" lon="5.90019">
        <ele>770.0</ele>
      </trkpt>
      <trkpt lat="44.12833" lon="5.90016">
        <ele>769.0</ele>
      </trkpt>
      <trkpt lat="44.12843" lon="5.90016">
        <ele>769.0</ele>
      </trkpt>
      <trkpt lat="44.12852" lon="5.90018">
        <ele>769.0</ele>
      </trkpt>
      <trkpt lat="44.1286" lon="5.90028">
        <ele>770.0</ele>
      </trkpt>
      <trkpt lat="44.12868" lon="5.90044">
        <ele>772.0</ele>
      </trkpt>
      <trkpt lat="44.12898" lon="5.90101">
        <ele>777.0</ele>
      </trkpt>
      <trkpt lat="44.12907" lon="5.90115">
        <ele>777.0</ele>
      </trkpt>
      <trkpt lat="44.12917" lon="5.90124">
        <ele>777.0</ele>
      </trkpt>
      <trkpt lat="44.12926" lon="5.90129">
        <ele>776.0</ele>
      </trkpt>
      <trkpt lat="44.12939" lon="5.90134">
        <ele>776.0</ele>
      </trkpt>
      <trkpt lat="44.12952" lon="5.90137">
        <ele>775.0</ele>
      </trkpt>
      <trkpt lat="44.12995" lon="5.90136">
        <ele>771.0</ele>
      </trkpt>
      <trkpt lat="44.1304" lon="5.90133">
        <ele>763.0</ele>
      </trkpt>
      <trkpt lat="44.13063" lon="5.90136">
        <ele>759.0</ele>
      </trkpt>
      <trkpt lat="44.13072" lon="5.90139">
        <ele>758.0</ele>
      </trkpt>
      <trkpt lat="44.13079" lon="5.90145">
        <ele>757.0</ele>
      </trkpt>
      <trkpt lat="44.13083" lon="5.90154">
        <ele>758.0</ele>
      </trkpt>
      <trkpt lat="44.13085" lon="5.90165">
        <ele>758.0</ele>
      </trkpt>
      <trkpt lat="44.13084" lon="5.90177">
        <ele>758.0</ele>
      </trkpt>
      <trkpt lat="44.13081" lon="5.9019">
        <ele>757.0</ele>
      </trkpt>
      <trkpt lat="44.13075" lon="5.90204">
        <ele>758.0</ele>
      </trkpt>
      <trkpt lat="44.13069" lon="5.90218">
        <ele>758.0</ele>
      </trkpt>
      <trkpt lat="44.13053" lon="5.90247">
        <ele>759.0</ele>
      </trkpt>
      <trkpt lat="44.13046" lon="5.90264">
        <ele>760.0</ele>
      </trkpt>
      <trkpt lat="44.13039" lon="5.90282">
        <ele>760.0</ele>
      </trkpt>
      <trkpt lat="44.13034" lon="5.903">
        <ele>759.0</ele>
      </trkpt>
      <trkpt lat="44.1303" lon="5.90318">
        <ele>758.0</ele>
      </trkpt>
      <trkpt lat="44.13027" lon="5.90336">
        <ele>757.0</ele>
      </trkpt>
      <trkpt lat="44.13026" lon="5.90354">
        <ele>755.0</ele>
      </trkpt>
      <trkpt lat="44.13027" lon="5.90372">
        <ele>753.0</ele>
      </trkpt>
      <trkpt lat="44.13034" lon="5.90421">
        <ele>745.0</ele>
      </trkpt>
      <trkpt lat="44.13036" lon="5.90436">
        <ele>743.0</ele>
      </trkpt>
      <trkpt lat="44.13035" lon="5.9045">
        <ele>742.0</ele>
      </trkpt>
      <trkpt lat="44.13032" lon="5.90461">
        <ele>742.0</ele>
      </trkpt>
      <trkpt lat="44.13027" lon="5.90469">
        <ele>742.0</ele>
      </trkpt>
      <trkpt lat="44.1302" lon="5.90476">
        <ele>743.0</ele>
      </trkpt>
      <trkpt lat="44.13003" lon="5.90489">
        <ele>745.0</ele>
      </trkpt>
      <trkpt lat="44.12995" lon="5.90498">
        <ele>746.0</ele>
      </trkpt>
      <trkpt lat="44.12988" lon="5.90509">
        <ele>747.0</ele>
      </trkpt>
      <trkpt lat="44.12983" lon="5.90521">
        <ele>747.0</ele>
      </trkpt>
      <trkpt lat="44.1298" lon="5.90534">
        <ele>747.0</ele>
      </trkpt>
      <trkpt lat="44.12979" lon="5.90545">
        <ele>746.0</ele>
      </trkpt>
      <trkpt lat="44.1298" lon="5.90556">
        <ele>744.0</ele>
      </trkpt>
      <trkpt lat="44.12984" lon="5.90564">
        <ele>743.0</ele>
      </trkpt>
      <trkpt lat="44.12989" lon="5.90572">
        <ele>741.0</ele>
      </trkpt>
      <trkpt lat="44.13036" lon="5.90623">
        <ele>734.0</ele>
      </trkpt>
      <trkpt lat="44.13057" lon="5.90637">
        <ele>732.0</ele>
      </trkpt>
      <trkpt lat="44.13077" lon="5.90636">
        <ele>730.0</ele>
      </trkpt>
      <trkpt lat="44.13084" lon="5.90635">
        <ele>729.0</ele>
      </trkpt>
      <trkpt lat="44.1315" lon="5.90624">
        <ele>724.0</ele>
      </trkpt>
      <trkpt lat="44.13224" lon="5.90618">
        <ele>718.0</ele>
      </trkpt>
      <trkpt lat="44.13237" lon="5.90616">
        <ele>717.0</ele>
      </trkpt>
      <trkpt lat="44.13251" lon="5.90611">
        <ele>715.0</ele>
      </trkpt>
      <trkpt lat="44.13263" lon="5.90604">
        <ele>714.0</ele>
      </trkpt>
      <trkpt lat="44.13287" lon="5.90587">
        <ele>711.0</ele>
      </trkpt>
      <trkpt lat="44.13298" lon="5.90582">
        <ele>710.0</ele>
      </trkpt>
      <trkpt lat="44.1331" lon="5.90579">
        <ele>709.0</ele>
      </trkpt>
      <trkpt lat="44.13374" lon="5.90584">
        <ele>704.0</ele>
      </trkpt>
      <trkpt lat="44.13412" lon="5.90588">
        <ele>701.0</ele>
      </trkpt>
      <trkpt lat="44.13426" lon="5.90592">
        <ele>701.0</ele>
      </trkpt>
      <trkpt lat="44.13464" lon="5.90606">
        <ele>701.0</ele>
      </trkpt>
      <trkpt lat="44.13476" lon="5.90606">
        <ele>700.0</ele>
      </trkpt>
      <trkpt lat="44.13481" lon="5.90604">
        <ele>700.0</ele>
      </trkpt>
      <trkpt lat="44.13488" lon="5.90602">
        <ele>699.0</ele>
      </trkpt>
      <trkpt lat="44.13515" lon="5.90588">
        <ele>696.0</ele>
      </trkpt>
      <trkpt lat="44.13521" lon="5.90583">
        <ele>695.0</ele>
      </trkpt>
      <trkpt lat="44.13526" lon="5.90574">
        <ele>695.0</ele>
      </trkpt>
      <trkpt lat="44.13528" lon="5.90563">
        <ele>694.0</ele>
      </trkpt>
      <trkpt lat="44.13533" lon="5.90536">
        <ele>691.0</ele>
      </trkpt>
      <trkpt lat="44.13537" lon="5.90522">
        <ele>690.0</ele>
      </trkpt>
      <trkpt lat="44.13543" lon="5.90509">
        <ele>689.0</ele>
      </trkpt>
      <trkpt lat="44.1355" lon="5.90498">
        <ele>688.0</ele>
      </trkpt>
      <trkpt lat="44.13559" lon="5.90487">
        <ele>688.0</ele>
      </trkpt>
      <trkpt lat="44.13569" lon="5.90477">
        <ele>687.0</ele>
      </trkpt>
      <trkpt lat="44.13578" lon="5.90469">
        <ele>687.0</ele>
      </trkpt>
      <trkpt lat="44.13619" lon="5.90441">
        <ele>684.0</ele>
      </trkpt>
      <trkpt lat="44.13652" lon="5.90421">
        <ele>680.0</ele>
      </trkpt>
      <trkpt lat="44.13679" lon="5.90408">
        <ele>678.0</ele>
      </trkpt>
      <trkpt lat="44.13702" lon="5.90399">
        <ele>677.0</ele>
      </trkpt>
      <trkpt lat="44.13754" lon="5.90383">
        <ele>674.0</ele>
      </trkpt>
      <trkpt lat="44.13761" lon="5.90379">
        <ele>673.0</ele>
      </trkpt>
      <trkpt lat="44.13767" lon="5.90374">
        <ele>672.0</ele>
      </trkpt>
      <trkpt lat="44.13773" lon="5.90367">
        <ele>671.0</ele>
      </trkpt>
      <trkpt lat="44.13776" lon="5.9036">
        <ele>671.0</ele>
      </trkpt>
      <trkpt lat="44.13783" lon="5.90344">
        <ele>668.0</ele>
      </trkpt>
      <trkpt lat="44.13804" lon="5.90284">
        <ele>663.0</ele>
      </trkpt>
      <trkpt lat="44.13818" lon="5.90254">
        <ele>661.0</ele>
      </trkpt>
      <trkpt lat="44.13841" lon="5.9019">
        <ele>656.0</ele>
      </trkpt>
      <trkpt lat="44.13852" lon="5.90161">
        <ele>654.0</ele>
      </trkpt>
      <trkpt lat="44.13867" lon="5.90103">
        <ele>648.0</ele>
      </trkpt>
      <trkpt lat="44.1387" lon="5.9009">
        <ele>647.0</ele>
      </trkpt>
      <trkpt lat="44.13873" lon="5.90081">
        <ele>646.0</ele>
      </trkpt>
      <trkpt lat="44.13882" lon="5.90055">
        <ele>644.0</ele>
      </trkpt>
      <trkpt lat="44.13889" lon="5.9004">
        <ele>643.0</ele>
      </trkpt>
      <trkpt lat="44.13898" lon="5.90027">
        <ele>642.0</ele>
      </trkpt>
      <trkpt lat="44.13908" lon="5.90017">
        <ele>641.0</ele>
      </trkpt>
      <trkpt lat="44.13931" lon="5.89998">
        <ele>639.0</ele>
      </trkpt>
      <trkpt lat="44.1394" lon="5.89986">
        <ele>638.0</ele>
      </trkpt>
      <trkpt lat="44.13943" lon="5.8998">
        <ele>638.0</ele>
      </trkpt>
      <trkpt lat="44.13948" lon="5.89972">
        <ele>637.0</ele>
      </trkpt>
      <trkpt lat="44.13963" lon="5.89939">
        <ele>635.0</ele>
      </trkpt>
      <trkpt lat="44.13971" lon="5.89925">
        <ele>634.0</ele>
      </trkpt>
      <trkpt lat="44.13982" lon="5.89913">
        <ele>633.0</ele>
      </trkpt>
      <trkpt lat="44.14004" lon="5.8989">
        <ele>630.0</ele>
      </trkpt>
      <trkpt lat="44.14015" lon="5.89876">
        <ele>629.0</ele>
      </trkpt>
      <trkpt lat="44.14035" lon="5.89843">
        <ele>626.0</ele>
      </trkpt>
      <trkpt lat="44.14066" lon="5.89788">
        <ele>623.0</ele>
      </trkpt>
      <trkpt lat="44.14077" lon="5.8977">
        <ele>623.0</ele>
      </trkpt>
      <trkpt lat="44.141" lon="5.89738">
        <ele>620.0</ele>
      </trkpt>
      <trkpt lat="44.14123" lon="5.89713">
        <ele>618.0</ele>
      </trkpt>
      <trkpt lat="44.14138" lon="5.89697">
        <ele>617.0</ele>
      </trkpt>
      <trkpt lat="44.1416" lon="5.89668">
        <ele>614.0</ele>
      </trkpt>
      <trkpt lat="44.14205" lon="5.89604">
        <ele>610.0</ele>
      </trkpt>
      <trkpt lat="44.14217" lon="5.8959">
        <ele>609.0</ele>
      </trkpt>
      <trkpt lat="44.14224" lon="5.89581">
        <ele>609.0</ele>
      </trkpt>
      <trkpt lat="44.1424" lon="5.89566">
        <ele>608.0</ele>
      </trkpt>
      <trkpt lat="44.14264" lon="5.89548">
        <ele>607.0</ele>
      </trkpt>
      <trkpt lat="44.14274" lon="5.89538">
        <ele>606.0</ele>
      </trkpt>
      <trkpt lat="44.14282" lon="5.89526">
        <ele>605.0</ele>
      </trkpt>
      <trkpt lat="44.14303" lon="5.89492">
        <ele>604.0</ele>
      </trkpt>
      <trkpt lat="44.14331" lon="5.8945">
        <ele>603.0</ele>
      </trkpt>
      <trkpt lat="44.14355" lon="5.8941">
        <ele>602.0</ele>
      </trkpt>
      <trkpt lat="44.14358" lon="5.89405">
        <ele>601.0</ele>
      </trkpt>
      <trkpt lat="44.14378" lon="5.89381">
        <ele>600.0</ele>
      </trkpt>
      <trkpt lat="44.14387" lon="5.89366">
        <ele>599.0</ele>
      </trkpt>
      <trkpt lat="44.14395" lon="5.8935">
        <ele>599.0</ele>
      </trkpt>
      <trkpt lat="44.14402" lon="5.89332">
        <ele>598.0</ele>
      </trkpt>
      <trkpt lat="44.1441" lon="5.89314">
        <ele>597.0</ele>
      </trkpt>
      <trkpt lat="44.14439" lon="5.89262">
        <ele>593.0</ele>
      </trkpt>
      <trkpt lat="44.14455" lon="5.8923">
        <ele>592.0</ele>
      </trkpt>
      <trkpt lat="44.14477" lon="5.89188">
        <ele>590.0</ele>
      </trkpt>
      <trkpt lat="44.14483" lon="5.89174">
        <ele>589.0</ele>
      </trkpt>
      <trkpt lat="44.14488" lon="5.8916">
        <ele>589.0</ele>
      </trkpt>
      <trkpt lat="44.14495" lon="5.89136">
        <ele>587.0</ele>
      </trkpt>
      <trkpt lat="44.14506" lon="5.89072">
        <ele>584.0</ele>
      </trkpt>
      <trkpt lat="44.1451" lon="5.89063">
        <ele>583.0</ele>
      </trkpt>
      <trkpt lat="44.14516" lon="5.89054">
        <ele>583.0</ele>
      </trkpt>
      <trkpt lat="44.14523" lon="5.89047">
        <ele>582.0</ele>
      </trkpt>
      <trkpt lat="44.14541" lon="5.89032">
        <ele>580.0</ele>
      </trkpt>
      <trkpt lat="44.14563" lon="5.89018">
        <ele>579.0</ele>
      </trkpt>
      <trkpt lat="44.14584" lon="5.89008">
        <ele>577.0</ele>
      </trkpt>
      <trkpt lat="44.14602" lon="5.88997">
        <ele>576.0</ele>
      </trkpt>
      <trkpt lat="44.1461" lon="5.88989">
        <ele>576.0</ele>
      </trkpt>
      <trkpt lat="44.14616" lon="5.88979">
        <ele>576.0</ele>
      </trkpt>
      <trkpt lat="44.14623" lon="5.88965">
        <ele>575.0</ele>
      </trkpt>
      <trkpt lat="44.14627" lon="5.88953">
        <ele>575.0</ele>
      </trkpt>
      <trkpt lat="44.14632" lon="5.88936">
        <ele>575.0</ele>
      </trkpt>
      <trkpt lat="44.14637" lon="5.88917">
        <ele>574.0</ele>
      </trkpt>
      <trkpt lat="44.14638" lon="5.88914">
        <ele>575.0</ele>
      </trkpt>
      <trkpt lat="44.14641" lon="5.88902">
        <ele>575.0</ele>
      </trkpt>
      <trkpt lat="44.14643" lon="5.88883">
        <ele>576.0</ele>
      </trkpt>
      <trkpt lat="44.14643" lon="5.88863">
        <ele>577.0</ele>
      </trkpt>
      <trkpt lat="44.14641" lon="5.88846">
        <ele>578.0</ele>
      </trkpt>
      <trkpt lat="44.14638" lon="5.88829">
        <ele>579.0</ele>
      </trkpt>
      <trkpt lat="44.1463" lon="5.88805">
        <ele>580.0</ele>
      </trkpt>
      <trkpt lat="44.14626" lon="5.88789">
        <ele>580.0</ele>
      </trkpt>
      <trkpt lat="44.14626" lon="5.88769">
        <ele>581.0</ele>
      </trkpt>
      <trkpt lat="44.14629" lon="5.88748">
        <ele>581.0</ele>
      </trkpt>
      <trkpt lat="44.14634" lon="5.88736">
        <ele>581.0</ele>
      </trkpt>
      <trkpt lat="44.14643" lon="5.88721">
        <ele>581.0</ele>
      </trkpt>
      <trkpt lat="44.14663" lon="5.88698">
        <ele>579.0</ele>
      </trkpt>
      <trkpt lat="44.14673" lon="5.88687">
        <ele>578.0</ele>
      </trkpt>
      <trkpt lat="44.14675" lon="5.88685">
        <ele>578.0</ele>
      </trkpt>
      <trkpt lat="44.14681" lon="5.88678">
        <ele>577.0</ele>
      </trkpt>
      <trkpt lat="44.14697" lon="5.88663">
        <ele>576.0</ele>
      </trkpt>
      <trkpt lat="44.14742" lon="5.88627">
        <ele>574.0</ele>
      </trkpt>
      <trkpt lat="44.1476" lon="5.88608">
        <ele>573.0</ele>
      </trkpt>
      <trkpt lat="44.14782" lon="5.88578">
        <ele>572.0</ele>
      </trkpt>
      <trkpt lat="44.14805" lon="5.88554">
        <ele>570.0</ele>
      </trkpt>
      <trkpt lat="44.14816" lon="5.88542">
        <ele>569.0</ele>
      </trkpt>
      <trkpt lat="44.14824" lon="5.88531">
        <ele>569.0</ele>
      </trkpt>
      <trkpt lat="44.14826" lon="5.88519">
        <ele>568.0</ele>
      </trkpt>
      <trkpt lat="44.14826" lon="5.88509">
        <ele>568.0</ele>
      </trkpt>
      <trkpt lat="44.14819" lon="5.88473">
        <ele>567.0</ele>
      </trkpt>
      <trkpt lat="44.14817" lon="5.88466">
        <ele>567.0</ele>
      </trkpt>
      <trkpt lat="44.14817" lon="5.88458">
        <ele>567.0</ele>
      </trkpt>
      <trkpt lat="44.14818" lon="5.88444">
        <ele>566.0</ele>
      </trkpt>
      <trkpt lat="44.14821" lon="5.88423">
        <ele>565.0</ele>
      </trkpt>
      <trkpt lat="44.14825" lon="5.88397">
        <ele>564.0</ele>
      </trkpt>
      <trkpt lat="44.14838" lon="5.88319">
        <ele>562.0</ele>
      </trkpt>
      <trkpt lat="44.14841" lon="5.88308">
        <ele>562.0</ele>
      </trkpt>
      <trkpt lat="44.14853" lon="5.88271">
        <ele>560.0</ele>
      </trkpt>
      <trkpt lat="44.14855" lon="5.88258">
        <ele>559.0</ele>
      </trkpt>
      <trkpt lat="44.14857" lon="5.88247">
        <ele>559.0</ele>
      </trkpt>
      <trkpt lat="44.14857" lon="5.88239">
        <ele>559.0</ele>
      </trkpt>
      <trkpt lat="44.14853" lon="5.88215">
        <ele>559.0</ele>
      </trkpt>
      <trkpt lat="44.14853" lon="5.88213">
        <ele>559.0</ele>
      </trkpt>
      <trkpt lat="44.14838" lon="5.8815">
        <ele>560.0</ele>
      </trkpt>
      <trkpt lat="44.14832" lon="5.88131">
        <ele>560.0</ele>
      </trkpt>
      <trkpt lat="44.14828" lon="5.88122">
        <ele>560.0</ele>
      </trkpt>
      <trkpt lat="44.14825" lon="5.88116">
        <ele>560.0</ele>
      </trkpt>
      <trkpt lat="44.14798" lon="5.88072">
        <ele>559.0</ele>
      </trkpt>
      <trkpt lat="44.14795" lon="5.88065">
        <ele>559.0</ele>
      </trkpt>
      <trkpt lat="44.14792" lon="5.88055">
        <ele>559.0</ele>
      </trkpt>
      <trkpt lat="44.14792" lon="5.88042">
        <ele>558.0</ele>
      </trkpt>
      <trkpt lat="44.14793" lon="5.88036">
        <ele>558.0</ele>
      </trkpt>
      <trkpt lat="44.14812" lon="5.8799">
        <ele>556.0</ele>
      </trkpt>
      <trkpt lat="44.14819" lon="5.87973">
        <ele>555.0</ele>
      </trkpt>
      <trkpt lat="44.14878" lon="5.87855">
        <ele>551.0</ele>
      </trkpt>
      <trkpt lat="44.14913" lon="5.87799">
        <ele>548.0</ele>
      </trkpt>
      <trkpt lat="44.14971" lon="5.87707">
        <ele>545.0</ele>
      </trkpt>
      <trkpt lat="44.14984" lon="5.87688">
        <ele>545.0</ele>
      </trkpt>
      <trkpt lat="44.14986" lon="5.87685">
        <ele>544.0</ele>
      </trkpt>
      <trkpt lat="44.15008" lon="5.87661">
        <ele>544.0</ele>
      </trkpt>
      <trkpt lat="44.15017" lon="5.87653">
        <ele>545.0</ele>
      </trkpt>
      <trkpt lat="44.15034" lon="5.87643">
        <ele>545.0</ele>
      </trkpt>
      <trkpt lat="44.15049" lon="5.87639">
        <ele>545.0</ele>
      </trkpt>
      <trkpt lat="44.15064" lon="5.87636">
        <ele>545.0</ele>
      </trkpt>
      <trkpt lat="44.15101" lon="5.87632">
        <ele>544.0</ele>
      </trkpt>
      <trkpt lat="44.15106" lon="5.87632">
        <ele>544.0</ele>
      </trkpt>
      <trkpt lat="44.15152" lon="5.87628">
        <ele>542.0</ele>
      </trkpt>
      <trkpt lat="44.15178" lon="5.87627">
        <ele>542.0</ele>
      </trkpt>
      <trkpt lat="44.15185" lon="5.87625">
        <ele>542.0</ele>
      </trkpt>
      <trkpt lat="44.15192" lon="5.87619">
        <ele>542.0</ele>
      </trkpt>
      <trkpt lat="44.15197" lon="5.87613">
        <ele>542.0</ele>
      </trkpt>
      <trkpt lat="44.15204" lon="5.876">
        <ele>541.0</ele>
      </trkpt>
      <trkpt lat="44.15211" lon="5.87576">
        <ele>539.0</ele>
      </trkpt>
      <trkpt lat="44.15221" lon="5.87537">
        <ele>539.0</ele>
      </trkpt>
      <trkpt lat="44.15229" lon="5.87514">
        <ele>538.0</ele>
      </trkpt>
      <trkpt lat="44.15236" lon="5.87498">
        <ele>537.0</ele>
      </trkpt>
      <trkpt lat="44.15246" lon="5.8748">
        <ele>536.0</ele>
      </trkpt>
      <trkpt lat="44.15258" lon="5.87462">
        <ele>536.0</ele>
      </trkpt>
      <trkpt lat="44.15275" lon="5.87441">
        <ele>537.0</ele>
      </trkpt>
      <trkpt lat="44.15279" lon="5.87436">
        <ele>537.0</ele>
      </trkpt>
      <trkpt lat="44.15332" lon="5.87381">
        <ele>537.0</ele>
      </trkpt>
      <trkpt lat="44.15348" lon="5.87366">
        <ele>537.0</ele>
      </trkpt>
      <trkpt lat="44.15383" lon="5.87339">
        <ele>537.0</ele>
      </trkpt>
      <trkpt lat="44.15423" lon="5.87309">
        <ele>535.0</ele>
      </trkpt>
      <trkpt lat="44.1552" lon="5.87243">
        <ele>538.0</ele>
      </trkpt>
      <trkpt lat="44.15535" lon="5.87227">
        <ele>540.0</ele>
      </trkpt>
      <trkpt lat="44.15562" lon="5.87194">
        <ele>540.0</ele>
      </trkpt>
      <trkpt lat="44.15597" lon="5.87147">
        <ele>540.0</ele>
      </trkpt>
      <trkpt lat="44.15603" lon="5.87139">
        <ele>540.0</ele>
      </trkpt>
      <trkpt lat="44.15612" lon="5.87124">
        <ele>540.0</ele>
      </trkpt>
      <trkpt lat="44.1563" lon="5.87085">
        <ele>537.0</ele>
      </trkpt>
      <trkpt lat="44.15641" lon="5.87068">
        <ele>536.0</ele>
      </trkpt>
      <trkpt lat="44.15664" lon="5.87036">
        <ele>533.0</ele>
      </trkpt>
      <trkpt lat="44.15683" lon="5.87018">
        <ele>532.0</ele>
      </trkpt>
      <trkpt lat="44.15704" lon="5.86999">
        <ele>530.0</ele>
      </trkpt>
      <trkpt lat="44.15724" lon="5.86975">
        <ele>529.0</ele>
      </trkpt>
      <trkpt lat="44.15728" lon="5.86972">
        <ele>529.0</ele>
      </trkpt>
      <trkpt lat="44.15736" lon="5.86967">
        <ele>528.0</ele>
      </trkpt>
      <trkpt lat="44.15752" lon="5.8696">
        <ele>528.0</ele>
      </trkpt>
      <trkpt lat="44.15764" lon="5.86955">
        <ele>526.0</ele>
      </trkpt>
      <trkpt lat="44.15778" lon="5.86947">
        <ele>525.0</ele>
      </trkpt>
      <trkpt lat="44.15783" lon="5.86943">
        <ele>524.0</ele>
      </trkpt>
      <trkpt lat="44.15791" lon="5.86937">
        <ele>523.0</ele>
      </trkpt>
      <trkpt lat="44.15799" lon="5.86929">
        <ele>522.0</ele>
      </trkpt>
      <trkpt lat="44.15819" lon="5.86907">
        <ele>522.0</ele>
      </trkpt>
      <trkpt lat="44.15823" lon="5.86902">
        <ele>522.0</ele>
      </trkpt>
      <trkpt lat="44.15831" lon="5.86897">
        <ele>523.0</ele>
      </trkpt>
      <trkpt lat="44.15843" lon="5.86892">
        <ele>523.0</ele>
      </trkpt>
      <trkpt lat="44.15903" lon="5.86871">
        <ele>522.0</ele>
      </trkpt>
      <trkpt lat="44.15936" lon="5.86854">
        <ele>522.0</ele>
      </trkpt>
      <trkpt lat="44.16006" lon="5.86794">
        <ele>523.0</ele>
      </trkpt>
      <trkpt lat="44.16019" lon="5.86785">
        <ele>523.0</ele>
      </trkpt>
      <trkpt lat="44.16033" lon="5.8678">
        <ele>523.0</ele>
      </trkpt>
      <trkpt lat="44.16047" lon="5.86778">
        <ele>523.0</ele>
      </trkpt>
      <trkpt lat="44.16061" lon="5.86782">
        <ele>522.0</ele>
      </trkpt>
      <trkpt lat="44.16075" lon="5.86789">
        <ele>521.0</ele>
      </trkpt>
      <trkpt lat="44.16114" lon="5.8682">
        <ele>519.0</ele>
      </trkpt>
      <trkpt lat="44.16127" lon="5.86827">
        <ele>519.0</ele>
      </trkpt>
      <trkpt lat="44.16142" lon="5.86833">
        <ele>519.0</ele>
      </trkpt>
      <trkpt lat="44.16156" lon="5.86837">
        <ele>519.0</ele>
      </trkpt>
      <trkpt lat="44.16171" lon="5.8684">
        <ele>519.0</ele>
      </trkpt>
      <trkpt lat="44.16185" lon="5.86845">
        <ele>519.0</ele>
      </trkpt>
      <trkpt lat="44.16198" lon="5.86853">
        <ele>518.0</ele>
      </trkpt>
      <trkpt lat="44.16204" lon="5.86859">
        <ele>518.0</ele>
      </trkpt>
      <trkpt lat="44.1621" lon="5.86866">
        <ele>517.0</ele>
      </trkpt>
      <trkpt lat="44.16245" lon="5.86913">
        <ele>516.0</ele>
      </trkpt>
      <trkpt lat="44.16257" lon="5.86927">
        <ele>516.0</ele>
      </trkpt>
      <trkpt lat="44.16271" lon="5.8694">
        <ele>515.0</ele>
      </trkpt>
      <trkpt lat="44.16284" lon="5.86951">
        <ele>515.0</ele>
      </trkpt>
      <trkpt lat="44.16298" lon="5.86959">
        <ele>514.0</ele>
      </trkpt>
      <trkpt lat="44.1633" lon="5.86969">
        <ele>514.0</ele>
      </trkpt>
      <trkpt lat="44.16345" lon="5.86976">
        <ele>513.0</ele>
      </trkpt>
      <trkpt lat="44.16354" lon="5.86987">
        <ele>512.0</ele>
      </trkpt>
      <trkpt lat="44.16394" lon="5.87083">
        <ele>509.0</ele>
      </trkpt>
      <trkpt lat="44.16404" lon="5.87095">
        <ele>508.0</ele>
      </trkpt>
      <trkpt lat="44.16412" lon="5.871">
        <ele>508.0</ele>
      </trkpt>
      <trkpt lat="44.16417" lon="5.87104">
        <ele>508.0</ele>
      </trkpt>
      <trkpt lat="44.16431" lon="5.87108">
        <ele>508.0</ele>
      </trkpt>
      <trkpt lat="44.16447" lon="5.87109">
        <ele>508.0</ele>
      </trkpt>
      <trkpt lat="44.16539" lon="5.87105">
        <ele>507.0</ele>
      </trkpt>
      <trkpt lat="44.16595" lon="5.87105">
        <ele>507.0</ele>
      </trkpt>
      <trkpt lat="44.1663" lon="5.87105">
        <ele>507.0</ele>
      </trkpt>
      <trkpt lat="44.16701" lon="5.87104">
        <ele>509.0</ele>
      </trkpt>
      <trkpt lat="44.16713" lon="5.87108">
        <ele>510.0</ele>
      </trkpt>
      <trkpt lat="44.16723" lon="5.87113">
        <ele>511.0</ele>
      </trkpt>
      <trkpt lat="44.16738" lon="5.87127">
        <ele>512.0</ele>
      </trkpt>
      <trkpt lat="44.16747" lon="5.87132">
        <ele>512.0</ele>
      </trkpt>
      <trkpt lat="44.16745" lon="5.87117">
        <ele>512.0</ele>
      </trkpt>
      <trkpt lat="44.16728" lon="5.87032">
        <ele>513.0</ele>
      </trkpt>
      <trkpt lat="44.16725" lon="5.86985">
        <ele>515.0</ele>
      </trkpt>
      <trkpt lat="44.1672" lon="5.86835">
        <ele>519.0</ele>
      </trkpt>
      <trkpt lat="44.16712" lon="5.8675">
        <ele>518.0</ele>
      </trkpt>
      <trkpt lat="44.1671" lon="5.86707">
        <ele>517.0</ele>
      </trkpt>
      <trkpt lat="44.1671" lon="5.8653">
        <ele>517.0</ele>
      </trkpt>
      <trkpt lat="44.16708" lon="5.86465">
        <ele>517.0</ele>
      </trkpt>
      <trkpt lat="44.16709" lon="5.86403">
        <ele>518.0</ele>
      </trkpt>
      <trkpt lat="44.16711" lon="5.86383">
        <ele>518.0</ele>
      </trkpt>
      <trkpt lat="44.16711" lon="5.86364">
        <ele>518.0</ele>
      </trkpt>
      <trkpt lat="44.16711" lon="5.86344">
        <ele>518.0</ele>
      </trkpt>
      <trkpt lat="44.16706" lon="5.86286">
        <ele>518.0</ele>
      </trkpt>
      <trkpt lat="44.16696" lon="5.86204">
        <ele>519.0</ele>
      </trkpt>
      <trkpt lat="44.16682" lon="5.8603">
        <ele>520.0</ele>
      </trkpt>
      <trkpt lat="44.1668" lon="5.85963">
        <ele>521.0</ele>
      </trkpt>
      <trkpt lat="44.16682" lon="5.85859">
        <ele>520.0</ele>
      </trkpt>
      <trkpt lat="44.16683" lon="5.85823">
        <ele>520.0</ele>
      </trkpt>
      <trkpt lat="44.16688" lon="5.85713">
        <ele>523.0</ele>
      </trkpt>
      <trkpt lat="44.16694" lon="5.85677">
        <ele>526.0</ele>
      </trkpt>
      <trkpt lat="44.16708" lon="5.85612">
        <ele>530.0</ele>
      </trkpt>
      <trkpt lat="44.16709" lon="5.85582">
        <ele>531.0</ele>
      </trkpt>
      <trkpt lat="44.16707" lon="5.85538">
        <ele>531.0</ele>
      </trkpt>
      <trkpt lat="44.16712" lon="5.85483">
        <ele>531.0</ele>
      </trkpt>
      <trkpt lat="44.16718" lon="5.85428">
        <ele>531.0</ele>
      </trkpt>
      <trkpt lat="44.1673" lon="5.85324">
        <ele>529.0</ele>
      </trkpt>
      <trkpt lat="44.16733" lon="5.85306">
        <ele>529.0</ele>
      </trkpt>
      <trkpt lat="44.16744" lon="5.85273">
        <ele>529.0</ele>
      </trkpt>
      <trkpt lat="44.16768" lon="5.85228">
        <ele>530.0</ele>
      </trkpt>
      <trkpt lat="44.16775" lon="5.8521">
        <ele>530.0</ele>
      </trkpt>
      <trkpt lat="44.1678" lon="5.85195">
        <ele>530.0</ele>
      </trkpt>
      <trkpt lat="44.16796" lon="5.85122">
        <ele>530.0</ele>
      </trkpt>
      <trkpt lat="44.16802" lon="5.8508">
        <ele>531.0</ele>
      </trkpt>
      <trkpt lat="44.16804" lon="5.85066">
        <ele>531.0</ele>
      </trkpt>
      <trkpt lat="44.16807" lon="5.85028">
        <ele>531.0</ele>
      </trkpt>
      <trkpt lat="44.16807" lon="5.85008">
        <ele>531.0</ele>
      </trkpt>
      <trkpt lat="44.16804" lon="5.84973">
        <ele>530.0</ele>
      </trkpt>
      <trkpt lat="44.16802" lon="5.84954">
        <ele>530.0</ele>
      </trkpt>
      <trkpt lat="44.16802" lon="5.84949">
        <ele>530.0</ele>
      </trkpt>
      <trkpt lat="44.16795" lon="5.84877">
        <ele>530.0</ele>
      </trkpt>
      <trkpt lat="44.16795" lon="5.84873">
        <ele>530.0</ele>
      </trkpt>
      <trkpt lat="44.16796" lon="5.84851">
        <ele>530.0</ele>
      </trkpt>
      <trkpt lat="44.16799" lon="5.84829">
        <ele>531.0</ele>
      </trkpt>
      <trkpt lat="44.16805" lon="5.84797">
        <ele>531.0</ele>
      </trkpt>
      <trkpt lat="44.16807" lon="5.8479">
        <ele>531.0</ele>
      </trkpt>
      <trkpt lat="44.16821" lon="5.84744">
        <ele>532.0</ele>
      </trkpt>
      <trkpt lat="44.16835" lon="5.84707">
        <ele>532.0</ele>
      </trkpt>
      <trkpt lat="44.16853" lon="5.84648">
        <ele>533.0</ele>
      </trkpt>
      <trkpt lat="44.16863" lon="5.84608">
        <ele>535.0</ele>
      </trkpt>
      <trkpt lat="44.16883" lon="5.84478">
        <ele>537.0</ele>
      </trkpt>
      <trkpt lat="44.16885" lon="5.84466">
        <ele>537.0</ele>
      </trkpt>
      <trkpt lat="44.16887" lon="5.84453">
        <ele>537.0</ele>
      </trkpt>
      <trkpt lat="44.16888" lon="5.84449">
        <ele>537.0</ele>
      </trkpt>
      <trkpt lat="44.16894" lon="5.84394">
        <ele>537.0</ele>
      </trkpt>
      <trkpt lat="44.16896" lon="5.84361">
        <ele>538.0</ele>
      </trkpt>
      <trkpt lat="44.16898" lon="5.84332">
        <ele>538.0</ele>
      </trkpt>
      <trkpt lat="44.16916" lon="5.84179">
        <ele>542.0</ele>
      </trkpt>
      <trkpt lat="44.16916" lon="5.84155">
        <ele>543.0</ele>
      </trkpt>
      <trkpt lat="44.16919" lon="5.84031">
        <ele>546.0</ele>
      </trkpt>
      <trkpt lat="44.16919" lon="5.83966">
        <ele>545.0</ele>
      </trkpt>
      <trkpt lat="44.16919" lon="5.83959">
        <ele>545.0</ele>
      </trkpt>
      <trkpt lat="44.16919" lon="5.83927">
        <ele>545.0</ele>
      </trkpt>
      <trkpt lat="44.16919" lon="5.83919">
        <ele>545.0</ele>
      </trkpt>
      <trkpt lat="44.16919" lon="5.83912">
        <ele>545.0</ele>
      </trkpt>
      <trkpt lat="44.16919" lon="5.83846">
        <ele>545.0</ele>
      </trkpt>
      <trkpt lat="44.16919" lon="5.83797">
        <ele>546.0</ele>
      </trkpt>
      <trkpt lat="44.16913" lon="5.83634">
        <ele>547.0</ele>
      </trkpt>
      <trkpt lat="44.16911" lon="5.83598">
        <ele>546.0</ele>
      </trkpt>
      <trkpt lat="44.16903" lon="5.83481">
        <ele>546.0</ele>
      </trkpt>
      <trkpt lat="44.16891" lon="5.83236">
        <ele>550.0</ele>
      </trkpt>
      <trkpt lat="44.16889" lon="5.83214">
        <ele>552.0</ele>
      </trkpt>
      <trkpt lat="44.16882" lon="5.8319">
        <ele>553.0</ele>
      </trkpt>
      <trkpt lat="44.16877" lon="5.83176">
        <ele>553.0</ele>
      </trkpt>
      <trkpt lat="44.16855" lon="5.83122">
        <ele>554.0</ele>
      </trkpt>
      <trkpt lat="44.16845" lon="5.83092">
        <ele>554.0</ele>
      </trkpt>
      <trkpt lat="44.16841" lon="5.83072">
        <ele>555.0</ele>
      </trkpt>
      <trkpt lat="44.1684" lon="5.8305">
        <ele>555.0</ele>
      </trkpt>
      <trkpt lat="44.16845" lon="5.82948">
        <ele>557.0</ele>
      </trkpt>
      <trkpt lat="44.16845" lon="5.8292">
        <ele>558.0</ele>
      </trkpt>
      <trkpt lat="44.16844" lon="5.82914">
        <ele>558.0</ele>
      </trkpt>
      <trkpt lat="44.16843" lon="5.8291">
        <ele>558.0</ele>
      </trkpt>
      <trkpt lat="44.16838" lon="5.82881">
        <ele>558.0</ele>
      </trkpt>
      <trkpt lat="44.16837" lon="5.82859">
        <ele>558.0</ele>
      </trkpt>
      <trkpt lat="44.16837" lon="5.82845">
        <ele>558.0</ele>
      </trkpt>
      <trkpt lat="44.16847" lon="5.82805">
        <ele>560.0</ele>
      </trkpt>
      <trkpt lat="44.16869" lon="5.82743">
        <ele>561.0</ele>
      </trkpt>
      <trkpt lat="44.16895" lon="5.8267">
        <ele>558.0</ele>
      </trkpt>
      <trkpt lat="44.1691" lon="5.82614">
        <ele>558.0</ele>
      </trkpt>
      <trkpt lat="44.16916" lon="5.8259">
        <ele>557.0</ele>
      </trkpt>
      <trkpt lat="44.16918" lon="5.82565">
        <ele>557.0</ele>
      </trkpt>
      <trkpt lat="44.16927" lon="5.8245">
        <ele>559.0</ele>
      </trkpt>
      <trkpt lat="44.16929" lon="5.82417">
        <ele>560.0</ele>
      </trkpt>
      <trkpt lat="44.1693" lon="5.82403">
        <ele>560.0</ele>
      </trkpt>
      <trkpt lat="44.16931" lon="5.82384">
        <ele>559.0</ele>
      </trkpt>
      <trkpt lat="44.16931" lon="5.82376">
        <ele>559.0</ele>
      </trkpt>
      <trkpt lat="44.16933" lon="5.82322">
        <ele>559.0</ele>
      </trkpt>
      <trkpt lat="44.16939" lon="5.82214">
        <ele>561.0</ele>
      </trkpt>
      <trkpt lat="44.1694" lon="5.82193">
        <ele>561.0</ele>
      </trkpt>
      <trkpt lat="44.1694" lon="5.82146">
        <ele>563.0</ele>
      </trkpt>
      <trkpt lat="44.16938" lon="5.82106">
        <ele>563.0</ele>
      </trkpt>
      <trkpt lat="44.16934" lon="5.82046">
        <ele>564.0</ele>
      </trkpt>
      <trkpt lat="44.16933" lon="5.82017">
        <ele>565.0</ele>
      </trkpt>
      <trkpt lat="44.1693" lon="5.81972">
        <ele>567.0</ele>
      </trkpt>
      <trkpt lat="44.16925" lon="5.81944">
        <ele>568.0</ele>
      </trkpt>
      <trkpt lat="44.1692" lon="5.81932">
        <ele>568.0</ele>
      </trkpt>
      <trkpt lat="44.16886" lon="5.81895">
        <ele>566.0</ele>
      </trkpt>
      <trkpt lat="44.16871" lon="5.8187">
        <ele>567.0</ele>
      </trkpt>
      <trkpt lat="44.16835" lon="5.81785">
        <ele>572.0</ele>
      </trkpt>
      <trkpt lat="44.16805" lon="5.81721">
        <ele>573.0</ele>
      </trkpt>
      <trkpt lat="44.16795" lon="5.81699">
        <ele>571.0</ele>
      </trkpt>
      <trkpt lat="44.16785" lon="5.81671">
        <ele>570.0</ele>
      </trkpt>
      <trkpt lat="44.16781" lon="5.81654">
        <ele>570.0</ele>
      </trkpt>
      <trkpt lat="44.16777" lon="5.8162">
        <ele>570.0</ele>
      </trkpt>
      <trkpt lat="44.16775" lon="5.8158">
        <ele>571.0</ele>
      </trkpt>
      <trkpt lat="44.1678" lon="5.81454">
        <ele>579.0</ele>
      </trkpt>
      <trkpt lat="44.16776" lon="5.81415">
        <ele>580.0</ele>
      </trkpt>
      <trkpt lat="44.16772" lon="5.81404">
        <ele>579.0</ele>
      </trkpt>
      <trkpt lat="44.16766" lon="5.81395">
        <ele>578.0</ele>
      </trkpt>
      <trkpt lat="44.16727" lon="5.81378">
        <ele>572.0</ele>
      </trkpt>
      <trkpt lat="44.16711" lon="5.81363">
        <ele>571.0</ele>
      </trkpt>
      <trkpt lat="44.16705" lon="5.8134">
        <ele>572.0</ele>
      </trkpt>
      <trkpt lat="44.16705" lon="5.81315">
        <ele>573.0</ele>
      </trkpt>
      <trkpt lat="44.16707" lon="5.81285">
        <ele>574.0</ele>
      </trkpt>
      <trkpt lat="44.16716" lon="5.81208">
        <ele>579.0</ele>
      </trkpt>
      <trkpt lat="44.16715" lon="5.81182">
        <ele>579.0</ele>
      </trkpt>
      <trkpt lat="44.16713" lon="5.81144">
        <ele>579.0</ele>
      </trkpt>
      <trkpt lat="44.1671" lon="5.81127">
        <ele>579.0</ele>
      </trkpt>
      <trkpt lat="44.16708" lon="5.81094">
        <ele>579.0</ele>
      </trkpt>
      <trkpt lat="44.1671" lon="5.81066">
        <ele>579.0</ele>
      </trkpt>
      <trkpt lat="44.16723" lon="5.81018">
        <ele>580.0</ele>
      </trkpt>
      <trkpt lat="44.16723" lon="5.80985">
        <ele>579.0</ele>
      </trkpt>
      <trkpt lat="44.16719" lon="5.8094">
        <ele>578.0</ele>
      </trkpt>
      <trkpt lat="44.16719" lon="5.80909">
        <ele>577.0</ele>
      </trkpt>
      <trkpt lat="44.16752" lon="5.80766">
        <ele>579.0</ele>
      </trkpt>
      <trkpt lat="44.16759" lon="5.80728">
        <ele>581.0</ele>
      </trkpt>
      <trkpt lat="44.16764" lon="5.80687">
        <ele>581.0</ele>
      </trkpt>
      <trkpt lat="44.16765" lon="5.80666">
        <ele>581.0</ele>
      </trkpt>
      <trkpt lat="44.16764" lon="5.80624">
        <ele>579.0</ele>
      </trkpt>
      <trkpt lat="44.16767" lon="5.80501">
        <ele>578.0</ele>
      </trkpt>
      <trkpt lat="44.16762" lon="5.80425">
        <ele>579.0</ele>
      </trkpt>
      <trkpt lat="44.16763" lon="5.80407">
        <ele>579.0</ele>
      </trkpt>
      <trkpt lat="44.16772" lon="5.80335">
        <ele>581.0</ele>
      </trkpt>
      <trkpt lat="44.16774" lon="5.80297">
        <ele>582.0</ele>
      </trkpt>
      <trkpt lat="44.16774" lon="5.80255">
        <ele>582.0</ele>
      </trkpt>
      <trkpt lat="44.16771" lon="5.80197">
        <ele>583.0</ele>
      </trkpt>
      <trkpt lat="44.16771" lon="5.8015">
        <ele>583.0</ele>
      </trkpt>
      <trkpt lat="44.16769" lon="5.80106">
        <ele>582.0</ele>
      </trkpt>
      <trkpt lat="44.16765" lon="5.80065">
        <ele>582.0</ele>
      </trkpt>
      <trkpt lat="44.1676" lon="5.80032">
        <ele>581.0</ele>
      </trkpt>
      <trkpt lat="44.16755" lon="5.80002">
        <ele>581.0</ele>
      </trkpt>
      <trkpt lat="44.16751" lon="5.7996">
        <ele>580.0</ele>
      </trkpt>
      <trkpt lat="44.16755" lon="5.79901">
        <ele>581.0</ele>
      </trkpt>
      <trkpt lat="44.16755" lon="5.79881">
        <ele>581.0</ele>
      </trkpt>
      <trkpt lat="44.1675" lon="5.79843">
        <ele>579.0</ele>
      </trkpt>
      <trkpt lat="44.1674" lon="5.79794">
        <ele>576.0</ele>
      </trkpt>
      <trkpt lat="44.16734" lon="5.79756">
        <ele>574.0</ele>
      </trkpt>
      <trkpt lat="44.16734" lon="5.79749">
        <ele>574.0</ele>
      </trkpt>
      <trkpt lat="44.16733" lon="5.7972">
        <ele>575.0</ele>
      </trkpt>
      <trkpt lat="44.16732" lon="5.79713">
        <ele>575.0</ele>
      </trkpt>
      <trkpt lat="44.16731" lon="5.79688">
        <ele>575.0</ele>
      </trkpt>
      <trkpt lat="44.16732" lon="5.79629">
        <ele>577.0</ele>
      </trkpt>
      <trkpt lat="44.16748" lon="5.79527">
        <ele>580.0</ele>
      </trkpt>
      <trkpt lat="44.16751" lon="5.79518">
        <ele>580.0</ele>
      </trkpt>
      <trkpt lat="44.16751" lon="5.79511">
        <ele>580.0</ele>
      </trkpt>
      <trkpt lat="44.16751" lon="5.79498">
        <ele>580.0</ele>
      </trkpt>
      <trkpt lat="44.16745" lon="5.79467">
        <ele>580.0</ele>
      </trkpt>
      <trkpt lat="44.1674" lon="5.79445">
        <ele>580.0</ele>
      </trkpt>
      <trkpt lat="44.16727" lon="5.79358">
        <ele>583.0</ele>
      </trkpt>
      <trkpt lat="44.16717" lon="5.79313">
        <ele>584.0</ele>
      </trkpt>
      <trkpt lat="44.16711" lon="5.79266">
        <ele>586.0</ele>
      </trkpt>
      <trkpt lat="44.16708" lon="5.79216">
        <ele>587.0</ele>
      </trkpt>
      <trkpt lat="44.16706" lon="5.79202">
        <ele>587.0</ele>
      </trkpt>
      <trkpt lat="44.16704" lon="5.79185">
        <ele>588.0</ele>
      </trkpt>
      <trkpt lat="44.16697" lon="5.79154">
        <ele>588.0</ele>
      </trkpt>
      <trkpt lat="44.16679" lon="5.79115">
        <ele>587.0</ele>
      </trkpt>
      <trkpt lat="44.16658" lon="5.79078">
        <ele>587.0</ele>
      </trkpt>
      <trkpt lat="44.16646" lon="5.79052">
        <ele>588.0</ele>
      </trkpt>
      <trkpt lat="44.16636" lon="5.78943">
        <ele>594.0</ele>
      </trkpt>
      <trkpt lat="44.16631" lon="5.78915">
        <ele>595.0</ele>
      </trkpt>
      <trkpt lat="44.16619" lon="5.78893">
        <ele>597.0</ele>
      </trkpt>
      <trkpt lat="44.16575" lon="5.78846">
        <ele>597.0</ele>
      </trkpt>
      <trkpt lat="44.16567" lon="5.78835">
        <ele>597.0</ele>
      </trkpt>
      <trkpt lat="44.16526" lon="5.78733">
        <ele>596.0</ele>
      </trkpt>
      <trkpt lat="44.16519" lon="5.787">
        <ele>594.0</ele>
      </trkpt>
      <trkpt lat="44.16519" lon="5.78674">
        <ele>593.0</ele>
      </trkpt>
      <trkpt lat="44.1652" lon="5.7865">
        <ele>595.0</ele>
      </trkpt>
      <trkpt lat="44.16506" lon="5.78588">
        <ele>594.0</ele>
      </trkpt>
      <trkpt lat="44.16508" lon="5.78571">
        <ele>595.0</ele>
      </trkpt>
      <trkpt lat="44.16509" lon="5.78554">
        <ele>595.0</ele>
      </trkpt>
      <trkpt lat="44.16521" lon="5.78477">
        <ele>600.0</ele>
      </trkpt>
      <trkpt lat="44.16522" lon="5.78458">
        <ele>600.0</ele>
      </trkpt>
      <trkpt lat="44.16521" lon="5.78364">
        <ele>598.0</ele>
      </trkpt>
      <trkpt lat="44.16527" lon="5.78306">
        <ele>599.0</ele>
      </trkpt>
      <trkpt lat="44.16548" lon="5.78175">
        <ele>601.0</ele>
      </trkpt>
      <trkpt lat="44.16561" lon="5.78106">
        <ele>601.0</ele>
      </trkpt>
      <trkpt lat="44.16562" lon="5.7807">
        <ele>601.0</ele>
      </trkpt>
      <trkpt lat="44.16556" lon="5.78016">
        <ele>600.0</ele>
      </trkpt>
      <trkpt lat="44.16546" lon="5.77958">
        <ele>599.0</ele>
      </trkpt>
      <trkpt lat="44.16537" lon="5.77906">
        <ele>599.0</ele>
      </trkpt>
      <trkpt lat="44.16522" lon="5.77832">
        <ele>598.0</ele>
      </trkpt>
      <trkpt lat="44.16505" lon="5.77721">
        <ele>598.0</ele>
      </trkpt>
      <trkpt lat="44.16508" lon="5.77687">
        <ele>600.0</ele>
      </trkpt>
      <trkpt lat="44.16514" lon="5.77654">
        <ele>604.0</ele>
      </trkpt>
      <trkpt lat="44.16521" lon="5.77601">
        <ele>608.0</ele>
      </trkpt>
      <trkpt lat="44.16523" lon="5.77563">
        <ele>610.0</ele>
      </trkpt>
      <trkpt lat="44.16522" lon="5.77504">
        <ele>610.0</ele>
      </trkpt>
      <trkpt lat="44.1652" lon="5.77485">
        <ele>609.0</ele>
      </trkpt>
      <trkpt lat="44.16507" lon="5.77414">
        <ele>602.0</ele>
      </trkpt>
      <trkpt lat="44.16491" lon="5.77362">
        <ele>602.0</ele>
      </trkpt>
      <trkpt lat="44.16479" lon="5.77306">
        <ele>605.0</ele>
      </trkpt>
      <trkpt lat="44.16467" lon="5.77225">
        <ele>608.0</ele>
      </trkpt>
      <trkpt lat="44.16465" lon="5.77193">
        <ele>608.0</ele>
      </trkpt>
      <trkpt lat="44.16464" lon="5.77183">
        <ele>608.0</ele>
      </trkpt>
      <trkpt lat="44.16464" lon="5.77162">
        <ele>609.0</ele>
      </trkpt>
      <trkpt lat="44.16469" lon="5.77056">
        <ele>609.0</ele>
      </trkpt>
      <trkpt lat="44.16474" lon="5.76994">
        <ele>609.0</ele>
      </trkpt>
      <trkpt lat="44.16485" lon="5.76936">
        <ele>610.0</ele>
      </trkpt>
      <trkpt lat="44.16487" lon="5.76924">
        <ele>610.0</ele>
      </trkpt>
      <trkpt lat="44.16494" lon="5.76894">
        <ele>610.0</ele>
      </trkpt>
      <trkpt lat="44.16496" lon="5.76887">
        <ele>610.0</ele>
      </trkpt>
      <trkpt lat="44.165" lon="5.76875">
        <ele>610.0</ele>
      </trkpt>
      <trkpt lat="44.16516" lon="5.76842">
        <ele>614.0</ele>
      </trkpt>
      <trkpt lat="44.16543" lon="5.76796">
        <ele>617.0</ele>
      </trkpt>
      <trkpt lat="44.16553" lon="5.76782">
        <ele>618.0</ele>
      </trkpt>
      <trkpt lat="44.16582" lon="5.76748">
        <ele>623.0</ele>
      </trkpt>
      <trkpt lat="44.166" lon="5.767">
        <ele>624.0</ele>
      </trkpt>
      <trkpt lat="44.16616" lon="5.76644">
        <ele>625.0</ele>
      </trkpt>
      <trkpt lat="44.16644" lon="5.76555">
        <ele>622.0</ele>
      </trkpt>
      <trkpt lat="44.16655" lon="5.7653">
        <ele>621.0</ele>
      </trkpt>
      <trkpt lat="44.16663" lon="5.76522">
        <ele>621.0</ele>
      </trkpt>
      <trkpt lat="44.16709" lon="5.76491">
        <ele>623.0</ele>
      </trkpt>
      <trkpt lat="44.16716" lon="5.76482">
        <ele>623.0</ele>
      </trkpt>
      <trkpt lat="44.16727" lon="5.76463">
        <ele>623.0</ele>
      </trkpt>
      <trkpt lat="44.16733" lon="5.7644">
        <ele>621.0</ele>
      </trkpt>
      <trkpt lat="44.16737" lon="5.76422">
        <ele>619.0</ele>
      </trkpt>
      <trkpt lat="44.16739" lon="5.7641">
        <ele>618.0</ele>
      </trkpt>
      <trkpt lat="44.16741" lon="5.76397">
        <ele>619.0</ele>
      </trkpt>
      <trkpt lat="44.16744" lon="5.76386">
        <ele>619.0</ele>
      </trkpt>
      <trkpt lat="44.16753" lon="5.76352">
        <ele>621.0</ele>
      </trkpt>
      <trkpt lat="44.16765" lon="5.76323">
        <ele>626.0</ele>
      </trkpt>
      <trkpt lat="44.16775" lon="5.76292">
        <ele>629.0</ele>
      </trkpt>
      <trkpt lat="44.16785" lon="5.7624">
        <ele>631.0</ele>
      </trkpt>
      <trkpt lat="44.16789" lon="5.76205">
        <ele>628.0</ele>
      </trkpt>
      <trkpt lat="44.16795" lon="5.76174">
        <ele>626.0</ele>
      </trkpt>
      <trkpt lat="44.16807" lon="5.76145">
        <ele>625.0</ele>
      </trkpt>
      <trkpt lat="44.16823" lon="5.76117">
        <ele>623.0</ele>
      </trkpt>
      <trkpt lat="44.1684" lon="5.7609">
        <ele>621.0</ele>
      </trkpt>
      <trkpt lat="44.16853" lon="5.76074">
        <ele>622.0</ele>
      </trkpt>
      <trkpt lat="44.16863" lon="5.76059">
        <ele>623.0</ele>
      </trkpt>
      <trkpt lat="44.1688" lon="5.76026">
        <ele>625.0</ele>
      </trkpt>
      <trkpt lat="44.1691" lon="5.75936">
        <ele>625.0</ele>
      </trkpt>
      <trkpt lat="44.16921" lon="5.75907">
        <ele>625.0</ele>
      </trkpt>
      <trkpt lat="44.16949" lon="5.75831">
        <ele>625.0</ele>
      </trkpt>
      <trkpt lat="44.16958" lon="5.75797">
        <ele>624.0</ele>
      </trkpt>
      <trkpt lat="44.16957" lon="5.75742">
        <ele>622.0</ele>
      </trkpt>
      <trkpt lat="44.16956" lon="5.75727">
        <ele>622.0</ele>
      </trkpt>
      <trkpt lat="44.16954" lon="5.75703">
        <ele>621.0</ele>
      </trkpt>
      <trkpt lat="44.16951" lon="5.75675">
        <ele>621.0</ele>
      </trkpt>
      <trkpt lat="44.1695" lon="5.75664">
        <ele>621.0</ele>
      </trkpt>
      <trkpt lat="44.16944" lon="5.75624">
        <ele>621.0</ele>
      </trkpt>
      <trkpt lat="44.1694" lon="5.75606">
        <ele>621.0</ele>
      </trkpt>
      <trkpt lat="44.16921" lon="5.75556">
        <ele>620.0</ele>
      </trkpt>
      <trkpt lat="44.16909" lon="5.7552">
        <ele>620.0</ele>
      </trkpt>
      <trkpt lat="44.16904" lon="5.755">
        <ele>620.0</ele>
      </trkpt>
      <trkpt lat="44.16898" lon="5.75459">
        <ele>620.0</ele>
      </trkpt>
      <trkpt lat="44.16895" lon="5.75355">
        <ele>621.0</ele>
      </trkpt>
      <trkpt lat="44.16891" lon="5.75304">
        <ele>621.0</ele>
      </trkpt>
      <trkpt lat="44.16889" lon="5.75279">
        <ele>621.0</ele>
      </trkpt>
      <trkpt lat="44.16873" lon="5.7519">
        <ele>625.0</ele>
      </trkpt>
      <trkpt lat="44.16865" lon="5.75163">
        <ele>626.0</ele>
      </trkpt>
      <trkpt lat="44.16858" lon="5.75148">
        <ele>627.0</ele>
      </trkpt>
      <trkpt lat="44.16833" lon="5.75095">
        <ele>628.0</ele>
      </trkpt>
      <trkpt lat="44.16822" lon="5.75078">
        <ele>628.0</ele>
      </trkpt>
      <trkpt lat="44.16806" lon="5.75057">
        <ele>629.0</ele>
      </trkpt>
      <trkpt lat="44.16777" lon="5.75027">
        <ele>629.0</ele>
      </trkpt>
      <trkpt lat="44.16767" lon="5.75011">
        <ele>628.0</ele>
      </trkpt>
      <trkpt lat="44.16756" lon="5.74975">
        <ele>628.0</ele>
      </trkpt>
      <trkpt lat="44.16749" lon="5.74948">
        <ele>627.0</ele>
      </trkpt>
      <trkpt lat="44.16749" lon="5.74944">
        <ele>627.0</ele>
      </trkpt>
      <trkpt lat="44.16747" lon="5.74921">
        <ele>627.0</ele>
      </trkpt>
      <trkpt lat="44.16748" lon="5.74902">
        <ele>627.0</ele>
      </trkpt>
      <trkpt lat="44.16753" lon="5.74876">
        <ele>627.0</ele>
      </trkpt>
      <trkpt lat="44.1677" lon="5.74817">
        <ele>629.0</ele>
      </trkpt>
      <trkpt lat="44.1679" lon="5.74745">
        <ele>628.0</ele>
      </trkpt>
      <trkpt lat="44.16797" lon="5.74727">
        <ele>630.0</ele>
      </trkpt>
      <trkpt lat="44.16798" lon="5.74719">
        <ele>631.0</ele>
      </trkpt>
      <trkpt lat="44.16799" lon="5.74701">
        <ele>632.0</ele>
      </trkpt>
      <trkpt lat="44.16801" lon="5.74652">
        <ele>634.0</ele>
      </trkpt>
      <trkpt lat="44.16805" lon="5.74606">
        <ele>637.0</ele>
      </trkpt>
      <trkpt lat="44.16808" lon="5.74585">
        <ele>638.0</ele>
      </trkpt>
      <trkpt lat="44.16812" lon="5.74568">
        <ele>638.0</ele>
      </trkpt>
      <trkpt lat="44.1682" lon="5.74541">
        <ele>637.0</ele>
      </trkpt>
      <trkpt lat="44.16829" lon="5.74516">
        <ele>637.0</ele>
      </trkpt>
      <trkpt lat="44.16853" lon="5.74461">
        <ele>639.0</ele>
      </trkpt>
      <trkpt lat="44.16873" lon="5.74417">
        <ele>639.0</ele>
      </trkpt>
      <trkpt lat="44.16887" lon="5.74393">
        <ele>639.0</ele>
      </trkpt>
      <trkpt lat="44.16902" lon="5.74376">
        <ele>640.0</ele>
      </trkpt>
      <trkpt lat="44.1695" lon="5.74321">
        <ele>638.0</ele>
      </trkpt>
      <trkpt lat="44.16998" lon="5.74271">
        <ele>636.0</ele>
      </trkpt>
      <trkpt lat="44.17013" lon="5.74257">
        <ele>635.0</ele>
      </trkpt>
      <trkpt lat="44.17035" lon="5.74236">
        <ele>634.0</ele>
      </trkpt>
      <trkpt lat="44.1706" lon="5.74219">
        <ele>635.0</ele>
      </trkpt>
      <trkpt lat="44.17069" lon="5.74206">
        <ele>635.0</ele>
      </trkpt>
      <trkpt lat="44.17083" lon="5.74188">
        <ele>635.0</ele>
      </trkpt>
      <trkpt lat="44.17107" lon="5.74156">
        <ele>636.0</ele>
      </trkpt>
      <trkpt lat="44.17125" lon="5.74135">
        <ele>637.0</ele>
      </trkpt>
      <trkpt lat="44.17139" lon="5.74108">
        <ele>638.0</ele>
      </trkpt>
      <trkpt lat="44.17143" lon="5.74097">
        <ele>638.0</ele>
      </trkpt>
      <trkpt lat="44.17148" lon="5.74075">
        <ele>639.0</ele>
      </trkpt>
      <trkpt lat="44.17151" lon="5.74042">
        <ele>639.0</ele>
      </trkpt>
      <trkpt lat="44.17153" lon="5.73989">
        <ele>639.0</ele>
      </trkpt>
      <trkpt lat="44.17154" lon="5.73946">
        <ele>639.0</ele>
      </trkpt>
      <trkpt lat="44.17156" lon="5.73932">
        <ele>639.0</ele>
      </trkpt>
      <trkpt lat="44.17164" lon="5.73889">
        <ele>639.0</ele>
      </trkpt>
      <trkpt lat="44.17165" lon="5.73883">
        <ele>639.0</ele>
      </trkpt>
      <trkpt lat="44.17178" lon="5.73823">
        <ele>640.0</ele>
      </trkpt>
      <trkpt lat="44.17218" lon="5.73705">
        <ele>646.0</ele>
      </trkpt>
      <trkpt lat="44.17227" lon="5.73681">
        <ele>647.0</ele>
      </trkpt>
      <trkpt lat="44.17233" lon="5.73661">
        <ele>647.0</ele>
      </trkpt>
      <trkpt lat="44.17238" lon="5.73643">
        <ele>648.0</ele>
      </trkpt>
      <trkpt lat="44.17244" lon="5.73594">
        <ele>646.0</ele>
      </trkpt>
      <trkpt lat="44.17254" lon="5.73547">
        <ele>646.0</ele>
      </trkpt>
      <trkpt lat="44.17269" lon="5.735">
        <ele>648.0</ele>
      </trkpt>
      <trkpt lat="44.1728" lon="5.73453">
        <ele>650.0</ele>
      </trkpt>
      <trkpt lat="44.17289" lon="5.73385">
        <ele>649.0</ele>
      </trkpt>
      <trkpt lat="44.173" lon="5.73242">
        <ele>645.0</ele>
      </trkpt>
      <trkpt lat="44.17318" lon="5.73122">
        <ele>648.0</ele>
      </trkpt>
      <trkpt lat="44.1733" lon="5.73065">
        <ele>649.0</ele>
      </trkpt>
      <trkpt lat="44.17354" lon="5.72996">
        <ele>651.0</ele>
      </trkpt>
      <trkpt lat="44.17357" lon="5.72967">
        <ele>653.0</ele>
      </trkpt>
      <trkpt lat="44.17352" lon="5.72901">
        <ele>654.0</ele>
      </trkpt>
      <trkpt lat="44.17351" lon="5.72835">
        <ele>658.0</ele>
      </trkpt>
      <trkpt lat="44.17349" lon="5.72816">
        <ele>657.0</ele>
      </trkpt>
      <trkpt lat="44.17346" lon="5.72799">
        <ele>657.0</ele>
      </trkpt>
      <trkpt lat="44.17325" lon="5.72713">
        <ele>654.0</ele>
      </trkpt>
      <trkpt lat="44.1731" lon="5.72635">
        <ele>656.0</ele>
      </trkpt>
      <trkpt lat="44.17302" lon="5.72579">
        <ele>656.0</ele>
      </trkpt>
      <trkpt lat="44.17304" lon="5.72551">
        <ele>657.0</ele>
      </trkpt>
      <trkpt lat="44.17323" lon="5.72477">
        <ele>662.0</ele>
      </trkpt>
      <trkpt lat="44.17323" lon="5.72426">
        <ele>664.0</ele>
      </trkpt>
      <trkpt lat="44.17327" lon="5.72361">
        <ele>661.0</ele>
      </trkpt>
      <trkpt lat="44.17325" lon="5.72329">
        <ele>659.0</ele>
      </trkpt>
      <trkpt lat="44.17324" lon="5.72325">
        <ele>658.0</ele>
      </trkpt>
      <trkpt lat="44.17322" lon="5.72304">
        <ele>657.0</ele>
      </trkpt>
      <trkpt lat="44.17315" lon="5.72249">
        <ele>654.0</ele>
      </trkpt>
      <trkpt lat="44.17317" lon="5.72215">
        <ele>655.0</ele>
      </trkpt>
      <trkpt lat="44.17333" lon="5.72121">
        <ele>656.0</ele>
      </trkpt>
      <trkpt lat="44.17368" lon="5.71895">
        <ele>662.0</ele>
      </trkpt>
      <trkpt lat="44.17393" lon="5.71803">
        <ele>665.0</ele>
      </trkpt>
      <trkpt lat="44.174" lon="5.71766">
        <ele>665.0</ele>
      </trkpt>
      <trkpt lat="44.17408" lon="5.71708">
        <ele>664.0</ele>
      </trkpt>
      <trkpt lat="44.17423" lon="5.71651">
        <ele>665.0</ele>
      </trkpt>
      <trkpt lat="44.17454" lon="5.7158">
        <ele>671.0</ele>
      </trkpt>
      <trkpt lat="44.17468" lon="5.71545">
        <ele>674.0</ele>
      </trkpt>
      <trkpt lat="44.17474" lon="5.71526">
        <ele>675.0</ele>
      </trkpt>
      <trkpt lat="44.17486" lon="5.71469">
        <ele>673.0</ele>
      </trkpt>
      <trkpt lat="44.17508" lon="5.71333">
        <ele>670.0</ele>
      </trkpt>
      <trkpt lat="44.1754" lon="5.71194">
        <ele>670.0</ele>
      </trkpt>
      <trkpt lat="44.17556" lon="5.71138">
        <ele>670.0</ele>
      </trkpt>
      <trkpt lat="44.17595" lon="5.71032">
        <ele>674.0</ele>
      </trkpt>
      <trkpt lat="44.17604" lon="5.70997">
        <ele>675.0</ele>
      </trkpt>
      <trkpt lat="44.17608" lon="5.70978">
        <ele>676.0</ele>
      </trkpt>
      <trkpt lat="44.17616" lon="5.70896">
        <ele>675.0</ele>
      </trkpt>
      <trkpt lat="44.17628" lon="5.70833">
        <ele>675.0</ele>
      </trkpt>
      <trkpt lat="44.17628" lon="5.70817">
        <ele>676.0</ele>
      </trkpt>
      <trkpt lat="44.17625" lon="5.70801">
        <ele>676.0</ele>
      </trkpt>
      <trkpt lat="44.17614" lon="5.70773">
        <ele>676.0</ele>
      </trkpt>
      <trkpt lat="44.17599" lon="5.70744">
        <ele>674.0</ele>
      </trkpt>
      <trkpt lat="44.1759" lon="5.70731">
        <ele>673.0</ele>
      </trkpt>
      <trkpt lat="44.1758" lon="5.70721">
        <ele>673.0</ele>
      </trkpt>
      <trkpt lat="44.17534" lon="5.70693">
        <ele>671.0</ele>
      </trkpt>
      <trkpt lat="44.1752" lon="5.70676">
        <ele>671.0</ele>
      </trkpt>
      <trkpt lat="44.17509" lon="5.70658">
        <ele>670.0</ele>
      </trkpt>
      <trkpt lat="44.17495" lon="5.70625">
        <ele>670.0</ele>
      </trkpt>
      <trkpt lat="44.17473" lon="5.70572">
        <ele>670.0</ele>
      </trkpt>
      <trkpt lat="44.17468" lon="5.70557">
        <ele>670.0</ele>
      </trkpt>
      <trkpt lat="44.17466" lon="5.70542">
        <ele>671.0</ele>
      </trkpt>
      <trkpt lat="44.17471" lon="5.70469">
        <ele>674.0</ele>
      </trkpt>
      <trkpt lat="44.17474" lon="5.70433">
        <ele>677.0</ele>
      </trkpt>
      <trkpt lat="44.17485" lon="5.7037">
        <ele>682.0</ele>
      </trkpt>
      <trkpt lat="44.17487" lon="5.70288">
        <ele>684.0</ele>
      </trkpt>
      <trkpt lat="44.17509" lon="5.70172">
        <ele>689.0</ele>
      </trkpt>
      <trkpt lat="44.1751" lon="5.70119">
        <ele>688.0</ele>
      </trkpt>
      <trkpt lat="44.17506" lon="5.70087">
        <ele>686.0</ele>
      </trkpt>
      <trkpt lat="44.17501" lon="5.70062">
        <ele>684.0</ele>
      </trkpt>
      <trkpt lat="44.17489" lon="5.70029">
        <ele>683.0</ele>
      </trkpt>
      <trkpt lat="44.17476" lon="5.70008">
        <ele>682.0</ele>
      </trkpt>
      <trkpt lat="44.17454" lon="5.69983">
        <ele>680.0</ele>
      </trkpt>
      <trkpt lat="44.17433" lon="5.69962">
        <ele>679.0</ele>
      </trkpt>
      <trkpt lat="44.17411" lon="5.69941">
        <ele>679.0</ele>
      </trkpt>
      <trkpt lat="44.17397" lon="5.69916">
        <ele>679.0</ele>
      </trkpt>
      <trkpt lat="44.17394" lon="5.69905">
        <ele>680.0</ele>
      </trkpt>
      <trkpt lat="44.1739" lon="5.69884">
        <ele>681.0</ele>
      </trkpt>
      <trkpt lat="44.17385" lon="5.69849">
        <ele>683.0</ele>
      </trkpt>
      <trkpt lat="44.17387" lon="5.69813">
        <ele>686.0</ele>
      </trkpt>
      <trkpt lat="44.17396" lon="5.69729">
        <ele>693.0</ele>
      </trkpt>
      <trkpt lat="44.17398" lon="5.69696">
        <ele>695.0</ele>
      </trkpt>
      <trkpt lat="44.17395" lon="5.6965">
        <ele>697.0</ele>
      </trkpt>
      <trkpt lat="44.17387" lon="5.6957">
        <ele>697.0</ele>
      </trkpt>
      <trkpt lat="44.17387" lon="5.69537">
        <ele>696.0</ele>
      </trkpt>
      <trkpt lat="44.17394" lon="5.6951">
        <ele>698.0</ele>
      </trkpt>
      <trkpt lat="44.17424" lon="5.69402">
        <ele>697.0</ele>
      </trkpt>
      <trkpt lat="44.17436" lon="5.6935">
        <ele>697.0</ele>
      </trkpt>
      <trkpt lat="44.17443" lon="5.69295">
        <ele>695.0</ele>
      </trkpt>
      <trkpt lat="44.17448" lon="5.69236">
        <ele>695.0</ele>
      </trkpt>
      <trkpt lat="44.17448" lon="5.69219">
        <ele>696.0</ele>
      </trkpt>
      <trkpt lat="44.1745" lon="5.69154">
        <ele>698.0</ele>
      </trkpt>
      <trkpt lat="44.17456" lon="5.6907">
        <ele>698.0</ele>
      </trkpt>
      <trkpt lat="44.1747" lon="5.68922">
        <ele>705.0</ele>
      </trkpt>
      <trkpt lat="44.17481" lon="5.68753">
        <ele>702.0</ele>
      </trkpt>
      <trkpt lat="44.17485" lon="5.68675">
        <ele>704.0</ele>
      </trkpt>
      <trkpt lat="44.17493" lon="5.68535">
        <ele>703.0</ele>
      </trkpt>
      <trkpt lat="44.175" lon="5.68465">
        <ele>701.0</ele>
      </trkpt>
      <trkpt lat="44.17497" lon="5.68439">
        <ele>699.0</ele>
      </trkpt>
      <trkpt lat="44.17489" lon="5.68426">
        <ele>697.0</ele>
      </trkpt>
      <trkpt lat="44.17487" lon="5.68421">
        <ele>697.0</ele>
      </trkpt>
      <trkpt lat="44.1748" lon="5.68405">
        <ele>697.0</ele>
      </trkpt>
      <trkpt lat="44.17477" lon="5.68372">
        <ele>697.0</ele>
      </trkpt>
      <trkpt lat="44.17466" lon="5.68081">
        <ele>703.0</ele>
      </trkpt>
      <trkpt lat="44.17466" lon="5.68038">
        <ele>704.0</ele>
      </trkpt>
      <trkpt lat="44.1747" lon="5.67985">
        <ele>706.0</ele>
      </trkpt>
      <trkpt lat="44.17466" lon="5.67943">
        <ele>707.0</ele>
      </trkpt>
      <trkpt lat="44.1746" lon="5.67915">
        <ele>707.0</ele>
      </trkpt>
      <trkpt lat="44.17442" lon="5.67857">
        <ele>708.0</ele>
      </trkpt>
      <trkpt lat="44.17436" lon="5.67843">
        <ele>708.0</ele>
      </trkpt>
      <trkpt lat="44.17403" lon="5.67785">
        <ele>706.0</ele>
      </trkpt>
      <trkpt lat="44.174" lon="5.67775">
        <ele>706.0</ele>
      </trkpt>
      <trkpt lat="44.17397" lon="5.67765">
        <ele>705.0</ele>
      </trkpt>
      <trkpt lat="44.17393" lon="5.67746">
        <ele>705.0</ele>
      </trkpt>
      <trkpt lat="44.17389" lon="5.67722">
        <ele>704.0</ele>
      </trkpt>
      <trkpt lat="44.17389" lon="5.67709">
        <ele>704.0</ele>
      </trkpt>
      <trkpt lat="44.17394" lon="5.67685">
        <ele>705.0</ele>
      </trkpt>
      <trkpt lat="44.17404" lon="5.67664">
        <ele>706.0</ele>
      </trkpt>
      <trkpt lat="44.17418" lon="5.6764">
        <ele>706.0</ele>
      </trkpt>
      <trkpt lat="44.17439" lon="5.67607">
        <ele>707.0</ele>
      </trkpt>
      <trkpt lat="44.17464" lon="5.6757">
        <ele>709.0</ele>
      </trkpt>
      <trkpt lat="44.1749" lon="5.67538">
        <ele>711.0</ele>
      </trkpt>
      <trkpt lat="44.17528" lon="5.67496">
        <ele>712.0</ele>
      </trkpt>
      <trkpt lat="44.17544" lon="5.67471">
        <ele>713.0</ele>
      </trkpt>
      <trkpt lat="44.17553" lon="5.67452">
        <ele>714.0</ele>
      </trkpt>
      <trkpt lat="44.17566" lon="5.67373">
        <ele>712.0</ele>
      </trkpt>
      <trkpt lat="44.1757" lon="5.6736">
        <ele>712.0</ele>
      </trkpt>
      <trkpt lat="44.17602" lon="5.67276">
        <ele>714.0</ele>
      </trkpt>
      <trkpt lat="44.17612" lon="5.67218">
        <ele>714.0</ele>
      </trkpt>
      <trkpt lat="44.17616" lon="5.67202">
        <ele>714.0</ele>
      </trkpt>
      <trkpt lat="44.17625" lon="5.67176">
        <ele>715.0</ele>
      </trkpt>
      <trkpt lat="44.17633" lon="5.67159">
        <ele>715.0</ele>
      </trkpt>
      <trkpt lat="44.17647" lon="5.67141">
        <ele>717.0</ele>
      </trkpt>
      <trkpt lat="44.1765" lon="5.67136">
        <ele>717.0</ele>
      </trkpt>
      <trkpt lat="44.17672" lon="5.67114">
        <ele>719.0</ele>
      </trkpt>
      <trkpt lat="44.17684" lon="5.67104">
        <ele>721.0</ele>
      </trkpt>
      <trkpt lat="44.17695" lon="5.67093">
        <ele>722.0</ele>
      </trkpt>
      <trkpt lat="44.17701" lon="5.67082">
        <ele>723.0</ele>
      </trkpt>
      <trkpt lat="44.17712" lon="5.67057">
        <ele>725.0</ele>
      </trkpt>
      <trkpt lat="44.17718" lon="5.6703">
        <ele>725.0</ele>
      </trkpt>
      <trkpt lat="44.17717" lon="5.6698">
        <ele>724.0</ele>
      </trkpt>
      <trkpt lat="44.1772" lon="5.66958">
        <ele>724.0</ele>
      </trkpt>
      <trkpt lat="44.17728" lon="5.66943">
        <ele>725.0</ele>
      </trkpt>
      <trkpt lat="44.17736" lon="5.6693">
        <ele>727.0</ele>
      </trkpt>
      <trkpt lat="44.17743" lon="5.66916">
        <ele>728.0</ele>
      </trkpt>
      <trkpt lat="44.17759" lon="5.66819">
        <ele>730.0</ele>
      </trkpt>
      <trkpt lat="44.17759" lon="5.66747">
        <ele>728.0</ele>
      </trkpt>
      <trkpt lat="44.17764" lon="5.66703">
        <ele>732.0</ele>
      </trkpt>
      <trkpt lat="44.17766" lon="5.66682">
        <ele>733.0</ele>
      </trkpt>
      <trkpt lat="44.17759" lon="5.6663">
        <ele>733.0</ele>
      </trkpt>
      <trkpt lat="44.17759" lon="5.66615">
        <ele>733.0</ele>
      </trkpt>
      <trkpt lat="44.1776" lon="5.66592">
        <ele>735.0</ele>
      </trkpt>
      <trkpt lat="44.17762" lon="5.66518">
        <ele>736.0</ele>
      </trkpt>
      <trkpt lat="44.1777" lon="5.6648">
        <ele>738.0</ele>
      </trkpt>
      <trkpt lat="44.17789" lon="5.6644">
        <ele>742.0</ele>
      </trkpt>
      <trkpt lat="44.1779" lon="5.66434">
        <ele>741.0</ele>
      </trkpt>
      <trkpt lat="44.17791" lon="5.66425">
        <ele>741.0</ele>
      </trkpt>
      <trkpt lat="44.17787" lon="5.66416">
        <ele>739.0</ele>
      </trkpt>
      <trkpt lat="44.17781" lon="5.6641">
        <ele>738.0</ele>
      </trkpt>
      <trkpt lat="44.17774" lon="5.66405">
        <ele>737.0</ele>
      </trkpt>
      <trkpt lat="44.17753" lon="5.66405">
        <ele>731.0</ele>
      </trkpt>
      <trkpt lat="44.17748" lon="5.664">
        <ele>730.0</ele>
      </trkpt>
      <trkpt lat="44.17743" lon="5.6639">
        <ele>730.0</ele>
      </trkpt>
      <trkpt lat="44.17743" lon="5.66373">
        <ele>731.0</ele>
      </trkpt>
      <trkpt lat="44.17746" lon="5.66353">
        <ele>732.0</ele>
      </trkpt>
      <trkpt lat="44.17764" lon="5.66291">
        <ele>740.0</ele>
      </trkpt>
      <trkpt lat="44.17769" lon="5.66276">
        <ele>743.0</ele>
      </trkpt>
      <trkpt lat="44.17766" lon="5.66256">
        <ele>743.0</ele>
      </trkpt>
      <trkpt lat="44.1776" lon="5.66245">
        <ele>742.0</ele>
      </trkpt>
      <trkpt lat="44.17755" lon="5.6624">
        <ele>742.0</ele>
      </trkpt>
      <trkpt lat="44.17736" lon="5.66239">
        <ele>738.0</ele>
      </trkpt>
      <trkpt lat="44.17722" lon="5.66235">
        <ele>735.0</ele>
      </trkpt>
      <trkpt lat="44.17717" lon="5.66229">
        <ele>735.0</ele>
      </trkpt>
      <trkpt lat="44.17709" lon="5.66217">
        <ele>735.0</ele>
      </trkpt>
      <trkpt lat="44.17705" lon="5.66204">
        <ele>736.0</ele>
      </trkpt>
      <trkpt lat="44.17703" lon="5.66191">
        <ele>737.0</ele>
      </trkpt>
      <trkpt lat="44.17703" lon="5.66176">
        <ele>739.0</ele>
      </trkpt>
      <trkpt lat="44.17704" lon="5.66167">
        <ele>741.0</ele>
      </trkpt>
      <trkpt lat="44.17707" lon="5.66146">
        <ele>743.0</ele>
      </trkpt>
      <trkpt lat="44.17706" lon="5.66136">
        <ele>743.0</ele>
      </trkpt>
      <trkpt lat="44.17703" lon="5.66125">
        <ele>743.0</ele>
      </trkpt>
      <trkpt lat="44.17697" lon="5.66117">
        <ele>742.0</ele>
      </trkpt>
      <trkpt lat="44.17684" lon="5.66093">
        <ele>741.0</ele>
      </trkpt>
      <trkpt lat="44.17674" lon="5.66067">
        <ele>740.0</ele>
      </trkpt>
      <trkpt lat="44.17666" lon="5.66038">
        <ele>740.0</ele>
      </trkpt>
      <trkpt lat="44.17664" lon="5.66019">
        <ele>740.0</ele>
      </trkpt>
      <trkpt lat="44.17665" lon="5.65998">
        <ele>742.0</ele>
      </trkpt>
      <trkpt lat="44.17668" lon="5.65979">
        <ele>744.0</ele>
      </trkpt>
      <trkpt lat="44.17668" lon="5.65964">
        <ele>745.0</ele>
      </trkpt>
      <trkpt lat="44.17666" lon="5.65942">
        <ele>745.0</ele>
      </trkpt>
      <trkpt lat="44.1766" lon="5.65926">
        <ele>745.0</ele>
      </trkpt>
      <trkpt lat="44.17656" lon="5.65913">
        <ele>745.0</ele>
      </trkpt>
      <trkpt lat="44.1762" lon="5.65874">
        <ele>740.0</ele>
      </trkpt>
      <trkpt lat="44.17612" lon="5.65855">
        <ele>739.0</ele>
      </trkpt>
      <trkpt lat="44.1761" lon="5.65826">
        <ele>741.0</ele>
      </trkpt>
      <trkpt lat="44.1761" lon="5.65682">
        <ele>747.0</ele>
      </trkpt>
      <trkpt lat="44.17609" lon="5.65646">
        <ele>748.0</ele>
      </trkpt>
      <trkpt lat="44.17584" lon="5.65491">
        <ele>746.0</ele>
      </trkpt>
      <trkpt lat="44.17584" lon="5.6544">
        <ele>746.0</ele>
      </trkpt>
      <trkpt lat="44.17575" lon="5.65399">
        <ele>744.0</ele>
      </trkpt>
      <trkpt lat="44.17573" lon="5.65374">
        <ele>744.0</ele>
      </trkpt>
      <trkpt lat="44.17582" lon="5.65313">
        <ele>746.0</ele>
      </trkpt>
      <trkpt lat="44.1758" lon="5.65251">
        <ele>745.0</ele>
      </trkpt>
      <trkpt lat="44.17592" lon="5.652">
        <ele>747.0</ele>
      </trkpt>
      <trkpt lat="44.17603" lon="5.65186">
        <ele>750.0</ele>
      </trkpt>
      <trkpt lat="44.1761" lon="5.6517">
        <ele>751.0</ele>
      </trkpt>
      <trkpt lat="44.1761" lon="5.6514">
        <ele>751.0</ele>
      </trkpt>
      <trkpt lat="44.17597" lon="5.65093">
        <ele>746.0</ele>
      </trkpt>
      <trkpt lat="44.17585" lon="5.65064">
        <ele>742.0</ele>
      </trkpt>
      <trkpt lat="44.17581" lon="5.65024">
        <ele>741.0</ele>
      </trkpt>
      <trkpt lat="44.1759" lon="5.64989">
        <ele>742.0</ele>
      </trkpt>
      <trkpt lat="44.17614" lon="5.64941">
        <ele>744.0</ele>
      </trkpt>
      <trkpt lat="44.17626" lon="5.64914">
        <ele>745.0</ele>
      </trkpt>
      <trkpt lat="44.17629" lon="5.64888">
        <ele>744.0</ele>
      </trkpt>
      <trkpt lat="44.17618" lon="5.64828">
        <ele>740.0</ele>
      </trkpt>
      <trkpt lat="44.1762" lon="5.64765">
        <ele>741.0</ele>
      </trkpt>
      <trkpt lat="44.17619" lon="5.64721">
        <ele>741.0</ele>
      </trkpt>
      <trkpt lat="44.17599" lon="5.64608">
        <ele>738.0</ele>
      </trkpt>
      <trkpt lat="44.17592" lon="5.6459">
        <ele>737.0</ele>
      </trkpt>
      <trkpt lat="44.17579" lon="5.64552">
        <ele>737.0</ele>
      </trkpt>
      <trkpt lat="44.1757" lon="5.64532">
        <ele>736.0</ele>
      </trkpt>
      <trkpt lat="44.17563" lon="5.64508">
        <ele>736.0</ele>
      </trkpt>
      <trkpt lat="44.17558" lon="5.64461">
        <ele>737.0</ele>
      </trkpt>
      <trkpt lat="44.17556" lon="5.64442">
        <ele>737.0</ele>
      </trkpt>
      <trkpt lat="44.17546" lon="5.64299">
        <ele>737.0</ele>
      </trkpt>
      <trkpt lat="44.17545" lon="5.64286">
        <ele>737.0</ele>
      </trkpt>
      <trkpt lat="44.17535" lon="5.6414">
        <ele>738.0</ele>
      </trkpt>
      <trkpt lat="44.17531" lon="5.64073">
        <ele>739.0</ele>
      </trkpt>
      <trkpt lat="44.17535" lon="5.64048">
        <ele>740.0</ele>
      </trkpt>
      <trkpt lat="44.1755" lon="5.63939">
        <ele>746.0</ele>
      </trkpt>
      <trkpt lat="44.17552" lon="5.63924">
        <ele>747.0</ele>
      </trkpt>
      <trkpt lat="44.1756" lon="5.63859">
        <ele>749.0</ele>
      </trkpt>
      <trkpt lat="44.17562" lon="5.63848">
        <ele>749.0</ele>
      </trkpt>
      <trkpt lat="44.17563" lon="5.63844">
        <ele>750.0</ele>
      </trkpt>
      <trkpt lat="44.17567" lon="5.63813">
        <ele>750.0</ele>
      </trkpt>
      <trkpt lat="44.17568" lon="5.638">
        <ele>751.0</ele>
      </trkpt>
      <trkpt lat="44.17564" lon="5.63792">
        <ele>752.0</ele>
      </trkpt>
      <trkpt lat="44.17559" lon="5.63788">
        <ele>752.0</ele>
      </trkpt>
      <trkpt lat="44.17557" lon="5.63788">
        <ele>753.0</ele>
      </trkpt>
      <trkpt lat="44.1755" lon="5.6379">
        <ele>753.0</ele>
      </trkpt>
      <trkpt lat="44.17497" lon="5.63833">
        <ele>756.0</ele>
      </trkpt>
      <trkpt lat="44.1749" lon="5.63837">
        <ele>756.0</ele>
      </trkpt>
      <trkpt lat="44.17484" lon="5.63839">
        <ele>756.0</ele>
      </trkpt>
      <trkpt lat="44.17469" lon="5.63839">
        <ele>756.0</ele>
      </trkpt>
      <trkpt lat="44.17464" lon="5.63837">
        <ele>756.0</ele>
      </trkpt>
      <trkpt lat="44.17452" lon="5.63831">
        <ele>757.0</ele>
      </trkpt>
      <trkpt lat="44.17411" lon="5.63815">
        <ele>759.0</ele>
      </trkpt>
      <trkpt lat="44.1738" lon="5.63793">
        <ele>760.0</ele>
      </trkpt>
      <trkpt lat="44.17346" lon="5.63767">
        <ele>762.0</ele>
      </trkpt>
      <trkpt lat="44.17275" lon="5.63715">
        <ele>765.0</ele>
      </trkpt>
      <trkpt lat="44.1726" lon="5.63699">
        <ele>766.0</ele>
      </trkpt>
      <trkpt lat="44.17242" lon="5.6367">
        <ele>771.0</ele>
      </trkpt>
      <trkpt lat="44.17223" lon="5.6363">
        <ele>783.0</ele>
      </trkpt>
      <trkpt lat="44.17209" lon="5.63596">
        <ele>791.0</ele>
      </trkpt>
      <trkpt lat="44.172" lon="5.63574">
        <ele>795.0</ele>
      </trkpt>
      <trkpt lat="44.1719" lon="5.6356">
        <ele>797.0</ele>
      </trkpt>
      <trkpt lat="44.17163" lon="5.63529">
        <ele>800.0</ele>
      </trkpt>
      <trkpt lat="44.17157" lon="5.63517">
        <ele>805.0</ele>
      </trkpt>
      <trkpt lat="44.17152" lon="5.63499">
        <ele>810.0</ele>
      </trkpt>
      <trkpt lat="44.17144" lon="5.63461">
        <ele>807.0</ele>
      </trkpt>
      <trkpt lat="44.17137" lon="5.63432">
        <ele>803.0</ele>
      </trkpt>
      <trkpt lat="44.17116" lon="5.63384">
        <ele>799.0</ele>
      </trkpt>
      <trkpt lat="44.17115" lon="5.63372">
        <ele>799.0</ele>
      </trkpt>
      <trkpt lat="44.17117" lon="5.63363">
        <ele>799.0</ele>
      </trkpt>
      <trkpt lat="44.17123" lon="5.63354">
        <ele>798.0</ele>
      </trkpt>
      <trkpt lat="44.17128" lon="5.63351">
        <ele>797.0</ele>
      </trkpt>
      <trkpt lat="44.17132" lon="5.63349">
        <ele>796.0</ele>
      </trkpt>
      <trkpt lat="44.1714" lon="5.63351">
        <ele>796.0</ele>
      </trkpt>
      <trkpt lat="44.17161" lon="5.63361">
        <ele>795.0</ele>
      </trkpt>
      <trkpt lat="44.17168" lon="5.63363">
        <ele>795.0</ele>
      </trkpt>
      <trkpt lat="44.17176" lon="5.63362">
        <ele>798.0</ele>
      </trkpt>
      <trkpt lat="44.17187" lon="5.63359">
        <ele>802.0</ele>
      </trkpt>
      <trkpt lat="44.17194" lon="5.63351">
        <ele>804.0</ele>
      </trkpt>
      <trkpt lat="44.17199" lon="5.63339">
        <ele>804.0</ele>
      </trkpt>
      <trkpt lat="44.17211" lon="5.63297">
        <ele>809.0</ele>
      </trkpt>
      <trkpt lat="44.17213" lon="5.63282">
        <ele>811.0</ele>
      </trkpt>
      <trkpt lat="44.17214" lon="5.63221">
        <ele>811.0</ele>
      </trkpt>
      <trkpt lat="44.17212" lon="5.63207">
        <ele>810.0</ele>
      </trkpt>
      <trkpt lat="44.17209" lon="5.63198">
        <ele>809.0</ele>
      </trkpt>
      <trkpt lat="44.17203" lon="5.63184">
        <ele>806.0</ele>
      </trkpt>
      <trkpt lat="44.17189" lon="5.63167">
        <ele>800.0</ele>
      </trkpt>
      <trkpt lat="44.17185" lon="5.63156">
        <ele>798.0</ele>
      </trkpt>
      <trkpt lat="44.17184" lon="5.63142">
        <ele>797.0</ele>
      </trkpt>
      <trkpt lat="44.17185" lon="5.63131">
        <ele>797.0</ele>
      </trkpt>
      <trkpt lat="44.17189" lon="5.63109">
        <ele>797.0</ele>
      </trkpt>
      <trkpt lat="44.17203" lon="5.63073">
        <ele>800.0</ele>
      </trkpt>
      <trkpt lat="44.17218" lon="5.63029">
        <ele>803.0</ele>
      </trkpt>
      <trkpt lat="44.17234" lon="5.62989">
        <ele>803.0</ele>
      </trkpt>
      <trkpt lat="44.1724" lon="5.6297">
        <ele>803.0</ele>
      </trkpt>
      <trkpt lat="44.17243" lon="5.62938">
        <ele>802.0</ele>
      </trkpt>
      <trkpt lat="44.17243" lon="5.62874">
        <ele>800.0</ele>
      </trkpt>
      <trkpt lat="44.17249" lon="5.62844">
        <ele>798.0</ele>
      </trkpt>
      <trkpt lat="44.17263" lon="5.62802">
        <ele>803.0</ele>
      </trkpt>
      <trkpt lat="44.17267" lon="5.62771">
        <ele>804.0</ele>
      </trkpt>
      <trkpt lat="44.17267" lon="5.62755">
        <ele>803.0</ele>
      </trkpt>
      <trkpt lat="44.17256" lon="5.62659">
        <ele>797.0</ele>
      </trkpt>
      <trkpt lat="44.17261" lon="5.62596">
        <ele>796.0</ele>
      </trkpt>
      <trkpt lat="44.17266" lon="5.62581">
        <ele>797.0</ele>
      </trkpt>
      <trkpt lat="44.17277" lon="5.62557">
        <ele>799.0</ele>
      </trkpt>
      <trkpt lat="44.173" lon="5.6253">
        <ele>799.0</ele>
      </trkpt>
      <trkpt lat="44.17307" lon="5.6252">
        <ele>799.0</ele>
      </trkpt>
      <trkpt lat="44.17313" lon="5.62507">
        <ele>797.0</ele>
      </trkpt>
      <trkpt lat="44.17319" lon="5.62481">
        <ele>796.0</ele>
      </trkpt>
      <trkpt lat="44.1732" lon="5.62466">
        <ele>796.0</ele>
      </trkpt>
      <trkpt lat="44.17316" lon="5.62412">
        <ele>796.0</ele>
      </trkpt>
      <trkpt lat="44.17295" lon="5.62217">
        <ele>804.0</ele>
      </trkpt>
      <trkpt lat="44.17291" lon="5.62158">
        <ele>804.0</ele>
      </trkpt>
      <trkpt lat="44.17289" lon="5.62081">
        <ele>803.0</ele>
      </trkpt>
      <trkpt lat="44.17288" lon="5.62016">
        <ele>800.0</ele>
      </trkpt>
      <trkpt lat="44.17298" lon="5.61862">
        <ele>803.0</ele>
      </trkpt>
      <trkpt lat="44.17299" lon="5.61813">
        <ele>806.0</ele>
      </trkpt>
      <trkpt lat="44.17296" lon="5.61774">
        <ele>808.0</ele>
      </trkpt>
      <trkpt lat="44.17295" lon="5.61769">
        <ele>808.0</ele>
      </trkpt>
      <trkpt lat="44.17289" lon="5.61746">
        <ele>810.0</ele>
      </trkpt>
      <trkpt lat="44.17288" lon="5.61738">
        <ele>810.0</ele>
      </trkpt>
      <trkpt lat="44.17289" lon="5.61699">
        <ele>810.0</ele>
      </trkpt>
      <trkpt lat="44.17285" lon="5.61658">
        <ele>810.0</ele>
      </trkpt>
      <trkpt lat="44.17248" lon="5.61488">
        <ele>810.0</ele>
      </trkpt>
      <trkpt lat="44.17248" lon="5.61461">
        <ele>810.0</ele>
      </trkpt>
      <trkpt lat="44.1727" lon="5.61381">
        <ele>810.0</ele>
      </trkpt>
      <trkpt lat="44.17272" lon="5.61356">
        <ele>811.0</ele>
      </trkpt>
      <trkpt lat="44.17272" lon="5.61323">
        <ele>811.0</ele>
      </trkpt>
      <trkpt lat="44.17266" lon="5.61281">
        <ele>812.0</ele>
      </trkpt>
      <trkpt lat="44.1726" lon="5.61237">
        <ele>813.0</ele>
      </trkpt>
      <trkpt lat="44.17258" lon="5.61223">
        <ele>813.0</ele>
      </trkpt>
      <trkpt lat="44.17257" lon="5.61216">
        <ele>813.0</ele>
      </trkpt>
      <trkpt lat="44.17254" lon="5.61198">
        <ele>813.0</ele>
      </trkpt>
      <trkpt lat="44.17215" lon="5.60924">
        <ele>818.0</ele>
      </trkpt>
      <trkpt lat="44.17213" lon="5.60912">
        <ele>818.0</ele>
      </trkpt>
      <trkpt lat="44.17212" lon="5.60899">
        <ele>818.0</ele>
      </trkpt>
      <trkpt lat="44.17209" lon="5.60882">
        <ele>819.0</ele>
      </trkpt>
      <trkpt lat="44.17198" lon="5.60809">
        <ele>821.0</ele>
      </trkpt>
      <trkpt lat="44.17197" lon="5.60796">
        <ele>821.0</ele>
      </trkpt>
      <trkpt lat="44.172" lon="5.60781">
        <ele>822.0</ele>
      </trkpt>
      <trkpt lat="44.17281" lon="5.60534">
        <ele>822.0</ele>
      </trkpt>
      <trkpt lat="44.17293" lon="5.60501">
        <ele>822.0</ele>
      </trkpt>
      <trkpt lat="44.17302" lon="5.60473">
        <ele>823.0</ele>
      </trkpt>
      <trkpt lat="44.17305" lon="5.60454">
        <ele>824.0</ele>
      </trkpt>
      <trkpt lat="44.17308" lon="5.6043">
        <ele>825.0</ele>
      </trkpt>
      <trkpt lat="44.17308" lon="5.60405">
        <ele>826.0</ele>
      </trkpt>
      <trkpt lat="44.17306" lon="5.60218">
        <ele>830.0</ele>
      </trkpt>
      <trkpt lat="44.17299" lon="5.60126">
        <ele>833.0</ele>
      </trkpt>
      <trkpt lat="44.17299" lon="5.6009">
        <ele>835.0</ele>
      </trkpt>
      <trkpt lat="44.17301" lon="5.60068">
        <ele>836.0</ele>
      </trkpt>
      <trkpt lat="44.17312" lon="5.59985">
        <ele>841.0</ele>
      </trkpt>
      <trkpt lat="44.1731" lon="5.59934">
        <ele>845.0</ele>
      </trkpt>
      <trkpt lat="44.17311" lon="5.59892">
        <ele>848.0</ele>
      </trkpt>
      <trkpt lat="44.17311" lon="5.59866">
        <ele>850.0</ele>
      </trkpt>
      <trkpt lat="44.17308" lon="5.59843">
        <ele>851.0</ele>
      </trkpt>
      <trkpt lat="44.17303" lon="5.59821">
        <ele>852.0</ele>
      </trkpt>
      <trkpt lat="44.17294" lon="5.59801">
        <ele>852.0</ele>
      </trkpt>
      <trkpt lat="44.1727" lon="5.5976">
        <ele>850.0</ele>
      </trkpt>
      <trkpt lat="44.17242" lon="5.59716">
        <ele>848.0</ele>
      </trkpt>
      <trkpt lat="44.17227" lon="5.59696">
        <ele>849.0</ele>
      </trkpt>
      <trkpt lat="44.17207" lon="5.59681">
        <ele>849.0</ele>
      </trkpt>
      <trkpt lat="44.172" lon="5.59668">
        <ele>849.0</ele>
      </trkpt>
      <trkpt lat="44.17197" lon="5.59651">
        <ele>849.0</ele>
      </trkpt>
      <trkpt lat="44.17198" lon="5.59631">
        <ele>850.0</ele>
      </trkpt>
      <trkpt lat="44.17204" lon="5.59612">
        <ele>852.0</ele>
      </trkpt>
      <trkpt lat="44.17217" lon="5.59585">
        <ele>855.0</ele>
      </trkpt>
      <trkpt lat="44.17248" lon="5.59535">
        <ele>854.0</ele>
      </trkpt>
      <trkpt lat="44.17262" lon="5.59506">
        <ele>856.0</ele>
      </trkpt>
      <trkpt lat="44.17298" lon="5.59417">
        <ele>858.0</ele>
      </trkpt>
      <trkpt lat="44.17312" lon="5.59391">
        <ele>858.0</ele>
      </trkpt>
      <trkpt lat="44.17335" lon="5.59354">
        <ele>857.0</ele>
      </trkpt>
      <trkpt lat="44.17395" lon="5.59278">
        <ele>860.0</ele>
      </trkpt>
      <trkpt lat="44.17407" lon="5.59255">
        <ele>859.0</ele>
      </trkpt>
      <trkpt lat="44.17416" lon="5.59229">
        <ele>859.0</ele>
      </trkpt>
      <trkpt lat="44.17427" lon="5.59205">
        <ele>860.0</ele>
      </trkpt>
      <trkpt lat="44.17447" lon="5.5918">
        <ele>862.0</ele>
      </trkpt>
      <trkpt lat="44.17461" lon="5.59163">
        <ele>863.0</ele>
      </trkpt>
      <trkpt lat="44.17491" lon="5.59109">
        <ele>865.0</ele>
      </trkpt>
      <trkpt lat="44.17541" lon="5.59019">
        <ele>869.0</ele>
      </trkpt>
      <trkpt lat="44.17578" lon="5.58959">
        <ele>872.0</ele>
      </trkpt>
      <trkpt lat="44.1759" lon="5.58936">
        <ele>873.0</ele>
      </trkpt>
      <trkpt lat="44.176" lon="5.58911">
        <ele>876.0</ele>
      </trkpt>
      <trkpt lat="44.1761" lon="5.58872">
        <ele>879.0</ele>
      </trkpt>
      <trkpt lat="44.17621" lon="5.5881">
        <ele>880.0</ele>
      </trkpt>
      <trkpt lat="44.17633" lon="5.58757">
        <ele>880.0</ele>
      </trkpt>
      <trkpt lat="44.1765" lon="5.58709">
        <ele>880.0</ele>
      </trkpt>
      <trkpt lat="44.17664" lon="5.58658">
        <ele>879.0</ele>
      </trkpt>
      <trkpt lat="44.17672" lon="5.58631">
        <ele>880.0</ele>
      </trkpt>
      <trkpt lat="44.17677" lon="5.58613">
        <ele>881.0</ele>
      </trkpt>
      <trkpt lat="44.17692" lon="5.58571">
        <ele>883.0</ele>
      </trkpt>
      <trkpt lat="44.17707" lon="5.58548">
        <ele>887.0</ele>
      </trkpt>
      <trkpt lat="44.17713" lon="5.58535">
        <ele>889.0</ele>
      </trkpt>
      <trkpt lat="44.17716" lon="5.58523">
        <ele>890.0</ele>
      </trkpt>
      <trkpt lat="44.17721" lon="5.58485">
        <ele>892.0</ele>
      </trkpt>
      <trkpt lat="44.17727" lon="5.58456">
        <ele>894.0</ele>
      </trkpt>
      <trkpt lat="44.17737" lon="5.5842">
        <ele>897.0</ele>
      </trkpt>
      <trkpt lat="44.17757" lon="5.58336">
        <ele>895.0</ele>
      </trkpt>
      <trkpt lat="44.17769" lon="5.58298">
        <ele>896.0</ele>
      </trkpt>
      <trkpt lat="44.17778" lon="5.58282">
        <ele>898.0</ele>
      </trkpt>
      <trkpt lat="44.17795" lon="5.58266">
        <ele>901.0</ele>
      </trkpt>
      <trkpt lat="44.17805" lon="5.58253">
        <ele>902.0</ele>
      </trkpt>
      <trkpt lat="44.17813" lon="5.58235">
        <ele>903.0</ele>
      </trkpt>
      <trkpt lat="44.17835" lon="5.58162">
        <ele>903.0</ele>
      </trkpt>
      <trkpt lat="44.1785" lon="5.58138">
        <ele>906.0</ele>
      </trkpt>
      <trkpt lat="44.17865" lon="5.58123">
        <ele>908.0</ele>
      </trkpt>
      <trkpt lat="44.17883" lon="5.5811">
        <ele>910.0</ele>
      </trkpt>
      <trkpt lat="44.17898" lon="5.58104">
        <ele>912.0</ele>
      </trkpt>
      <trkpt lat="44.17912" lon="5.58107">
        <ele>914.0</ele>
      </trkpt>
      <trkpt lat="44.1792" lon="5.58106">
        <ele>915.0</ele>
      </trkpt>
      <trkpt lat="44.17927" lon="5.58103">
        <ele>916.0</ele>
      </trkpt>
      <trkpt lat="44.17932" lon="5.58099">
        <ele>916.0</ele>
      </trkpt>
      <trkpt lat="44.17935" lon="5.58091">
        <ele>915.0</ele>
      </trkpt>
      <trkpt lat="44.17938" lon="5.58075">
        <ele>916.0</ele>
      </trkpt>
      <trkpt lat="44.17936" lon="5.58067">
        <ele>917.0</ele>
      </trkpt>
      <trkpt lat="44.17933" lon="5.5806">
        <ele>918.0</ele>
      </trkpt>
      <trkpt lat="44.17926" lon="5.58054">
        <ele>918.0</ele>
      </trkpt>
      <trkpt lat="44.17874" lon="5.58035">
        <ele>913.0</ele>
      </trkpt>
      <trkpt lat="44.17864" lon="5.58023">
        <ele>913.0</ele>
      </trkpt>
      <trkpt lat="44.17858" lon="5.58006">
        <ele>914.0</ele>
      </trkpt>
      <trkpt lat="44.17856" lon="5.57974">
        <ele>918.0</ele>
      </trkpt>
      <trkpt lat="44.17845" lon="5.57884">
        <ele>923.0</ele>
      </trkpt>
      <trkpt lat="44.17834" lon="5.57842">
        <ele>920.0</ele>
      </trkpt>
      <trkpt lat="44.17833" lon="5.57829">
        <ele>920.0</ele>
      </trkpt>
      <trkpt lat="44.17833" lon="5.57816">
        <ele>920.0</ele>
      </trkpt>
      <trkpt lat="44.17835" lon="5.57802">
        <ele>921.0</ele>
      </trkpt>
      <trkpt lat="44.17842" lon="5.57771">
        <ele>924.0</ele>
      </trkpt>
      <trkpt lat="44.17848" lon="5.57735">
        <ele>927.0</ele>
      </trkpt>
      <trkpt lat="44.17852" lon="5.57689">
        <ele>930.0</ele>
      </trkpt>
      <trkpt lat="44.17853" lon="5.57668">
        <ele>931.0</ele>
      </trkpt>
      <trkpt lat="44.17852" lon="5.57639">
        <ele>932.0</ele>
      </trkpt>
      <trkpt lat="44.17853" lon="5.5762">
        <ele>933.0</ele>
      </trkpt>
      <trkpt lat="44.17854" lon="5.57607">
        <ele>934.0</ele>
      </trkpt>
      <trkpt lat="44.17865" lon="5.57562">
        <ele>939.0</ele>
      </trkpt>
      <trkpt lat="44.17876" lon="5.57484">
        <ele>941.0</ele>
      </trkpt>
      <trkpt lat="44.17881" lon="5.57455">
        <ele>939.0</ele>
      </trkpt>
      <trkpt lat="44.17885" lon="5.57447">
        <ele>940.0</ele>
      </trkpt>
      <trkpt lat="44.17891" lon="5.5744">
        <ele>940.0</ele>
      </trkpt>
      <trkpt lat="44.17897" lon="5.57435">
        <ele>941.0</ele>
      </trkpt>
      <trkpt lat="44.17904" lon="5.57433">
        <ele>942.0</ele>
      </trkpt>
      <trkpt lat="44.17924" lon="5.57431">
        <ele>946.0</ele>
      </trkpt>
      <trkpt lat="44.17929" lon="5.57427">
        <ele>946.0</ele>
      </trkpt>
      <trkpt lat="44.17933" lon="5.57419">
        <ele>946.0</ele>
      </trkpt>
      <trkpt lat="44.17935" lon="5.57409">
        <ele>946.0</ele>
      </trkpt>
      <trkpt lat="44.17933" lon="5.57397">
        <ele>947.0</ele>
      </trkpt>
      <trkpt lat="44.17928" lon="5.5739">
        <ele>946.0</ele>
      </trkpt>
      <trkpt lat="44.17909" lon="5.57375">
        <ele>942.0</ele>
      </trkpt>
      <trkpt lat="44.17904" lon="5.57369">
        <ele>942.0</ele>
      </trkpt>
      <trkpt lat="44.179" lon="5.57363">
        <ele>942.0</ele>
      </trkpt>
      <trkpt lat="44.17898" lon="5.57352">
        <ele>943.0</ele>
      </trkpt>
      <trkpt lat="44.17898" lon="5.57342">
        <ele>943.0</ele>
      </trkpt>
      <trkpt lat="44.179" lon="5.57333">
        <ele>944.0</ele>
      </trkpt>
      <trkpt lat="44.17903" lon="5.57326">
        <ele>945.0</ele>
      </trkpt>
      <trkpt lat="44.17908" lon="5.5732">
        <ele>946.0</ele>
      </trkpt>
      <trkpt lat="44.17916" lon="5.57314">
        <ele>948.0</ele>
      </trkpt>
      <trkpt lat="44.17924" lon="5.57306">
        <ele>951.0</ele>
      </trkpt>
      <trkpt lat="44.17927" lon="5.57297">
        <ele>953.0</ele>
      </trkpt>
      <trkpt lat="44.17927" lon="5.57284">
        <ele>955.0</ele>
      </trkpt>
      <trkpt lat="44.17907" lon="5.57248">
        <ele>953.0</ele>
      </trkpt>
      <trkpt lat="44.17904" lon="5.57235">
        <ele>953.0</ele>
      </trkpt>
      <trkpt lat="44.17903" lon="5.57222">
        <ele>955.0</ele>
      </trkpt>
      <trkpt lat="44.17906" lon="5.57173">
        <ele>960.0</ele>
      </trkpt>
      <trkpt lat="44.17926" lon="5.56969">
        <ele>969.0</ele>
      </trkpt>
      <trkpt lat="44.17932" lon="5.5693">
        <ele>970.0</ele>
      </trkpt>
      <trkpt lat="44.17955" lon="5.56852">
        <ele>973.0</ele>
      </trkpt>
      <trkpt lat="44.17963" lon="5.56831">
        <ele>973.0</ele>
      </trkpt>
      <trkpt lat="44.1797" lon="5.56818">
        <ele>972.0</ele>
      </trkpt>
      <trkpt lat="44.17979" lon="5.56807">
        <ele>972.0</ele>
      </trkpt>
      <trkpt lat="44.18009" lon="5.56786">
        <ele>970.0</ele>
      </trkpt>
      <trkpt lat="44.18023" lon="5.56774">
        <ele>970.0</ele>
      </trkpt>
      <trkpt lat="44.18031" lon="5.56764">
        <ele>970.0</ele>
      </trkpt>
      <trkpt lat="44.18042" lon="5.56747">
        <ele>969.0</ele>
      </trkpt>
      <trkpt lat="44.18082" lon="5.56668">
        <ele>960.0</ele>
      </trkpt>
      <trkpt lat="44.18099" lon="5.56622">
        <ele>961.0</ele>
      </trkpt>
      <trkpt lat="44.18114" lon="5.5657">
        <ele>960.0</ele>
      </trkpt>
      <trkpt lat="44.18125" lon="5.56503">
        <ele>958.0</ele>
      </trkpt>
      <trkpt lat="44.18128" lon="5.56469">
        <ele>956.0</ele>
      </trkpt>
      <trkpt lat="44.18138" lon="5.56395">
        <ele>953.0</ele>
      </trkpt>
      <trkpt lat="44.18153" lon="5.56326">
        <ele>949.0</ele>
      </trkpt>
      <trkpt lat="44.18163" lon="5.56287">
        <ele>945.0</ele>
      </trkpt>
      <trkpt lat="44.18172" lon="5.56232">
        <ele>941.0</ele>
      </trkpt>
      <trkpt lat="44.18178" lon="5.56169">
        <ele>933.0</ele>
      </trkpt>
      <trkpt lat="44.18179" lon="5.56134">
        <ele>931.0</ele>
      </trkpt>
      <trkpt lat="44.18172" lon="5.56038">
        <ele>922.0</ele>
      </trkpt>
      <trkpt lat="44.18177" lon="5.56016">
        <ele>921.0</ele>
      </trkpt>
      <trkpt lat="44.18186" lon="5.55997">
        <ele>920.0</ele>
      </trkpt>
      <trkpt lat="44.1821" lon="5.55955">
        <ele>919.0</ele>
      </trkpt>
      <trkpt lat="44.18252" lon="5.55889">
        <ele>916.0</ele>
      </trkpt>
      <trkpt lat="44.18279" lon="5.55866">
        <ele>918.0</ele>
      </trkpt>
      <trkpt lat="44.18307" lon="5.55848">
        <ele>920.0</ele>
      </trkpt>
      <trkpt lat="44.18325" lon="5.55827">
        <ele>918.0</ele>
      </trkpt>
      <trkpt lat="44.1834" lon="5.55804">
        <ele>918.0</ele>
      </trkpt>
      <trkpt lat="44.18359" lon="5.55764">
        <ele>921.0</ele>
      </trkpt>
      <trkpt lat="44.1837" lon="5.55734">
        <ele>922.0</ele>
      </trkpt>
      <trkpt lat="44.18391" lon="5.55639">
        <ele>918.0</ele>
      </trkpt>
      <trkpt lat="44.18399" lon="5.55572">
        <ele>910.0</ele>
      </trkpt>
      <trkpt lat="44.18403" lon="5.55522">
        <ele>902.0</ele>
      </trkpt>
      <trkpt lat="44.18407" lon="5.55506">
        <ele>899.0</ele>
      </trkpt>
      <trkpt lat="44.18418" lon="5.55479">
        <ele>897.0</ele>
      </trkpt>
      <trkpt lat="44.18434" lon="5.55446">
        <ele>897.0</ele>
      </trkpt>
      <trkpt lat="44.18458" lon="5.55397">
        <ele>898.0</ele>
      </trkpt>
      <trkpt lat="44.18469" lon="5.55367">
        <ele>899.0</ele>
      </trkpt>
      <trkpt lat="44.18483" lon="5.55317">
        <ele>898.0</ele>
      </trkpt>
      <trkpt lat="44.18501" lon="5.55222">
        <ele>891.0</ele>
      </trkpt>
      <trkpt lat="44.18512" lon="5.55151">
        <ele>889.0</ele>
      </trkpt>
      <trkpt lat="44.18514" lon="5.55115">
        <ele>888.0</ele>
      </trkpt>
      <trkpt lat="44.18513" lon="5.55023">
        <ele>885.0</ele>
      </trkpt>
      <trkpt lat="44.18516" lon="5.54988">
        <ele>883.0</ele>
      </trkpt>
      <trkpt lat="44.18519" lon="5.5497">
        <ele>883.0</ele>
      </trkpt>
      <trkpt lat="44.18531" lon="5.54918">
        <ele>880.0</ele>
      </trkpt>
      <trkpt lat="44.1855" lon="5.54851">
        <ele>876.0</ele>
      </trkpt>
      <trkpt lat="44.18561" lon="5.54818">
        <ele>874.0</ele>
      </trkpt>
      <trkpt lat="44.18578" lon="5.54775">
        <ele>872.0</ele>
      </trkpt>
      <trkpt lat="44.18591" lon="5.54728">
        <ele>870.0</ele>
      </trkpt>
      <trkpt lat="44.18593" lon="5.54672">
        <ele>869.0</ele>
      </trkpt>
      <trkpt lat="44.18582" lon="5.5449">
        <ele>866.0</ele>
      </trkpt>
      <trkpt lat="44.18572" lon="5.5441">
        <ele>870.0</ele>
      </trkpt>
      <trkpt lat="44.18552" lon="5.54307">
        <ele>870.0</ele>
      </trkpt>
      <trkpt lat="44.18547" lon="5.54271">
        <ele>868.0</ele>
      </trkpt>
      <trkpt lat="44.18547" lon="5.54232">
        <ele>865.0</ele>
      </trkpt>
      <trkpt lat="44.18549" lon="5.54214">
        <ele>864.0</ele>
      </trkpt>
      <trkpt lat="44.18553" lon="5.54196">
        <ele>862.0</ele>
      </trkpt>
      <trkpt lat="44.18565" lon="5.54162">
        <ele>860.0</ele>
      </trkpt>
      <trkpt lat="44.18581" lon="5.54129">
        <ele>858.0</ele>
      </trkpt>
      <trkpt lat="44.18623" lon="5.5406">
        <ele>857.0</ele>
      </trkpt>
      <trkpt lat="44.18668" lon="5.54003">
        <ele>853.0</ele>
      </trkpt>
      <trkpt lat="44.18704" lon="5.53964">
        <ele>849.0</ele>
      </trkpt>
      <trkpt lat="44.18726" lon="5.53949">
        <ele>847.0</ele>
      </trkpt>
      <trkpt lat="44.18758" lon="5.53934">
        <ele>845.0</ele>
      </trkpt>
      <trkpt lat="44.18765" lon="5.53925">
        <ele>844.0</ele>
      </trkpt>
      <trkpt lat="44.18769" lon="5.53916">
        <ele>843.0</ele>
      </trkpt>
      <trkpt lat="44.1877" lon="5.53903">
        <ele>843.0</ele>
      </trkpt>
      <trkpt lat="44.18771" lon="5.53879">
        <ele>843.0</ele>
      </trkpt>
      <trkpt lat="44.18773" lon="5.53871">
        <ele>843.0</ele>
      </trkpt>
      <trkpt lat="44.18779" lon="5.53856">
        <ele>843.0</ele>
      </trkpt>
      <trkpt lat="44.18786" lon="5.53846">
        <ele>843.0</ele>
      </trkpt>
      <trkpt lat="44.18815" lon="5.53822">
        <ele>844.0</ele>
      </trkpt>
      <trkpt lat="44.18879" lon="5.53784">
        <ele>848.0</ele>
      </trkpt>
      <trkpt lat="44.1891" lon="5.53765">
        <ele>847.0</ele>
      </trkpt>
      <trkpt lat="44.18921" lon="5.5376">
        <ele>847.0</ele>
      </trkpt>
      <trkpt lat="44.18931" lon="5.53758">
        <ele>846.0</ele>
      </trkpt>
      <trkpt lat="44.18959" lon="5.53757">
        <ele>844.0</ele>
      </trkpt>
      <trkpt lat="44.18963" lon="5.53757">
        <ele>844.0</ele>
      </trkpt>
      <trkpt lat="44.1897" lon="5.53756">
        <ele>843.0</ele>
      </trkpt>
      <trkpt lat="44.18979" lon="5.53754">
        <ele>842.0</ele>
      </trkpt>
      <trkpt lat="44.18985" lon="5.53747">
        <ele>843.0</ele>
      </trkpt>
      <trkpt lat="44.18988" lon="5.53737">
        <ele>845.0</ele>
      </trkpt>
      <trkpt lat="44.18991" lon="5.53725">
        <ele>847.0</ele>
      </trkpt>
      <trkpt lat="44.18995" lon="5.53726">
        <ele>847.0</ele>
      </trkpt>
      <trkpt lat="44.1903" lon="5.53724">
        <ele>844.0</ele>
      </trkpt>
      <trkpt lat="44.19411" lon="5.5376">
        <ele>824.0</ele>
      </trkpt>
      <trkpt lat="44.19541" lon="5.53769">
        <ele>821.0</ele>
      </trkpt>
      <trkpt lat="44.19662" lon="5.53765">
        <ele>820.0</ele>
      </trkpt>
      <trkpt lat="44.19673" lon="5.53765">
        <ele>819.0</ele>
      </trkpt>
      <trkpt lat="44.19808" lon="5.53761">
        <ele>816.0</ele>
      </trkpt>
      <trkpt lat="44.19845" lon="5.53759">
        <ele>815.0</ele>
      </trkpt>
      <trkpt lat="44.19855" lon="5.53756">
        <ele>815.0</ele>
      </trkpt>
      <trkpt lat="44.19861" lon="5.53754">
        <ele>815.0</ele>
      </trkpt>
      <trkpt lat="44.19873" lon="5.53751">
        <ele>815.0</ele>
      </trkpt>
      <trkpt lat="44.19894" lon="5.53743">
        <ele>814.0</ele>
      </trkpt>
      <trkpt lat="44.199" lon="5.53741">
        <ele>814.0</ele>
      </trkpt>
      <trkpt lat="44.19935" lon="5.53729">
        <ele>814.0</ele>
      </trkpt>
      <trkpt lat="44.19943" lon="5.53726">
        <ele>814.0</ele>
      </trkpt>
      <trkpt lat="44.19975" lon="5.53714">
        <ele>814.0</ele>
      </trkpt>
      <trkpt lat="44.19998" lon="5.53706">
        <ele>814.0</ele>
      </trkpt>
      <trkpt lat="44.20038" lon="5.53697">
        <ele>813.0</ele>
      </trkpt>
      <trkpt lat="44.20049" lon="5.53694">
        <ele>813.0</ele>
      </trkpt>
      <trkpt lat="44.20062" lon="5.53693">
        <ele>813.0</ele>
      </trkpt>
      <trkpt lat="44.20111" lon="5.53689">
        <ele>813.0</ele>
      </trkpt>
      <trkpt lat="44.20141" lon="5.53687">
        <ele>814.0</ele>
      </trkpt>
      <trkpt lat="44.20157" lon="5.53688">
        <ele>814.0</ele>
      </trkpt>
      <trkpt lat="44.20243" lon="5.53682">
        <ele>811.0</ele>
      </trkpt>
      <trkpt lat="44.2029" lon="5.53675">
        <ele>809.0</ele>
      </trkpt>
      <trkpt lat="44.20308" lon="5.5367">
        <ele>808.0</ele>
      </trkpt>
      <trkpt lat="44.20327" lon="5.53662">
        <ele>808.0</ele>
      </trkpt>
      <trkpt lat="44.2033" lon="5.5366">
        <ele>808.0</ele>
      </trkpt>
      <trkpt lat="44.20362" lon="5.53641">
        <ele>811.0</ele>
      </trkpt>
      <trkpt lat="44.20371" lon="5.53637">
        <ele>812.0</ele>
      </trkpt>
      <trkpt lat="44.204" lon="5.53631">
        <ele>814.0</ele>
      </trkpt>
      <trkpt lat="44.20407" lon="5.5363">
        <ele>814.0</ele>
      </trkpt>
      <trkpt lat="44.20439" lon="5.5363">
        <ele>815.0</ele>
      </trkpt>
      <trkpt lat="44.20463" lon="5.53636">
        <ele>814.0</ele>
      </trkpt>
      <trkpt lat="44.20481" lon="5.53641">
        <ele>813.0</ele>
      </trkpt>
      <trkpt lat="44.20492" lon="5.53647">
        <ele>811.0</ele>
      </trkpt>
      <trkpt lat="44.20506" lon="5.53659">
        <ele>808.0</ele>
      </trkpt>
      <trkpt lat="44.20519" lon="5.53668">
        <ele>806.0</ele>
      </trkpt>
      <trkpt lat="44.20548" lon="5.53682">
        <ele>809.0</ele>
      </trkpt>
      <trkpt lat="44.2055" lon="5.53683">
        <ele>809.0</ele>
      </trkpt>
      <trkpt lat="44.20551" lon="5.53688">
        <ele>809.0</ele>
      </trkpt>
      <trkpt lat="44.20552" lon="5.53689">
        <ele>810.0</ele>
      </trkpt>
      <trkpt lat="44.20554" lon="5.5369">
        <ele>810.0</ele>
      </trkpt>
      <trkpt lat="44.20556" lon="5.53689">
        <ele>810.0</ele>
      </trkpt>
      <trkpt lat="44.20557" lon="5.53687">
        <ele>810.0</ele>
      </trkpt>
      <trkpt lat="44.20558" lon="5.53685">
        <ele>810.0</ele>
      </trkpt>
      <trkpt lat="44.20589" lon="5.53676">
        <ele>810.0</ele>
      </trkpt>
      <trkpt lat="44.20604" lon="5.53669">
        <ele>811.0</ele>
      </trkpt>
      <trkpt lat="44.2064" lon="5.53654">
        <ele>817.0</ele>
      </trkpt>
      <trkpt lat="44.20674" lon="5.53642">
        <ele>819.0</ele>
      </trkpt>
      <trkpt lat="44.20697" lon="5.5364">
        <ele>818.0</ele>
      </trkpt>
      <trkpt lat="44.20713" lon="5.53641">
        <ele>817.0</ele>
      </trkpt>
      <trkpt lat="44.2073" lon="5.53644">
        <ele>816.0</ele>
      </trkpt>
      <trkpt lat="44.20763" lon="5.53656">
        <ele>812.0</ele>
      </trkpt>
      <trkpt lat="44.20785" lon="5.53662">
        <ele>809.0</ele>
      </trkpt>
      <trkpt lat="44.20808" lon="5.53661">
        <ele>806.0</ele>
      </trkpt>
      <trkpt lat="44.20888" lon="5.53645">
        <ele>800.0</ele>
      </trkpt>
      <trkpt lat="44.20901" lon="5.53644">
        <ele>799.0</ele>
      </trkpt>
      <trkpt lat="44.20921" lon="5.53655">
        <ele>798.0</ele>
      </trkpt>
      <trkpt lat="44.20933" lon="5.53675">
        <ele>798.0</ele>
      </trkpt>
      <trkpt lat="44.20946" lon="5.53705">
        <ele>799.0</ele>
      </trkpt>
      <trkpt lat="44.20963" lon="5.53752">
        <ele>799.0</ele>
      </trkpt>
      <trkpt lat="44.20978" lon="5.53787">
        <ele>799.0</ele>
      </trkpt>
      <trkpt lat="44.20989" lon="5.53814">
        <ele>799.0</ele>
      </trkpt>
      <trkpt lat="44.21008" lon="5.53842">
        <ele>799.0</ele>
      </trkpt>
      <trkpt lat="44.21029" lon="5.53865">
        <ele>799.0</ele>
      </trkpt>
      <trkpt lat="44.21055" lon="5.5389">
        <ele>799.0</ele>
      </trkpt>
      <trkpt lat="44.21076" lon="5.53905">
        <ele>797.0</ele>
      </trkpt>
      <trkpt lat="44.21097" lon="5.53918">
        <ele>796.0</ele>
      </trkpt>
      <trkpt lat="44.21173" lon="5.53956">
        <ele>793.0</ele>
      </trkpt>
      <trkpt lat="44.21252" lon="5.54001">
        <ele>790.0</ele>
      </trkpt>
      <trkpt lat="44.2127" lon="5.54012">
        <ele>790.0</ele>
      </trkpt>
      <trkpt lat="44.21294" lon="5.54026">
        <ele>790.0</ele>
      </trkpt>
      <trkpt lat="44.21327" lon="5.54051">
        <ele>789.0</ele>
      </trkpt>
      <trkpt lat="44.21341" lon="5.54064">
        <ele>789.0</ele>
      </trkpt>
      <trkpt lat="44.21437" lon="5.54177">
        <ele>787.0</ele>
      </trkpt>
      <trkpt lat="44.21505" lon="5.54263">
        <ele>787.0</ele>
      </trkpt>
      <trkpt lat="44.21529" lon="5.54292">
        <ele>788.0</ele>
      </trkpt>
      <trkpt lat="44.21543" lon="5.54303">
        <ele>788.0</ele>
      </trkpt>
      <trkpt lat="44.2156" lon="5.5432">
        <ele>787.0</ele>
      </trkpt>
      <trkpt lat="44.21568" lon="5.54328">
        <ele>787.0</ele>
      </trkpt>
      <trkpt lat="44.21574" lon="5.54329">
        <ele>786.0</ele>
      </trkpt>
      <trkpt lat="44.21581" lon="5.54306">
        <ele>784.0</ele>
      </trkpt>
      <trkpt lat="44.21591" lon="5.54286">
        <ele>783.0</ele>
      </trkpt>
      <trkpt lat="44.21597" lon="5.54282">
        <ele>783.0</ele>
      </trkpt>
      <trkpt lat="44.21615" lon="5.54269">
        <ele>782.0</ele>
      </trkpt>
      <trkpt lat="44.21638" lon="5.54254">
        <ele>782.0</ele>
      </trkpt>
      <trkpt lat="44.21653" lon="5.54246">
        <ele>782.0</ele>
      </trkpt>
      <trkpt lat="44.2167" lon="5.54239">
        <ele>783.0</ele>
      </trkpt>
      <trkpt lat="44.21689" lon="5.54234">
        <ele>783.0</ele>
      </trkpt>
      <trkpt lat="44.21846" lon="5.542">
        <ele>781.0</ele>
      </trkpt>
      <trkpt lat="44.21865" lon="5.54193">
        <ele>781.0</ele>
      </trkpt>
      <trkpt lat="44.21874" lon="5.54187">
        <ele>781.0</ele>
      </trkpt>
      <trkpt lat="44.21885" lon="5.54175">
        <ele>781.0</ele>
      </trkpt>
      <trkpt lat="44.21893" lon="5.54163">
        <ele>781.0</ele>
      </trkpt>
      <trkpt lat="44.21902" lon="5.54147">
        <ele>781.0</ele>
      </trkpt>
      <trkpt lat="44.21922" lon="5.54101">
        <ele>781.0</ele>
      </trkpt>
      <trkpt lat="44.21926" lon="5.54093">
        <ele>781.0</ele>
      </trkpt>
      <trkpt lat="44.2194" lon="5.54069">
        <ele>781.0</ele>
      </trkpt>
      <trkpt lat="44.21964" lon="5.54045">
        <ele>780.0</ele>
      </trkpt>
      <trkpt lat="44.21979" lon="5.5403">
        <ele>779.0</ele>
      </trkpt>
      <trkpt lat="44.21991" lon="5.54019">
        <ele>778.0</ele>
      </trkpt>
      <trkpt lat="44.22011" lon="5.54003">
        <ele>778.0</ele>
      </trkpt>
      <trkpt lat="44.22023" lon="5.5399">
        <ele>779.0</ele>
      </trkpt>
      <trkpt lat="44.22029" lon="5.5398">
        <ele>779.0</ele>
      </trkpt>
      <trkpt lat="44.22034" lon="5.53969">
        <ele>779.0</ele>
      </trkpt>
      <trkpt lat="44.22039" lon="5.53951">
        <ele>779.0</ele>
      </trkpt>
      <trkpt lat="44.22042" lon="5.53937">
        <ele>779.0</ele>
      </trkpt>
      <trkpt lat="44.22045" lon="5.53911">
        <ele>780.0</ele>
      </trkpt>
      <trkpt lat="44.22054" lon="5.53688">
        <ele>782.0</ele>
      </trkpt>
      <trkpt lat="44.22057" lon="5.53631">
        <ele>784.0</ele>
      </trkpt>
      <trkpt lat="44.22063" lon="5.53341">
        <ele>789.0</ele>
      </trkpt>
      <trkpt lat="44.22063" lon="5.53329">
        <ele>790.0</ele>
      </trkpt>
      <trkpt lat="44.22086" lon="5.5268">
        <ele>796.0</ele>
      </trkpt>
      <trkpt lat="44.22088" lon="5.52643">
        <ele>796.0</ele>
      </trkpt>
      <trkpt lat="44.22102" lon="5.52487">
        <ele>798.0</ele>
      </trkpt>
      <trkpt lat="44.22112" lon="5.52342">
        <ele>799.0</ele>
      </trkpt>
      <trkpt lat="44.22114" lon="5.52325">
        <ele>799.0</ele>
      </trkpt>
      <trkpt lat="44.22115" lon="5.52302">
        <ele>800.0</ele>
      </trkpt>
      <trkpt lat="44.22117" lon="5.52284">
        <ele>800.0</ele>
      </trkpt>
      <trkpt lat="44.22119" lon="5.52256">
        <ele>800.0</ele>
      </trkpt>
      <trkpt lat="44.22121" lon="5.5224">
        <ele>801.0</ele>
      </trkpt>
      <trkpt lat="44.22123" lon="5.52227">
        <ele>801.0</ele>
      </trkpt>
      <trkpt lat="44.22129" lon="5.52175">
        <ele>802.0</ele>
      </trkpt>
      <trkpt lat="44.22138" lon="5.52119">
        <ele>802.0</ele>
      </trkpt>
      <trkpt lat="44.22152" lon="5.52042">
        <ele>804.0</ele>
      </trkpt>
      <trkpt lat="44.22163" lon="5.51977">
        <ele>806.0</ele>
      </trkpt>
      <trkpt lat="44.2218" lon="5.51887">
        <ele>806.0</ele>
      </trkpt>
      <trkpt lat="44.22191" lon="5.51841">
        <ele>805.0</ele>
      </trkpt>
      <trkpt lat="44.22205" lon="5.51792">
        <ele>805.0</ele>
      </trkpt>
      <trkpt lat="44.22208" lon="5.51779">
        <ele>806.0</ele>
      </trkpt>
      <trkpt lat="44.22212" lon="5.51767">
        <ele>806.0</ele>
      </trkpt>
      <trkpt lat="44.22269" lon="5.51612">
        <ele>808.0</ele>
      </trkpt>
      <trkpt lat="44.22469" lon="5.51072">
        <ele>812.0</ele>
      </trkpt>
      <trkpt lat="44.22512" lon="5.5096">
        <ele>814.0</ele>
      </trkpt>
      <trkpt lat="44.2254" lon="5.50884">
        <ele>817.0</ele>
      </trkpt>
      <trkpt lat="44.22543" lon="5.50876">
        <ele>817.0</ele>
      </trkpt>
      <trkpt lat="44.22546" lon="5.50868">
        <ele>817.0</ele>
      </trkpt>
      <trkpt lat="44.22548" lon="5.50861">
        <ele>818.0</ele>
      </trkpt>
      <trkpt lat="44.22568" lon="5.50806">
        <ele>818.0</ele>
      </trkpt>
      <trkpt lat="44.2258" lon="5.50777">
        <ele>817.0</ele>
      </trkpt>
      <trkpt lat="44.22608" lon="5.507">
        <ele>816.0</ele>
      </trkpt>
      <trkpt lat="44.22626" lon="5.50643">
        <ele>814.0</ele>
      </trkpt>
      <trkpt lat="44.22641" lon="5.50536">
        <ele>814.0</ele>
      </trkpt>
      <trkpt lat="44.22642" lon="5.50528">
        <ele>814.0</ele>
      </trkpt>
      <trkpt lat="44.22643" lon="5.50518">
        <ele>814.0</ele>
      </trkpt>
      <trkpt lat="44.22645" lon="5.50505">
        <ele>815.0</ele>
      </trkpt>
      <trkpt lat="44.22657" lon="5.50421">
        <ele>817.0</ele>
      </trkpt>
      <trkpt lat="44.22678" lon="5.50261">
        <ele>821.0</ele>
      </trkpt>
      <trkpt lat="44.22696" lon="5.50121">
        <ele>825.0</ele>
      </trkpt>
      <trkpt lat="44.22706" lon="5.50064">
        <ele>827.0</ele>
      </trkpt>
      <trkpt lat="44.2271" lon="5.50037">
        <ele>827.0</ele>
      </trkpt>
      <trkpt lat="44.22725" lon="5.49966">
        <ele>830.0</ele>
      </trkpt>
      <trkpt lat="44.22736" lon="5.49922">
        <ele>831.0</ele>
      </trkpt>
      <trkpt lat="44.22761" lon="5.49852">
        <ele>834.0</ele>
      </trkpt>
      <trkpt lat="44.22793" lon="5.49771">
        <ele>839.0</ele>
      </trkpt>
      <trkpt lat="44.22807" lon="5.49726">
        <ele>841.0</ele>
      </trkpt>
      <trkpt lat="44.22819" lon="5.49663">
        <ele>842.0</ele>
      </trkpt>
      <trkpt lat="44.2282" lon="5.49657">
        <ele>842.0</ele>
      </trkpt>
      <trkpt lat="44.22886" lon="5.49296">
        <ele>846.0</ele>
      </trkpt>
      <trkpt lat="44.22917" lon="5.49129">
        <ele>845.0</ele>
      </trkpt>
      <trkpt lat="44.22926" lon="5.49067">
        <ele>847.0</ele>
      </trkpt>
      <trkpt lat="44.22929" lon="5.49044">
        <ele>848.0</ele>
      </trkpt>
      <trkpt lat="44.2294" lon="5.48947">
        <ele>850.0</ele>
      </trkpt>
      <trkpt lat="44.22961" lon="5.48794">
        <ele>850.0</ele>
      </trkpt>
      <trkpt lat="44.22978" lon="5.48661">
        <ele>854.0</ele>
      </trkpt>
      <trkpt lat="44.22978" lon="5.48655">
        <ele>855.0</ele>
      </trkpt>
      <trkpt lat="44.22992" lon="5.48559">
        <ele>857.0</ele>
      </trkpt>
      <trkpt lat="44.22996" lon="5.48539">
        <ele>857.0</ele>
      </trkpt>
      <trkpt lat="44.23014" lon="5.48457">
        <ele>859.0</ele>
      </trkpt>
      <trkpt lat="44.23079" lon="5.4821">
        <ele>871.0</ele>
      </trkpt>
      <trkpt lat="44.23092" lon="5.48147">
        <ele>875.0</ele>
      </trkpt>
      <trkpt lat="44.23111" lon="5.47947">
        <ele>885.0</ele>
      </trkpt>
      <trkpt lat="44.23137" lon="5.47691">
        <ele>892.0</ele>
      </trkpt>
      <trkpt lat="44.23137" lon="5.47681">
        <ele>892.0</ele>
      </trkpt>
      <trkpt lat="44.23143" lon="5.47618">
        <ele>891.0</ele>
      </trkpt>
      <trkpt lat="44.23142" lon="5.47593">
        <ele>890.0</ele>
      </trkpt>
      <trkpt lat="44.23138" lon="5.47568">
        <ele>889.0</ele>
      </trkpt>
      <trkpt lat="44.23137" lon="5.47544">
        <ele>888.0</ele>
      </trkpt>
      <trkpt lat="44.23141" lon="5.47516">
        <ele>886.0</ele>
      </trkpt>
      <trkpt lat="44.23148" lon="5.47484">
        <ele>884.0</ele>
      </trkpt>
      <trkpt lat="44.23159" lon="5.47456">
        <ele>881.0</ele>
      </trkpt>
      <trkpt lat="44.23204" lon="5.47387">
        <ele>878.0</ele>
      </trkpt>
      <trkpt lat="44.23243" lon="5.47324">
        <ele>871.0</ele>
      </trkpt>
      <trkpt lat="44.23273" lon="5.47279">
        <ele>870.0</ele>
      </trkpt>
      <trkpt lat="44.23319" lon="5.47218">
        <ele>865.0</ele>
      </trkpt>
      <trkpt lat="44.23348" lon="5.47182">
        <ele>861.0</ele>
      </trkpt>
      <trkpt lat="44.23411" lon="5.47129">
        <ele>858.0</ele>
      </trkpt>
      <trkpt lat="44.23522" lon="5.47047">
        <ele>849.0</ele>
      </trkpt>
      <trkpt lat="44.2376" lon="5.46874">
        <ele>839.0</ele>
      </trkpt>
      <trkpt lat="44.23777" lon="5.46862">
        <ele>838.0</ele>
      </trkpt>
      <trkpt lat="44.23871" lon="5.46786">
        <ele>834.0</ele>
      </trkpt>
      <trkpt lat="44.23886" lon="5.46772">
        <ele>833.0</ele>
      </trkpt>
      <trkpt lat="44.23912" lon="5.46743">
        <ele>831.0</ele>
      </trkpt>
      <trkpt lat="44.23948" lon="5.46691">
        <ele>830.0</ele>
      </trkpt>
      <trkpt lat="44.24042" lon="5.46549">
        <ele>828.0</ele>
      </trkpt>
      <trkpt lat="44.24049" lon="5.46538">
        <ele>827.0</ele>
      </trkpt>
      <trkpt lat="44.24073" lon="5.46497">
        <ele>827.0</ele>
      </trkpt>
      <trkpt lat="44.24087" lon="5.4646">
        <ele>827.0</ele>
      </trkpt>
      <trkpt lat="44.24089" lon="5.46433">
        <ele>828.0</ele>
      </trkpt>
      <trkpt lat="44.24084" lon="5.46401">
        <ele>827.0</ele>
      </trkpt>
      <trkpt lat="44.24083" lon="5.46368">
        <ele>826.0</ele>
      </trkpt>
      <trkpt lat="44.24091" lon="5.4634">
        <ele>826.0</ele>
      </trkpt>
      <trkpt lat="44.24097" lon="5.46322">
        <ele>827.0</ele>
      </trkpt>
      <trkpt lat="44.24113" lon="5.4628">
        <ele>828.0</ele>
      </trkpt>
      <trkpt lat="44.24122" lon="5.46249">
        <ele>829.0</ele>
      </trkpt>
      <trkpt lat="44.24137" lon="5.4617">
        <ele>829.0</ele>
      </trkpt>
      <trkpt lat="44.24148" lon="5.4614">
        <ele>828.0</ele>
      </trkpt>
      <trkpt lat="44.24182" lon="5.46088">
        <ele>825.0</ele>
      </trkpt>
      <trkpt lat="44.2421" lon="5.46052">
        <ele>823.0</ele>
      </trkpt>
      <trkpt lat="44.2422" lon="5.46045">
        <ele>823.0</ele>
      </trkpt>
      <trkpt lat="44.24263" lon="5.46035">
        <ele>824.0</ele>
      </trkpt>
      <trkpt lat="44.24276" lon="5.46028">
        <ele>824.0</ele>
      </trkpt>
      <trkpt lat="44.24286" lon="5.46015">
        <ele>823.0</ele>
      </trkpt>
      <trkpt lat="44.24294" lon="5.45999">
        <ele>822.0</ele>
      </trkpt>
      <trkpt lat="44.24298" lon="5.45978">
        <ele>822.0</ele>
      </trkpt>
      <trkpt lat="44.24304" lon="5.45916">
        <ele>820.0</ele>
      </trkpt>
      <trkpt lat="44.24313" lon="5.45873">
        <ele>819.0</ele>
      </trkpt>
      <trkpt lat="44.24338" lon="5.45809">
        <ele>818.0</ele>
      </trkpt>
      <trkpt lat="44.24367" lon="5.45714">
        <ele>818.0</ele>
      </trkpt>
      <trkpt lat="44.24378" lon="5.45667">
        <ele>817.0</ele>
      </trkpt>
      <trkpt lat="44.24382" lon="5.45612">
        <ele>817.0</ele>
      </trkpt>
      <trkpt lat="44.24379" lon="5.45458">
        <ele>811.0</ele>
      </trkpt>
      <trkpt lat="44.24382" lon="5.454">
        <ele>809.0</ele>
      </trkpt>
      <trkpt lat="44.24387" lon="5.45367">
        <ele>809.0</ele>
      </trkpt>
      <trkpt lat="44.24398" lon="5.45329">
        <ele>810.0</ele>
      </trkpt>
      <trkpt lat="44.24411" lon="5.45296">
        <ele>810.0</ele>
      </trkpt>
      <trkpt lat="44.2446" lon="5.45199">
        <ele>807.0</ele>
      </trkpt>
      <trkpt lat="44.24499" lon="5.45151">
        <ele>805.0</ele>
      </trkpt>
      <trkpt lat="44.24515" lon="5.45139">
        <ele>806.0</ele>
      </trkpt>
      <trkpt lat="44.24528" lon="5.45127">
        <ele>806.0</ele>
      </trkpt>
      <trkpt lat="44.2456" lon="5.45091">
        <ele>805.0</ele>
      </trkpt>
      <trkpt lat="44.24605" lon="5.45015">
        <ele>802.0</ele>
      </trkpt>
      <trkpt lat="44.24661" lon="5.44926">
        <ele>801.0</ele>
      </trkpt>
      <trkpt lat="44.24679" lon="5.44895">
        <ele>801.0</ele>
      </trkpt>
      <trkpt lat="44.24694" lon="5.4486">
        <ele>800.0</ele>
      </trkpt>
      <trkpt lat="44.24726" lon="5.44767">
        <ele>798.0</ele>
      </trkpt>
      <trkpt lat="44.24738" lon="5.44745">
        <ele>797.0</ele>
      </trkpt>
      <trkpt lat="44.24754" lon="5.44723">
        <ele>796.0</ele>
      </trkpt>
      <trkpt lat="44.24757" lon="5.44719">
        <ele>796.0</ele>
      </trkpt>
      <trkpt lat="44.24806" lon="5.44677">
        <ele>794.0</ele>
      </trkpt>
      <trkpt lat="44.2484" lon="5.44646">
        <ele>793.0</ele>
      </trkpt>
      <trkpt lat="44.24921" lon="5.44562">
        <ele>794.0</ele>
      </trkpt>
      <trkpt lat="44.24975" lon="5.44504">
        <ele>791.0</ele>
      </trkpt>
      <trkpt lat="44.25034" lon="5.44461">
        <ele>788.0</ele>
      </trkpt>
      <trkpt lat="44.25084" lon="5.44391">
        <ele>783.0</ele>
      </trkpt>
      <trkpt lat="44.25101" lon="5.44371">
        <ele>783.0</ele>
      </trkpt>
      <trkpt lat="44.25116" lon="5.44361">
        <ele>782.0</ele>
      </trkpt>
      <trkpt lat="44.25131" lon="5.44354">
        <ele>782.0</ele>
      </trkpt>
      <trkpt lat="44.25195" lon="5.44327">
        <ele>780.0</ele>
      </trkpt>
      <trkpt lat="44.25194" lon="5.44322">
        <ele>780.0</ele>
      </trkpt>
      <trkpt lat="44.2519" lon="5.44318">
        <ele>780.0</ele>
      </trkpt>
      <trkpt lat="44.25185" lon="5.44318">
        <ele>779.0</ele>
      </trkpt>
      <trkpt lat="44.25178" lon="5.4432">
        <ele>779.0</ele>
      </trkpt>
      <trkpt lat="44.25166" lon="5.44327">
        <ele>780.0</ele>
      </trkpt>
      <trkpt lat="44.25155" lon="5.44332">
        <ele>780.0</ele>
      </trkpt>
      <trkpt lat="44.25148" lon="5.44332">
        <ele>780.0</ele>
      </trkpt>
      <trkpt lat="44.25141" lon="5.4433">
        <ele>780.0</ele>
      </trkpt>
      <trkpt lat="44.25133" lon="5.44324">
        <ele>780.0</ele>
      </trkpt>
      <trkpt lat="44.25121" lon="5.44311">
        <ele>779.0</ele>
      </trkpt>
      <trkpt lat="44.25099" lon="5.44288">
        <ele>779.0</ele>
      </trkpt>
      <trkpt lat="44.25049" lon="5.44231">
        <ele>779.0</ele>
      </trkpt>
      <trkpt lat="44.25029" lon="5.4421">
        <ele>779.0</ele>
      </trkpt>
      <trkpt lat="44.2501" lon="5.44191">
        <ele>780.0</ele>
      </trkpt>
      <trkpt lat="44.24991" lon="5.44175">
        <ele>781.0</ele>
      </trkpt>
      <trkpt lat="44.24972" lon="5.44161">
        <ele>781.0</ele>
      </trkpt>
      <trkpt lat="44.24963" lon="5.44156">
        <ele>782.0</ele>
      </trkpt>
      <trkpt lat="44.24953" lon="5.44152">
        <ele>782.0</ele>
      </trkpt>
      <trkpt lat="44.24944" lon="5.4415">
        <ele>782.0</ele>
      </trkpt>
      <trkpt lat="44.24902" lon="5.44147">
        <ele>785.0</ele>
      </trkpt>
      <trkpt lat="44.24885" lon="5.4414">
        <ele>787.0</ele>
      </trkpt>
      <trkpt lat="44.2483" lon="5.44082">
        <ele>787.0</ele>
      </trkpt>
      <trkpt lat="44.24777" lon="5.44037">
        <ele>793.0</ele>
      </trkpt>
      <trkpt lat="44.24753" lon="5.44015">
        <ele>795.0</ele>
      </trkpt>
      <trkpt lat="44.24732" lon="5.44001">
        <ele>794.0</ele>
      </trkpt>
      <trkpt lat="44.24723" lon="5.43997">
        <ele>794.0</ele>
      </trkpt>
      <trkpt lat="44.24671" lon="5.43982">
        <ele>793.0</ele>
      </trkpt>
      <trkpt lat="44.24641" lon="5.43976">
        <ele>793.0</ele>
      </trkpt>
      <trkpt lat="44.24606" lon="5.43968">
        <ele>794.0</ele>
      </trkpt>
      <trkpt lat="44.24572" lon="5.43961">
        <ele>795.0</ele>
      </trkpt>
      <trkpt lat="44.24514" lon="5.43952">
        <ele>798.0</ele>
      </trkpt>
      <trkpt lat="44.24491" lon="5.43948">
        <ele>799.0</ele>
      </trkpt>
      <trkpt lat="44.24459" lon="5.43936">
        <ele>801.0</ele>
      </trkpt>
      <trkpt lat="44.24444" lon="5.4393">
        <ele>802.0</ele>
      </trkpt>
      <trkpt lat="44.24416" lon="5.43915">
        <ele>803.0</ele>
      </trkpt>
      <trkpt lat="44.24404" lon="5.43909">
        <ele>803.0</ele>
      </trkpt>
      <trkpt lat="44.24382" lon="5.43901">
        <ele>803.0</ele>
      </trkpt>
      <trkpt lat="44.24329" lon="5.43895">
        <ele>803.0</ele>
      </trkpt>
      <trkpt lat="44.24295" lon="5.43888">
        <ele>807.0</ele>
      </trkpt>
      <trkpt lat="44.24284" lon="5.43887">
        <ele>808.0</ele>
      </trkpt>
      <trkpt lat="44.24273" lon="5.4389">
        <ele>809.0</ele>
      </trkpt>
      <trkpt lat="44.24264" lon="5.43896">
        <ele>809.0</ele>
      </trkpt>
      <trkpt lat="44.24255" lon="5.43905">
        <ele>809.0</ele>
      </trkpt>
      <trkpt lat="44.24239" lon="5.43924">
        <ele>809.0</ele>
      </trkpt>
      <trkpt lat="44.24227" lon="5.43936">
        <ele>809.0</ele>
      </trkpt>
      <trkpt lat="44.2421" lon="5.4395">
        <ele>809.0</ele>
      </trkpt>
      <trkpt lat="44.2419" lon="5.43964">
        <ele>809.0</ele>
      </trkpt>
      <trkpt lat="44.24172" lon="5.43973">
        <ele>809.0</ele>
      </trkpt>
      <trkpt lat="44.24163" lon="5.43974">
        <ele>809.0</ele>
      </trkpt>
      <trkpt lat="44.24154" lon="5.43971">
        <ele>810.0</ele>
      </trkpt>
      <trkpt lat="44.24127" lon="5.43953">
        <ele>813.0</ele>
      </trkpt>
      <trkpt lat="44.24117" lon="5.4395">
        <ele>813.0</ele>
      </trkpt>
      <trkpt lat="44.24106" lon="5.43948">
        <ele>814.0</ele>
      </trkpt>
      <trkpt lat="44.24072" lon="5.43949">
        <ele>816.0</ele>
      </trkpt>
      <trkpt lat="44.24019" lon="5.43934">
        <ele>821.0</ele>
      </trkpt>
      <trkpt lat="44.23999" lon="5.43935">
        <ele>822.0</ele>
      </trkpt>
      <trkpt lat="44.23972" lon="5.43942">
        <ele>823.0</ele>
      </trkpt>
      <trkpt lat="44.23964" lon="5.43942">
        <ele>823.0</ele>
      </trkpt>
      <trkpt lat="44.23956" lon="5.4394">
        <ele>824.0</ele>
      </trkpt>
      <trkpt lat="44.2395" lon="5.43935">
        <ele>824.0</ele>
      </trkpt>
      <trkpt lat="44.23945" lon="5.43927">
        <ele>823.0</ele>
      </trkpt>
      <trkpt lat="44.2394" lon="5.43916">
        <ele>823.0</ele>
      </trkpt>
      <trkpt lat="44.23933" lon="5.43891">
        <ele>825.0</ele>
      </trkpt>
      <trkpt lat="44.2393" lon="5.43878">
        <ele>826.0</ele>
      </trkpt>
      <trkpt lat="44.23927" lon="5.43866">
        <ele>827.0</ele>
      </trkpt>
      <trkpt lat="44.23925" lon="5.43853">
        <ele>828.0</ele>
      </trkpt>
      <trkpt lat="44.23926" lon="5.43829">
        <ele>829.0</ele>
      </trkpt>
      <trkpt lat="44.23932" lon="5.43795">
        <ele>831.0</ele>
      </trkpt>
      <trkpt lat="44.23933" lon="5.43784">
        <ele>831.0</ele>
      </trkpt>
      <trkpt lat="44.23932" lon="5.43775">
        <ele>832.0</ele>
      </trkpt>
      <trkpt lat="44.2393" lon="5.43768">
        <ele>832.0</ele>
      </trkpt>
      <trkpt lat="44.23925" lon="5.43764">
        <ele>832.0</ele>
      </trkpt>
      <trkpt lat="44.23919" lon="5.43763">
        <ele>832.0</ele>
      </trkpt>
      <trkpt lat="44.23913" lon="5.43766">
        <ele>832.0</ele>
      </trkpt>
      <trkpt lat="44.23907" lon="5.4377">
        <ele>832.0</ele>
      </trkpt>
      <trkpt lat="44.23902" lon="5.43776">
        <ele>833.0</ele>
      </trkpt>
      <trkpt lat="44.23899" lon="5.43783">
        <ele>833.0</ele>
      </trkpt>
      <trkpt lat="44.23896" lon="5.43792">
        <ele>832.0</ele>
      </trkpt>
      <trkpt lat="44.23892" lon="5.43821">
        <ele>831.0</ele>
      </trkpt>
      <trkpt lat="44.23889" lon="5.4383">
        <ele>831.0</ele>
      </trkpt>
      <trkpt lat="44.23885" lon="5.43836">
        <ele>831.0</ele>
      </trkpt>
      <trkpt lat="44.23878" lon="5.43841">
        <ele>831.0</ele>
      </trkpt>
      <trkpt lat="44.23871" lon="5.43843">
        <ele>832.0</ele>
      </trkpt>
      <trkpt lat="44.23817" lon="5.43846">
        <ele>836.0</ele>
      </trkpt>
      <trkpt lat="44.23809" lon="5.43845">
        <ele>836.0</ele>
      </trkpt>
      <trkpt lat="44.23792" lon="5.43839">
        <ele>837.0</ele>
      </trkpt>
      <trkpt lat="44.23779" lon="5.43834">
        <ele>838.0</ele>
      </trkpt>
      <trkpt lat="44.23768" lon="5.43825">
        <ele>840.0</ele>
      </trkpt>
      <trkpt lat="44.23755" lon="5.43812">
        <ele>841.0</ele>
      </trkpt>
      <trkpt lat="44.23739" lon="5.43801">
        <ele>843.0</ele>
      </trkpt>
      <trkpt lat="44.23732" lon="5.43799">
        <ele>843.0</ele>
      </trkpt>
      <trkpt lat="44.23721" lon="5.43798">
        <ele>843.0</ele>
      </trkpt>
      <trkpt lat="44.2371" lon="5.438">
        <ele>843.0</ele>
      </trkpt>
      <trkpt lat="44.23706" lon="5.438">
        <ele>844.0</ele>
      </trkpt>
      <trkpt lat="44.23701" lon="5.43798">
        <ele>844.0</ele>
      </trkpt>
      <trkpt lat="44.23693" lon="5.4379">
        <ele>844.0</ele>
      </trkpt>
      <trkpt lat="44.23678" lon="5.43763">
        <ele>844.0</ele>
      </trkpt>
      <trkpt lat="44.23671" lon="5.43752">
        <ele>843.0</ele>
      </trkpt>
      <trkpt lat="44.23664" lon="5.43744">
        <ele>843.0</ele>
      </trkpt>
      <trkpt lat="44.23664" lon="5.43744">
        <ele>843.0</ele>
      </trkpt>
      <trkpt lat="44.23659" lon="5.43739">
        <ele>842.0</ele>
      </trkpt>
      <trkpt lat="44.23653" lon="5.43736">
        <ele>842.0</ele>
      </trkpt>
      <trkpt lat="44.23645" lon="5.43736">
        <ele>841.0</ele>
      </trkpt>
      <trkpt lat="44.23631" lon="5.43743">
        <ele>840.0</ele>
      </trkpt>
      <trkpt lat="44.23624" lon="5.43749">
        <ele>839.0</ele>
      </trkpt>
      <trkpt lat="44.23618" lon="5.43756">
        <ele>839.0</ele>
      </trkpt>
      <trkpt lat="44.23614" lon="5.43765">
        <ele>840.0</ele>
      </trkpt>
      <trkpt lat="44.23612" lon="5.43774">
        <ele>840.0</ele>
      </trkpt>
      <trkpt lat="44.2361" lon="5.43794">
        <ele>841.0</ele>
      </trkpt>
      <trkpt lat="44.23608" lon="5.43804">
        <ele>842.0</ele>
      </trkpt>
      <trkpt lat="44.23604" lon="5.43812">
        <ele>842.0</ele>
      </trkpt>
      <trkpt lat="44.23598" lon="5.43816">
        <ele>842.0</ele>
      </trkpt>
      <trkpt lat="44.23591" lon="5.43815">
        <ele>842.0</ele>
      </trkpt>
      <trkpt lat="44.23586" lon="5.43808">
        <ele>841.0</ele>
      </trkpt>
      <trkpt lat="44.23583" lon="5.43798">
        <ele>840.0</ele>
      </trkpt>
      <trkpt lat="44.23574" lon="5.4376">
        <ele>836.0</ele>
      </trkpt>
      <trkpt lat="44.23571" lon="5.43747">
        <ele>835.0</ele>
      </trkpt>
      <trkpt lat="44.23565" lon="5.43735">
        <ele>835.0</ele>
      </trkpt>
      <trkpt lat="44.23557" lon="5.43726">
        <ele>834.0</ele>
      </trkpt>
      <trkpt lat="44.23549" lon="5.43718">
        <ele>834.0</ele>
      </trkpt>
      <trkpt lat="44.2354" lon="5.43714">
        <ele>833.0</ele>
      </trkpt>
      <trkpt lat="44.23529" lon="5.43712">
        <ele>832.0</ele>
      </trkpt>
      <trkpt lat="44.23519" lon="5.43713">
        <ele>832.0</ele>
      </trkpt>
      <trkpt lat="44.23499" lon="5.4372">
        <ele>831.0</ele>
      </trkpt>
      <trkpt lat="44.23489" lon="5.43722">
        <ele>831.0</ele>
      </trkpt>
      <trkpt lat="44.2348" lon="5.43721">
        <ele>830.0</ele>
      </trkpt>
      <trkpt lat="44.2347" lon="5.43717">
        <ele>829.0</ele>
      </trkpt>
      <trkpt lat="44.2345" lon="5.43706">
        <ele>827.0</ele>
      </trkpt>
      <trkpt lat="44.2344" lon="5.43699">
        <ele>826.0</ele>
      </trkpt>
      <trkpt lat="44.23431" lon="5.43689">
        <ele>825.0</ele>
      </trkpt>
      <trkpt lat="44.23408" lon="5.43652">
        <ele>820.0</ele>
      </trkpt>
      <trkpt lat="44.23402" lon="5.43647">
        <ele>820.0</ele>
      </trkpt>
      <trkpt lat="44.23395" lon="5.43646">
        <ele>819.0</ele>
      </trkpt>
      <trkpt lat="44.23387" lon="5.4365">
        <ele>818.0</ele>
      </trkpt>
      <trkpt lat="44.23381" lon="5.4366">
        <ele>817.0</ele>
      </trkpt>
      <trkpt lat="44.23376" lon="5.4367">
        <ele>817.0</ele>
      </trkpt>
      <trkpt lat="44.23373" lon="5.43682">
        <ele>817.0</ele>
      </trkpt>
      <trkpt lat="44.23371" lon="5.4372">
        <ele>820.0</ele>
      </trkpt>
      <trkpt lat="44.23369" lon="5.43733">
        <ele>820.0</ele>
      </trkpt>
      <trkpt lat="44.2336" lon="5.4377">
        <ele>822.0</ele>
      </trkpt>
      <trkpt lat="44.23354" lon="5.43792">
        <ele>824.0</ele>
      </trkpt>
      <trkpt lat="44.23349" lon="5.43801">
        <ele>824.0</ele>
      </trkpt>
      <trkpt lat="44.23344" lon="5.43807">
        <ele>825.0</ele>
      </trkpt>
      <trkpt lat="44.23338" lon="5.43808">
        <ele>824.0</ele>
      </trkpt>
      <trkpt lat="44.23332" lon="5.43804">
        <ele>824.0</ele>
      </trkpt>
      <trkpt lat="44.23329" lon="5.43795">
        <ele>823.0</ele>
      </trkpt>
      <trkpt lat="44.23327" lon="5.43784">
        <ele>821.0</ele>
      </trkpt>
      <trkpt lat="44.23327" lon="5.43759">
        <ele>818.0</ele>
      </trkpt>
      <trkpt lat="44.23325" lon="5.43748">
        <ele>817.0</ele>
      </trkpt>
      <trkpt lat="44.23321" lon="5.43739">
        <ele>816.0</ele>
      </trkpt>
      <trkpt lat="44.23314" lon="5.43733">
        <ele>816.0</ele>
      </trkpt>
      <trkpt lat="44.23305" lon="5.43731">
        <ele>816.0</ele>
      </trkpt>
      <trkpt lat="44.23254" lon="5.43742">
        <ele>817.0</ele>
      </trkpt>
      <trkpt lat="44.23243" lon="5.43741">
        <ele>818.0</ele>
      </trkpt>
      <trkpt lat="44.2323" lon="5.43738">
        <ele>819.0</ele>
      </trkpt>
      <trkpt lat="44.2322" lon="5.43733">
        <ele>820.0</ele>
      </trkpt>
      <trkpt lat="44.2321" lon="5.43724">
        <ele>820.0</ele>
      </trkpt>
      <trkpt lat="44.23202" lon="5.43714">
        <ele>819.0</ele>
      </trkpt>
      <trkpt lat="44.23195" lon="5.43702">
        <ele>818.0</ele>
      </trkpt>
      <trkpt lat="44.23174" lon="5.43664">
        <ele>815.0</ele>
      </trkpt>
      <trkpt lat="44.23169" lon="5.43651">
        <ele>814.0</ele>
      </trkpt>
      <trkpt lat="44.23166" lon="5.43636">
        <ele>813.0</ele>
      </trkpt>
      <trkpt lat="44.23156" lon="5.43522">
        <ele>803.0</ele>
      </trkpt>
      <trkpt lat="44.23152" lon="5.43507">
        <ele>802.0</ele>
      </trkpt>
      <trkpt lat="44.23146" lon="5.43495">
        <ele>802.0</ele>
      </trkpt>
      <trkpt lat="44.23138" lon="5.43484">
        <ele>801.0</ele>
      </trkpt>
      <trkpt lat="44.23129" lon="5.43474">
        <ele>801.0</ele>
      </trkpt>
      <trkpt lat="44.23119" lon="5.43468">
        <ele>801.0</ele>
      </trkpt>
      <trkpt lat="44.23108" lon="5.43464">
        <ele>801.0</ele>
      </trkpt>
      <trkpt lat="44.23053" lon="5.43456">
        <ele>801.0</ele>
      </trkpt>
      <trkpt lat="44.23036" lon="5.43455">
        <ele>801.0</ele>
      </trkpt>
      <trkpt lat="44.23009" lon="5.43447">
        <ele>799.0</ele>
      </trkpt>
      <trkpt lat="44.22965" lon="5.43423">
        <ele>792.0</ele>
      </trkpt>
      <trkpt lat="44.22944" lon="5.43416">
        <ele>790.0</ele>
      </trkpt>
      <trkpt lat="44.2285" lon="5.43398">
        <ele>789.0</ele>
      </trkpt>
      <trkpt lat="44.22813" lon="5.43392">
        <ele>788.0</ele>
      </trkpt>
      <trkpt lat="44.22774" lon="5.43383">
        <ele>786.0</ele>
      </trkpt>
      <trkpt lat="44.22765" lon="5.43378">
        <ele>785.0</ele>
      </trkpt>
      <trkpt lat="44.22757" lon="5.43372">
        <ele>784.0</ele>
      </trkpt>
      <trkpt lat="44.22752" lon="5.43365">
        <ele>783.0</ele>
      </trkpt>
      <trkpt lat="44.22748" lon="5.43351">
        <ele>782.0</ele>
      </trkpt>
      <trkpt lat="44.22746" lon="5.43347">
        <ele>781.0</ele>
      </trkpt>
      <trkpt lat="44.2274" lon="5.43339">
        <ele>780.0</ele>
      </trkpt>
      <trkpt lat="44.22671" lon="5.43286">
        <ele>775.0</ele>
      </trkpt>
      <trkpt lat="44.22659" lon="5.4328">
        <ele>774.0</ele>
      </trkpt>
      <trkpt lat="44.22618" lon="5.43274">
        <ele>772.0</ele>
      </trkpt>
      <trkpt lat="44.22601" lon="5.43269">
        <ele>771.0</ele>
      </trkpt>
      <trkpt lat="44.2258" lon="5.43269">
        <ele>769.0</ele>
      </trkpt>
      <trkpt lat="44.22555" lon="5.4327">
        <ele>767.0</ele>
      </trkpt>
      <trkpt lat="44.22544" lon="5.4327">
        <ele>766.0</ele>
      </trkpt>
      <trkpt lat="44.22534" lon="5.43265">
        <ele>765.0</ele>
      </trkpt>
      <trkpt lat="44.22525" lon="5.43259">
        <ele>764.0</ele>
      </trkpt>
      <trkpt lat="44.22517" lon="5.43248">
        <ele>764.0</ele>
      </trkpt>
      <trkpt lat="44.22502" lon="5.43227">
        <ele>763.0</ele>
      </trkpt>
      <trkpt lat="44.22462" lon="5.4316">
        <ele>763.0</ele>
      </trkpt>
      <trkpt lat="44.22429" lon="5.4311">
        <ele>763.0</ele>
      </trkpt>
      <trkpt lat="44.22422" lon="5.431">
        <ele>763.0</ele>
      </trkpt>
      <trkpt lat="44.22388" lon="5.43071">
        <ele>766.0</ele>
      </trkpt>
      <trkpt lat="44.22362" lon="5.43042">
        <ele>766.0</ele>
      </trkpt>
      <trkpt lat="44.22352" lon="5.43033">
        <ele>766.0</ele>
      </trkpt>
      <trkpt lat="44.22344" lon="5.43027">
        <ele>765.0</ele>
      </trkpt>
      <trkpt lat="44.22339" lon="5.43025">
        <ele>764.0</ele>
      </trkpt>
      <trkpt lat="44.22325" lon="5.43025">
        <ele>765.0</ele>
      </trkpt>
      <trkpt lat="44.22319" lon="5.43024">
        <ele>766.0</ele>
      </trkpt>
      <trkpt lat="44.22304" lon="5.43011">
        <ele>767.0</ele>
      </trkpt>
      <trkpt lat="44.2224" lon="5.42961">
        <ele>772.0</ele>
      </trkpt>
      <trkpt lat="44.22205" lon="5.4293">
        <ele>771.0</ele>
      </trkpt>
      <trkpt lat="44.22159" lon="5.42898">
        <ele>768.0</ele>
      </trkpt>
      <trkpt lat="44.22133" lon="5.42876">
        <ele>770.0</ele>
      </trkpt>
      <trkpt lat="44.22119" lon="5.42867">
        <ele>770.0</ele>
      </trkpt>
      <trkpt lat="44.21998" lon="5.42849">
        <ele>769.0</ele>
      </trkpt>
      <trkpt lat="44.21974" lon="5.42838">
        <ele>769.0</ele>
      </trkpt>
      <trkpt lat="44.21963" lon="5.42829">
        <ele>770.0</ele>
      </trkpt>
      <trkpt lat="44.21935" lon="5.42799">
        <ele>771.0</ele>
      </trkpt>
      <trkpt lat="44.21913" lon="5.42779">
        <ele>769.0</ele>
      </trkpt>
      <trkpt lat="44.21907" lon="5.42771">
        <ele>770.0</ele>
      </trkpt>
      <trkpt lat="44.21904" lon="5.42762">
        <ele>770.0</ele>
      </trkpt>
      <trkpt lat="44.21901" lon="5.42736">
        <ele>769.0</ele>
      </trkpt>
      <trkpt lat="44.219" lon="5.42727">
        <ele>770.0</ele>
      </trkpt>
      <trkpt lat="44.21897" lon="5.42715">
        <ele>771.0</ele>
      </trkpt>
      <trkpt lat="44.21856" lon="5.42633">
        <ele>766.0</ele>
      </trkpt>
      <trkpt lat="44.21775" lon="5.42481">
        <ele>764.0</ele>
      </trkpt>
      <trkpt lat="44.21768" lon="5.4247">
        <ele>766.0</ele>
      </trkpt>
      <trkpt lat="44.21763" lon="5.42464">
        <ele>766.0</ele>
      </trkpt>
      <trkpt lat="44.21757" lon="5.4246">
        <ele>765.0</ele>
      </trkpt>
      <trkpt lat="44.21751" lon="5.42458">
        <ele>764.0</ele>
      </trkpt>
      <trkpt lat="44.21746" lon="5.42457">
        <ele>763.0</ele>
      </trkpt>
      <trkpt lat="44.21741" lon="5.42458">
        <ele>762.0</ele>
      </trkpt>
      <trkpt lat="44.2171" lon="5.42476">
        <ele>752.0</ele>
      </trkpt>
      <trkpt lat="44.217" lon="5.42479">
        <ele>750.0</ele>
      </trkpt>
      <trkpt lat="44.21692" lon="5.4248">
        <ele>749.0</ele>
      </trkpt>
      <trkpt lat="44.21681" lon="5.42478">
        <ele>748.0</ele>
      </trkpt>
      <trkpt lat="44.21663" lon="5.42474">
        <ele>747.0</ele>
      </trkpt>
      <trkpt lat="44.21617" lon="5.42454">
        <ele>744.0</ele>
      </trkpt>
      <trkpt lat="44.21608" lon="5.42449">
        <ele>743.0</ele>
      </trkpt>
      <trkpt lat="44.216" lon="5.42443">
        <ele>742.0</ele>
      </trkpt>
      <trkpt lat="44.21594" lon="5.42435">
        <ele>741.0</ele>
      </trkpt>
      <trkpt lat="44.2158" lon="5.42412">
        <ele>739.0</ele>
      </trkpt>
      <trkpt lat="44.21566" lon="5.42384">
        <ele>745.0</ele>
      </trkpt>
      <trkpt lat="44.21559" lon="5.42368">
        <ele>747.0</ele>
      </trkpt>
      <trkpt lat="44.21554" lon="5.42358">
        <ele>748.0</ele>
      </trkpt>
      <trkpt lat="44.21545" lon="5.4235">
        <ele>747.0</ele>
      </trkpt>
      <trkpt lat="44.21536" lon="5.42343">
        <ele>745.0</ele>
      </trkpt>
      <trkpt lat="44.21528" lon="5.42338">
        <ele>744.0</ele>
      </trkpt>
      <trkpt lat="44.21522" lon="5.42337">
        <ele>742.0</ele>
      </trkpt>
      <trkpt lat="44.21468" lon="5.42339">
        <ele>729.0</ele>
      </trkpt>
      <trkpt lat="44.21461" lon="5.42338">
        <ele>728.0</ele>
      </trkpt>
      <trkpt lat="44.21447" lon="5.42333">
        <ele>725.0</ele>
      </trkpt>
      <trkpt lat="44.21439" lon="5.42329">
        <ele>725.0</ele>
      </trkpt>
      <trkpt lat="44.21387" lon="5.42293">
        <ele>731.0</ele>
      </trkpt>
      <trkpt lat="44.21374" lon="5.42285">
        <ele>731.0</ele>
      </trkpt>
      <trkpt lat="44.21366" lon="5.42283">
        <ele>730.0</ele>
      </trkpt>
      <trkpt lat="44.21289" lon="5.42267">
        <ele>724.0</ele>
      </trkpt>
      <trkpt lat="44.21234" lon="5.42254">
        <ele>723.0</ele>
      </trkpt>
      <trkpt lat="44.21182" lon="5.42238">
        <ele>725.0</ele>
      </trkpt>
      <trkpt lat="44.21172" lon="5.42236">
        <ele>725.0</ele>
      </trkpt>
      <trkpt lat="44.21164" lon="5.42236">
        <ele>724.0</ele>
      </trkpt>
      <trkpt lat="44.21155" lon="5.42237">
        <ele>724.0</ele>
      </trkpt>
      <trkpt lat="44.21141" lon="5.42236">
        <ele>726.0</ele>
      </trkpt>
      <trkpt lat="44.21118" lon="5.42227">
        <ele>732.0</ele>
      </trkpt>
      <trkpt lat="44.21106" lon="5.4222">
        <ele>734.0</ele>
      </trkpt>
      <trkpt lat="44.21093" lon="5.42207">
        <ele>737.0</ele>
      </trkpt>
      <trkpt lat="44.21065" lon="5.42185">
        <ele>737.0</ele>
      </trkpt>
      <trkpt lat="44.21029" lon="5.42162">
        <ele>730.0</ele>
      </trkpt>
      <trkpt lat="44.21012" lon="5.42153">
        <ele>727.0</ele>
      </trkpt>
      <trkpt lat="44.20988" lon="5.42142">
        <ele>724.0</ele>
      </trkpt>
      <trkpt lat="44.20974" lon="5.42138">
        <ele>723.0</ele>
      </trkpt>
      <trkpt lat="44.20954" lon="5.4213">
        <ele>720.0</ele>
      </trkpt>
      <trkpt lat="44.20931" lon="5.42124">
        <ele>715.0</ele>
      </trkpt>
      <trkpt lat="44.20882" lon="5.42098">
        <ele>706.0</ele>
      </trkpt>
      <trkpt lat="44.20859" lon="5.42084">
        <ele>700.0</ele>
      </trkpt>
      <trkpt lat="44.20846" lon="5.42069">
        <ele>699.0</ele>
      </trkpt>
      <trkpt lat="44.2083" lon="5.42037">
        <ele>699.0</ele>
      </trkpt>
      <trkpt lat="44.20825" lon="5.4201">
        <ele>699.0</ele>
      </trkpt>
      <trkpt lat="44.20822" lon="5.42002">
        <ele>699.0</ele>
      </trkpt>
      <trkpt lat="44.20818" lon="5.41993">
        <ele>701.0</ele>
      </trkpt>
      <trkpt lat="44.20812" lon="5.41987">
        <ele>701.0</ele>
      </trkpt>
      <trkpt lat="44.20806" lon="5.41982">
        <ele>701.0</ele>
      </trkpt>
      <trkpt lat="44.20795" lon="5.41978">
        <ele>699.0</ele>
      </trkpt>
      <trkpt lat="44.20772" lon="5.41972">
        <ele>694.0</ele>
      </trkpt>
      <trkpt lat="44.2076" lon="5.4197">
        <ele>691.0</ele>
      </trkpt>
      <trkpt lat="44.20747" lon="5.41972">
        <ele>687.0</ele>
      </trkpt>
      <trkpt lat="44.20718" lon="5.41978">
        <ele>684.0</ele>
      </trkpt>
      <trkpt lat="44.20709" lon="5.41979">
        <ele>683.0</ele>
      </trkpt>
      <trkpt lat="44.20641" lon="5.41973">
        <ele>681.0</ele>
      </trkpt>
      <trkpt lat="44.20631" lon="5.41969">
        <ele>681.0</ele>
      </trkpt>
      <trkpt lat="44.20622" lon="5.41964">
        <ele>681.0</ele>
      </trkpt>
      <trkpt lat="44.2059" lon="5.41941">
        <ele>679.0</ele>
      </trkpt>
      <trkpt lat="44.20572" lon="5.41928">
        <ele>677.0</ele>
      </trkpt>
      <trkpt lat="44.20559" lon="5.41921">
        <ele>676.0</ele>
      </trkpt>
      <trkpt lat="44.20532" lon="5.41911">
        <ele>675.0</ele>
      </trkpt>
      <trkpt lat="44.20517" lon="5.41906">
        <ele>675.0</ele>
      </trkpt>
      <trkpt lat="44.20507" lon="5.41905">
        <ele>675.0</ele>
      </trkpt>
      <trkpt lat="44.20496" lon="5.41906">
        <ele>674.0</ele>
      </trkpt>
      <trkpt lat="44.20488" lon="5.41909">
        <ele>672.0</ele>
      </trkpt>
      <trkpt lat="44.2048" lon="5.41915">
        <ele>671.0</ele>
      </trkpt>
      <trkpt lat="44.20465" lon="5.41933">
        <ele>670.0</ele>
      </trkpt>
      <trkpt lat="44.2046" lon="5.41946">
        <ele>670.0</ele>
      </trkpt>
      <trkpt lat="44.20444" lon="5.41972">
        <ele>668.0</ele>
      </trkpt>
      <trkpt lat="44.20439" lon="5.41976">
        <ele>668.0</ele>
      </trkpt>
      <trkpt lat="44.20435" lon="5.41978">
        <ele>667.0</ele>
      </trkpt>
      <trkpt lat="44.20426" lon="5.41979">
        <ele>666.0</ele>
      </trkpt>
      <trkpt lat="44.20416" lon="5.41976">
        <ele>666.0</ele>
      </trkpt>
      <trkpt lat="44.2041" lon="5.41973">
        <ele>666.0</ele>
      </trkpt>
      <trkpt lat="44.20403" lon="5.41968">
        <ele>665.0</ele>
      </trkpt>
      <trkpt lat="44.20342" lon="5.419">
        <ele>658.0</ele>
      </trkpt>
      <trkpt lat="44.20319" lon="5.41878">
        <ele>657.0</ele>
      </trkpt>
      <trkpt lat="44.20294" lon="5.41853">
        <ele>656.0</ele>
      </trkpt>
      <trkpt lat="44.20275" lon="5.41842">
        <ele>656.0</ele>
      </trkpt>
      <trkpt lat="44.20248" lon="5.41836">
        <ele>655.0</ele>
      </trkpt>
      <trkpt lat="44.20213" lon="5.41836">
        <ele>652.0</ele>
      </trkpt>
      <trkpt lat="44.20182" lon="5.4184">
        <ele>650.0</ele>
      </trkpt>
      <trkpt lat="44.20178" lon="5.4184">
        <ele>650.0</ele>
      </trkpt>
      <trkpt lat="44.20169" lon="5.41841">
        <ele>649.0</ele>
      </trkpt>
      <trkpt lat="44.20144" lon="5.41843">
        <ele>649.0</ele>
      </trkpt>
      <trkpt lat="44.20117" lon="5.41842">
        <ele>649.0</ele>
      </trkpt>
      <trkpt lat="44.20099" lon="5.41837">
        <ele>649.0</ele>
      </trkpt>
      <trkpt lat="44.19974" lon="5.41779">
        <ele>649.0</ele>
      </trkpt>
      <trkpt lat="44.19961" lon="5.41771">
        <ele>648.0</ele>
      </trkpt>
      <trkpt lat="44.19949" lon="5.41761">
        <ele>647.0</ele>
      </trkpt>
      <trkpt lat="44.19939" lon="5.41749">
        <ele>646.0</ele>
      </trkpt>
      <trkpt lat="44.19919" lon="5.41726">
        <ele>646.0</ele>
      </trkpt>
      <trkpt lat="44.19909" lon="5.41717">
        <ele>647.0</ele>
      </trkpt>
      <trkpt lat="44.19835" lon="5.41668">
        <ele>642.0</ele>
      </trkpt>
      <trkpt lat="44.19824" lon="5.41659">
        <ele>643.0</ele>
      </trkpt>
      <trkpt lat="44.19796" lon="5.41621">
        <ele>645.0</ele>
      </trkpt>
      <trkpt lat="44.19781" lon="5.41615">
        <ele>643.0</ele>
      </trkpt>
      <trkpt lat="44.19767" lon="5.41608">
        <ele>642.0</ele>
      </trkpt>
      <trkpt lat="44.19759" lon="5.41596">
        <ele>640.0</ele>
      </trkpt>
      <trkpt lat="44.19753" lon="5.41582">
        <ele>639.0</ele>
      </trkpt>
      <trkpt lat="44.19743" lon="5.41552">
        <ele>643.0</ele>
      </trkpt>
      <trkpt lat="44.19738" lon="5.41541">
        <ele>644.0</ele>
      </trkpt>
      <trkpt lat="44.19727" lon="5.41527">
        <ele>645.0</ele>
      </trkpt>
      <trkpt lat="44.1972" lon="5.41522">
        <ele>644.0</ele>
      </trkpt>
      <trkpt lat="44.19709" lon="5.41518">
        <ele>643.0</ele>
      </trkpt>
      <trkpt lat="44.19697" lon="5.41517">
        <ele>642.0</ele>
      </trkpt>
      <trkpt lat="44.19685" lon="5.41516">
        <ele>640.0</ele>
      </trkpt>
      <trkpt lat="44.19672" lon="5.41521">
        <ele>639.0</ele>
      </trkpt>
      <trkpt lat="44.19652" lon="5.41535">
        <ele>639.0</ele>
      </trkpt>
      <trkpt lat="44.1964" lon="5.4154">
        <ele>639.0</ele>
      </trkpt>
      <trkpt lat="44.19629" lon="5.41546">
        <ele>639.0</ele>
      </trkpt>
      <trkpt lat="44.19618" lon="5.41556">
        <ele>639.0</ele>
      </trkpt>
      <trkpt lat="44.19608" lon="5.41569">
        <ele>640.0</ele>
      </trkpt>
      <trkpt lat="44.19584" lon="5.41615">
        <ele>645.0</ele>
      </trkpt>
      <trkpt lat="44.19549" lon="5.4168">
        <ele>645.0</ele>
      </trkpt>
      <trkpt lat="44.1954" lon="5.41698">
        <ele>645.0</ele>
      </trkpt>
      <trkpt lat="44.19517" lon="5.41751">
        <ele>643.0</ele>
      </trkpt>
      <trkpt lat="44.19481" lon="5.41817">
        <ele>641.0</ele>
      </trkpt>
      <trkpt lat="44.19472" lon="5.41833">
        <ele>640.0</ele>
      </trkpt>
      <trkpt lat="44.19443" lon="5.41876">
        <ele>638.0</ele>
      </trkpt>
      <trkpt lat="44.19395" lon="5.41959">
        <ele>635.0</ele>
      </trkpt>
      <trkpt lat="44.19386" lon="5.41977">
        <ele>635.0</ele>
      </trkpt>
      <trkpt lat="44.19379" lon="5.41996">
        <ele>635.0</ele>
      </trkpt>
      <trkpt lat="44.19372" lon="5.42014">
        <ele>634.0</ele>
      </trkpt>
      <trkpt lat="44.19359" lon="5.42074">
        <ele>631.0</ele>
      </trkpt>
      <trkpt lat="44.19353" lon="5.42095">
        <ele>630.0</ele>
      </trkpt>
      <trkpt lat="44.19341" lon="5.42134">
        <ele>627.0</ele>
      </trkpt>
      <trkpt lat="44.19327" lon="5.42173">
        <ele>625.0</ele>
      </trkpt>
      <trkpt lat="44.19319" lon="5.42192">
        <ele>626.0</ele>
      </trkpt>
      <trkpt lat="44.19302" lon="5.42227">
        <ele>626.0</ele>
      </trkpt>
      <trkpt lat="44.19292" lon="5.42243">
        <ele>625.0</ele>
      </trkpt>
      <trkpt lat="44.19259" lon="5.42288">
        <ele>624.0</ele>
      </trkpt>
      <trkpt lat="44.19249" lon="5.42301">
        <ele>624.0</ele>
      </trkpt>
      <trkpt lat="44.19244" lon="5.42304">
        <ele>624.0</ele>
      </trkpt>
      <trkpt lat="44.19234" lon="5.42312">
        <ele>624.0</ele>
      </trkpt>
      <trkpt lat="44.192" lon="5.42333">
        <ele>622.0</ele>
      </trkpt>
      <trkpt lat="44.191" lon="5.42409">
        <ele>628.0</ele>
      </trkpt>
      <trkpt lat="44.19034" lon="5.42441">
        <ele>624.0</ele>
      </trkpt>
      <trkpt lat="44.19006" lon="5.42456">
        <ele>623.0</ele>
      </trkpt>
      <trkpt lat="44.18991" lon="5.42463">
        <ele>623.0</ele>
      </trkpt>
      <trkpt lat="44.18959" lon="5.4247">
        <ele>621.0</ele>
      </trkpt>
      <trkpt lat="44.18893" lon="5.42476">
        <ele>617.0</ele>
      </trkpt>
      <trkpt lat="44.18843" lon="5.42483">
        <ele>614.0</ele>
      </trkpt>
      <trkpt lat="44.1881" lon="5.4249">
        <ele>612.0</ele>
      </trkpt>
      <trkpt lat="44.18794" lon="5.42495">
        <ele>611.0</ele>
      </trkpt>
      <trkpt lat="44.18775" lon="5.42504">
        <ele>610.0</ele>
      </trkpt>
      <trkpt lat="44.18682" lon="5.42576">
        <ele>607.0</ele>
      </trkpt>
      <trkpt lat="44.18597" lon="5.42652">
        <ele>604.0</ele>
      </trkpt>
      <trkpt lat="44.18537" lon="5.42704">
        <ele>602.0</ele>
      </trkpt>
      <trkpt lat="44.1853" lon="5.4271">
        <ele>602.0</ele>
      </trkpt>
      <trkpt lat="44.18508" lon="5.42724">
        <ele>601.0</ele>
      </trkpt>
      <trkpt lat="44.18493" lon="5.42732">
        <ele>600.0</ele>
      </trkpt>
      <trkpt lat="44.18466" lon="5.42744">
        <ele>599.0</ele>
      </trkpt>
      <trkpt lat="44.18448" lon="5.42756">
        <ele>599.0</ele>
      </trkpt>
      <trkpt lat="44.18409" lon="5.42788">
        <ele>599.0</ele>
      </trkpt>
      <trkpt lat="44.18395" lon="5.42797">
        <ele>599.0</ele>
      </trkpt>
      <trkpt lat="44.18378" lon="5.42805">
        <ele>599.0</ele>
      </trkpt>
      <trkpt lat="44.18356" lon="5.42813">
        <ele>598.0</ele>
      </trkpt>
      <trkpt lat="44.18314" lon="5.4283">
        <ele>597.0</ele>
      </trkpt>
      <trkpt lat="44.1829" lon="5.42842">
        <ele>598.0</ele>
      </trkpt>
      <trkpt lat="44.18286" lon="5.42845">
        <ele>598.0</ele>
      </trkpt>
      <trkpt lat="44.18283" lon="5.42847">
        <ele>598.0</ele>
      </trkpt>
      <trkpt lat="44.1827" lon="5.42853">
        <ele>599.0</ele>
      </trkpt>
      <trkpt lat="44.18249" lon="5.42866">
        <ele>600.0</ele>
      </trkpt>
      <trkpt lat="44.18215" lon="5.42899">
        <ele>598.0</ele>
      </trkpt>
      <trkpt lat="44.18189" lon="5.42919">
        <ele>595.0</ele>
      </trkpt>
      <trkpt lat="44.18158" lon="5.42961">
        <ele>594.0</ele>
      </trkpt>
      <trkpt lat="44.18145" lon="5.42976">
        <ele>594.0</ele>
      </trkpt>
      <trkpt lat="44.18052" lon="5.43049">
        <ele>592.0</ele>
      </trkpt>
      <trkpt lat="44.18027" lon="5.43073">
        <ele>592.0</ele>
      </trkpt>
      <trkpt lat="44.17987" lon="5.4312">
        <ele>593.0</ele>
      </trkpt>
      <trkpt lat="44.17982" lon="5.43124">
        <ele>593.0</ele>
      </trkpt>
      <trkpt lat="44.17979" lon="5.43126">
        <ele>594.0</ele>
      </trkpt>
      <trkpt lat="44.17967" lon="5.43134">
        <ele>594.0</ele>
      </trkpt>
      <trkpt lat="44.17954" lon="5.43138">
        <ele>594.0</ele>
      </trkpt>
      <trkpt lat="44.17924" lon="5.43144">
        <ele>593.0</ele>
      </trkpt>
      <trkpt lat="44.179" lon="5.43147">
        <ele>592.0</ele>
      </trkpt>
      <trkpt lat="44.17883" lon="5.43146">
        <ele>591.0</ele>
      </trkpt>
      <trkpt lat="44.17861" lon="5.43145">
        <ele>591.0</ele>
      </trkpt>
      <trkpt lat="44.17833" lon="5.43159">
        <ele>588.0</ele>
      </trkpt>
      <trkpt lat="44.178" lon="5.43184">
        <ele>588.0</ele>
      </trkpt>
      <trkpt lat="44.1777" lon="5.43205">
        <ele>587.0</ele>
      </trkpt>
      <trkpt lat="44.17747" lon="5.43223">
        <ele>585.0</ele>
      </trkpt>
      <trkpt lat="44.17685" lon="5.43281">
        <ele>585.0</ele>
      </trkpt>
      <trkpt lat="44.17657" lon="5.43306">
        <ele>585.0</ele>
      </trkpt>
      <trkpt lat="44.17633" lon="5.43329">
        <ele>585.0</ele>
      </trkpt>
      <trkpt lat="44.17613" lon="5.43352">
        <ele>584.0</ele>
      </trkpt>
      <trkpt lat="44.17585" lon="5.43392">
        <ele>583.0</ele>
      </trkpt>
      <trkpt lat="44.17566" lon="5.43419">
        <ele>582.0</ele>
      </trkpt>
      <trkpt lat="44.17523" lon="5.43486">
        <ele>584.0</ele>
      </trkpt>
      <trkpt lat="44.17463" lon="5.43572">
        <ele>585.0</ele>
      </trkpt>
      <trkpt lat="44.17454" lon="5.43586">
        <ele>585.0</ele>
      </trkpt>
      <trkpt lat="44.17437" lon="5.4361">
        <ele>586.0</ele>
      </trkpt>
      <trkpt lat="44.17429" lon="5.43622">
        <ele>586.0</ele>
      </trkpt>
      <trkpt lat="44.1742" lon="5.43634">
        <ele>586.0</ele>
      </trkpt>
      <trkpt lat="44.17411" lon="5.43642">
        <ele>586.0</ele>
      </trkpt>
      <trkpt lat="44.17418" lon="5.43649">
        <ele>586.0</ele>
      </trkpt>
      <trkpt lat="44.17424" lon="5.4366">
        <ele>587.0</ele>
      </trkpt>
      <trkpt lat="44.17427" lon="5.43679">
        <ele>588.0</ele>
      </trkpt>
      <trkpt lat="44.17432" lon="5.43742">
        <ele>590.0</ele>
      </trkpt>
      <trkpt lat="44.17435" lon="5.43772">
        <ele>591.0</ele>
      </trkpt>
      <trkpt lat="44.17441" lon="5.43839">
        <ele>593.0</ele>
      </trkpt>
      <trkpt lat="44.1745" lon="5.43922">
        <ele>596.0</ele>
      </trkpt>
      <trkpt lat="44.17459" lon="5.44008">
        <ele>597.0</ele>
      </trkpt>
      <trkpt lat="44.17463" lon="5.44062">
        <ele>597.0</ele>
      </trkpt>
      <trkpt lat="44.17466" lon="5.4409">
        <ele>597.0</ele>
      </trkpt>
      <trkpt lat="44.17472" lon="5.44159">
        <ele>599.0</ele>
      </trkpt>
      <trkpt lat="44.17474" lon="5.44167">
        <ele>600.0</ele>
      </trkpt>
      <trkpt lat="44.17477" lon="5.44169">
        <ele>600.0</ele>
      </trkpt>
      <trkpt lat="44.17482" lon="5.44168">
        <ele>601.0</ele>
      </trkpt>
      <trkpt lat="44.17508" lon="5.44159">
        <ele>604.0</ele>
      </trkpt>
      <trkpt lat="44.17514" lon="5.4416">
        <ele>606.0</ele>
      </trkpt>
      <trkpt lat="44.17519" lon="5.44162">
        <ele>608.0</ele>
      </trkpt>
      <trkpt lat="44.17523" lon="5.44166">
        <ele>609.0</ele>
      </trkpt>
      <trkpt lat="44.17526" lon="5.44172">
        <ele>610.0</ele>
      </trkpt>
      <trkpt lat="44.17529" lon="5.44183">
        <ele>610.0</ele>
      </trkpt>
      <trkpt lat="44.17532" lon="5.44197">
        <ele>610.0</ele>
      </trkpt>
      <trkpt lat="44.17545" lon="5.44309">
        <ele>609.0</ele>
      </trkpt>
      <trkpt lat="44.17545" lon="5.44313">
        <ele>609.0</ele>
      </trkpt>
      <trkpt lat="44.17553" lon="5.44367">
        <ele>610.0</ele>
      </trkpt>
      <trkpt lat="44.17561" lon="5.44412">
        <ele>611.0</ele>
      </trkpt>
      <trkpt lat="44.17567" lon="5.44437">
        <ele>611.0</ele>
      </trkpt>
      <trkpt lat="44.17572" lon="5.44458">
        <ele>611.0</ele>
      </trkpt>
      <trkpt lat="44.17579" lon="5.44479">
        <ele>611.0</ele>
      </trkpt>
      <trkpt lat="44.17588" lon="5.44498">
        <ele>612.0</ele>
      </trkpt>
      <trkpt lat="44.17599" lon="5.44515">
        <ele>614.0</ele>
      </trkpt>
      <trkpt lat="44.17694" lon="5.44626">
        <ele>618.0</ele>
      </trkpt>
      <trkpt lat="44.17707" lon="5.44639">
        <ele>618.0</ele>
      </trkpt>
      <trkpt lat="44.17713" lon="5.44642">
        <ele>619.0</ele>
      </trkpt>
      <trkpt lat="44.17745" lon="5.44645">
        <ele>622.0</ele>
      </trkpt>
      <trkpt lat="44.1776" lon="5.4465">
        <ele>623.0</ele>
      </trkpt>
      <trkpt lat="44.17794" lon="5.44667">
        <ele>626.0</ele>
      </trkpt>
      <trkpt lat="44.17814" lon="5.4468">
        <ele>627.0</ele>
      </trkpt>
      <trkpt lat="44.17839" lon="5.44701">
        <ele>628.0</ele>
      </trkpt>
      <trkpt lat="44.17858" lon="5.4472">
        <ele>630.0</ele>
      </trkpt>
      <trkpt lat="44.17875" lon="5.44739">
        <ele>631.0</ele>
      </trkpt>
      <trkpt lat="44.17891" lon="5.44762">
        <ele>631.0</ele>
      </trkpt>
      <trkpt lat="44.17913" lon="5.44797">
        <ele>629.0</ele>
      </trkpt>
      <trkpt lat="44.17934" lon="5.44825">
        <ele>626.0</ele>
      </trkpt>
      <trkpt lat="44.17946" lon="5.44836">
        <ele>626.0</ele>
      </trkpt>
      <trkpt lat="44.17956" lon="5.44843">
        <ele>627.0</ele>
      </trkpt>
      <trkpt lat="44.17969" lon="5.44848">
        <ele>628.0</ele>
      </trkpt>
      <trkpt lat="44.18005" lon="5.44849">
        <ele>631.0</ele>
      </trkpt>
      <trkpt lat="44.1802" lon="5.44853">
        <ele>631.0</ele>
      </trkpt>
      <trkpt lat="44.18032" lon="5.44858">
        <ele>631.0</ele>
      </trkpt>
      <trkpt lat="44.18043" lon="5.44864">
        <ele>632.0</ele>
      </trkpt>
      <trkpt lat="44.18055" lon="5.44875">
        <ele>632.0</ele>
      </trkpt>
      <trkpt lat="44.1808" lon="5.4491">
        <ele>635.0</ele>
      </trkpt>
      <trkpt lat="44.18112" lon="5.44959">
        <ele>638.0</ele>
      </trkpt>
      <trkpt lat="44.18186" lon="5.45073">
        <ele>641.0</ele>
      </trkpt>
      <trkpt lat="44.18189" lon="5.4508">
        <ele>641.0</ele>
      </trkpt>
      <trkpt lat="44.18203" lon="5.45129">
        <ele>642.0</ele>
      </trkpt>
      <trkpt lat="44.18239" lon="5.45237">
        <ele>644.0</ele>
      </trkpt>
      <trkpt lat="44.18257" lon="5.45296">
        <ele>643.0</ele>
      </trkpt>
      <trkpt lat="44.18273" lon="5.45354">
        <ele>644.0</ele>
      </trkpt>
      <trkpt lat="44.18279" lon="5.45371">
        <ele>645.0</ele>
      </trkpt>
      <trkpt lat="44.18288" lon="5.45387">
        <ele>646.0</ele>
      </trkpt>
      <trkpt lat="44.18298" lon="5.45401">
        <ele>648.0</ele>
      </trkpt>
      <trkpt lat="44.18345" lon="5.45451">
        <ele>652.0</ele>
      </trkpt>
      <trkpt lat="44.18358" lon="5.45462">
        <ele>653.0</ele>
      </trkpt>
      <trkpt lat="44.18373" lon="5.45473">
        <ele>653.0</ele>
      </trkpt>
      <trkpt lat="44.18412" lon="5.45499">
        <ele>656.0</ele>
      </trkpt>
      <trkpt lat="44.18422" lon="5.45512">
        <ele>656.0</ele>
      </trkpt>
      <trkpt lat="44.18425" lon="5.45514">
        <ele>656.0</ele>
      </trkpt>
      <trkpt lat="44.18434" lon="5.45527">
        <ele>657.0</ele>
      </trkpt>
      <trkpt lat="44.18448" lon="5.45558">
        <ele>656.0</ele>
      </trkpt>
      <trkpt lat="44.18456" lon="5.45572">
        <ele>656.0</ele>
      </trkpt>
      <trkpt lat="44.18465" lon="5.45582">
        <ele>656.0</ele>
      </trkpt>
      <trkpt lat="44.18486" lon="5.45593">
        <ele>658.0</ele>
      </trkpt>
      <trkpt lat="44.18496" lon="5.45597">
        <ele>659.0</ele>
      </trkpt>
      <trkpt lat="44.18509" lon="5.45598">
        <ele>660.0</ele>
      </trkpt>
      <trkpt lat="44.1852" lon="5.45598">
        <ele>660.0</ele>
      </trkpt>
      <trkpt lat="44.18531" lon="5.45595">
        <ele>661.0</ele>
      </trkpt>
      <trkpt lat="44.18583" lon="5.45577">
        <ele>665.0</ele>
      </trkpt>
      <trkpt lat="44.18592" lon="5.45577">
        <ele>665.0</ele>
      </trkpt>
      <trkpt lat="44.18599" lon="5.45585">
        <ele>664.0</ele>
      </trkpt>
      <trkpt lat="44.18605" lon="5.45593">
        <ele>664.0</ele>
      </trkpt>
      <trkpt lat="44.1861" lon="5.45605">
        <ele>664.0</ele>
      </trkpt>
      <trkpt lat="44.18614" lon="5.45619">
        <ele>664.0</ele>
      </trkpt>
      <trkpt lat="44.18615" lon="5.45633">
        <ele>664.0</ele>
      </trkpt>
      <trkpt lat="44.18612" lon="5.45646">
        <ele>664.0</ele>
      </trkpt>
      <trkpt lat="44.18607" lon="5.45656">
        <ele>664.0</ele>
      </trkpt>
      <trkpt lat="44.18595" lon="5.45665">
        <ele>663.0</ele>
      </trkpt>
      <trkpt lat="44.18561" lon="5.4569">
        <ele>665.0</ele>
      </trkpt>
      <trkpt lat="44.18551" lon="5.45701">
        <ele>666.0</ele>
      </trkpt>
      <trkpt lat="44.18542" lon="5.45715">
        <ele>667.0</ele>
      </trkpt>
      <trkpt lat="44.18535" lon="5.4573">
        <ele>667.0</ele>
      </trkpt>
      <trkpt lat="44.18525" lon="5.45761">
        <ele>669.0</ele>
      </trkpt>
      <trkpt lat="44.1852" lon="5.45782">
        <ele>670.0</ele>
      </trkpt>
      <trkpt lat="44.18515" lon="5.45817">
        <ele>672.0</ele>
      </trkpt>
      <trkpt lat="44.18513" lon="5.45847">
        <ele>673.0</ele>
      </trkpt>
      <trkpt lat="44.18513" lon="5.45864">
        <ele>673.0</ele>
      </trkpt>
      <trkpt lat="44.18515" lon="5.45889">
        <ele>674.0</ele>
      </trkpt>
      <trkpt lat="44.18519" lon="5.45906">
        <ele>675.0</ele>
      </trkpt>
      <trkpt lat="44.18531" lon="5.4594">
        <ele>675.0</ele>
      </trkpt>
      <trkpt lat="44.18551" lon="5.45976">
        <ele>676.0</ele>
      </trkpt>
      <trkpt lat="44.18576" lon="5.46001">
        <ele>678.0</ele>
      </trkpt>
      <trkpt lat="44.18626" lon="5.46062">
        <ele>685.0</ele>
      </trkpt>
      <trkpt lat="44.18636" lon="5.46079">
        <ele>687.0</ele>
      </trkpt>
      <trkpt lat="44.18641" lon="5.46099">
        <ele>687.0</ele>
      </trkpt>
      <trkpt lat="44.18652" lon="5.46156">
        <ele>689.0</ele>
      </trkpt>
      <trkpt lat="44.18663" lon="5.46219">
        <ele>691.0</ele>
      </trkpt>
      <trkpt lat="44.18676" lon="5.46302">
        <ele>692.0</ele>
      </trkpt>
      <trkpt lat="44.18684" lon="5.46349">
        <ele>694.0</ele>
      </trkpt>
      <trkpt lat="44.18694" lon="5.4642">
        <ele>697.0</ele>
      </trkpt>
      <trkpt lat="44.18698" lon="5.46461">
        <ele>700.0</ele>
      </trkpt>
      <trkpt lat="44.18699" lon="5.46479">
        <ele>701.0</ele>
      </trkpt>
      <trkpt lat="44.18697" lon="5.46497">
        <ele>702.0</ele>
      </trkpt>
      <trkpt lat="44.18693" lon="5.46514">
        <ele>701.0</ele>
      </trkpt>
      <trkpt lat="44.18683" lon="5.46534">
        <ele>700.0</ele>
      </trkpt>
      <trkpt lat="44.18678" lon="5.46552">
        <ele>699.0</ele>
      </trkpt>
      <trkpt lat="44.18672" lon="5.46574">
        <ele>699.0</ele>
      </trkpt>
      <trkpt lat="44.18669" lon="5.46597">
        <ele>700.0</ele>
      </trkpt>
      <trkpt lat="44.18666" lon="5.46615">
        <ele>700.0</ele>
      </trkpt>
      <trkpt lat="44.1866" lon="5.46636">
        <ele>701.0</ele>
      </trkpt>
      <trkpt lat="44.18646" lon="5.46678">
        <ele>701.0</ele>
      </trkpt>
      <trkpt lat="44.1864" lon="5.46706">
        <ele>703.0</ele>
      </trkpt>
      <trkpt lat="44.18638" lon="5.46728">
        <ele>704.0</ele>
      </trkpt>
      <trkpt lat="44.18638" lon="5.46752">
        <ele>706.0</ele>
      </trkpt>
      <trkpt lat="44.18638" lon="5.46773">
        <ele>707.0</ele>
      </trkpt>
      <trkpt lat="44.18643" lon="5.46884">
        <ele>710.0</ele>
      </trkpt>
      <trkpt lat="44.18646" lon="5.46904">
        <ele>711.0</ele>
      </trkpt>
      <trkpt lat="44.18651" lon="5.46922">
        <ele>711.0</ele>
      </trkpt>
      <trkpt lat="44.18659" lon="5.46938">
        <ele>710.0</ele>
      </trkpt>
      <trkpt lat="44.18696" lon="5.46987">
        <ele>715.0</ele>
      </trkpt>
      <trkpt lat="44.18704" lon="5.46998">
        <ele>716.0</ele>
      </trkpt>
      <trkpt lat="44.18739" lon="5.47073">
        <ele>718.0</ele>
      </trkpt>
      <trkpt lat="44.18769" lon="5.47138">
        <ele>721.0</ele>
      </trkpt>
      <trkpt lat="44.18777" lon="5.47158">
        <ele>721.0</ele>
      </trkpt>
      <trkpt lat="44.18783" lon="5.4718">
        <ele>721.0</ele>
      </trkpt>
      <trkpt lat="44.18788" lon="5.47203">
        <ele>722.0</ele>
      </trkpt>
      <trkpt lat="44.18791" lon="5.47227">
        <ele>723.0</ele>
      </trkpt>
      <trkpt lat="44.18793" lon="5.4725">
        <ele>723.0</ele>
      </trkpt>
      <trkpt lat="44.18801" lon="5.47399">
        <ele>729.0</ele>
      </trkpt>
      <trkpt lat="44.18811" lon="5.47563">
        <ele>735.0</ele>
      </trkpt>
      <trkpt lat="44.18813" lon="5.47583">
        <ele>734.0</ele>
      </trkpt>
      <trkpt lat="44.1884" lon="5.47732">
        <ele>737.0</ele>
      </trkpt>
      <trkpt lat="44.18844" lon="5.47745">
        <ele>738.0</ele>
      </trkpt>
      <trkpt lat="44.1885" lon="5.47753">
        <ele>739.0</ele>
      </trkpt>
      <trkpt lat="44.18855" lon="5.47755">
        <ele>740.0</ele>
      </trkpt>
      <trkpt lat="44.18861" lon="5.47756">
        <ele>742.0</ele>
      </trkpt>
      <trkpt lat="44.18868" lon="5.47753">
        <ele>743.0</ele>
      </trkpt>
      <trkpt lat="44.18872" lon="5.47745">
        <ele>744.0</ele>
      </trkpt>
      <trkpt lat="44.18874" lon="5.47735">
        <ele>745.0</ele>
      </trkpt>
      <trkpt lat="44.18875" lon="5.47722">
        <ele>746.0</ele>
      </trkpt>
      <trkpt lat="44.18875" lon="5.47707">
        <ele>747.0</ele>
      </trkpt>
      <trkpt lat="44.18873" lon="5.47689">
        <ele>747.0</ele>
      </trkpt>
      <trkpt lat="44.18866" lon="5.47633">
        <ele>747.0</ele>
      </trkpt>
      <trkpt lat="44.18867" lon="5.47594">
        <ele>748.0</ele>
      </trkpt>
      <trkpt lat="44.18869" lon="5.47575">
        <ele>750.0</ele>
      </trkpt>
      <trkpt lat="44.18869" lon="5.47555">
        <ele>751.0</ele>
      </trkpt>
      <trkpt lat="44.18867" lon="5.47536">
        <ele>751.0</ele>
      </trkpt>
      <trkpt lat="44.18864" lon="5.47518">
        <ele>751.0</ele>
      </trkpt>
      <trkpt lat="44.18862" lon="5.47499">
        <ele>752.0</ele>
      </trkpt>
      <trkpt lat="44.18863" lon="5.47464">
        <ele>750.0</ele>
      </trkpt>
      <trkpt lat="44.18865" lon="5.47445">
        <ele>749.0</ele>
      </trkpt>
      <trkpt lat="44.18876" lon="5.47414">
        <ele>751.0</ele>
      </trkpt>
      <trkpt lat="44.18886" lon="5.47402">
        <ele>752.0</ele>
      </trkpt>
      <trkpt lat="44.18897" lon="5.47394">
        <ele>755.0</ele>
      </trkpt>
      <trkpt lat="44.18909" lon="5.47388">
        <ele>758.0</ele>
      </trkpt>
      <trkpt lat="44.18933" lon="5.47378">
        <ele>763.0</ele>
      </trkpt>
      <trkpt lat="44.18945" lon="5.47372">
        <ele>765.0</ele>
      </trkpt>
      <trkpt lat="44.18956" lon="5.47365">
        <ele>766.0</ele>
      </trkpt>
      <trkpt lat="44.18966" lon="5.47355">
        <ele>767.0</ele>
      </trkpt>
      <trkpt lat="44.18975" lon="5.47345">
        <ele>767.0</ele>
      </trkpt>
      <trkpt lat="44.18983" lon="5.47333">
        <ele>766.0</ele>
      </trkpt>
      <trkpt lat="44.18989" lon="5.47319">
        <ele>768.0</ele>
      </trkpt>
      <trkpt lat="44.18992" lon="5.47304">
        <ele>769.0</ele>
      </trkpt>
      <trkpt lat="44.18992" lon="5.47289">
        <ele>770.0</ele>
      </trkpt>
      <trkpt lat="44.18989" lon="5.47273">
        <ele>769.0</ele>
      </trkpt>
      <trkpt lat="44.18985" lon="5.47258">
        <ele>769.0</ele>
      </trkpt>
      <trkpt lat="44.18952" lon="5.47173">
        <ele>771.0</ele>
      </trkpt>
      <trkpt lat="44.18916" lon="5.4709">
        <ele>775.0</ele>
      </trkpt>
      <trkpt lat="44.18893" lon="5.47044">
        <ele>778.0</ele>
      </trkpt>
      <trkpt lat="44.18877" lon="5.47017">
        <ele>778.0</ele>
      </trkpt>
      <trkpt lat="44.18871" lon="5.47003">
        <ele>779.0</ele>
      </trkpt>
      <trkpt lat="44.18864" lon="5.46989">
        <ele>778.0</ele>
      </trkpt>
      <trkpt lat="44.18855" lon="5.4696">
        <ele>777.0</ele>
      </trkpt>
      <trkpt lat="44.18854" lon="5.46945">
        <ele>778.0</ele>
      </trkpt>
      <trkpt lat="44.18854" lon="5.4693">
        <ele>780.0</ele>
      </trkpt>
      <trkpt lat="44.18871" lon="5.46863">
        <ele>783.0</ele>
      </trkpt>
      <trkpt lat="44.18875" lon="5.46857">
        <ele>784.0</ele>
      </trkpt>
      <trkpt lat="44.1888" lon="5.46855">
        <ele>786.0</ele>
      </trkpt>
      <trkpt lat="44.18885" lon="5.46858">
        <ele>788.0</ele>
      </trkpt>
      <trkpt lat="44.18888" lon="5.46865">
        <ele>789.0</ele>
      </trkpt>
      <trkpt lat="44.18888" lon="5.46874">
        <ele>790.0</ele>
      </trkpt>
      <trkpt lat="44.18881" lon="5.46895">
        <ele>789.0</ele>
      </trkpt>
      <trkpt lat="44.18878" lon="5.46909">
        <ele>789.0</ele>
      </trkpt>
      <trkpt lat="44.18876" lon="5.46925">
        <ele>789.0</ele>
      </trkpt>
      <trkpt lat="44.18879" lon="5.46944">
        <ele>788.0</ele>
      </trkpt>
      <trkpt lat="44.18885" lon="5.46959">
        <ele>789.0</ele>
      </trkpt>
      <trkpt lat="44.18894" lon="5.46971">
        <ele>791.0</ele>
      </trkpt>
      <trkpt lat="44.18935" lon="5.47019">
        <ele>799.0</ele>
      </trkpt>
      <trkpt lat="44.1899" lon="5.4709">
        <ele>803.0</ele>
      </trkpt>
      <trkpt lat="44.19" lon="5.47101">
        <ele>804.0</ele>
      </trkpt>
      <trkpt lat="44.19009" lon="5.47108">
        <ele>805.0</ele>
      </trkpt>
      <trkpt lat="44.19022" lon="5.47116">
        <ele>807.0</ele>
      </trkpt>
      <trkpt lat="44.19062" lon="5.47137">
        <ele>815.0</ele>
      </trkpt>
      <trkpt lat="44.19088" lon="5.47152">
        <ele>820.0</ele>
      </trkpt>
      <trkpt lat="44.19101" lon="5.47161">
        <ele>825.0</ele>
      </trkpt>
      <trkpt lat="44.19124" lon="5.47183">
        <ele>831.0</ele>
      </trkpt>
      <trkpt lat="44.19135" lon="5.47195">
        <ele>834.0</ele>
      </trkpt>
      <trkpt lat="44.19145" lon="5.47208">
        <ele>836.0</ele>
      </trkpt>
      <trkpt lat="44.19152" lon="5.47224">
        <ele>836.0</ele>
      </trkpt>
      <trkpt lat="44.19157" lon="5.47242">
        <ele>834.0</ele>
      </trkpt>
      <trkpt lat="44.19159" lon="5.4726">
        <ele>833.0</ele>
      </trkpt>
      <trkpt lat="44.19158" lon="5.47278">
        <ele>832.0</ele>
      </trkpt>
      <trkpt lat="44.19155" lon="5.47295">
        <ele>830.0</ele>
      </trkpt>
      <trkpt lat="44.19151" lon="5.47311">
        <ele>828.0</ele>
      </trkpt>
      <trkpt lat="44.19149" lon="5.47325">
        <ele>827.0</ele>
      </trkpt>
      <trkpt lat="44.1915" lon="5.47345">
        <ele>830.0</ele>
      </trkpt>
      <trkpt lat="44.19148" lon="5.4736">
        <ele>832.0</ele>
      </trkpt>
      <trkpt lat="44.19141" lon="5.47379">
        <ele>833.0</ele>
      </trkpt>
      <trkpt lat="44.19122" lon="5.4741">
        <ele>829.0</ele>
      </trkpt>
      <trkpt lat="44.19115" lon="5.47428">
        <ele>831.0</ele>
      </trkpt>
      <trkpt lat="44.19088" lon="5.47498">
        <ele>839.0</ele>
      </trkpt>
      <trkpt lat="44.19073" lon="5.4753">
        <ele>838.0</ele>
      </trkpt>
      <trkpt lat="44.19066" lon="5.47547">
        <ele>838.0</ele>
      </trkpt>
      <trkpt lat="44.19062" lon="5.47564">
        <ele>839.0</ele>
      </trkpt>
      <trkpt lat="44.19061" lon="5.47581">
        <ele>841.0</ele>
      </trkpt>
      <trkpt lat="44.19061" lon="5.47598">
        <ele>842.0</ele>
      </trkpt>
      <trkpt lat="44.19062" lon="5.47625">
        <ele>843.0</ele>
      </trkpt>
      <trkpt lat="44.19062" lon="5.47697">
        <ele>842.0</ele>
      </trkpt>
      <trkpt lat="44.19063" lon="5.47714">
        <ele>841.0</ele>
      </trkpt>
      <trkpt lat="44.19064" lon="5.4773">
        <ele>841.0</ele>
      </trkpt>
      <trkpt lat="44.19069" lon="5.47745">
        <ele>844.0</ele>
      </trkpt>
      <trkpt lat="44.19076" lon="5.4776">
        <ele>846.0</ele>
      </trkpt>
      <trkpt lat="44.19084" lon="5.47775">
        <ele>849.0</ele>
      </trkpt>
      <trkpt lat="44.19111" lon="5.47816">
        <ele>855.0</ele>
      </trkpt>
      <trkpt lat="44.19114" lon="5.47828">
        <ele>854.0</ele>
      </trkpt>
      <trkpt lat="44.19115" lon="5.4784">
        <ele>854.0</ele>
      </trkpt>
      <trkpt lat="44.19113" lon="5.47852">
        <ele>854.0</ele>
      </trkpt>
      <trkpt lat="44.19101" lon="5.4788">
        <ele>850.0</ele>
      </trkpt>
      <trkpt lat="44.19097" lon="5.47897">
        <ele>850.0</ele>
      </trkpt>
      <trkpt lat="44.19077" lon="5.47977">
        <ele>846.0</ele>
      </trkpt>
      <trkpt lat="44.19077" lon="5.47992">
        <ele>848.0</ele>
      </trkpt>
      <trkpt lat="44.1908" lon="5.48008">
        <ele>850.0</ele>
      </trkpt>
      <trkpt lat="44.19099" lon="5.48072">
        <ele>858.0</ele>
      </trkpt>
      <trkpt lat="44.19102" lon="5.48088">
        <ele>859.0</ele>
      </trkpt>
      <trkpt lat="44.19102" lon="5.48103">
        <ele>858.0</ele>
      </trkpt>
      <trkpt lat="44.19098" lon="5.48149">
        <ele>852.0</ele>
      </trkpt>
      <trkpt lat="44.19098" lon="5.48166">
        <ele>850.0</ele>
      </trkpt>
      <trkpt lat="44.191" lon="5.48183">
        <ele>851.0</ele>
      </trkpt>
      <trkpt lat="44.19103" lon="5.482">
        <ele>853.0</ele>
      </trkpt>
      <trkpt lat="44.19135" lon="5.48354">
        <ele>870.0</ele>
      </trkpt>
      <trkpt lat="44.1914" lon="5.48368">
        <ele>871.0</ele>
      </trkpt>
      <trkpt lat="44.19147" lon="5.48381">
        <ele>874.0</ele>
      </trkpt>
      <trkpt lat="44.19155" lon="5.48389">
        <ele>877.0</ele>
      </trkpt>
      <trkpt lat="44.19197" lon="5.48413">
        <ele>883.0</ele>
      </trkpt>
      <trkpt lat="44.19207" lon="5.48416">
        <ele>884.0</ele>
      </trkpt>
      <trkpt lat="44.19218" lon="5.48415">
        <ele>886.0</ele>
      </trkpt>
      <trkpt lat="44.1924" lon="5.48408">
        <ele>891.0</ele>
      </trkpt>
      <trkpt lat="44.19251" lon="5.48407">
        <ele>894.0</ele>
      </trkpt>
      <trkpt lat="44.19263" lon="5.4841">
        <ele>895.0</ele>
      </trkpt>
      <trkpt lat="44.19287" lon="5.48419">
        <ele>899.0</ele>
      </trkpt>
      <trkpt lat="44.19298" lon="5.48424">
        <ele>901.0</ele>
      </trkpt>
      <trkpt lat="44.1931" lon="5.48432">
        <ele>903.0</ele>
      </trkpt>
      <trkpt lat="44.19319" lon="5.48442">
        <ele>904.0</ele>
      </trkpt>
      <trkpt lat="44.19328" lon="5.48454">
        <ele>904.0</ele>
      </trkpt>
      <trkpt lat="44.19339" lon="5.48482">
        <ele>904.0</ele>
      </trkpt>
      <trkpt lat="44.19348" lon="5.48517">
        <ele>905.0</ele>
      </trkpt>
      <trkpt lat="44.19351" lon="5.48525">
        <ele>906.0</ele>
      </trkpt>
      <trkpt lat="44.19359" lon="5.48536">
        <ele>907.0</ele>
      </trkpt>
      <trkpt lat="44.19369" lon="5.48546">
        <ele>910.0</ele>
      </trkpt>
      <trkpt lat="44.19387" lon="5.48561">
        <ele>912.0</ele>
      </trkpt>
      <trkpt lat="44.19395" lon="5.4857">
        <ele>913.0</ele>
      </trkpt>
      <trkpt lat="44.194" lon="5.48582">
        <ele>913.0</ele>
      </trkpt>
      <trkpt lat="44.19399" lon="5.486">
        <ele>914.0</ele>
      </trkpt>
      <trkpt lat="44.19396" lon="5.48606">
        <ele>914.0</ele>
      </trkpt>
      <trkpt lat="44.1939" lon="5.48617">
        <ele>915.0</ele>
      </trkpt>
      <trkpt lat="44.19382" lon="5.48624">
        <ele>915.0</ele>
      </trkpt>
      <trkpt lat="44.19372" lon="5.48629">
        <ele>915.0</ele>
      </trkpt>
      <trkpt lat="44.19347" lon="5.48638">
        <ele>915.0</ele>
      </trkpt>
      <trkpt lat="44.19334" lon="5.4864">
        <ele>915.0</ele>
      </trkpt>
      <trkpt lat="44.19321" lon="5.48639">
        <ele>915.0</ele>
      </trkpt>
      <trkpt lat="44.19308" lon="5.48637">
        <ele>916.0</ele>
      </trkpt>
      <trkpt lat="44.19272" lon="5.48629">
        <ele>916.0</ele>
      </trkpt>
      <trkpt lat="44.19228" lon="5.48632">
        <ele>919.0</ele>
      </trkpt>
      <trkpt lat="44.19203" lon="5.48628">
        <ele>919.0</ele>
      </trkpt>
      <trkpt lat="44.1919" lon="5.48624">
        <ele>919.0</ele>
      </trkpt>
      <trkpt lat="44.19178" lon="5.48619">
        <ele>918.0</ele>
      </trkpt>
      <trkpt lat="44.19165" lon="5.48615">
        <ele>917.0</ele>
      </trkpt>
      <trkpt lat="44.19153" lon="5.48613">
        <ele>915.0</ele>
      </trkpt>
      <trkpt lat="44.1914" lon="5.48614">
        <ele>914.0</ele>
      </trkpt>
      <trkpt lat="44.19104" lon="5.48624">
        <ele>912.0</ele>
      </trkpt>
      <trkpt lat="44.19092" lon="5.48628">
        <ele>912.0</ele>
      </trkpt>
      <trkpt lat="44.19079" lon="5.48637">
        <ele>913.0</ele>
      </trkpt>
      <trkpt lat="44.19066" lon="5.48651">
        <ele>913.0</ele>
      </trkpt>
      <trkpt lat="44.19041" lon="5.48713">
        <ele>917.0</ele>
      </trkpt>
      <trkpt lat="44.1903" lon="5.48749">
        <ele>920.0</ele>
      </trkpt>
      <trkpt lat="44.1902" lon="5.48791">
        <ele>927.0</ele>
      </trkpt>
      <trkpt lat="44.19006" lon="5.48827">
        <ele>932.0</ele>
      </trkpt>
      <trkpt lat="44.18977" lon="5.48891">
        <ele>940.0</ele>
      </trkpt>
      <trkpt lat="44.18938" lon="5.48972">
        <ele>946.0</ele>
      </trkpt>
      <trkpt lat="44.18901" lon="5.49058">
        <ele>954.0</ele>
      </trkpt>
      <trkpt lat="44.18887" lon="5.49088">
        <ele>958.0</ele>
      </trkpt>
      <trkpt lat="44.18887" lon="5.49088">
        <ele>958.0</ele>
      </trkpt>
      <trkpt lat="44.18863" lon="5.49139">
        <ele>964.0</ele>
      </trkpt>
      <trkpt lat="44.18856" lon="5.4915">
        <ele>965.0</ele>
      </trkpt>
      <trkpt lat="44.18847" lon="5.49158">
        <ele>965.0</ele>
      </trkpt>
      <trkpt lat="44.18837" lon="5.49162">
        <ele>963.0</ele>
      </trkpt>
      <trkpt lat="44.18805" lon="5.49167">
        <ele>960.0</ele>
      </trkpt>
      <trkpt lat="44.18795" lon="5.4917">
        <ele>960.0</ele>
      </trkpt>
      <trkpt lat="44.18786" lon="5.49175">
        <ele>960.0</ele>
      </trkpt>
      <trkpt lat="44.18782" lon="5.49177">
        <ele>960.0</ele>
      </trkpt>
      <trkpt lat="44.18743" lon="5.49215">
        <ele>966.0</ele>
      </trkpt>
      <trkpt lat="44.18738" lon="5.4922">
        <ele>967.0</ele>
      </trkpt>
      <trkpt lat="44.1872" lon="5.49242">
        <ele>971.0</ele>
      </trkpt>
      <trkpt lat="44.18712" lon="5.49254">
        <ele>973.0</ele>
      </trkpt>
      <trkpt lat="44.18694" lon="5.49274">
        <ele>975.0</ele>
      </trkpt>
      <trkpt lat="44.18651" lon="5.49314">
        <ele>979.0</ele>
      </trkpt>
      <trkpt lat="44.18642" lon="5.49319">
        <ele>980.0</ele>
      </trkpt>
      <trkpt lat="44.18633" lon="5.49322">
        <ele>981.0</ele>
      </trkpt>
      <trkpt lat="44.18625" lon="5.49321">
        <ele>981.0</ele>
      </trkpt>
      <trkpt lat="44.18609" lon="5.49312">
        <ele>981.0</ele>
      </trkpt>
      <trkpt lat="44.18601" lon="5.49306">
        <ele>980.0</ele>
      </trkpt>
      <trkpt lat="44.18594" lon="5.49299">
        <ele>980.0</ele>
      </trkpt>
      <trkpt lat="44.18582" lon="5.49286">
        <ele>979.0</ele>
      </trkpt>
      <trkpt lat="44.18578" lon="5.49283">
        <ele>978.0</ele>
      </trkpt>
      <trkpt lat="44.18573" lon="5.49282">
        <ele>977.0</ele>
      </trkpt>
      <trkpt lat="44.18568" lon="5.49283">
        <ele>976.0</ele>
      </trkpt>
      <trkpt lat="44.18555" lon="5.49298">
        <ele>976.0</ele>
      </trkpt>
      <trkpt lat="44.18551" lon="5.49309">
        <ele>978.0</ele>
      </trkpt>
      <trkpt lat="44.18547" lon="5.49319">
        <ele>979.0</ele>
      </trkpt>
      <trkpt lat="44.18546" lon="5.49338">
        <ele>983.0</ele>
      </trkpt>
      <trkpt lat="44.18548" lon="5.49356">
        <ele>986.0</ele>
      </trkpt>
      <trkpt lat="44.1855" lon="5.49364">
        <ele>987.0</ele>
      </trkpt>
      <trkpt lat="44.18557" lon="5.49374">
        <ele>989.0</ele>
      </trkpt>
      <trkpt lat="44.18579" lon="5.49395">
        <ele>993.0</ele>
      </trkpt>
      <trkpt lat="44.18601" lon="5.49409">
        <ele>995.0</ele>
      </trkpt>
      <trkpt lat="44.18606" lon="5.49415">
        <ele>996.0</ele>
      </trkpt>
      <trkpt lat="44.18607" lon="5.4942">
        <ele>997.0</ele>
      </trkpt>
      <trkpt lat="44.18608" lon="5.49422">
        <ele>997.0</ele>
      </trkpt>
      <trkpt lat="44.18606" lon="5.49428">
        <ele>999.0</ele>
      </trkpt>
      <trkpt lat="44.18603" lon="5.49432">
        <ele>1000.0</ele>
      </trkpt>
      <trkpt lat="44.18597" lon="5.49432">
        <ele>1000.0</ele>
      </trkpt>
      <trkpt lat="44.18575" lon="5.49416">
        <ele>996.0</ele>
      </trkpt>
      <trkpt lat="44.18565" lon="5.49411">
        <ele>995.0</ele>
      </trkpt>
      <trkpt lat="44.18556" lon="5.49409">
        <ele>995.0</ele>
      </trkpt>
      <trkpt lat="44.18544" lon="5.4941">
        <ele>995.0</ele>
      </trkpt>
      <trkpt lat="44.18523" lon="5.49416">
        <ele>996.0</ele>
      </trkpt>
      <trkpt lat="44.18502" lon="5.49424">
        <ele>997.0</ele>
      </trkpt>
      <trkpt lat="44.18488" lon="5.4943">
        <ele>993.0</ele>
      </trkpt>
      <trkpt lat="44.1848" lon="5.49434">
        <ele>990.0</ele>
      </trkpt>
      <trkpt lat="44.1847" lon="5.49444">
        <ele>988.0</ele>
      </trkpt>
      <trkpt lat="44.18462" lon="5.49456">
        <ele>987.0</ele>
      </trkpt>
      <trkpt lat="44.18458" lon="5.49468">
        <ele>987.0</ele>
      </trkpt>
      <trkpt lat="44.18458" lon="5.49477">
        <ele>989.0</ele>
      </trkpt>
      <trkpt lat="44.18459" lon="5.49486">
        <ele>991.0</ele>
      </trkpt>
      <trkpt lat="44.18469" lon="5.49508">
        <ele>995.0</ele>
      </trkpt>
      <trkpt lat="44.18475" lon="5.49522">
        <ele>997.0</ele>
      </trkpt>
      <trkpt lat="44.18485" lon="5.49557">
        <ele>1001.0</ele>
      </trkpt>
      <trkpt lat="44.18492" lon="5.4958">
        <ele>1004.0</ele>
      </trkpt>
      <trkpt lat="44.18496" lon="5.49601">
        <ele>1006.0</ele>
      </trkpt>
      <trkpt lat="44.18498" lon="5.49621">
        <ele>1007.0</ele>
      </trkpt>
      <trkpt lat="44.18504" lon="5.49679">
        <ele>1012.0</ele>
      </trkpt>
      <trkpt lat="44.18505" lon="5.49698">
        <ele>1014.0</ele>
      </trkpt>
      <trkpt lat="44.18505" lon="5.49717">
        <ele>1015.0</ele>
      </trkpt>
      <trkpt lat="44.18503" lon="5.49736">
        <ele>1016.0</ele>
      </trkpt>
      <trkpt lat="44.18498" lon="5.49772">
        <ele>1016.0</ele>
      </trkpt>
      <trkpt lat="44.18494" lon="5.4979">
        <ele>1017.0</ele>
      </trkpt>
      <trkpt lat="44.18484" lon="5.49859">
        <ele>1018.0</ele>
      </trkpt>
      <trkpt lat="44.18482" lon="5.49877">
        <ele>1018.0</ele>
      </trkpt>
      <trkpt lat="44.18482" lon="5.49894">
        <ele>1018.0</ele>
      </trkpt>
      <trkpt lat="44.18483" lon="5.49911">
        <ele>1019.0</ele>
      </trkpt>
      <trkpt lat="44.18485" lon="5.49927">
        <ele>1020.0</ele>
      </trkpt>
      <trkpt lat="44.18509" lon="5.50015">
        <ele>1027.0</ele>
      </trkpt>
      <trkpt lat="44.18512" lon="5.50033">
        <ele>1029.0</ele>
      </trkpt>
      <trkpt lat="44.18513" lon="5.50049">
        <ele>1029.0</ele>
      </trkpt>
      <trkpt lat="44.18512" lon="5.50054">
        <ele>1029.0</ele>
      </trkpt>
      <trkpt lat="44.18511" lon="5.50065">
        <ele>1029.0</ele>
      </trkpt>
      <trkpt lat="44.18508" lon="5.5008">
        <ele>1029.0</ele>
      </trkpt>
      <trkpt lat="44.18507" lon="5.50085">
        <ele>1029.0</ele>
      </trkpt>
      <trkpt lat="44.18504" lon="5.50094">
        <ele>1030.0</ele>
      </trkpt>
      <trkpt lat="44.18492" lon="5.5012">
        <ele>1032.0</ele>
      </trkpt>
      <trkpt lat="44.18485" lon="5.5013">
        <ele>1033.0</ele>
      </trkpt>
      <trkpt lat="44.18478" lon="5.50138">
        <ele>1034.0</ele>
      </trkpt>
      <trkpt lat="44.18465" lon="5.5015">
        <ele>1035.0</ele>
      </trkpt>
      <trkpt lat="44.18459" lon="5.50153">
        <ele>1035.0</ele>
      </trkpt>
      <trkpt lat="44.18443" lon="5.50158">
        <ele>1035.0</ele>
      </trkpt>
      <trkpt lat="44.1835" lon="5.50184">
        <ele>1030.0</ele>
      </trkpt>
      <trkpt lat="44.18338" lon="5.5019">
        <ele>1031.0</ele>
      </trkpt>
      <trkpt lat="44.18328" lon="5.50199">
        <ele>1032.0</ele>
      </trkpt>
      <trkpt lat="44.18318" lon="5.50213">
        <ele>1034.0</ele>
      </trkpt>
      <trkpt lat="44.18309" lon="5.50229">
        <ele>1036.0</ele>
      </trkpt>
      <trkpt lat="44.18289" lon="5.50268">
        <ele>1040.0</ele>
      </trkpt>
      <trkpt lat="44.18272" lon="5.50309">
        <ele>1043.0</ele>
      </trkpt>
      <trkpt lat="44.18264" lon="5.5033">
        <ele>1045.0</ele>
      </trkpt>
      <trkpt lat="44.18259" lon="5.50351">
        <ele>1047.0</ele>
      </trkpt>
      <trkpt lat="44.18239" lon="5.50436">
        <ele>1056.0</ele>
      </trkpt>
      <trkpt lat="44.18233" lon="5.50456">
        <ele>1056.0</ele>
      </trkpt>
      <trkpt lat="44.18226" lon="5.50473">
        <ele>1056.0</ele>
      </trkpt>
      <trkpt lat="44.1821" lon="5.50504">
        <ele>1053.0</ele>
      </trkpt>
      <trkpt lat="44.18202" lon="5.50521">
        <ele>1052.0</ele>
      </trkpt>
      <trkpt lat="44.18197" lon="5.5054">
        <ele>1052.0</ele>
      </trkpt>
      <trkpt lat="44.18184" lon="5.5062">
        <ele>1056.0</ele>
      </trkpt>
      <trkpt lat="44.18163" lon="5.50727">
        <ele>1060.0</ele>
      </trkpt>
      <trkpt lat="44.1816" lon="5.50745">
        <ele>1061.0</ele>
      </trkpt>
      <trkpt lat="44.18161" lon="5.50764">
        <ele>1062.0</ele>
      </trkpt>
      <trkpt lat="44.18164" lon="5.50786">
        <ele>1063.0</ele>
      </trkpt>
      <trkpt lat="44.18202" lon="5.50991">
        <ele>1069.0</ele>
      </trkpt>
      <trkpt lat="44.18195" lon="5.50994">
        <ele>1069.0</ele>
      </trkpt>
      <trkpt lat="44.18189" lon="5.50993">
        <ele>1070.0</ele>
      </trkpt>
      <trkpt lat="44.1818" lon="5.50987">
        <ele>1071.0</ele>
      </trkpt>
      <trkpt lat="44.18149" lon="5.50959">
        <ele>1074.0</ele>
      </trkpt>
      <trkpt lat="44.18128" lon="5.50931">
        <ele>1073.0</ele>
      </trkpt>
      <trkpt lat="44.18104" lon="5.50895">
        <ele>1070.0</ele>
      </trkpt>
      <trkpt lat="44.18094" lon="5.50885">
        <ele>1068.0</ele>
      </trkpt>
      <trkpt lat="44.18085" lon="5.50881">
        <ele>1067.0</ele>
      </trkpt>
      <trkpt lat="44.18077" lon="5.50879">
        <ele>1066.0</ele>
      </trkpt>
      <trkpt lat="44.1807" lon="5.50881">
        <ele>1065.0</ele>
      </trkpt>
      <trkpt lat="44.18063" lon="5.50886">
        <ele>1065.0</ele>
      </trkpt>
      <trkpt lat="44.18051" lon="5.50903">
        <ele>1068.0</ele>
      </trkpt>
      <trkpt lat="44.18022" lon="5.50952">
        <ele>1074.0</ele>
      </trkpt>
      <trkpt lat="44.17977" lon="5.51023">
        <ele>1084.0</ele>
      </trkpt>
      <trkpt lat="44.1796" lon="5.51039">
        <ele>1086.0</ele>
      </trkpt>
      <trkpt lat="44.17944" lon="5.51048">
        <ele>1087.0</ele>
      </trkpt>
      <trkpt lat="44.17896" lon="5.51062">
        <ele>1088.0</ele>
      </trkpt>
      <trkpt lat="44.17866" lon="5.51073">
        <ele>1090.0</ele>
      </trkpt>
      <trkpt lat="44.1784" lon="5.51086">
        <ele>1091.0</ele>
      </trkpt>
      <trkpt lat="44.1782" lon="5.51098">
        <ele>1092.0</ele>
      </trkpt>
      <trkpt lat="44.17806" lon="5.51109">
        <ele>1094.0</ele>
      </trkpt>
      <trkpt lat="44.17795" lon="5.51125">
        <ele>1096.0</ele>
      </trkpt>
      <trkpt lat="44.17784" lon="5.51138">
        <ele>1097.0</ele>
      </trkpt>
      <trkpt lat="44.17776" lon="5.51143">
        <ele>1097.0</ele>
      </trkpt>
      <trkpt lat="44.17767" lon="5.51145">
        <ele>1098.0</ele>
      </trkpt>
      <trkpt lat="44.17756" lon="5.51145">
        <ele>1097.0</ele>
      </trkpt>
      <trkpt lat="44.17746" lon="5.51139">
        <ele>1098.0</ele>
      </trkpt>
      <trkpt lat="44.17729" lon="5.51122">
        <ele>1099.0</ele>
      </trkpt>
      <trkpt lat="44.177" lon="5.51082">
        <ele>1100.0</ele>
      </trkpt>
      <trkpt lat="44.17693" lon="5.51072">
        <ele>1100.0</ele>
      </trkpt>
      <trkpt lat="44.17667" lon="5.51049">
        <ele>1102.0</ele>
      </trkpt>
      <trkpt lat="44.17636" lon="5.51026">
        <ele>1105.0</ele>
      </trkpt>
      <trkpt lat="44.17619" lon="5.51012">
        <ele>1106.0</ele>
      </trkpt>
      <trkpt lat="44.17606" lon="5.50997">
        <ele>1107.0</ele>
      </trkpt>
      <trkpt lat="44.17594" lon="5.50977">
        <ele>1108.0</ele>
      </trkpt>
      <trkpt lat="44.17585" lon="5.50957">
        <ele>1109.0</ele>
      </trkpt>
      <trkpt lat="44.17553" lon="5.50852">
        <ele>1113.0</ele>
      </trkpt>
      <trkpt lat="44.17546" lon="5.50823">
        <ele>1114.0</ele>
      </trkpt>
      <trkpt lat="44.17543" lon="5.50807">
        <ele>1115.0</ele>
      </trkpt>
      <trkpt lat="44.1754" lon="5.50786">
        <ele>1116.0</ele>
      </trkpt>
      <trkpt lat="44.17538" lon="5.50776">
        <ele>1117.0</ele>
      </trkpt>
      <trkpt lat="44.17534" lon="5.50772">
        <ele>1118.0</ele>
      </trkpt>
      <trkpt lat="44.17529" lon="5.50771">
        <ele>1118.0</ele>
      </trkpt>
      <trkpt lat="44.17524" lon="5.50773">
        <ele>1118.0</ele>
      </trkpt>
      <trkpt lat="44.17519" lon="5.50778">
        <ele>1119.0</ele>
      </trkpt>
      <trkpt lat="44.17514" lon="5.50796">
        <ele>1119.0</ele>
      </trkpt>
      <trkpt lat="44.17513" lon="5.50818">
        <ele>1118.0</ele>
      </trkpt>
      <trkpt lat="44.17514" lon="5.50852">
        <ele>1117.0</ele>
      </trkpt>
      <trkpt lat="44.17506" lon="5.50917">
        <ele>1119.0</ele>
      </trkpt>
      <trkpt lat="44.17506" lon="5.50939">
        <ele>1119.0</ele>
      </trkpt>
      <trkpt lat="44.1751" lon="5.51021">
        <ele>1120.0</ele>
      </trkpt>
      <trkpt lat="44.1751" lon="5.51039">
        <ele>1120.0</ele>
      </trkpt>
      <trkpt lat="44.17508" lon="5.51051">
        <ele>1120.0</ele>
      </trkpt>
      <trkpt lat="44.17503" lon="5.51057">
        <ele>1120.0</ele>
      </trkpt>
      <trkpt lat="44.17499" lon="5.51059">
        <ele>1120.0</ele>
      </trkpt>
      <trkpt lat="44.17492" lon="5.51057">
        <ele>1121.0</ele>
      </trkpt>
      <trkpt lat="44.17478" lon="5.51038">
        <ele>1123.0</ele>
      </trkpt>
      <trkpt lat="44.17437" lon="5.50969">
        <ele>1129.0</ele>
      </trkpt>
      <trkpt lat="44.17428" lon="5.50951">
        <ele>1131.0</ele>
      </trkpt>
      <trkpt lat="44.17415" lon="5.50918">
        <ele>1133.0</ele>
      </trkpt>
      <trkpt lat="44.174" lon="5.50876">
        <ele>1136.0</ele>
      </trkpt>
      <trkpt lat="44.17394" lon="5.50856">
        <ele>1137.0</ele>
      </trkpt>
      <trkpt lat="44.17392" lon="5.50833">
        <ele>1138.0</ele>
      </trkpt>
      <trkpt lat="44.17391" lon="5.50807">
        <ele>1140.0</ele>
      </trkpt>
      <trkpt lat="44.17393" lon="5.5074">
        <ele>1143.0</ele>
      </trkpt>
      <trkpt lat="44.17394" lon="5.50713">
        <ele>1145.0</ele>
      </trkpt>
      <trkpt lat="44.17406" lon="5.50615">
        <ele>1148.0</ele>
      </trkpt>
      <trkpt lat="44.17415" lon="5.50573">
        <ele>1147.0</ele>
      </trkpt>
      <trkpt lat="44.17426" lon="5.50545">
        <ele>1147.0</ele>
      </trkpt>
      <trkpt lat="44.1743" lon="5.50527">
        <ele>1148.0</ele>
      </trkpt>
      <trkpt lat="44.17431" lon="5.50512">
        <ele>1148.0</ele>
      </trkpt>
      <trkpt lat="44.1743" lon="5.50497">
        <ele>1149.0</ele>
      </trkpt>
      <trkpt lat="44.17415" lon="5.50445">
        <ele>1153.0</ele>
      </trkpt>
      <trkpt lat="44.17399" lon="5.50374">
        <ele>1157.0</ele>
      </trkpt>
      <trkpt lat="44.17389" lon="5.50332">
        <ele>1159.0</ele>
      </trkpt>
      <trkpt lat="44.17372" lon="5.50291">
        <ele>1161.0</ele>
      </trkpt>
      <trkpt lat="44.17334" lon="5.50219">
        <ele>1166.0</ele>
      </trkpt>
      <trkpt lat="44.17307" lon="5.50154">
        <ele>1167.0</ele>
      </trkpt>
      <trkpt lat="44.17274" lon="5.50089">
        <ele>1172.0</ele>
      </trkpt>
      <trkpt lat="44.1727" lon="5.50075">
        <ele>1173.0</ele>
      </trkpt>
      <trkpt lat="44.17269" lon="5.50059">
        <ele>1173.0</ele>
      </trkpt>
      <trkpt lat="44.17275" lon="5.5">
        <ele>1173.0</ele>
      </trkpt>
      <trkpt lat="44.17275" lon="5.49976">
        <ele>1172.0</ele>
      </trkpt>
      <trkpt lat="44.17272" lon="5.49957">
        <ele>1172.0</ele>
      </trkpt>
      <trkpt lat="44.17264" lon="5.49932">
        <ele>1174.0</ele>
      </trkpt>
      <trkpt lat="44.17236" lon="5.49858">
        <ele>1174.0</ele>
      </trkpt>
      <trkpt lat="44.17224" lon="5.49834">
        <ele>1173.0</ele>
      </trkpt>
      <trkpt lat="44.1721" lon="5.49813">
        <ele>1171.0</ele>
      </trkpt>
      <trkpt lat="44.17189" lon="5.49792">
        <ele>1171.0</ele>
      </trkpt>
      <trkpt lat="44.17182" lon="5.49789">
        <ele>1172.0</ele>
      </trkpt>
      <trkpt lat="44.17174" lon="5.49789">
        <ele>1175.0</ele>
      </trkpt>
      <trkpt lat="44.17158" lon="5.49797">
        <ele>1179.0</ele>
      </trkpt>
      <trkpt lat="44.17135" lon="5.49818">
        <ele>1183.0</ele>
      </trkpt>
      <trkpt lat="44.17111" lon="5.49836">
        <ele>1186.0</ele>
      </trkpt>
      <trkpt lat="44.17079" lon="5.49853">
        <ele>1190.0</ele>
      </trkpt>
      <trkpt lat="44.17071" lon="5.49855">
        <ele>1191.0</ele>
      </trkpt>
      <trkpt lat="44.17057" lon="5.49853">
        <ele>1192.0</ele>
      </trkpt>
      <trkpt lat="44.17055" lon="5.49851">
        <ele>1192.0</ele>
      </trkpt>
      <trkpt lat="44.17051" lon="5.49848">
        <ele>1193.0</ele>
      </trkpt>
      <trkpt lat="44.17044" lon="5.49832">
        <ele>1192.0</ele>
      </trkpt>
      <trkpt lat="44.17043" lon="5.49822">
        <ele>1191.0</ele>
      </trkpt>
      <trkpt lat="44.17045" lon="5.4974">
        <ele>1185.0</ele>
      </trkpt>
      <trkpt lat="44.17041" lon="5.49691">
        <ele>1184.0</ele>
      </trkpt>
      <trkpt lat="44.17036" lon="5.49661">
        <ele>1183.0</ele>
      </trkpt>
      <trkpt lat="44.17028" lon="5.49631">
        <ele>1183.0</ele>
      </trkpt>
      <trkpt lat="44.17012" lon="5.49589">
        <ele>1186.0</ele>
      </trkpt>
      <trkpt lat="44.16992" lon="5.49553">
        <ele>1185.0</ele>
      </trkpt>
      <trkpt lat="44.16983" lon="5.49545">
        <ele>1184.0</ele>
      </trkpt>
      <trkpt lat="44.16965" lon="5.49535">
        <ele>1184.0</ele>
      </trkpt>
      <trkpt lat="44.16934" lon="5.49532">
        <ele>1185.0</ele>
      </trkpt>
      <trkpt lat="44.1691" lon="5.49534">
        <ele>1186.0</ele>
      </trkpt>
      <trkpt lat="44.16887" lon="5.49539">
        <ele>1186.0</ele>
      </trkpt>
      <trkpt lat="44.16807" lon="5.4957">
        <ele>1187.0</ele>
      </trkpt>
      <trkpt lat="44.16787" lon="5.49581">
        <ele>1187.0</ele>
      </trkpt>
      <trkpt lat="44.16772" lon="5.49593">
        <ele>1187.0</ele>
      </trkpt>
      <trkpt lat="44.16763" lon="5.49605">
        <ele>1187.0</ele>
      </trkpt>
      <trkpt lat="44.16758" lon="5.49617">
        <ele>1188.0</ele>
      </trkpt>
      <trkpt lat="44.16745" lon="5.49676">
        <ele>1195.0</ele>
      </trkpt>
      <trkpt lat="44.16739" lon="5.49693">
        <ele>1197.0</ele>
      </trkpt>
      <trkpt lat="44.16731" lon="5.4971">
        <ele>1198.0</ele>
      </trkpt>
      <trkpt lat="44.1672" lon="5.49728">
        <ele>1200.0</ele>
      </trkpt>
      <trkpt lat="44.1671" lon="5.4974">
        <ele>1200.0</ele>
      </trkpt>
      <trkpt lat="44.16702" lon="5.49746">
        <ele>1200.0</ele>
      </trkpt>
      <trkpt lat="44.16694" lon="5.49747">
        <ele>1199.0</ele>
      </trkpt>
      <trkpt lat="44.16687" lon="5.49744">
        <ele>1198.0</ele>
      </trkpt>
      <trkpt lat="44.16681" lon="5.49738">
        <ele>1197.0</ele>
      </trkpt>
      <trkpt lat="44.1667" lon="5.49717">
        <ele>1194.0</ele>
      </trkpt>
      <trkpt lat="44.16622" lon="5.49643">
        <ele>1191.0</ele>
      </trkpt>
      <trkpt lat="44.16611" lon="5.49633">
        <ele>1190.0</ele>
      </trkpt>
      <trkpt lat="44.16599" lon="5.49627">
        <ele>1190.0</ele>
      </trkpt>
      <trkpt lat="44.16588" lon="5.49624">
        <ele>1191.0</ele>
      </trkpt>
      <trkpt lat="44.16536" lon="5.49618">
        <ele>1192.0</ele>
      </trkpt>
      <trkpt lat="44.16523" lon="5.4962">
        <ele>1193.0</ele>
      </trkpt>
      <trkpt lat="44.1651" lon="5.49626">
        <ele>1195.0</ele>
      </trkpt>
      <trkpt lat="44.16496" lon="5.49636">
        <ele>1198.0</ele>
      </trkpt>
      <trkpt lat="44.16469" lon="5.49665">
        <ele>1203.0</ele>
      </trkpt>
      <trkpt lat="44.1645" lon="5.49675">
        <ele>1203.0</ele>
      </trkpt>
      <trkpt lat="44.16434" lon="5.49682">
        <ele>1202.0</ele>
      </trkpt>
      <trkpt lat="44.16409" lon="5.49688">
        <ele>1202.0</ele>
      </trkpt>
      <trkpt lat="44.16387" lon="5.4969">
        <ele>1202.0</ele>
      </trkpt>
      <trkpt lat="44.16362" lon="5.49687">
        <ele>1203.0</ele>
      </trkpt>
      <trkpt lat="44.16288" lon="5.4967">
        <ele>1208.0</ele>
      </trkpt>
      <trkpt lat="44.16272" lon="5.49669">
        <ele>1209.0</ele>
      </trkpt>
      <trkpt lat="44.16258" lon="5.4967">
        <ele>1209.0</ele>
      </trkpt>
      <trkpt lat="44.16243" lon="5.49675">
        <ele>1210.0</ele>
      </trkpt>
      <trkpt lat="44.16229" lon="5.49683">
        <ele>1211.0</ele>
      </trkpt>
      <trkpt lat="44.16216" lon="5.49692">
        <ele>1212.0</ele>
      </trkpt>
      <trkpt lat="44.16204" lon="5.49704">
        <ele>1212.0</ele>
      </trkpt>
      <trkpt lat="44.16194" lon="5.49715">
        <ele>1212.0</ele>
      </trkpt>
      <trkpt lat="44.16147" lon="5.49773">
        <ele>1210.0</ele>
      </trkpt>
      <trkpt lat="44.16069" lon="5.49859">
        <ele>1210.0</ele>
      </trkpt>
      <trkpt lat="44.16043" lon="5.49885">
        <ele>1210.0</ele>
      </trkpt>
      <trkpt lat="44.16026" lon="5.49899">
        <ele>1210.0</ele>
      </trkpt>
      <trkpt lat="44.16005" lon="5.49912">
        <ele>1210.0</ele>
      </trkpt>
      <trkpt lat="44.15957" lon="5.49939">
        <ele>1208.0</ele>
      </trkpt>
      <trkpt lat="44.15927" lon="5.49949">
        <ele>1208.0</ele>
      </trkpt>
      <trkpt lat="44.15904" lon="5.49954">
        <ele>1207.0</ele>
      </trkpt>
      <trkpt lat="44.15887" lon="5.49956">
        <ele>1206.0</ele>
      </trkpt>
      <trkpt lat="44.15871" lon="5.49955">
        <ele>1206.0</ele>
      </trkpt>
      <trkpt lat="44.15847" lon="5.49949">
        <ele>1208.0</ele>
      </trkpt>
      <trkpt lat="44.15819" lon="5.49934">
        <ele>1210.0</ele>
      </trkpt>
      <trkpt lat="44.1581" lon="5.49926">
        <ele>1210.0</ele>
      </trkpt>
      <trkpt lat="44.15793" lon="5.49905">
        <ele>1212.0</ele>
      </trkpt>
      <trkpt lat="44.15763" lon="5.49851">
        <ele>1216.0</ele>
      </trkpt>
      <trkpt lat="44.15745" lon="5.49821">
        <ele>1217.0</ele>
      </trkpt>
      <trkpt lat="44.15716" lon="5.49784">
        <ele>1218.0</ele>
      </trkpt>
      <trkpt lat="44.15707" lon="5.4977">
        <ele>1218.0</ele>
      </trkpt>
      <trkpt lat="44.15704" lon="5.4976">
        <ele>1218.0</ele>
      </trkpt>
      <trkpt lat="44.15703" lon="5.49748">
        <ele>1218.0</ele>
      </trkpt>
      <trkpt lat="44.1571" lon="5.4972">
        <ele>1220.0</ele>
      </trkpt>
      <trkpt lat="44.15711" lon="5.49711">
        <ele>1221.0</ele>
      </trkpt>
      <trkpt lat="44.15712" lon="5.49706">
        <ele>1221.0</ele>
      </trkpt>
      <trkpt lat="44.1571" lon="5.497">
        <ele>1221.0</ele>
      </trkpt>
      <trkpt lat="44.15708" lon="5.49695">
        <ele>1221.0</ele>
      </trkpt>
      <trkpt lat="44.15699" lon="5.49686">
        <ele>1220.0</ele>
      </trkpt>
      <trkpt lat="44.15673" lon="5.49684">
        <ele>1217.0</ele>
      </trkpt>
      <trkpt lat="44.15654" lon="5.49677">
        <ele>1215.0</ele>
      </trkpt>
      <trkpt lat="44.15636" lon="5.49668">
        <ele>1213.0</ele>
      </trkpt>
      <trkpt lat="44.15617" lon="5.49653">
        <ele>1212.0</ele>
      </trkpt>
      <trkpt lat="44.15589" lon="5.49622">
        <ele>1213.0</ele>
      </trkpt>
      <trkpt lat="44.1557" lon="5.49607">
        <ele>1213.0</ele>
      </trkpt>
      <trkpt lat="44.15549" lon="5.49595">
        <ele>1212.0</ele>
      </trkpt>
      <trkpt lat="44.15528" lon="5.49587">
        <ele>1210.0</ele>
      </trkpt>
      <trkpt lat="44.15507" lon="5.49581">
        <ele>1208.0</ele>
      </trkpt>
      <trkpt lat="44.15487" lon="5.4958">
        <ele>1207.0</ele>
      </trkpt>
      <trkpt lat="44.15469" lon="5.49582">
        <ele>1206.0</ele>
      </trkpt>
      <trkpt lat="44.15442" lon="5.49592">
        <ele>1204.0</ele>
      </trkpt>
      <trkpt lat="44.15397" lon="5.49609">
        <ele>1199.0</ele>
      </trkpt>
      <trkpt lat="44.1537" lon="5.49614">
        <ele>1197.0</ele>
      </trkpt>
      <trkpt lat="44.15277" lon="5.49608">
        <ele>1194.0</ele>
      </trkpt>
      <trkpt lat="44.15247" lon="5.4961">
        <ele>1192.0</ele>
      </trkpt>
      <trkpt lat="44.15198" lon="5.49619">
        <ele>1188.0</ele>
      </trkpt>
      <trkpt lat="44.15095" lon="5.49642">
        <ele>1181.0</ele>
      </trkpt>
      <trkpt lat="44.15039" lon="5.49651">
        <ele>1179.0</ele>
      </trkpt>
      <trkpt lat="44.15003" lon="5.49659">
        <ele>1177.0</ele>
      </trkpt>
      <trkpt lat="44.14931" lon="5.49684">
        <ele>1174.0</ele>
      </trkpt>
      <trkpt lat="44.14905" lon="5.49692">
        <ele>1173.0</ele>
      </trkpt>
      <trkpt lat="44.14876" lon="5.49696">
        <ele>1171.0</ele>
      </trkpt>
      <trkpt lat="44.14851" lon="5.49696">
        <ele>1170.0</ele>
      </trkpt>
      <trkpt lat="44.14827" lon="5.49694">
        <ele>1168.0</ele>
      </trkpt>
      <trkpt lat="44.14809" lon="5.49691">
        <ele>1167.0</ele>
      </trkpt>
      <trkpt lat="44.14795" lon="5.49685">
        <ele>1166.0</ele>
      </trkpt>
      <trkpt lat="44.1478" lon="5.49676">
        <ele>1165.0</ele>
      </trkpt>
      <trkpt lat="44.14759" lon="5.49656">
        <ele>1164.0</ele>
      </trkpt>
      <trkpt lat="44.14742" lon="5.49643">
        <ele>1162.0</ele>
      </trkpt>
      <trkpt lat="44.14712" lon="5.49631">
        <ele>1160.0</ele>
      </trkpt>
      <trkpt lat="44.14701" lon="5.49625">
        <ele>1159.0</ele>
      </trkpt>
      <trkpt lat="44.14695" lon="5.49619">
        <ele>1158.0</ele>
      </trkpt>
      <trkpt lat="44.14694" lon="5.49613">
        <ele>1158.0</ele>
      </trkpt>
      <trkpt lat="44.14693" lon="5.49607">
        <ele>1158.0</ele>
      </trkpt>
      <trkpt lat="44.14694" lon="5.49599">
        <ele>1158.0</ele>
      </trkpt>
      <trkpt lat="44.14698" lon="5.4959">
        <ele>1158.0</ele>
      </trkpt>
      <trkpt lat="44.14721" lon="5.49556">
        <ele>1158.0</ele>
      </trkpt>
      <trkpt lat="44.14732" lon="5.49538">
        <ele>1157.0</ele>
      </trkpt>
      <trkpt lat="44.1474" lon="5.49521">
        <ele>1157.0</ele>
      </trkpt>
      <trkpt lat="44.14767" lon="5.49442">
        <ele>1151.0</ele>
      </trkpt>
      <trkpt lat="44.14777" lon="5.49418">
        <ele>1150.0</ele>
      </trkpt>
      <trkpt lat="44.14785" lon="5.49404">
        <ele>1149.0</ele>
      </trkpt>
      <trkpt lat="44.14794" lon="5.49393">
        <ele>1149.0</ele>
      </trkpt>
      <trkpt lat="44.14805" lon="5.49386">
        <ele>1149.0</ele>
      </trkpt>
      <trkpt lat="44.14823" lon="5.49381">
        <ele>1151.0</ele>
      </trkpt>
      <trkpt lat="44.14834" lon="5.49375">
        <ele>1152.0</ele>
      </trkpt>
      <trkpt lat="44.14844" lon="5.49366">
        <ele>1152.0</ele>
      </trkpt>
      <trkpt lat="44.14868" lon="5.49332">
        <ele>1151.0</ele>
      </trkpt>
      <trkpt lat="44.14874" lon="5.49318">
        <ele>1152.0</ele>
      </trkpt>
      <trkpt lat="44.14874" lon="5.49308">
        <ele>1151.0</ele>
      </trkpt>
      <trkpt lat="44.14872" lon="5.49297">
        <ele>1151.0</ele>
      </trkpt>
      <trkpt lat="44.14866" lon="5.49288">
        <ele>1149.0</ele>
      </trkpt>
      <trkpt lat="44.14841" lon="5.49265">
        <ele>1144.0</ele>
      </trkpt>
      <trkpt lat="44.14811" lon="5.49245">
        <ele>1139.0</ele>
      </trkpt>
      <trkpt lat="44.14794" lon="5.49229">
        <ele>1136.0</ele>
      </trkpt>
      <trkpt lat="44.14788" lon="5.4922">
        <ele>1136.0</ele>
      </trkpt>
      <trkpt lat="44.14783" lon="5.49205">
        <ele>1135.0</ele>
      </trkpt>
      <trkpt lat="44.14782" lon="5.49187">
        <ele>1136.0</ele>
      </trkpt>
      <trkpt lat="44.14781" lon="5.49162">
        <ele>1135.0</ele>
      </trkpt>
      <trkpt lat="44.14786" lon="5.49115">
        <ele>1133.0</ele>
      </trkpt>
      <trkpt lat="44.14794" lon="5.49079">
        <ele>1131.0</ele>
      </trkpt>
      <trkpt lat="44.14802" lon="5.49055">
        <ele>1129.0</ele>
      </trkpt>
      <trkpt lat="44.14811" lon="5.49036">
        <ele>1128.0</ele>
      </trkpt>
      <trkpt lat="44.14822" lon="5.49021">
        <ele>1128.0</ele>
      </trkpt>
      <trkpt lat="44.14833" lon="5.49008">
        <ele>1128.0</ele>
      </trkpt>
      <trkpt lat="44.14876" lon="5.48973">
        <ele>1128.0</ele>
      </trkpt>
      <trkpt lat="44.14901" lon="5.48945">
        <ele>1127.0</ele>
      </trkpt>
      <trkpt lat="44.14909" lon="5.48931">
        <ele>1126.0</ele>
      </trkpt>
      <trkpt lat="44.14912" lon="5.48919">
        <ele>1125.0</ele>
      </trkpt>
      <trkpt lat="44.14912" lon="5.48909">
        <ele>1124.0</ele>
      </trkpt>
      <trkpt lat="44.14909" lon="5.48898">
        <ele>1124.0</ele>
      </trkpt>
      <trkpt lat="44.14896" lon="5.48875">
        <ele>1122.0</ele>
      </trkpt>
      <trkpt lat="44.14886" lon="5.48853">
        <ele>1120.0</ele>
      </trkpt>
      <trkpt lat="44.14879" lon="5.48828">
        <ele>1118.0</ele>
      </trkpt>
      <trkpt lat="44.14875" lon="5.48807">
        <ele>1117.0</ele>
      </trkpt>
      <trkpt lat="44.14873" lon="5.4878">
        <ele>1117.0</ele>
      </trkpt>
      <trkpt lat="44.1487" lon="5.48761">
        <ele>1116.0</ele>
      </trkpt>
      <trkpt lat="44.14866" lon="5.48748">
        <ele>1115.0</ele>
      </trkpt>
      <trkpt lat="44.1486" lon="5.48738">
        <ele>1115.0</ele>
      </trkpt>
      <trkpt lat="44.14853" lon="5.48731">
        <ele>1114.0</ele>
      </trkpt>
      <trkpt lat="44.14795" lon="5.48697">
        <ele>1108.0</ele>
      </trkpt>
      <trkpt lat="44.1477" lon="5.48684">
        <ele>1106.0</ele>
      </trkpt>
      <trkpt lat="44.14742" lon="5.48677">
        <ele>1103.0</ele>
      </trkpt>
      <trkpt lat="44.14724" lon="5.48676">
        <ele>1102.0</ele>
      </trkpt>
      <trkpt lat="44.14703" lon="5.48677">
        <ele>1101.0</ele>
      </trkpt>
      <trkpt lat="44.14691" lon="5.48679">
        <ele>1100.0</ele>
      </trkpt>
      <trkpt lat="44.14669" lon="5.48688">
        <ele>1098.0</ele>
      </trkpt>
      <trkpt lat="44.14648" lon="5.48704">
        <ele>1096.0</ele>
      </trkpt>
      <trkpt lat="44.1463" lon="5.48725">
        <ele>1094.0</ele>
      </trkpt>
      <trkpt lat="44.14609" lon="5.48761">
        <ele>1091.0</ele>
      </trkpt>
      <trkpt lat="44.14603" lon="5.48775">
        <ele>1090.0</ele>
      </trkpt>
      <trkpt lat="44.14601" lon="5.48788">
        <ele>1090.0</ele>
      </trkpt>
      <trkpt lat="44.14602" lon="5.48801">
        <ele>1089.0</ele>
      </trkpt>
      <trkpt lat="44.14605" lon="5.48815">
        <ele>1089.0</ele>
      </trkpt>
      <trkpt lat="44.1461" lon="5.48825">
        <ele>1089.0</ele>
      </trkpt>
      <trkpt lat="44.14616" lon="5.48835">
        <ele>1089.0</ele>
      </trkpt>
      <trkpt lat="44.14623" lon="5.48841">
        <ele>1089.0</ele>
      </trkpt>
      <trkpt lat="44.14632" lon="5.48844">
        <ele>1090.0</ele>
      </trkpt>
      <trkpt lat="44.14642" lon="5.48845">
        <ele>1090.0</ele>
      </trkpt>
      <trkpt lat="44.14669" lon="5.4884">
        <ele>1093.0</ele>
      </trkpt>
      <trkpt lat="44.14679" lon="5.48841">
        <ele>1093.0</ele>
      </trkpt>
      <trkpt lat="44.14685" lon="5.48846">
        <ele>1094.0</ele>
      </trkpt>
      <trkpt lat="44.14688" lon="5.48859">
        <ele>1093.0</ele>
      </trkpt>
      <trkpt lat="44.14687" lon="5.48867">
        <ele>1093.0</ele>
      </trkpt>
      <trkpt lat="44.14683" lon="5.48875">
        <ele>1092.0</ele>
      </trkpt>
      <trkpt lat="44.14676" lon="5.48879">
        <ele>1091.0</ele>
      </trkpt>
      <trkpt lat="44.14668" lon="5.48881">
        <ele>1090.0</ele>
      </trkpt>
      <trkpt lat="44.14602" lon="5.48881">
        <ele>1085.0</ele>
      </trkpt>
      <trkpt lat="44.1456" lon="5.4888">
        <ele>1080.0</ele>
      </trkpt>
      <trkpt lat="44.14544" lon="5.48877">
        <ele>1078.0</ele>
      </trkpt>
      <trkpt lat="44.14528" lon="5.48871">
        <ele>1077.0</ele>
      </trkpt>
      <trkpt lat="44.14516" lon="5.48863">
        <ele>1075.0</ele>
      </trkpt>
      <trkpt lat="44.14502" lon="5.48853">
        <ele>1074.0</ele>
      </trkpt>
      <trkpt lat="44.1449" lon="5.48841">
        <ele>1072.0</ele>
      </trkpt>
      <trkpt lat="44.14479" lon="5.48826">
        <ele>1071.0</ele>
      </trkpt>
      <trkpt lat="44.14469" lon="5.4881">
        <ele>1069.0</ele>
      </trkpt>
      <trkpt lat="44.14455" lon="5.48779">
        <ele>1067.0</ele>
      </trkpt>
      <trkpt lat="44.14442" lon="5.48742">
        <ele>1065.0</ele>
      </trkpt>
      <trkpt lat="44.14435" lon="5.48717">
        <ele>1063.0</ele>
      </trkpt>
      <trkpt lat="44.14429" lon="5.48685">
        <ele>1062.0</ele>
      </trkpt>
      <trkpt lat="44.14427" lon="5.48664">
        <ele>1061.0</ele>
      </trkpt>
      <trkpt lat="44.1442" lon="5.48572">
        <ele>1056.0</ele>
      </trkpt>
      <trkpt lat="44.14419" lon="5.48541">
        <ele>1056.0</ele>
      </trkpt>
      <trkpt lat="44.14416" lon="5.48516">
        <ele>1056.0</ele>
      </trkpt>
      <trkpt lat="44.14411" lon="5.48502">
        <ele>1056.0</ele>
      </trkpt>
      <trkpt lat="44.14404" lon="5.48494">
        <ele>1055.0</ele>
      </trkpt>
      <trkpt lat="44.14396" lon="5.48491">
        <ele>1055.0</ele>
      </trkpt>
      <trkpt lat="44.14388" lon="5.48493">
        <ele>1055.0</ele>
      </trkpt>
      <trkpt lat="44.14378" lon="5.48501">
        <ele>1055.0</ele>
      </trkpt>
      <trkpt lat="44.14344" lon="5.48538">
        <ele>1052.0</ele>
      </trkpt>
      <trkpt lat="44.14318" lon="5.4856">
        <ele>1049.0</ele>
      </trkpt>
      <trkpt lat="44.14303" lon="5.48568">
        <ele>1048.0</ele>
      </trkpt>
      <trkpt lat="44.1427" lon="5.48581">
        <ele>1045.0</ele>
      </trkpt>
      <trkpt lat="44.14172" lon="5.48609">
        <ele>1040.0</ele>
      </trkpt>
      <trkpt lat="44.14143" lon="5.48624">
        <ele>1038.0</ele>
      </trkpt>
      <trkpt lat="44.14097" lon="5.48651">
        <ele>1035.0</ele>
      </trkpt>
      <trkpt lat="44.14064" lon="5.48667">
        <ele>1032.0</ele>
      </trkpt>
      <trkpt lat="44.14032" lon="5.48678">
        <ele>1030.0</ele>
      </trkpt>
      <trkpt lat="44.14001" lon="5.48683">
        <ele>1029.0</ele>
      </trkpt>
      <trkpt lat="44.13974" lon="5.48686">
        <ele>1027.0</ele>
      </trkpt>
      <trkpt lat="44.13944" lon="5.48686">
        <ele>1025.0</ele>
      </trkpt>
      <trkpt lat="44.13788" lon="5.48669">
        <ele>1013.0</ele>
      </trkpt>
      <trkpt lat="44.13742" lon="5.48662">
        <ele>1009.0</ele>
      </trkpt>
      <trkpt lat="44.13729" lon="5.48657">
        <ele>1008.0</ele>
      </trkpt>
      <trkpt lat="44.13715" lon="5.48648">
        <ele>1008.0</ele>
      </trkpt>
      <trkpt lat="44.13635" lon="5.48579">
        <ele>1002.0</ele>
      </trkpt>
      <trkpt lat="44.13609" lon="5.48557">
        <ele>999.0</ele>
      </trkpt>
      <trkpt lat="44.1359" lon="5.48542">
        <ele>996.0</ele>
      </trkpt>
      <trkpt lat="44.13571" lon="5.48529">
        <ele>995.0</ele>
      </trkpt>
      <trkpt lat="44.13549" lon="5.48517">
        <ele>993.0</ele>
      </trkpt>
      <trkpt lat="44.13524" lon="5.48505">
        <ele>991.0</ele>
      </trkpt>
      <trkpt lat="44.13498" lon="5.48495">
        <ele>989.0</ele>
      </trkpt>
      <trkpt lat="44.1336" lon="5.48454">
        <ele>979.0</ele>
      </trkpt>
      <trkpt lat="44.13337" lon="5.48442">
        <ele>978.0</ele>
      </trkpt>
      <trkpt lat="44.13318" lon="5.48431">
        <ele>977.0</ele>
      </trkpt>
      <trkpt lat="44.13306" lon="5.48417">
        <ele>976.0</ele>
      </trkpt>
      <trkpt lat="44.1329" lon="5.48392">
        <ele>974.0</ele>
      </trkpt>
      <trkpt lat="44.13282" lon="5.48363">
        <ele>973.0</ele>
      </trkpt>
      <trkpt lat="44.1328" lon="5.48331">
        <ele>972.0</ele>
      </trkpt>
      <trkpt lat="44.13279" lon="5.48315">
        <ele>971.0</ele>
      </trkpt>
      <trkpt lat="44.1328" lon="5.48301">
        <ele>971.0</ele>
      </trkpt>
      <trkpt lat="44.13284" lon="5.48272">
        <ele>969.0</ele>
      </trkpt>
      <trkpt lat="44.1329" lon="5.48248">
        <ele>968.0</ele>
      </trkpt>
      <trkpt lat="44.13305" lon="5.4822">
        <ele>966.0</ele>
      </trkpt>
      <trkpt lat="44.13327" lon="5.48193">
        <ele>965.0</ele>
      </trkpt>
      <trkpt lat="44.13347" lon="5.48181">
        <ele>964.0</ele>
      </trkpt>
      <trkpt lat="44.1337" lon="5.48172">
        <ele>961.0</ele>
      </trkpt>
      <trkpt lat="44.13395" lon="5.48169">
        <ele>960.0</ele>
      </trkpt>
      <trkpt lat="44.13445" lon="5.4818">
        <ele>961.0</ele>
      </trkpt>
      <trkpt lat="44.13459" lon="5.48178">
        <ele>961.0</ele>
      </trkpt>
      <trkpt lat="44.1347" lon="5.48173">
        <ele>960.0</ele>
      </trkpt>
      <trkpt lat="44.13479" lon="5.48164">
        <ele>959.0</ele>
      </trkpt>
      <trkpt lat="44.13484" lon="5.48153">
        <ele>959.0</ele>
      </trkpt>
      <trkpt lat="44.13487" lon="5.48139">
        <ele>957.0</ele>
      </trkpt>
      <trkpt lat="44.13487" lon="5.48124">
        <ele>956.0</ele>
      </trkpt>
      <trkpt lat="44.13482" lon="5.48107">
        <ele>955.0</ele>
      </trkpt>
      <trkpt lat="44.13467" lon="5.48074">
        <ele>951.0</ele>
      </trkpt>
      <trkpt lat="44.13433" lon="5.47999">
        <ele>945.0</ele>
      </trkpt>
      <trkpt lat="44.13382" lon="5.47888">
        <ele>938.0</ele>
      </trkpt>
      <trkpt lat="44.1337" lon="5.47863">
        <ele>937.0</ele>
      </trkpt>
      <trkpt lat="44.13369" lon="5.47856">
        <ele>936.0</ele>
      </trkpt>
      <trkpt lat="44.13365" lon="5.47843">
        <ele>936.0</ele>
      </trkpt>
      <trkpt lat="44.13363" lon="5.47834">
        <ele>935.0</ele>
      </trkpt>
      <trkpt lat="44.13366" lon="5.47832">
        <ele>936.0</ele>
      </trkpt>
      <trkpt lat="44.13368" lon="5.4783">
        <ele>936.0</ele>
      </trkpt>
      <trkpt lat="44.13369" lon="5.47826">
        <ele>936.0</ele>
      </trkpt>
      <trkpt lat="44.13369" lon="5.47822">
        <ele>935.0</ele>
      </trkpt>
      <trkpt lat="44.13368" lon="5.47818">
        <ele>935.0</ele>
      </trkpt>
      <trkpt lat="44.13367" lon="5.47815">
        <ele>935.0</ele>
      </trkpt>
      <trkpt lat="44.13372" lon="5.47812">
        <ele>935.0</ele>
      </trkpt>
      <trkpt lat="44.13382" lon="5.478">
        <ele>936.0</ele>
      </trkpt>
      <trkpt lat="44.13391" lon="5.47787">
        <ele>936.0</ele>
      </trkpt>
      <trkpt lat="44.1343" lon="5.47726">
        <ele>935.0</ele>
      </trkpt>
      <trkpt lat="44.13449" lon="5.477">
        <ele>934.0</ele>
      </trkpt>
      <trkpt lat="44.1347" lon="5.47679">
        <ele>933.0</ele>
      </trkpt>
      <trkpt lat="44.135" lon="5.47655">
        <ele>934.0</ele>
      </trkpt>
      <trkpt lat="44.13515" lon="5.47644">
        <ele>935.0</ele>
      </trkpt>
      <trkpt lat="44.13558" lon="5.47626">
        <ele>938.0</ele>
      </trkpt>
      <trkpt lat="44.1354" lon="5.47584">
        <ele>937.0</ele>
      </trkpt>
      <trkpt lat="44.13511" lon="5.47511">
        <ele>937.0</ele>
      </trkpt>
      <trkpt lat="44.13503" lon="5.47488">
        <ele>937.0</ele>
      </trkpt>
      <trkpt lat="44.13501" lon="5.47479">
        <ele>937.0</ele>
      </trkpt>
      <trkpt lat="44.13497" lon="5.47465">
        <ele>937.0</ele>
      </trkpt>
      <trkpt lat="44.13493" lon="5.47444">
        <ele>936.0</ele>
      </trkpt>
      <trkpt lat="44.1349" lon="5.47413">
        <ele>936.0</ele>
      </trkpt>
      <trkpt lat="44.13487" lon="5.47379">
        <ele>936.0</ele>
      </trkpt>
      <trkpt lat="44.13486" lon="5.4734">
        <ele>935.0</ele>
      </trkpt>
      <trkpt lat="44.13487" lon="5.47206">
        <ele>933.0</ele>
      </trkpt>
      <trkpt lat="44.13485" lon="5.47172">
        <ele>932.0</ele>
      </trkpt>
      <trkpt lat="44.13479" lon="5.47124">
        <ele>930.0</ele>
      </trkpt>
      <trkpt lat="44.13471" lon="5.47088">
        <ele>929.0</ele>
      </trkpt>
      <trkpt lat="44.13464" lon="5.47057">
        <ele>928.0</ele>
      </trkpt>
      <trkpt lat="44.13452" lon="5.47016">
        <ele>925.0</ele>
      </trkpt>
      <trkpt lat="44.13406" lon="5.46877">
        <ele>919.0</ele>
      </trkpt>
      <trkpt lat="44.13371" lon="5.46777">
        <ele>915.0</ele>
      </trkpt>
      <trkpt lat="44.13342" lon="5.46693">
        <ele>912.0</ele>
      </trkpt>
      <trkpt lat="44.13306" lon="5.46604">
        <ele>907.0</ele>
      </trkpt>
      <trkpt lat="44.13258" lon="5.46493">
        <ele>900.0</ele>
      </trkpt>
      <trkpt lat="44.13239" lon="5.46456">
        <ele>898.0</ele>
      </trkpt>
      <trkpt lat="44.1313" lon="5.46313">
        <ele>891.0</ele>
      </trkpt>
      <trkpt lat="44.13115" lon="5.46292">
        <ele>889.0</ele>
      </trkpt>
      <trkpt lat="44.13108" lon="5.46277">
        <ele>888.0</ele>
      </trkpt>
      <trkpt lat="44.13105" lon="5.46258">
        <ele>887.0</ele>
      </trkpt>
      <trkpt lat="44.13106" lon="5.46244">
        <ele>886.0</ele>
      </trkpt>
      <trkpt lat="44.13106" lon="5.46235">
        <ele>886.0</ele>
      </trkpt>
      <trkpt lat="44.13126" lon="5.46085">
        <ele>880.0</ele>
      </trkpt>
      <trkpt lat="44.13128" lon="5.46069">
        <ele>879.0</ele>
      </trkpt>
      <trkpt lat="44.1313" lon="5.46034">
        <ele>877.0</ele>
      </trkpt>
      <trkpt lat="44.1313" lon="5.45997">
        <ele>876.0</ele>
      </trkpt>
      <trkpt lat="44.13127" lon="5.45962">
        <ele>875.0</ele>
      </trkpt>
      <trkpt lat="44.13123" lon="5.45929">
        <ele>874.0</ele>
      </trkpt>
      <trkpt lat="44.13114" lon="5.45894">
        <ele>874.0</ele>
      </trkpt>
      <trkpt lat="44.13102" lon="5.4586">
        <ele>873.0</ele>
      </trkpt>
      <trkpt lat="44.13087" lon="5.45825">
        <ele>872.0</ele>
      </trkpt>
      <trkpt lat="44.13072" lon="5.45793">
        <ele>870.0</ele>
      </trkpt>
      <trkpt lat="44.13055" lon="5.45766">
        <ele>868.0</ele>
      </trkpt>
      <trkpt lat="44.13037" lon="5.45743">
        <ele>867.0</ele>
      </trkpt>
      <trkpt lat="44.12971" lon="5.4568">
        <ele>862.0</ele>
      </trkpt>
      <trkpt lat="44.12936" lon="5.45636">
        <ele>860.0</ele>
      </trkpt>
      <trkpt lat="44.12912" lon="5.45602">
        <ele>858.0</ele>
      </trkpt>
      <trkpt lat="44.12888" lon="5.45555">
        <ele>856.0</ele>
      </trkpt>
      <trkpt lat="44.12834" lon="5.4548">
        <ele>853.0</ele>
      </trkpt>
      <trkpt lat="44.12796" lon="5.45431">
        <ele>851.0</ele>
      </trkpt>
      <trkpt lat="44.12783" lon="5.45413">
        <ele>850.0</ele>
      </trkpt>
      <trkpt lat="44.1277" lon="5.45399">
        <ele>850.0</ele>
      </trkpt>
      <trkpt lat="44.12666" lon="5.45335">
        <ele>850.0</ele>
      </trkpt>
      <trkpt lat="44.1263" lon="5.45312">
        <ele>850.0</ele>
      </trkpt>
      <trkpt lat="44.12589" lon="5.45281">
        <ele>850.0</ele>
      </trkpt>
      <trkpt lat="44.12547" lon="5.4524">
        <ele>848.0</ele>
      </trkpt>
      <trkpt lat="44.12535" lon="5.45218">
        <ele>847.0</ele>
      </trkpt>
      <trkpt lat="44.12523" lon="5.45186">
        <ele>846.0</ele>
      </trkpt>
      <trkpt lat="44.1251" lon="5.45149">
        <ele>845.0</ele>
      </trkpt>
      <trkpt lat="44.12503" lon="5.45135">
        <ele>845.0</ele>
      </trkpt>
      <trkpt lat="44.12493" lon="5.45121">
        <ele>845.0</ele>
      </trkpt>
      <trkpt lat="44.12467" lon="5.45102">
        <ele>845.0</ele>
      </trkpt>
      <trkpt lat="44.12395" lon="5.45036">
        <ele>845.0</ele>
      </trkpt>
      <trkpt lat="44.1234" lon="5.45005">
        <ele>844.0</ele>
      </trkpt>
      <trkpt lat="44.12316" lon="5.44988">
        <ele>844.0</ele>
      </trkpt>
      <trkpt lat="44.12299" lon="5.44973">
        <ele>843.0</ele>
      </trkpt>
      <trkpt lat="44.12288" lon="5.4496">
        <ele>843.0</ele>
      </trkpt>
      <trkpt lat="44.12281" lon="5.44949">
        <ele>843.0</ele>
      </trkpt>
      <trkpt lat="44.12272" lon="5.44931">
        <ele>843.0</ele>
      </trkpt>
      <trkpt lat="44.12216" lon="5.44809">
        <ele>841.0</ele>
      </trkpt>
      <trkpt lat="44.12096" lon="5.44559">
        <ele>833.0</ele>
      </trkpt>
      <trkpt lat="44.12087" lon="5.44537">
        <ele>833.0</ele>
      </trkpt>
      <trkpt lat="44.12078" lon="5.44509">
        <ele>833.0</ele>
      </trkpt>
      <trkpt lat="44.12071" lon="5.44482">
        <ele>832.0</ele>
      </trkpt>
      <trkpt lat="44.12069" lon="5.44474">
        <ele>831.0</ele>
      </trkpt>
      <trkpt lat="44.12034" lon="5.44326">
        <ele>824.0</ele>
      </trkpt>
      <trkpt lat="44.12027" lon="5.44306">
        <ele>824.0</ele>
      </trkpt>
      <trkpt lat="44.12022" lon="5.44296">
        <ele>824.0</ele>
      </trkpt>
      <trkpt lat="44.12016" lon="5.4429">
        <ele>824.0</ele>
      </trkpt>
      <trkpt lat="44.12033" lon="5.4427">
        <ele>824.0</ele>
      </trkpt>
      <trkpt lat="44.12105" lon="5.44218">
        <ele>826.0</ele>
      </trkpt>
      <trkpt lat="44.12119" lon="5.44207">
        <ele>827.0</ele>
      </trkpt>
      <trkpt lat="44.12129" lon="5.44199">
        <ele>827.0</ele>
      </trkpt>
      <trkpt lat="44.12143" lon="5.44179">
        <ele>828.0</ele>
      </trkpt>
      <trkpt lat="44.12152" lon="5.44155">
        <ele>829.0</ele>
      </trkpt>
      <trkpt lat="44.12193" lon="5.44006">
        <ele>828.0</ele>
      </trkpt>
      <trkpt lat="44.12206" lon="5.43972">
        <ele>828.0</ele>
      </trkpt>
      <trkpt lat="44.12227" lon="5.43934">
        <ele>829.0</ele>
      </trkpt>
      <trkpt lat="44.12236" lon="5.43923">
        <ele>829.0</ele>
      </trkpt>
      <trkpt lat="44.12243" lon="5.43919">
        <ele>830.0</ele>
      </trkpt>
      <trkpt lat="44.12252" lon="5.43916">
        <ele>830.0</ele>
      </trkpt>
      <trkpt lat="44.12261" lon="5.43916">
        <ele>830.0</ele>
      </trkpt>
      <trkpt lat="44.12271" lon="5.43918">
        <ele>831.0</ele>
      </trkpt>
      <trkpt lat="44.12305" lon="5.43936">
        <ele>832.0</ele>
      </trkpt>
      <trkpt lat="44.12321" lon="5.43941">
        <ele>833.0</ele>
      </trkpt>
      <trkpt lat="44.12339" lon="5.43944">
        <ele>833.0</ele>
      </trkpt>
      <trkpt lat="44.12417" lon="5.43953">
        <ele>831.0</ele>
      </trkpt>
      <trkpt lat="44.12514" lon="5.43958">
        <ele>832.0</ele>
      </trkpt>
      <trkpt lat="44.12526" lon="5.43955">
        <ele>831.0</ele>
      </trkpt>
      <trkpt lat="44.12537" lon="5.43949">
        <ele>831.0</ele>
      </trkpt>
      <trkpt lat="44.12547" lon="5.43934">
        <ele>831.0</ele>
      </trkpt>
      <trkpt lat="44.12616" lon="5.43749">
        <ele>835.0</ele>
      </trkpt>
      <trkpt lat="44.1264" lon="5.4369">
        <ele>836.0</ele>
      </trkpt>
      <trkpt lat="44.12651" lon="5.43667">
        <ele>837.0</ele>
      </trkpt>
      <trkpt lat="44.12662" lon="5.43649">
        <ele>837.0</ele>
      </trkpt>
      <trkpt lat="44.12698" lon="5.43599">
        <ele>838.0</ele>
      </trkpt>
      <trkpt lat="44.12707" lon="5.43584">
        <ele>837.0</ele>
      </trkpt>
      <trkpt lat="44.12753" lon="5.435">
        <ele>839.0</ele>
      </trkpt>
      <trkpt lat="44.12798" lon="5.43431">
        <ele>839.0</ele>
      </trkpt>
      <trkpt lat="44.12824" lon="5.4339">
        <ele>840.0</ele>
      </trkpt>
      <trkpt lat="44.12834" lon="5.43366">
        <ele>840.0</ele>
      </trkpt>
      <trkpt lat="44.12843" lon="5.43337">
        <ele>839.0</ele>
      </trkpt>
      <trkpt lat="44.12848" lon="5.43316">
        <ele>839.0</ele>
      </trkpt>
      <trkpt lat="44.12857" lon="5.43269">
        <ele>837.0</ele>
      </trkpt>
      <trkpt lat="44.12861" lon="5.43244">
        <ele>836.0</ele>
      </trkpt>
      <trkpt lat="44.12872" lon="5.4319">
        <ele>835.0</ele>
      </trkpt>
      <trkpt lat="44.12875" lon="5.4317">
        <ele>835.0</ele>
      </trkpt>
      <trkpt lat="44.12879" lon="5.43111">
        <ele>832.0</ele>
      </trkpt>
      <trkpt lat="44.12882" lon="5.43084">
        <ele>831.0</ele>
      </trkpt>
      <trkpt lat="44.12888" lon="5.43058">
        <ele>829.0</ele>
      </trkpt>
      <trkpt lat="44.12892" lon="5.43045">
        <ele>828.0</ele>
      </trkpt>
      <trkpt lat="44.12898" lon="5.43033">
        <ele>827.0</ele>
      </trkpt>
      <trkpt lat="44.12932" lon="5.42983">
        <ele>821.0</ele>
      </trkpt>
      <trkpt lat="44.12935" lon="5.42975">
        <ele>820.0</ele>
      </trkpt>
      <trkpt lat="44.12937" lon="5.42967">
        <ele>818.0</ele>
      </trkpt>
      <trkpt lat="44.12939" lon="5.42949">
        <ele>815.0</ele>
      </trkpt>
      <trkpt lat="44.12941" lon="5.42944">
        <ele>815.0</ele>
      </trkpt>
      <trkpt lat="44.12945" lon="5.42943">
        <ele>814.0</ele>
      </trkpt>
      <trkpt lat="44.12948" lon="5.42944">
        <ele>814.0</ele>
      </trkpt>
      <trkpt lat="44.1295" lon="5.4295">
        <ele>815.0</ele>
      </trkpt>
      <trkpt lat="44.1295" lon="5.42954">
        <ele>816.0</ele>
      </trkpt>
      <trkpt lat="44.1295" lon="5.42963">
        <ele>817.0</ele>
      </trkpt>
      <trkpt lat="44.12949" lon="5.42974">
        <ele>819.0</ele>
      </trkpt>
      <trkpt lat="44.12942" lon="5.43007">
        <ele>824.0</ele>
      </trkpt>
      <trkpt lat="44.12941" lon="5.43013">
        <ele>824.0</ele>
      </trkpt>
      <trkpt lat="44.12942" lon="5.4302">
        <ele>824.0</ele>
      </trkpt>
      <trkpt lat="44.12943" lon="5.43023">
        <ele>825.0</ele>
      </trkpt>
      <trkpt lat="44.12946" lon="5.43024">
        <ele>825.0</ele>
      </trkpt>
      <trkpt lat="44.12952" lon="5.43023">
        <ele>824.0</ele>
      </trkpt>
      <trkpt lat="44.12962" lon="5.43017">
        <ele>824.0</ele>
      </trkpt>
      <trkpt lat="44.12971" lon="5.4301">
        <ele>823.0</ele>
      </trkpt>
      <trkpt lat="44.12987" lon="5.42992">
        <ele>820.0</ele>
      </trkpt>
      <trkpt lat="44.13003" lon="5.42962">
        <ele>816.0</ele>
      </trkpt>
      <trkpt lat="44.13007" lon="5.42952">
        <ele>814.0</ele>
      </trkpt>
      <trkpt lat="44.13015" lon="5.42909">
        <ele>809.0</ele>
      </trkpt>
      <trkpt lat="44.13018" lon="5.42902">
        <ele>808.0</ele>
      </trkpt>
      <trkpt lat="44.13022" lon="5.42895">
        <ele>807.0</ele>
      </trkpt>
      <trkpt lat="44.13028" lon="5.42887">
        <ele>806.0</ele>
      </trkpt>
      <trkpt lat="44.13036" lon="5.42854">
        <ele>802.0</ele>
      </trkpt>
      <trkpt lat="44.1304" lon="5.42843">
        <ele>801.0</ele>
      </trkpt>
      <trkpt lat="44.13043" lon="5.42836">
        <ele>800.0</ele>
      </trkpt>
      <trkpt lat="44.13041" lon="5.42834">
        <ele>800.0</ele>
      </trkpt>
      <trkpt lat="44.13039" lon="5.42834">
        <ele>800.0</ele>
      </trkpt>
      <trkpt lat="44.13032" lon="5.42839">
        <ele>800.0</ele>
      </trkpt>
      <trkpt lat="44.13025" lon="5.42845">
        <ele>801.0</ele>
      </trkpt>
      <trkpt lat="44.13016" lon="5.42862">
        <ele>803.0</ele>
      </trkpt>
      <trkpt lat="44.13011" lon="5.42879">
        <ele>805.0</ele>
      </trkpt>
      <trkpt lat="44.13008" lon="5.42884">
        <ele>805.0</ele>
      </trkpt>
      <trkpt lat="44.13005" lon="5.42886">
        <ele>805.0</ele>
      </trkpt>
      <trkpt lat="44.13003" lon="5.42892">
        <ele>806.0</ele>
      </trkpt>
      <trkpt lat="44.12998" lon="5.42899">
        <ele>807.0</ele>
      </trkpt>
      <trkpt lat="44.12995" lon="5.42901">
        <ele>807.0</ele>
      </trkpt>
      <trkpt lat="44.12993" lon="5.429">
        <ele>807.0</ele>
      </trkpt>
      <trkpt lat="44.12992" lon="5.42897">
        <ele>807.0</ele>
      </trkpt>
      <trkpt lat="44.12991" lon="5.4289">
        <ele>806.0</ele>
      </trkpt>
      <trkpt lat="44.12989" lon="5.42875">
        <ele>804.0</ele>
      </trkpt>
      <trkpt lat="44.12986" lon="5.42864">
        <ele>802.0</ele>
      </trkpt>
      <trkpt lat="44.12979" lon="5.42849">
        <ele>800.0</ele>
      </trkpt>
      <trkpt lat="44.12961" lon="5.42816">
        <ele>796.0</ele>
      </trkpt>
      <trkpt lat="44.12958" lon="5.42807">
        <ele>795.0</ele>
      </trkpt>
      <trkpt lat="44.12952" lon="5.42789">
        <ele>794.0</ele>
      </trkpt>
      <trkpt lat="44.12946" lon="5.4278">
        <ele>793.0</ele>
      </trkpt>
      <trkpt lat="44.12939" lon="5.42773">
        <ele>792.0</ele>
      </trkpt>
      <trkpt lat="44.12939" lon="5.42768">
        <ele>791.0</ele>
      </trkpt>
      <trkpt lat="44.12938" lon="5.42763">
        <ele>791.0</ele>
      </trkpt>
      <trkpt lat="44.12929" lon="5.42745">
        <ele>789.0</ele>
      </trkpt>
      <trkpt lat="44.12921" lon="5.42731">
        <ele>786.0</ele>
      </trkpt>
      <trkpt lat="44.12916" lon="5.42721">
        <ele>785.0</ele>
      </trkpt>
      <trkpt lat="44.12914" lon="5.42711">
        <ele>784.0</ele>
      </trkpt>
      <trkpt lat="44.12913" lon="5.42704">
        <ele>783.0</ele>
      </trkpt>
      <trkpt lat="44.12909" lon="5.42697">
        <ele>783.0</ele>
      </trkpt>
      <trkpt lat="44.12904" lon="5.42672">
        <ele>780.0</ele>
      </trkpt>
      <trkpt lat="44.12897" lon="5.42644">
        <ele>774.0</ele>
      </trkpt>
      <trkpt lat="44.12895" lon="5.42628">
        <ele>770.0</ele>
      </trkpt>
      <trkpt lat="44.12897" lon="5.42615">
        <ele>768.0</ele>
      </trkpt>
      <trkpt lat="44.129" lon="5.42606">
        <ele>766.0</ele>
      </trkpt>
      <trkpt lat="44.12906" lon="5.42596">
        <ele>764.0</ele>
      </trkpt>
      <trkpt lat="44.12909" lon="5.4259">
        <ele>763.0</ele>
      </trkpt>
      <trkpt lat="44.1291" lon="5.42587">
        <ele>763.0</ele>
      </trkpt>
      <trkpt lat="44.12909" lon="5.42584">
        <ele>762.0</ele>
      </trkpt>
      <trkpt lat="44.12906" lon="5.42582">
        <ele>761.0</ele>
      </trkpt>
      <trkpt lat="44.12884" lon="5.42567">
        <ele>758.0</ele>
      </trkpt>
      <trkpt lat="44.12914" lon="5.42556">
        <ele>756.0</ele>
      </trkpt>
      <trkpt lat="44.12925" lon="5.42554">
        <ele>755.0</ele>
      </trkpt>
      <trkpt lat="44.12935" lon="5.42553">
        <ele>754.0</ele>
      </trkpt>
      <trkpt lat="44.12948" lon="5.42556">
        <ele>753.0</ele>
      </trkpt>
      <trkpt lat="44.12965" lon="5.42562">
        <ele>753.0</ele>
      </trkpt>
      <trkpt lat="44.1298" lon="5.42571">
        <ele>753.0</ele>
      </trkpt>
      <trkpt lat="44.13002" lon="5.42581">
        <ele>753.0</ele>
      </trkpt>
      <trkpt lat="44.13009" lon="5.42582">
        <ele>752.0</ele>
      </trkpt>
      <trkpt lat="44.13019" lon="5.42582">
        <ele>752.0</ele>
      </trkpt>
      <trkpt lat="44.13025" lon="5.4258">
        <ele>752.0</ele>
      </trkpt>
      <trkpt lat="44.13029" lon="5.42576">
        <ele>751.0</ele>
      </trkpt>
      <trkpt lat="44.1304" lon="5.42563">
        <ele>750.0</ele>
      </trkpt>
      <trkpt lat="44.13055" lon="5.42538">
        <ele>747.0</ele>
      </trkpt>
      <trkpt lat="44.13067" lon="5.42521">
        <ele>746.0</ele>
      </trkpt>
      <trkpt lat="44.13085" lon="5.425">
        <ele>746.0</ele>
      </trkpt>
      <trkpt lat="44.131" lon="5.42482">
        <ele>747.0</ele>
      </trkpt>
      <trkpt lat="44.13116" lon="5.42454">
        <ele>748.0</ele>
      </trkpt>
      <trkpt lat="44.13131" lon="5.42423">
        <ele>748.0</ele>
      </trkpt>
      <trkpt lat="44.13179" lon="5.42335">
        <ele>746.0</ele>
      </trkpt>
      <trkpt lat="44.13187" lon="5.42319">
        <ele>745.0</ele>
      </trkpt>
      <trkpt lat="44.1319" lon="5.42309">
        <ele>745.0</ele>
      </trkpt>
      <trkpt lat="44.13194" lon="5.42285">
        <ele>743.0</ele>
      </trkpt>
      <trkpt lat="44.13196" lon="5.42258">
        <ele>740.0</ele>
      </trkpt>
      <trkpt lat="44.13197" lon="5.42237">
        <ele>738.0</ele>
      </trkpt>
      <trkpt lat="44.132" lon="5.42217">
        <ele>738.0</ele>
      </trkpt>
      <trkpt lat="44.13216" lon="5.42169">
        <ele>737.0</ele>
      </trkpt>
      <trkpt lat="44.13248" lon="5.42084">
        <ele>738.0</ele>
      </trkpt>
      <trkpt lat="44.13258" lon="5.42064">
        <ele>737.0</ele>
      </trkpt>
      <trkpt lat="44.13263" lon="5.42057">
        <ele>737.0</ele>
      </trkpt>
      <trkpt lat="44.13267" lon="5.42052">
        <ele>737.0</ele>
      </trkpt>
      <trkpt lat="44.13272" lon="5.42048">
        <ele>737.0</ele>
      </trkpt>
      <trkpt lat="44.13304" lon="5.42041">
        <ele>739.0</ele>
      </trkpt>
      <trkpt lat="44.13311" lon="5.42043">
        <ele>740.0</ele>
      </trkpt>
      <trkpt lat="44.13318" lon="5.42034">
        <ele>740.0</ele>
      </trkpt>
      <trkpt lat="44.13326" lon="5.42025">
        <ele>739.0</ele>
      </trkpt>
      <trkpt lat="44.13337" lon="5.42018">
        <ele>738.0</ele>
      </trkpt>
      <trkpt lat="44.13348" lon="5.42015">
        <ele>738.0</ele>
      </trkpt>
      <trkpt lat="44.13361" lon="5.42015">
        <ele>738.0</ele>
      </trkpt>
      <trkpt lat="44.13385" lon="5.42021">
        <ele>740.0</ele>
      </trkpt>
      <trkpt lat="44.13411" lon="5.42026">
        <ele>742.0</ele>
      </trkpt>
      <trkpt lat="44.13445" lon="5.42025">
        <ele>740.0</ele>
      </trkpt>
      <trkpt lat="44.13537" lon="5.42024">
        <ele>736.0</ele>
      </trkpt>
      <trkpt lat="44.13601" lon="5.42021">
        <ele>733.0</ele>
      </trkpt>
      <trkpt lat="44.13651" lon="5.4202">
        <ele>729.0</ele>
      </trkpt>
      <trkpt lat="44.137" lon="5.4201">
        <ele>726.0</ele>
      </trkpt>
      <trkpt lat="44.13741" lon="5.41992">
        <ele>723.0</ele>
      </trkpt>
      <trkpt lat="44.13757" lon="5.41987">
        <ele>722.0</ele>
      </trkpt>
      <trkpt lat="44.13769" lon="5.41988">
        <ele>723.0</ele>
      </trkpt>
      <trkpt lat="44.13799" lon="5.41994">
        <ele>724.0</ele>
      </trkpt>
      <trkpt lat="44.13815" lon="5.41996">
        <ele>725.0</ele>
      </trkpt>
      <trkpt lat="44.13826" lon="5.41996">
        <ele>725.0</ele>
      </trkpt>
      <trkpt lat="44.13833" lon="5.41992">
        <ele>724.0</ele>
      </trkpt>
      <trkpt lat="44.1384" lon="5.41987">
        <ele>723.0</ele>
      </trkpt>
      <trkpt lat="44.13845" lon="5.41979">
        <ele>722.0</ele>
      </trkpt>
      <trkpt lat="44.13849" lon="5.41969">
        <ele>720.0</ele>
      </trkpt>
      <trkpt lat="44.13852" lon="5.41956">
        <ele>717.0</ele>
      </trkpt>
      <trkpt lat="44.13853" lon="5.41943">
        <ele>715.0</ele>
      </trkpt>
      <trkpt lat="44.13854" lon="5.41907">
        <ele>709.0</ele>
      </trkpt>
      <trkpt lat="44.13856" lon="5.41894">
        <ele>708.0</ele>
      </trkpt>
      <trkpt lat="44.13859" lon="5.41882">
        <ele>707.0</ele>
      </trkpt>
      <trkpt lat="44.13863" lon="5.41872">
        <ele>707.0</ele>
      </trkpt>
      <trkpt lat="44.13869" lon="5.41861">
        <ele>707.0</ele>
      </trkpt>
      <trkpt lat="44.13877" lon="5.41847">
        <ele>706.0</ele>
      </trkpt>
      <trkpt lat="44.13887" lon="5.41839">
        <ele>705.0</ele>
      </trkpt>
      <trkpt lat="44.13898" lon="5.41836">
        <ele>705.0</ele>
      </trkpt>
      <trkpt lat="44.13911" lon="5.41837">
        <ele>705.0</ele>
      </trkpt>
      <trkpt lat="44.13923" lon="5.41846">
        <ele>706.0</ele>
      </trkpt>
      <trkpt lat="44.13947" lon="5.41867">
        <ele>706.0</ele>
      </trkpt>
      <trkpt lat="44.13961" lon="5.41877">
        <ele>706.0</ele>
      </trkpt>
      <trkpt lat="44.13971" lon="5.41881">
        <ele>705.0</ele>
      </trkpt>
      <trkpt lat="44.13981" lon="5.41884">
        <ele>704.0</ele>
      </trkpt>
      <trkpt lat="44.1399" lon="5.41884">
        <ele>703.0</ele>
      </trkpt>
      <trkpt lat="44.14024" lon="5.41877">
        <ele>700.0</ele>
      </trkpt>
      <trkpt lat="44.14052" lon="5.41869">
        <ele>698.0</ele>
      </trkpt>
      <trkpt lat="44.14062" lon="5.41868">
        <ele>697.0</ele>
      </trkpt>
      <trkpt lat="44.14073" lon="5.4187">
        <ele>697.0</ele>
      </trkpt>
      <trkpt lat="44.14081" lon="5.41875">
        <ele>697.0</ele>
      </trkpt>
      <trkpt lat="44.14087" lon="5.41882">
        <ele>697.0</ele>
      </trkpt>
      <trkpt lat="44.14165" lon="5.41989">
        <ele>694.0</ele>
      </trkpt>
      <trkpt lat="44.14178" lon="5.42003">
        <ele>693.0</ele>
      </trkpt>
      <trkpt lat="44.1419" lon="5.42012">
        <ele>693.0</ele>
      </trkpt>
      <trkpt lat="44.14207" lon="5.42019">
        <ele>693.0</ele>
      </trkpt>
      <trkpt lat="44.14218" lon="5.42021">
        <ele>693.0</ele>
      </trkpt>
      <trkpt lat="44.14226" lon="5.42021">
        <ele>692.0</ele>
      </trkpt>
      <trkpt lat="44.14236" lon="5.42021">
        <ele>692.0</ele>
      </trkpt>
      <trkpt lat="44.14245" lon="5.42019">
        <ele>691.0</ele>
      </trkpt>
      <trkpt lat="44.14252" lon="5.42016">
        <ele>690.0</ele>
      </trkpt>
      <trkpt lat="44.14263" lon="5.4201">
        <ele>689.0</ele>
      </trkpt>
      <trkpt lat="44.14275" lon="5.42004">
        <ele>688.0</ele>
      </trkpt>
      <trkpt lat="44.14289" lon="5.42001">
        <ele>687.0</ele>
      </trkpt>
      <trkpt lat="44.14299" lon="5.42001">
        <ele>687.0</ele>
      </trkpt>
      <trkpt lat="44.14307" lon="5.42003">
        <ele>687.0</ele>
      </trkpt>
      <trkpt lat="44.1437" lon="5.4204">
        <ele>692.0</ele>
      </trkpt>
      <trkpt lat="44.14388" lon="5.42048">
        <ele>692.0</ele>
      </trkpt>
      <trkpt lat="44.1441" lon="5.42053">
        <ele>692.0</ele>
      </trkpt>
      <trkpt lat="44.14447" lon="5.4206">
        <ele>694.0</ele>
      </trkpt>
      <trkpt lat="44.14461" lon="5.42061">
        <ele>695.0</ele>
      </trkpt>
      <trkpt lat="44.14476" lon="5.42057">
        <ele>696.0</ele>
      </trkpt>
      <trkpt lat="44.14488" lon="5.4205">
        <ele>695.0</ele>
      </trkpt>
      <trkpt lat="44.14505" lon="5.42028">
        <ele>692.0</ele>
      </trkpt>
      <trkpt lat="44.14513" lon="5.42022">
        <ele>691.0</ele>
      </trkpt>
      <trkpt lat="44.14556" lon="5.42007">
        <ele>686.0</ele>
      </trkpt>
      <trkpt lat="44.14582" lon="5.42002">
        <ele>684.0</ele>
      </trkpt>
      <trkpt lat="44.14612" lon="5.42009">
        <ele>684.0</ele>
      </trkpt>
      <trkpt lat="44.14678" lon="5.42028">
        <ele>684.0</ele>
      </trkpt>
      <trkpt lat="44.14691" lon="5.42033">
        <ele>685.0</ele>
      </trkpt>
      <trkpt lat="44.14701" lon="5.4204">
        <ele>686.0</ele>
      </trkpt>
      <trkpt lat="44.14708" lon="5.42051">
        <ele>686.0</ele>
      </trkpt>
      <trkpt lat="44.14715" lon="5.42067">
        <ele>685.0</ele>
      </trkpt>
      <trkpt lat="44.14722" lon="5.4208">
        <ele>683.0</ele>
      </trkpt>
      <trkpt lat="44.14732" lon="5.42088">
        <ele>681.0</ele>
      </trkpt>
      <trkpt lat="44.14743" lon="5.42095">
        <ele>679.0</ele>
      </trkpt>
      <trkpt lat="44.14765" lon="5.42103">
        <ele>681.0</ele>
      </trkpt>
      <trkpt lat="44.14776" lon="5.42114">
        <ele>683.0</ele>
      </trkpt>
      <trkpt lat="44.14783" lon="5.42127">
        <ele>682.0</ele>
      </trkpt>
      <trkpt lat="44.14795" lon="5.42163">
        <ele>677.0</ele>
      </trkpt>
      <trkpt lat="44.14807" lon="5.42179">
        <ele>674.0</ele>
      </trkpt>
      <trkpt lat="44.14833" lon="5.42201">
        <ele>669.0</ele>
      </trkpt>
      <trkpt lat="44.14847" lon="5.42215">
        <ele>672.0</ele>
      </trkpt>
      <trkpt lat="44.14889" lon="5.42275">
        <ele>669.0</ele>
      </trkpt>
      <trkpt lat="44.14912" lon="5.42301">
        <ele>665.0</ele>
      </trkpt>
      <trkpt lat="44.1496" lon="5.4235">
        <ele>660.0</ele>
      </trkpt>
      <trkpt lat="44.1497" lon="5.42359">
        <ele>661.0</ele>
      </trkpt>
      <trkpt lat="44.14978" lon="5.42371">
        <ele>660.0</ele>
      </trkpt>
      <trkpt lat="44.14985" lon="5.42387">
        <ele>659.0</ele>
      </trkpt>
      <trkpt lat="44.14997" lon="5.42427">
        <ele>655.0</ele>
      </trkpt>
      <trkpt lat="44.15017" lon="5.42493">
        <ele>651.0</ele>
      </trkpt>
      <trkpt lat="44.15021" lon="5.42517">
        <ele>650.0</ele>
      </trkpt>
      <trkpt lat="44.15022" lon="5.42539">
        <ele>650.0</ele>
      </trkpt>
      <trkpt lat="44.15021" lon="5.42557">
        <ele>649.0</ele>
      </trkpt>
      <trkpt lat="44.15018" lon="5.42578">
        <ele>648.0</ele>
      </trkpt>
      <trkpt lat="44.14978" lon="5.42737">
        <ele>637.0</ele>
      </trkpt>
      <trkpt lat="44.14977" lon="5.42749">
        <ele>637.0</ele>
      </trkpt>
      <trkpt lat="44.14977" lon="5.42762">
        <ele>637.0</ele>
      </trkpt>
      <trkpt lat="44.14978" lon="5.42775">
        <ele>637.0</ele>
      </trkpt>
      <trkpt lat="44.14985" lon="5.42792">
        <ele>636.0</ele>
      </trkpt>
      <trkpt lat="44.14994" lon="5.42806">
        <ele>636.0</ele>
      </trkpt>
      <trkpt lat="44.15008" lon="5.4282">
        <ele>636.0</ele>
      </trkpt>
      <trkpt lat="44.15024" lon="5.42829">
        <ele>635.0</ele>
      </trkpt>
      <trkpt lat="44.15038" lon="5.42836">
        <ele>635.0</ele>
      </trkpt>
      <trkpt lat="44.15076" lon="5.42845">
        <ele>635.0</ele>
      </trkpt>
      <trkpt lat="44.15092" lon="5.4285">
        <ele>635.0</ele>
      </trkpt>
      <trkpt lat="44.151" lon="5.42854">
        <ele>635.0</ele>
      </trkpt>
      <trkpt lat="44.15106" lon="5.42858">
        <ele>636.0</ele>
      </trkpt>
      <trkpt lat="44.15118" lon="5.42867">
        <ele>635.0</ele>
      </trkpt>
      <trkpt lat="44.15129" lon="5.4288">
        <ele>635.0</ele>
      </trkpt>
      <trkpt lat="44.15161" lon="5.42921">
        <ele>632.0</ele>
      </trkpt>
      <trkpt lat="44.15183" lon="5.42944">
        <ele>631.0</ele>
      </trkpt>
      <trkpt lat="44.1519" lon="5.42953">
        <ele>631.0</ele>
      </trkpt>
      <trkpt lat="44.15233" lon="5.42996">
        <ele>630.0</ele>
      </trkpt>
      <trkpt lat="44.15245" lon="5.43011">
        <ele>630.0</ele>
      </trkpt>
      <trkpt lat="44.15261" lon="5.43032">
        <ele>629.0</ele>
      </trkpt>
      <trkpt lat="44.15274" lon="5.43056">
        <ele>628.0</ele>
      </trkpt>
      <trkpt lat="44.15281" lon="5.4307">
        <ele>628.0</ele>
      </trkpt>
      <trkpt lat="44.15286" lon="5.43086">
        <ele>627.0</ele>
      </trkpt>
      <trkpt lat="44.15291" lon="5.43103">
        <ele>626.0</ele>
      </trkpt>
      <trkpt lat="44.15293" lon="5.43119">
        <ele>625.0</ele>
      </trkpt>
      <trkpt lat="44.15295" lon="5.43142">
        <ele>623.0</ele>
      </trkpt>
      <trkpt lat="44.15296" lon="5.43165">
        <ele>621.0</ele>
      </trkpt>
      <trkpt lat="44.1529" lon="5.43241">
        <ele>619.0</ele>
      </trkpt>
      <trkpt lat="44.15286" lon="5.43284">
        <ele>619.0</ele>
      </trkpt>
      <trkpt lat="44.15278" lon="5.43375">
        <ele>617.0</ele>
      </trkpt>
      <trkpt lat="44.15278" lon="5.43399">
        <ele>617.0</ele>
      </trkpt>
      <trkpt lat="44.15279" lon="5.43428">
        <ele>616.0</ele>
      </trkpt>
      <trkpt lat="44.15283" lon="5.43446">
        <ele>616.0</ele>
      </trkpt>
      <trkpt lat="44.15289" lon="5.43461">
        <ele>616.0</ele>
      </trkpt>
      <trkpt lat="44.15299" lon="5.43478">
        <ele>616.0</ele>
      </trkpt>
      <trkpt lat="44.15307" lon="5.4349">
        <ele>616.0</ele>
      </trkpt>
      <trkpt lat="44.1533" lon="5.43516">
        <ele>615.0</ele>
      </trkpt>
      <trkpt lat="44.15356" lon="5.43544">
        <ele>615.0</ele>
      </trkpt>
      <trkpt lat="44.1537" lon="5.43557">
        <ele>614.0</ele>
      </trkpt>
      <trkpt lat="44.15384" lon="5.43563">
        <ele>614.0</ele>
      </trkpt>
      <trkpt lat="44.15397" lon="5.43565">
        <ele>614.0</ele>
      </trkpt>
      <trkpt lat="44.15445" lon="5.43564">
        <ele>617.0</ele>
      </trkpt>
      <trkpt lat="44.15471" lon="5.43565">
        <ele>619.0</ele>
      </trkpt>
      <trkpt lat="44.15502" lon="5.43571">
        <ele>620.0</ele>
      </trkpt>
      <trkpt lat="44.15527" lon="5.4358">
        <ele>616.0</ele>
      </trkpt>
      <trkpt lat="44.15546" lon="5.43589">
        <ele>615.0</ele>
      </trkpt>
      <trkpt lat="44.15555" lon="5.4359">
        <ele>615.0</ele>
      </trkpt>
      <trkpt lat="44.15564" lon="5.43589">
        <ele>614.0</ele>
      </trkpt>
      <trkpt lat="44.15571" lon="5.43586">
        <ele>614.0</ele>
      </trkpt>
      <trkpt lat="44.15579" lon="5.43581">
        <ele>615.0</ele>
      </trkpt>
      <trkpt lat="44.15591" lon="5.43567">
        <ele>621.0</ele>
      </trkpt>
      <trkpt lat="44.15607" lon="5.43539">
        <ele>629.0</ele>
      </trkpt>
      <trkpt lat="44.15619" lon="5.43523">
        <ele>632.0</ele>
      </trkpt>
      <trkpt lat="44.15628" lon="5.43517">
        <ele>632.0</ele>
      </trkpt>
      <trkpt lat="44.15638" lon="5.43516">
        <ele>630.0</ele>
      </trkpt>
      <trkpt lat="44.15652" lon="5.43519">
        <ele>627.0</ele>
      </trkpt>
      <trkpt lat="44.15663" lon="5.4352">
        <ele>625.0</ele>
      </trkpt>
      <trkpt lat="44.15676" lon="5.43515">
        <ele>623.0</ele>
      </trkpt>
      <trkpt lat="44.15699" lon="5.43502">
        <ele>619.0</ele>
      </trkpt>
      <trkpt lat="44.15713" lon="5.43496">
        <ele>618.0</ele>
      </trkpt>
      <trkpt lat="44.15749" lon="5.43491">
        <ele>613.0</ele>
      </trkpt>
      <trkpt lat="44.15771" lon="5.43485">
        <ele>613.0</ele>
      </trkpt>
      <trkpt lat="44.15796" lon="5.43479">
        <ele>611.0</ele>
      </trkpt>
      <trkpt lat="44.15809" lon="5.43473">
        <ele>610.0</ele>
      </trkpt>
      <trkpt lat="44.15847" lon="5.43434">
        <ele>609.0</ele>
      </trkpt>
      <trkpt lat="44.15855" lon="5.43423">
        <ele>608.0</ele>
      </trkpt>
      <trkpt lat="44.15864" lon="5.43405">
        <ele>609.0</ele>
      </trkpt>
      <trkpt lat="44.15876" lon="5.43374">
        <ele>613.0</ele>
      </trkpt>
      <trkpt lat="44.15884" lon="5.43366">
        <ele>612.0</ele>
      </trkpt>
      <trkpt lat="44.15894" lon="5.43358">
        <ele>610.0</ele>
      </trkpt>
      <trkpt lat="44.1591" lon="5.43351">
        <ele>604.0</ele>
      </trkpt>
      <trkpt lat="44.15923" lon="5.43347">
        <ele>602.0</ele>
      </trkpt>
      <trkpt lat="44.15946" lon="5.43344">
        <ele>599.0</ele>
      </trkpt>
      <trkpt lat="44.15962" lon="5.43338">
        <ele>596.0</ele>
      </trkpt>
      <trkpt lat="44.15993" lon="5.43318">
        <ele>594.0</ele>
      </trkpt>
      <trkpt lat="44.1602" lon="5.43298">
        <ele>597.0</ele>
      </trkpt>
      <trkpt lat="44.16028" lon="5.43293">
        <ele>598.0</ele>
      </trkpt>
      <trkpt lat="44.16036" lon="5.43291">
        <ele>597.0</ele>
      </trkpt>
      <trkpt lat="44.16056" lon="5.43292">
        <ele>596.0</ele>
      </trkpt>
      <trkpt lat="44.16069" lon="5.43291">
        <ele>595.0</ele>
      </trkpt>
      <trkpt lat="44.16082" lon="5.43287">
        <ele>594.0</ele>
      </trkpt>
      <trkpt lat="44.16102" lon="5.43276">
        <ele>595.0</ele>
      </trkpt>
      <trkpt lat="44.16133" lon="5.4325">
        <ele>590.0</ele>
      </trkpt>
      <trkpt lat="44.1621" lon="5.43191">
        <ele>590.0</ele>
      </trkpt>
      <trkpt lat="44.16282" lon="5.43152">
        <ele>587.0</ele>
      </trkpt>
      <trkpt lat="44.16308" lon="5.43141">
        <ele>588.0</ele>
      </trkpt>
      <trkpt lat="44.16322" lon="5.43138">
        <ele>589.0</ele>
      </trkpt>
      <trkpt lat="44.16343" lon="5.43139">
        <ele>588.0</ele>
      </trkpt>
      <trkpt lat="44.16367" lon="5.43146">
        <ele>584.0</ele>
      </trkpt>
      <trkpt lat="44.16437" lon="5.43169">
        <ele>576.0</ele>
      </trkpt>
      <trkpt lat="44.16457" lon="5.43176">
        <ele>576.0</ele>
      </trkpt>
      <trkpt lat="44.16471" lon="5.43181">
        <ele>575.0</ele>
      </trkpt>
      <trkpt lat="44.1647" lon="5.43154">
        <ele>574.0</ele>
      </trkpt>
      <trkpt lat="44.16473" lon="5.43138">
        <ele>573.0</ele>
      </trkpt>
      <trkpt lat="44.16485" lon="5.43116">
        <ele>571.0</ele>
      </trkpt>
      <trkpt lat="44.16661" lon="5.42792">
        <ele>562.0</ele>
      </trkpt>
      <trkpt lat="44.16672" lon="5.42772">
        <ele>562.0</ele>
      </trkpt>
      <trkpt lat="44.16679" lon="5.42751">
        <ele>561.0</ele>
      </trkpt>
      <trkpt lat="44.16682" lon="5.42735">
        <ele>561.0</ele>
      </trkpt>
      <trkpt lat="44.16685" lon="5.42714">
        <ele>561.0</ele>
      </trkpt>
      <trkpt lat="44.16687" lon="5.42678">
        <ele>561.0</ele>
      </trkpt>
      <trkpt lat="44.16688" lon="5.42661">
        <ele>561.0</ele>
      </trkpt>
      <trkpt lat="44.16688" lon="5.42658">
        <ele>561.0</ele>
      </trkpt>
      <trkpt lat="44.16702" lon="5.42378">
        <ele>558.0</ele>
      </trkpt>
      <trkpt lat="44.16714" lon="5.42145">
        <ele>561.0</ele>
      </trkpt>
      <trkpt lat="44.16717" lon="5.42104">
        <ele>564.0</ele>
      </trkpt>
      <trkpt lat="44.16721" lon="5.42084">
        <ele>565.0</ele>
      </trkpt>
      <trkpt lat="44.16741" lon="5.42011">
        <ele>569.0</ele>
      </trkpt>
      <trkpt lat="44.16756" lon="5.41959">
        <ele>567.0</ele>
      </trkpt>
      <trkpt lat="44.16763" lon="5.41939">
        <ele>567.0</ele>
      </trkpt>
      <trkpt lat="44.16769" lon="5.41924">
        <ele>566.0</ele>
      </trkpt>
      <trkpt lat="44.16781" lon="5.41906">
        <ele>567.0</ele>
      </trkpt>
      <trkpt lat="44.16791" lon="5.41893">
        <ele>567.0</ele>
      </trkpt>
      <trkpt lat="44.16828" lon="5.41859">
        <ele>567.0</ele>
      </trkpt>
      <trkpt lat="44.16849" lon="5.41841">
        <ele>564.0</ele>
      </trkpt>
      <trkpt lat="44.16895" lon="5.41803">
        <ele>565.0</ele>
      </trkpt>
      <trkpt lat="44.16912" lon="5.41783">
        <ele>565.0</ele>
      </trkpt>
      <trkpt lat="44.16919" lon="5.41771">
        <ele>565.0</ele>
      </trkpt>
      <trkpt lat="44.16924" lon="5.41757">
        <ele>565.0</ele>
      </trkpt>
      <trkpt lat="44.16929" lon="5.41736">
        <ele>566.0</ele>
      </trkpt>
      <trkpt lat="44.16946" lon="5.41647">
        <ele>573.0</ele>
      </trkpt>
      <trkpt lat="44.16967" lon="5.41554">
        <ele>575.0</ele>
      </trkpt>
      <trkpt lat="44.16979" lon="5.41448">
        <ele>570.0</ele>
      </trkpt>
      <trkpt lat="44.16982" lon="5.41431">
        <ele>568.0</ele>
      </trkpt>
      <trkpt lat="44.16987" lon="5.41413">
        <ele>567.0</ele>
      </trkpt>
      <trkpt lat="44.16992" lon="5.41398">
        <ele>565.0</ele>
      </trkpt>
      <trkpt lat="44.17033" lon="5.41312">
        <ele>565.0</ele>
      </trkpt>
      <trkpt lat="44.17049" lon="5.41282">
        <ele>565.0</ele>
      </trkpt>
      <trkpt lat="44.17069" lon="5.41253">
        <ele>563.0</ele>
      </trkpt>
      <trkpt lat="44.17077" lon="5.41238">
        <ele>563.0</ele>
      </trkpt>
      <trkpt lat="44.17084" lon="5.41222">
        <ele>563.0</ele>
      </trkpt>
      <trkpt lat="44.17088" lon="5.41205">
        <ele>564.0</ele>
      </trkpt>
      <trkpt lat="44.1709" lon="5.41186">
        <ele>563.0</ele>
      </trkpt>
      <trkpt lat="44.1709" lon="5.41168">
        <ele>562.0</ele>
      </trkpt>
      <trkpt lat="44.17083" lon="5.41114">
        <ele>556.0</ele>
      </trkpt>
      <trkpt lat="44.17083" lon="5.41094">
        <ele>555.0</ele>
      </trkpt>
      <trkpt lat="44.17085" lon="5.41075">
        <ele>555.0</ele>
      </trkpt>
      <trkpt lat="44.17089" lon="5.41054">
        <ele>555.0</ele>
      </trkpt>
      <trkpt lat="44.17094" lon="5.41035">
        <ele>556.0</ele>
      </trkpt>
      <trkpt lat="44.17099" lon="5.41017">
        <ele>556.0</ele>
      </trkpt>
      <trkpt lat="44.17127" lon="5.40952">
        <ele>559.0</ele>
      </trkpt>
      <trkpt lat="44.17146" lon="5.40903">
        <ele>558.0</ele>
      </trkpt>
      <trkpt lat="44.17152" lon="5.40888">
        <ele>557.0</ele>
      </trkpt>
      <trkpt lat="44.17161" lon="5.40873">
        <ele>555.0</ele>
      </trkpt>
      <trkpt lat="44.17193" lon="5.40834">
        <ele>555.0</ele>
      </trkpt>
      <trkpt lat="44.17203" lon="5.40819">
        <ele>556.0</ele>
      </trkpt>
      <trkpt lat="44.17212" lon="5.40798">
        <ele>555.0</ele>
      </trkpt>
      <trkpt lat="44.1722" lon="5.40771">
        <ele>552.0</ele>
      </trkpt>
      <trkpt lat="44.17226" lon="5.40757">
        <ele>551.0</ele>
      </trkpt>
      <trkpt lat="44.17235" lon="5.40746">
        <ele>550.0</ele>
      </trkpt>
      <trkpt lat="44.1727" lon="5.40715">
        <ele>551.0</ele>
      </trkpt>
      <trkpt lat="44.17283" lon="5.40702">
        <ele>551.0</ele>
      </trkpt>
      <trkpt lat="44.17294" lon="5.40687">
        <ele>550.0</ele>
      </trkpt>
      <trkpt lat="44.17306" lon="5.40668">
        <ele>548.0</ele>
      </trkpt>
      <trkpt lat="44.17317" lon="5.40649">
        <ele>547.0</ele>
      </trkpt>
      <trkpt lat="44.17332" lon="5.40621">
        <ele>546.0</ele>
      </trkpt>
      <trkpt lat="44.17342" lon="5.40605">
        <ele>545.0</ele>
      </trkpt>
      <trkpt lat="44.17353" lon="5.4059">
        <ele>545.0</ele>
      </trkpt>
      <trkpt lat="44.17365" lon="5.40577">
        <ele>545.0</ele>
      </trkpt>
      <trkpt lat="44.17397" lon="5.4055">
        <ele>546.0</ele>
      </trkpt>
      <trkpt lat="44.17441" lon="5.40516">
        <ele>550.0</ele>
      </trkpt>
      <trkpt lat="44.17453" lon="5.40506">
        <ele>551.0</ele>
      </trkpt>
      <trkpt lat="44.17465" lon="5.40494">
        <ele>552.0</ele>
      </trkpt>
      <trkpt lat="44.17475" lon="5.4048">
        <ele>553.0</ele>
      </trkpt>
      <trkpt lat="44.17482" lon="5.40464">
        <ele>553.0</ele>
      </trkpt>
      <trkpt lat="44.17488" lon="5.40441">
        <ele>552.0</ele>
      </trkpt>
      <trkpt lat="44.175" lon="5.4032">
        <ele>547.0</ele>
      </trkpt>
      <trkpt lat="44.17501" lon="5.40288">
        <ele>546.0</ele>
      </trkpt>
      <trkpt lat="44.175" lon="5.40254">
        <ele>544.0</ele>
      </trkpt>
      <trkpt lat="44.17501" lon="5.40238">
        <ele>543.0</ele>
      </trkpt>
      <trkpt lat="44.17505" lon="5.40224">
        <ele>543.0</ele>
      </trkpt>
      <trkpt lat="44.17511" lon="5.40211">
        <ele>543.0</ele>
      </trkpt>
      <trkpt lat="44.17519" lon="5.40199">
        <ele>542.0</ele>
      </trkpt>
      <trkpt lat="44.17533" lon="5.4018">
        <ele>542.0</ele>
      </trkpt>
      <trkpt lat="44.17543" lon="5.40171">
        <ele>541.0</ele>
      </trkpt>
      <trkpt lat="44.17553" lon="5.40165">
        <ele>541.0</ele>
      </trkpt>
      <trkpt lat="44.17564" lon="5.40162">
        <ele>542.0</ele>
      </trkpt>
      <trkpt lat="44.17575" lon="5.40163">
        <ele>542.0</ele>
      </trkpt>
      <trkpt lat="44.17587" lon="5.40167">
        <ele>543.0</ele>
      </trkpt>
      <trkpt lat="44.17617" lon="5.40181">
        <ele>543.0</ele>
      </trkpt>
      <trkpt lat="44.17624" lon="5.40183">
        <ele>543.0</ele>
      </trkpt>
      <trkpt lat="44.17634" lon="5.40184">
        <ele>543.0</ele>
      </trkpt>
      <trkpt lat="44.1764" lon="5.40182">
        <ele>543.0</ele>
      </trkpt>
      <trkpt lat="44.17649" lon="5.40177">
        <ele>542.0</ele>
      </trkpt>
      <trkpt lat="44.17657" lon="5.40169">
        <ele>541.0</ele>
      </trkpt>
      <trkpt lat="44.17763" lon="5.40054">
        <ele>543.0</ele>
      </trkpt>
      <trkpt lat="44.17777" lon="5.4003">
        <ele>543.0</ele>
      </trkpt>
      <trkpt lat="44.17798" lon="5.39986">
        <ele>543.0</ele>
      </trkpt>
      <trkpt lat="44.17814" lon="5.39947">
        <ele>541.0</ele>
      </trkpt>
      <trkpt lat="44.17843" lon="5.3988">
        <ele>538.0</ele>
      </trkpt>
      <trkpt lat="44.17868" lon="5.39815">
        <ele>536.0</ele>
      </trkpt>
      <trkpt lat="44.17902" lon="5.39712">
        <ele>534.0</ele>
      </trkpt>
      <trkpt lat="44.17918" lon="5.39657">
        <ele>534.0</ele>
      </trkpt>
      <trkpt lat="44.17955" lon="5.39535">
        <ele>531.0</ele>
      </trkpt>
      <trkpt lat="44.17963" lon="5.39512">
        <ele>530.0</ele>
      </trkpt>
      <trkpt lat="44.1798" lon="5.39469">
        <ele>528.0</ele>
      </trkpt>
      <trkpt lat="44.18001" lon="5.39426">
        <ele>525.0</ele>
      </trkpt>
      <trkpt lat="44.18061" lon="5.39302">
        <ele>520.0</ele>
      </trkpt>
      <trkpt lat="44.18133" lon="5.39149">
        <ele>517.0</ele>
      </trkpt>
      <trkpt lat="44.18137" lon="5.39141">
        <ele>517.0</ele>
      </trkpt>
      <trkpt lat="44.18305" lon="5.38795">
        <ele>516.0</ele>
      </trkpt>
      <trkpt lat="44.18312" lon="5.38781">
        <ele>516.0</ele>
      </trkpt>
      <trkpt lat="44.18314" lon="5.38776">
        <ele>516.0</ele>
      </trkpt>
      <trkpt lat="44.18329" lon="5.38744">
        <ele>516.0</ele>
      </trkpt>
      <trkpt lat="44.18332" lon="5.38732">
        <ele>516.0</ele>
      </trkpt>
      <trkpt lat="44.18335" lon="5.38719">
        <ele>516.0</ele>
      </trkpt>
      <trkpt lat="44.18337" lon="5.38703">
        <ele>516.0</ele>
      </trkpt>
      <trkpt lat="44.18338" lon="5.38687">
        <ele>516.0</ele>
      </trkpt>
      <trkpt lat="44.18338" lon="5.38672">
        <ele>516.0</ele>
      </trkpt>
      <trkpt lat="44.18336" lon="5.38656">
        <ele>516.0</ele>
      </trkpt>
      <trkpt lat="44.18294" lon="5.38424">
        <ele>517.0</ele>
      </trkpt>
      <trkpt lat="44.18278" lon="5.38336">
        <ele>515.0</ele>
      </trkpt>
      <trkpt lat="44.18254" lon="5.3821">
        <ele>514.0</ele>
      </trkpt>
      <trkpt lat="44.18243" lon="5.38159">
        <ele>514.0</ele>
      </trkpt>
      <trkpt lat="44.18233" lon="5.38132">
        <ele>515.0</ele>
      </trkpt>
      <trkpt lat="44.18207" lon="5.38067">
        <ele>517.0</ele>
      </trkpt>
      <trkpt lat="44.18201" lon="5.38045">
        <ele>518.0</ele>
      </trkpt>
      <trkpt lat="44.18198" lon="5.38022">
        <ele>519.0</ele>
      </trkpt>
      <trkpt lat="44.18196" lon="5.37998">
        <ele>519.0</ele>
      </trkpt>
      <trkpt lat="44.18195" lon="5.37954">
        <ele>520.0</ele>
      </trkpt>
      <trkpt lat="44.18193" lon="5.37919">
        <ele>520.0</ele>
      </trkpt>
      <trkpt lat="44.18189" lon="5.3789">
        <ele>517.0</ele>
      </trkpt>
      <trkpt lat="44.18185" lon="5.37869">
        <ele>515.0</ele>
      </trkpt>
      <trkpt lat="44.1818" lon="5.37852">
        <ele>513.0</ele>
      </trkpt>
      <trkpt lat="44.18174" lon="5.37836">
        <ele>511.0</ele>
      </trkpt>
      <trkpt lat="44.18163" lon="5.3781">
        <ele>508.0</ele>
      </trkpt>
      <trkpt lat="44.18134" lon="5.37755">
        <ele>508.0</ele>
      </trkpt>
      <trkpt lat="44.18121" lon="5.37724">
        <ele>508.0</ele>
      </trkpt>
      <trkpt lat="44.18115" lon="5.37705">
        <ele>508.0</ele>
      </trkpt>
      <trkpt lat="44.1811" lon="5.37691">
        <ele>508.0</ele>
      </trkpt>
      <trkpt lat="44.18106" lon="5.37673">
        <ele>508.0</ele>
      </trkpt>
      <trkpt lat="44.18103" lon="5.37636">
        <ele>507.0</ele>
      </trkpt>
      <trkpt lat="44.18103" lon="5.37618">
        <ele>507.0</ele>
      </trkpt>
      <trkpt lat="44.18104" lon="5.376">
        <ele>507.0</ele>
      </trkpt>
      <trkpt lat="44.1811" lon="5.37558">
        <ele>506.0</ele>
      </trkpt>
      <trkpt lat="44.18121" lon="5.37511">
        <ele>506.0</ele>
      </trkpt>
      <trkpt lat="44.18133" lon="5.37457">
        <ele>505.0</ele>
      </trkpt>
      <trkpt lat="44.18159" lon="5.37358">
        <ele>504.0</ele>
      </trkpt>
      <trkpt lat="44.18165" lon="5.37336">
        <ele>504.0</ele>
      </trkpt>
      <trkpt lat="44.18171" lon="5.37316">
        <ele>505.0</ele>
      </trkpt>
      <trkpt lat="44.18183" lon="5.37289">
        <ele>506.0</ele>
      </trkpt>
      <trkpt lat="44.18193" lon="5.37271">
        <ele>507.0</ele>
      </trkpt>
      <trkpt lat="44.18212" lon="5.37246">
        <ele>509.0</ele>
      </trkpt>
      <trkpt lat="44.18243" lon="5.37207">
        <ele>511.0</ele>
      </trkpt>
      <trkpt lat="44.18255" lon="5.3719">
        <ele>513.0</ele>
      </trkpt>
      <trkpt lat="44.1827" lon="5.37162">
        <ele>518.0</ele>
      </trkpt>
      <trkpt lat="44.18283" lon="5.3713">
        <ele>520.0</ele>
      </trkpt>
      <trkpt lat="44.18298" lon="5.37087">
        <ele>521.0</ele>
      </trkpt>
      <trkpt lat="44.18305" lon="5.37065">
        <ele>521.0</ele>
      </trkpt>
      <trkpt lat="44.18315" lon="5.37018">
        <ele>519.0</ele>
      </trkpt>
      <trkpt lat="44.18327" lon="5.36951">
        <ele>518.0</ele>
      </trkpt>
      <trkpt lat="44.18338" lon="5.36876">
        <ele>516.0</ele>
      </trkpt>
      <trkpt lat="44.1834" lon="5.3685">
        <ele>516.0</ele>
      </trkpt>
      <trkpt lat="44.18335" lon="5.36758">
        <ele>512.0</ele>
      </trkpt>
      <trkpt lat="44.18336" lon="5.36737">
        <ele>512.0</ele>
      </trkpt>
      <trkpt lat="44.18338" lon="5.36716">
        <ele>512.0</ele>
      </trkpt>
      <trkpt lat="44.18351" lon="5.36629">
        <ele>514.0</ele>
      </trkpt>
      <trkpt lat="44.18372" lon="5.36429">
        <ele>512.0</ele>
      </trkpt>
      <trkpt lat="44.18375" lon="5.36376">
        <ele>510.0</ele>
      </trkpt>
      <trkpt lat="44.18376" lon="5.36349">
        <ele>509.0</ele>
      </trkpt>
      <trkpt lat="44.18377" lon="5.36298">
        <ele>505.0</ele>
      </trkpt>
      <trkpt lat="44.18384" lon="5.36211">
        <ele>503.0</ele>
      </trkpt>
      <trkpt lat="44.18386" lon="5.36184">
        <ele>505.0</ele>
      </trkpt>
      <trkpt lat="44.18386" lon="5.36179">
        <ele>505.0</ele>
      </trkpt>
      <trkpt lat="44.18386" lon="5.36167">
        <ele>506.0</ele>
      </trkpt>
      <trkpt lat="44.18385" lon="5.36106">
        <ele>508.0</ele>
      </trkpt>
      <trkpt lat="44.18387" lon="5.36084">
        <ele>510.0</ele>
      </trkpt>
      <trkpt lat="44.18389" lon="5.36064">
        <ele>510.0</ele>
      </trkpt>
      <trkpt lat="44.18415" lon="5.35919">
        <ele>505.0</ele>
      </trkpt>
      <trkpt lat="44.18425" lon="5.3586">
        <ele>507.0</ele>
      </trkpt>
      <trkpt lat="44.1843" lon="5.35802">
        <ele>507.0</ele>
      </trkpt>
      <trkpt lat="44.18434" lon="5.3578">
        <ele>507.0</ele>
      </trkpt>
      <trkpt lat="44.18443" lon="5.35738">
        <ele>510.0</ele>
      </trkpt>
      <trkpt lat="44.18447" lon="5.35716">
        <ele>511.0</ele>
      </trkpt>
      <trkpt lat="44.18449" lon="5.35693">
        <ele>511.0</ele>
      </trkpt>
      <trkpt lat="44.1845" lon="5.35648">
        <ele>508.0</ele>
      </trkpt>
      <trkpt lat="44.18449" lon="5.35593">
        <ele>504.0</ele>
      </trkpt>
      <trkpt lat="44.18445" lon="5.35524">
        <ele>502.0</ele>
      </trkpt>
      <trkpt lat="44.18444" lon="5.35501">
        <ele>502.0</ele>
      </trkpt>
      <trkpt lat="44.18445" lon="5.35481">
        <ele>502.0</ele>
      </trkpt>
      <trkpt lat="44.18457" lon="5.35409">
        <ele>504.0</ele>
      </trkpt>
      <trkpt lat="44.18468" lon="5.35323">
        <ele>501.0</ele>
      </trkpt>
      <trkpt lat="44.18482" lon="5.35253">
        <ele>499.0</ele>
      </trkpt>
      <trkpt lat="44.18492" lon="5.35193">
        <ele>494.0</ele>
      </trkpt>
      <trkpt lat="44.18496" lon="5.3516">
        <ele>491.0</ele>
      </trkpt>
      <trkpt lat="44.18504" lon="5.35126">
        <ele>493.0</ele>
      </trkpt>
      <trkpt lat="44.18507" lon="5.35107">
        <ele>494.0</ele>
      </trkpt>
      <trkpt lat="44.18508" lon="5.35086">
        <ele>494.0</ele>
      </trkpt>
      <trkpt lat="44.18507" lon="5.35068">
        <ele>492.0</ele>
      </trkpt>
      <trkpt lat="44.18504" lon="5.35042">
        <ele>490.0</ele>
      </trkpt>
      <trkpt lat="44.18504" lon="5.3502">
        <ele>489.0</ele>
      </trkpt>
      <trkpt lat="44.18506" lon="5.34997">
        <ele>489.0</ele>
      </trkpt>
      <trkpt lat="44.1851" lon="5.34971">
        <ele>489.0</ele>
      </trkpt>
      <trkpt lat="44.18525" lon="5.34931">
        <ele>490.0</ele>
      </trkpt>
      <trkpt lat="44.18553" lon="5.34871">
        <ele>490.0</ele>
      </trkpt>
      <trkpt lat="44.18583" lon="5.34811">
        <ele>487.0</ele>
      </trkpt>
      <trkpt lat="44.18591" lon="5.34791">
        <ele>487.0</ele>
      </trkpt>
      <trkpt lat="44.186" lon="5.3476">
        <ele>488.0</ele>
      </trkpt>
      <trkpt lat="44.18605" lon="5.34737">
        <ele>489.0</ele>
      </trkpt>
      <trkpt lat="44.18612" lon="5.34701">
        <ele>492.0</ele>
      </trkpt>
      <trkpt lat="44.18616" lon="5.3466">
        <ele>494.0</ele>
      </trkpt>
      <trkpt lat="44.18623" lon="5.34621">
        <ele>494.0</ele>
      </trkpt>
      <trkpt lat="44.18638" lon="5.34564">
        <ele>494.0</ele>
      </trkpt>
      <trkpt lat="44.18654" lon="5.34525">
        <ele>491.0</ele>
      </trkpt>
      <trkpt lat="44.18665" lon="5.34504">
        <ele>489.0</ele>
      </trkpt>
      <trkpt lat="44.1868" lon="5.34483">
        <ele>491.0</ele>
      </trkpt>
      <trkpt lat="44.18691" lon="5.34469">
        <ele>493.0</ele>
      </trkpt>
      <trkpt lat="44.18749" lon="5.34406">
        <ele>490.0</ele>
      </trkpt>
      <trkpt lat="44.18792" lon="5.34354">
        <ele>498.0</ele>
      </trkpt>
      <trkpt lat="44.18804" lon="5.34336">
        <ele>497.0</ele>
      </trkpt>
      <trkpt lat="44.18814" lon="5.34318">
        <ele>498.0</ele>
      </trkpt>
      <trkpt lat="44.1883" lon="5.34285">
        <ele>497.0</ele>
      </trkpt>
      <trkpt lat="44.18835" lon="5.34269">
        <ele>496.0</ele>
      </trkpt>
      <trkpt lat="44.18838" lon="5.34252">
        <ele>495.0</ele>
      </trkpt>
      <trkpt lat="44.18842" lon="5.34192">
        <ele>494.0</ele>
      </trkpt>
      <trkpt lat="44.18852" lon="5.34126">
        <ele>497.0</ele>
      </trkpt>
      <trkpt lat="44.18852" lon="5.34104">
        <ele>496.0</ele>
      </trkpt>
      <trkpt lat="44.18851" lon="5.3408">
        <ele>494.0</ele>
      </trkpt>
      <trkpt lat="44.18846" lon="5.34032">
        <ele>490.0</ele>
      </trkpt>
      <trkpt lat="44.18843" lon="5.3398">
        <ele>488.0</ele>
      </trkpt>
      <trkpt lat="44.18843" lon="5.33934">
        <ele>487.0</ele>
      </trkpt>
      <trkpt lat="44.18847" lon="5.33881">
        <ele>489.0</ele>
      </trkpt>
      <trkpt lat="44.18847" lon="5.33854">
        <ele>489.0</ele>
      </trkpt>
      <trkpt lat="44.18845" lon="5.33831">
        <ele>488.0</ele>
      </trkpt>
      <trkpt lat="44.1884" lon="5.33807">
        <ele>483.0</ele>
      </trkpt>
      <trkpt lat="44.18839" lon="5.33792">
        <ele>482.0</ele>
      </trkpt>
      <trkpt lat="44.18842" lon="5.3378">
        <ele>482.0</ele>
      </trkpt>
      <trkpt lat="44.18848" lon="5.33768">
        <ele>482.0</ele>
      </trkpt>
      <trkpt lat="44.18883" lon="5.3374">
        <ele>490.0</ele>
      </trkpt>
      <trkpt lat="44.18916" lon="5.33705">
        <ele>490.0</ele>
      </trkpt>
      <trkpt lat="44.18949" lon="5.33653">
        <ele>490.0</ele>
      </trkpt>
      <trkpt lat="44.18985" lon="5.33591">
        <ele>487.0</ele>
      </trkpt>
      <trkpt lat="44.18995" lon="5.33575">
        <ele>486.0</ele>
      </trkpt>
      <trkpt lat="44.19005" lon="5.33555">
        <ele>485.0</ele>
      </trkpt>
      <trkpt lat="44.19014" lon="5.33534">
        <ele>485.0</ele>
      </trkpt>
      <trkpt lat="44.19036" lon="5.33473">
        <ele>482.0</ele>
      </trkpt>
      <trkpt lat="44.19054" lon="5.33434">
        <ele>478.0</ele>
      </trkpt>
      <trkpt lat="44.19072" lon="5.33391">
        <ele>475.0</ele>
      </trkpt>
      <trkpt lat="44.19077" lon="5.33375">
        <ele>474.0</ele>
      </trkpt>
      <trkpt lat="44.19078" lon="5.3337">
        <ele>474.0</ele>
      </trkpt>
      <trkpt lat="44.19081" lon="5.33342">
        <ele>472.0</ele>
      </trkpt>
      <trkpt lat="44.19084" lon="5.3333">
        <ele>472.0</ele>
      </trkpt>
      <trkpt lat="44.19088" lon="5.33317">
        <ele>472.0</ele>
      </trkpt>
      <trkpt lat="44.19094" lon="5.33307">
        <ele>473.0</ele>
      </trkpt>
      <trkpt lat="44.19113" lon="5.33283">
        <ele>477.0</ele>
      </trkpt>
      <trkpt lat="44.1912" lon="5.33273">
        <ele>478.0</ele>
      </trkpt>
      <trkpt lat="44.19143" lon="5.33225">
        <ele>478.0</ele>
      </trkpt>
      <trkpt lat="44.19173" lon="5.33155">
        <ele>470.0</ele>
      </trkpt>
      <trkpt lat="44.19188" lon="5.3313">
        <ele>471.0</ele>
      </trkpt>
      <trkpt lat="44.19202" lon="5.33108">
        <ele>471.0</ele>
      </trkpt>
      <trkpt lat="44.19212" lon="5.33094">
        <ele>470.0</ele>
      </trkpt>
      <trkpt lat="44.19246" lon="5.33058">
        <ele>470.0</ele>
      </trkpt>
      <trkpt lat="44.19269" lon="5.33031">
        <ele>474.0</ele>
      </trkpt>
      <trkpt lat="44.19296" lon="5.32988">
        <ele>475.0</ele>
      </trkpt>
      <trkpt lat="44.19319" lon="5.32944">
        <ele>474.0</ele>
      </trkpt>
      <trkpt lat="44.19326" lon="5.32925">
        <ele>472.0</ele>
      </trkpt>
      <trkpt lat="44.19338" lon="5.32885">
        <ele>473.0</ele>
      </trkpt>
      <trkpt lat="44.19347" lon="5.32846">
        <ele>475.0</ele>
      </trkpt>
      <trkpt lat="44.19355" lon="5.32801">
        <ele>476.0</ele>
      </trkpt>
      <trkpt lat="44.19359" lon="5.32766">
        <ele>475.0</ele>
      </trkpt>
      <trkpt lat="44.19361" lon="5.32737">
        <ele>473.0</ele>
      </trkpt>
      <trkpt lat="44.19365" lon="5.32719">
        <ele>473.0</ele>
      </trkpt>
      <trkpt lat="44.19376" lon="5.3269">
        <ele>475.0</ele>
      </trkpt>
      <trkpt lat="44.19407" lon="5.32595">
        <ele>470.0</ele>
      </trkpt>
      <trkpt lat="44.19414" lon="5.3257">
        <ele>468.0</ele>
      </trkpt>
      <trkpt lat="44.19418" lon="5.32545">
        <ele>467.0</ele>
      </trkpt>
      <trkpt lat="44.19423" lon="5.32501">
        <ele>466.0</ele>
      </trkpt>
      <trkpt lat="44.19427" lon="5.32477">
        <ele>466.0</ele>
      </trkpt>
      <trkpt lat="44.19451" lon="5.32383">
        <ele>470.0</ele>
      </trkpt>
      <trkpt lat="44.19457" lon="5.32338">
        <ele>470.0</ele>
      </trkpt>
      <trkpt lat="44.19458" lon="5.32312">
        <ele>470.0</ele>
      </trkpt>
      <trkpt lat="44.19458" lon="5.32288">
        <ele>470.0</ele>
      </trkpt>
      <trkpt lat="44.19456" lon="5.32263">
        <ele>469.0</ele>
      </trkpt>
      <trkpt lat="44.19449" lon="5.32215">
        <ele>465.0</ele>
      </trkpt>
      <trkpt lat="44.19447" lon="5.32193">
        <ele>463.0</ele>
      </trkpt>
      <trkpt lat="44.19446" lon="5.32175">
        <ele>462.0</ele>
      </trkpt>
      <trkpt lat="44.19447" lon="5.3216">
        <ele>462.0</ele>
      </trkpt>
      <trkpt lat="44.19449" lon="5.32145">
        <ele>462.0</ele>
      </trkpt>
      <trkpt lat="44.19454" lon="5.32126">
        <ele>463.0</ele>
      </trkpt>
      <trkpt lat="44.19471" lon="5.32078">
        <ele>463.0</ele>
      </trkpt>
      <trkpt lat="44.19477" lon="5.32052">
        <ele>462.0</ele>
      </trkpt>
      <trkpt lat="44.19484" lon="5.32024">
        <ele>459.0</ele>
      </trkpt>
      <trkpt lat="44.19503" lon="5.31909">
        <ele>454.0</ele>
      </trkpt>
      <trkpt lat="44.19504" lon="5.31899">
        <ele>454.0</ele>
      </trkpt>
      <trkpt lat="44.19518" lon="5.31805">
        <ele>460.0</ele>
      </trkpt>
      <trkpt lat="44.19521" lon="5.31774">
        <ele>460.0</ele>
      </trkpt>
      <trkpt lat="44.19527" lon="5.31661">
        <ele>458.0</ele>
      </trkpt>
      <trkpt lat="44.19531" lon="5.31635">
        <ele>458.0</ele>
      </trkpt>
      <trkpt lat="44.19537" lon="5.3161">
        <ele>458.0</ele>
      </trkpt>
      <trkpt lat="44.19545" lon="5.31587">
        <ele>459.0</ele>
      </trkpt>
      <trkpt lat="44.19593" lon="5.31464">
        <ele>452.0</ele>
      </trkpt>
      <trkpt lat="44.19602" lon="5.31439">
        <ele>452.0</ele>
      </trkpt>
      <trkpt lat="44.19612" lon="5.31416">
        <ele>452.0</ele>
      </trkpt>
      <trkpt lat="44.19622" lon="5.31394">
        <ele>453.0</ele>
      </trkpt>
      <trkpt lat="44.19633" lon="5.31375">
        <ele>453.0</ele>
      </trkpt>
      <trkpt lat="44.19645" lon="5.31359">
        <ele>451.0</ele>
      </trkpt>
      <trkpt lat="44.19672" lon="5.31329">
        <ele>448.0</ele>
      </trkpt>
      <trkpt lat="44.19684" lon="5.31311">
        <ele>453.0</ele>
      </trkpt>
      <trkpt lat="44.19693" lon="5.31292">
        <ele>454.0</ele>
      </trkpt>
      <trkpt lat="44.19701" lon="5.31271">
        <ele>454.0</ele>
      </trkpt>
      <trkpt lat="44.19706" lon="5.31248">
        <ele>453.0</ele>
      </trkpt>
      <trkpt lat="44.1971" lon="5.31225">
        <ele>452.0</ele>
      </trkpt>
      <trkpt lat="44.19714" lon="5.31178">
        <ele>450.0</ele>
      </trkpt>
      <trkpt lat="44.19719" lon="5.31156">
        <ele>449.0</ele>
      </trkpt>
      <trkpt lat="44.19726" lon="5.31135">
        <ele>448.0</ele>
      </trkpt>
      <trkpt lat="44.19735" lon="5.31116">
        <ele>447.0</ele>
      </trkpt>
      <trkpt lat="44.19772" lon="5.31063">
        <ele>450.0</ele>
      </trkpt>
      <trkpt lat="44.19783" lon="5.31044">
        <ele>452.0</ele>
      </trkpt>
      <trkpt lat="44.19792" lon="5.31024">
        <ele>451.0</ele>
      </trkpt>
      <trkpt lat="44.198" lon="5.31002">
        <ele>450.0</ele>
      </trkpt>
      <trkpt lat="44.19809" lon="5.30954">
        <ele>447.0</ele>
      </trkpt>
      <trkpt lat="44.19816" lon="5.30922">
        <ele>444.0</ele>
      </trkpt>
      <trkpt lat="44.1984" lon="5.30859">
        <ele>444.0</ele>
      </trkpt>
      <trkpt lat="44.19866" lon="5.30744">
        <ele>447.0</ele>
      </trkpt>
      <trkpt lat="44.19875" lon="5.30709">
        <ele>449.0</ele>
      </trkpt>
      <trkpt lat="44.19887" lon="5.30674">
        <ele>449.0</ele>
      </trkpt>
      <trkpt lat="44.19907" lon="5.30632">
        <ele>446.0</ele>
      </trkpt>
      <trkpt lat="44.19916" lon="5.30605">
        <ele>443.0</ele>
      </trkpt>
      <trkpt lat="44.19918" lon="5.30583">
        <ele>441.0</ele>
      </trkpt>
      <trkpt lat="44.19917" lon="5.3057">
        <ele>441.0</ele>
      </trkpt>
      <trkpt lat="44.19915" lon="5.30558">
        <ele>441.0</ele>
      </trkpt>
      <trkpt lat="44.19909" lon="5.30543">
        <ele>442.0</ele>
      </trkpt>
      <trkpt lat="44.199" lon="5.30529">
        <ele>443.0</ele>
      </trkpt>
      <trkpt lat="44.19888" lon="5.30509">
        <ele>443.0</ele>
      </trkpt>
      <trkpt lat="44.19885" lon="5.30494">
        <ele>442.0</ele>
      </trkpt>
      <trkpt lat="44.19886" lon="5.30477">
        <ele>441.0</ele>
      </trkpt>
      <trkpt lat="44.19889" lon="5.30466">
        <ele>440.0</ele>
      </trkpt>
      <trkpt lat="44.19891" lon="5.30457">
        <ele>440.0</ele>
      </trkpt>
      <trkpt lat="44.19899" lon="5.30438">
        <ele>439.0</ele>
      </trkpt>
      <trkpt lat="44.19917" lon="5.30398">
        <ele>437.0</ele>
      </trkpt>
      <trkpt lat="44.19925" lon="5.30377">
        <ele>438.0</ele>
      </trkpt>
      <trkpt lat="44.19931" lon="5.30355">
        <ele>437.0</ele>
      </trkpt>
      <trkpt lat="44.19936" lon="5.30329">
        <ele>435.0</ele>
      </trkpt>
      <trkpt lat="44.19936" lon="5.3031">
        <ele>434.0</ele>
      </trkpt>
      <trkpt lat="44.19931" lon="5.30268">
        <ele>431.0</ele>
      </trkpt>
      <trkpt lat="44.19931" lon="5.30247">
        <ele>430.0</ele>
      </trkpt>
      <trkpt lat="44.19932" lon="5.30235">
        <ele>431.0</ele>
      </trkpt>
      <trkpt lat="44.19933" lon="5.30224">
        <ele>432.0</ele>
      </trkpt>
      <trkpt lat="44.19938" lon="5.30201">
        <ele>433.0</ele>
      </trkpt>
      <trkpt lat="44.19944" lon="5.30178">
        <ele>433.0</ele>
      </trkpt>
      <trkpt lat="44.19947" lon="5.30173">
        <ele>433.0</ele>
      </trkpt>
      <trkpt lat="44.19964" lon="5.3014">
        <ele>433.0</ele>
      </trkpt>
      <trkpt lat="44.19967" lon="5.30129">
        <ele>433.0</ele>
      </trkpt>
      <trkpt lat="44.19969" lon="5.30117">
        <ele>433.0</ele>
      </trkpt>
      <trkpt lat="44.19968" lon="5.30104">
        <ele>434.0</ele>
      </trkpt>
      <trkpt lat="44.19959" lon="5.30071">
        <ele>436.0</ele>
      </trkpt>
      <trkpt lat="44.19956" lon="5.30054">
        <ele>437.0</ele>
      </trkpt>
      <trkpt lat="44.19955" lon="5.30039">
        <ele>438.0</ele>
      </trkpt>
      <trkpt lat="44.19958" lon="5.30024">
        <ele>437.0</ele>
      </trkpt>
      <trkpt lat="44.19966" lon="5.29993">
        <ele>435.0</ele>
      </trkpt>
      <trkpt lat="44.19968" lon="5.29973">
        <ele>434.0</ele>
      </trkpt>
      <trkpt lat="44.19969" lon="5.29947">
        <ele>432.0</ele>
      </trkpt>
      <trkpt lat="44.19972" lon="5.29894">
        <ele>428.0</ele>
      </trkpt>
      <trkpt lat="44.19974" lon="5.29866">
        <ele>426.0</ele>
      </trkpt>
      <trkpt lat="44.19979" lon="5.29828">
        <ele>424.0</ele>
      </trkpt>
      <trkpt lat="44.19988" lon="5.29792">
        <ele>425.0</ele>
      </trkpt>
      <trkpt lat="44.20008" lon="5.29739">
        <ele>426.0</ele>
      </trkpt>
      <trkpt lat="44.20016" lon="5.29715">
        <ele>426.0</ele>
      </trkpt>
      <trkpt lat="44.20023" lon="5.29688">
        <ele>426.0</ele>
      </trkpt>
      <trkpt lat="44.20043" lon="5.29578">
        <ele>424.0</ele>
      </trkpt>
      <trkpt lat="44.20055" lon="5.29519">
        <ele>422.0</ele>
      </trkpt>
      <trkpt lat="44.20064" lon="5.2949">
        <ele>421.0</ele>
      </trkpt>
      <trkpt lat="44.20071" lon="5.29467">
        <ele>421.0</ele>
      </trkpt>
      <trkpt lat="44.20116" lon="5.29354">
        <ele>420.0</ele>
      </trkpt>
      <trkpt lat="44.20152" lon="5.29257">
        <ele>420.0</ele>
      </trkpt>
      <trkpt lat="44.20167" lon="5.29227">
        <ele>419.0</ele>
      </trkpt>
      <trkpt lat="44.20176" lon="5.29214">
        <ele>420.0</ele>
      </trkpt>
      <trkpt lat="44.20192" lon="5.292">
        <ele>420.0</ele>
      </trkpt>
      <trkpt lat="44.2028" lon="5.29123">
        <ele>419.0</ele>
      </trkpt>
      <trkpt lat="44.20293" lon="5.29108">
        <ele>419.0</ele>
      </trkpt>
      <trkpt lat="44.20303" lon="5.29091">
        <ele>418.0</ele>
      </trkpt>
      <trkpt lat="44.20309" lon="5.29076">
        <ele>419.0</ele>
      </trkpt>
      <trkpt lat="44.20311" lon="5.29072">
        <ele>419.0</ele>
      </trkpt>
      <trkpt lat="44.20359" lon="5.28895">
        <ele>423.0</ele>
      </trkpt>
      <trkpt lat="44.20398" lon="5.28763">
        <ele>421.0</ele>
      </trkpt>
      <trkpt lat="44.20404" lon="5.28743">
        <ele>421.0</ele>
      </trkpt>
      <trkpt lat="44.20412" lon="5.28718">
        <ele>420.0</ele>
      </trkpt>
      <trkpt lat="44.20424" lon="5.28697">
        <ele>419.0</ele>
      </trkpt>
      <trkpt lat="44.20461" lon="5.28647">
        <ele>418.0</ele>
      </trkpt>
      <trkpt lat="44.20476" lon="5.28621">
        <ele>417.0</ele>
      </trkpt>
      <trkpt lat="44.20522" lon="5.28531">
        <ele>414.0</ele>
      </trkpt>
      <trkpt lat="44.20563" lon="5.28456">
        <ele>413.0</ele>
      </trkpt>
      <trkpt lat="44.20574" lon="5.28443">
        <ele>411.0</ele>
      </trkpt>
      <trkpt lat="44.20587" lon="5.28432">
        <ele>409.0</ele>
      </trkpt>
      <trkpt lat="44.20598" lon="5.28427">
        <ele>409.0</ele>
      </trkpt>
      <trkpt lat="44.20628" lon="5.28417">
        <ele>410.0</ele>
      </trkpt>
      <trkpt lat="44.20645" lon="5.28409">
        <ele>410.0</ele>
      </trkpt>
      <trkpt lat="44.20654" lon="5.28403">
        <ele>409.0</ele>
      </trkpt>
      <trkpt lat="44.20664" lon="5.28386">
        <ele>409.0</ele>
      </trkpt>
      <trkpt lat="44.20671" lon="5.28367">
        <ele>409.0</ele>
      </trkpt>
      <trkpt lat="44.20714" lon="5.28232">
        <ele>410.0</ele>
      </trkpt>
      <trkpt lat="44.20732" lon="5.28189">
        <ele>407.0</ele>
      </trkpt>
      <trkpt lat="44.20842" lon="5.2794">
        <ele>405.0</ele>
      </trkpt>
      <trkpt lat="44.20854" lon="5.27921">
        <ele>405.0</ele>
      </trkpt>
      <trkpt lat="44.20862" lon="5.27911">
        <ele>405.0</ele>
      </trkpt>
      <trkpt lat="44.20869" lon="5.27904">
        <ele>406.0</ele>
      </trkpt>
      <trkpt lat="44.20876" lon="5.27899">
        <ele>406.0</ele>
      </trkpt>
      <trkpt lat="44.20884" lon="5.27896">
        <ele>406.0</ele>
      </trkpt>
      <trkpt lat="44.20899" lon="5.27893">
        <ele>406.0</ele>
      </trkpt>
      <trkpt lat="44.20939" lon="5.27886">
        <ele>410.0</ele>
      </trkpt>
      <trkpt lat="44.20998" lon="5.27877">
        <ele>418.0</ele>
      </trkpt>
      <trkpt lat="44.21016" lon="5.27871">
        <ele>422.0</ele>
      </trkpt>
      <trkpt lat="44.21023" lon="5.27867">
        <ele>424.0</ele>
      </trkpt>
      <trkpt lat="44.21029" lon="5.27861">
        <ele>424.0</ele>
      </trkpt>
      <trkpt lat="44.21039" lon="5.27853">
        <ele>425.0</ele>
      </trkpt>
      <trkpt lat="44.21056" lon="5.27835">
        <ele>424.0</ele>
      </trkpt>
      <trkpt lat="44.21064" lon="5.27826">
        <ele>425.0</ele>
      </trkpt>
      <trkpt lat="44.21072" lon="5.27816">
        <ele>424.0</ele>
      </trkpt>
      <trkpt lat="44.21095" lon="5.27781">
        <ele>424.0</ele>
      </trkpt>
      <trkpt lat="44.21118" lon="5.27739">
        <ele>425.0</ele>
      </trkpt>
      <trkpt lat="44.21154" lon="5.27678">
        <ele>426.0</ele>
      </trkpt>
      <trkpt lat="44.21158" lon="5.27667">
        <ele>425.0</ele>
      </trkpt>
      <trkpt lat="44.21166" lon="5.27646">
        <ele>425.0</ele>
      </trkpt>
      <trkpt lat="44.21169" lon="5.27627">
        <ele>424.0</ele>
      </trkpt>
      <trkpt lat="44.21171" lon="5.27614">
        <ele>423.0</ele>
      </trkpt>
      <trkpt lat="44.21172" lon="5.27599">
        <ele>422.0</ele>
      </trkpt>
      <trkpt lat="44.21172" lon="5.27588">
        <ele>421.0</ele>
      </trkpt>
      <trkpt lat="44.21174" lon="5.27568">
        <ele>418.0</ele>
      </trkpt>
      <trkpt lat="44.21179" lon="5.27544">
        <ele>416.0</ele>
      </trkpt>
      <trkpt lat="44.21184" lon="5.2753">
        <ele>415.0</ele>
      </trkpt>
      <trkpt lat="44.21189" lon="5.27524">
        <ele>416.0</ele>
      </trkpt>
      <trkpt lat="44.21211" lon="5.27501">
        <ele>418.0</ele>
      </trkpt>
      <trkpt lat="44.21241" lon="5.27469">
        <ele>420.0</ele>
      </trkpt>
      <trkpt lat="44.21251" lon="5.27457">
        <ele>420.0</ele>
      </trkpt>
      <trkpt lat="44.21257" lon="5.27447">
        <ele>421.0</ele>
      </trkpt>
      <trkpt lat="44.21269" lon="5.27422">
        <ele>422.0</ele>
      </trkpt>
      <trkpt lat="44.21274" lon="5.27409">
        <ele>422.0</ele>
      </trkpt>
      <trkpt lat="44.21279" lon="5.27389">
        <ele>422.0</ele>
      </trkpt>
      <trkpt lat="44.21286" lon="5.27358">
        <ele>421.0</ele>
      </trkpt>
      <trkpt lat="44.21307" lon="5.27284">
        <ele>420.0</ele>
      </trkpt>
      <trkpt lat="44.21313" lon="5.27254">
        <ele>417.0</ele>
      </trkpt>
      <trkpt lat="44.21316" lon="5.27242">
        <ele>416.0</ele>
      </trkpt>
      <trkpt lat="44.21332" lon="5.27191">
        <ele>412.0</ele>
      </trkpt>
      <trkpt lat="44.21339" lon="5.27171">
        <ele>412.0</ele>
      </trkpt>
      <trkpt lat="44.21347" lon="5.27151">
        <ele>414.0</ele>
      </trkpt>
      <trkpt lat="44.21366" lon="5.27114">
        <ele>420.0</ele>
      </trkpt>
      <trkpt lat="44.21374" lon="5.27095">
        <ele>421.0</ele>
      </trkpt>
      <trkpt lat="44.21378" lon="5.27084">
        <ele>421.0</ele>
      </trkpt>
      <trkpt lat="44.21381" lon="5.27073">
        <ele>421.0</ele>
      </trkpt>
      <trkpt lat="44.21383" lon="5.27061">
        <ele>421.0</ele>
      </trkpt>
      <trkpt lat="44.21387" lon="5.27025">
        <ele>419.0</ele>
      </trkpt>
      <trkpt lat="44.21392" lon="5.27001">
        <ele>419.0</ele>
      </trkpt>
      <trkpt lat="44.21405" lon="5.26951">
        <ele>417.0</ele>
      </trkpt>
      <trkpt lat="44.21419" lon="5.26897">
        <ele>415.0</ele>
      </trkpt>
      <trkpt lat="44.21437" lon="5.26829">
        <ele>416.0</ele>
      </trkpt>
      <trkpt lat="44.21452" lon="5.26767">
        <ele>418.0</ele>
      </trkpt>
      <trkpt lat="44.21456" lon="5.26745">
        <ele>418.0</ele>
      </trkpt>
      <trkpt lat="44.21461" lon="5.26684">
        <ele>418.0</ele>
      </trkpt>
      <trkpt lat="44.21466" lon="5.26608">
        <ele>419.0</ele>
      </trkpt>
      <trkpt lat="44.21469" lon="5.26529">
        <ele>419.0</ele>
      </trkpt>
      <trkpt lat="44.2147" lon="5.26503">
        <ele>418.0</ele>
      </trkpt>
      <trkpt lat="44.21471" lon="5.26435">
        <ele>422.0</ele>
      </trkpt>
      <trkpt lat="44.2147" lon="5.26418">
        <ele>423.0</ele>
      </trkpt>
      <trkpt lat="44.21468" lon="5.26394">
        <ele>422.0</ele>
      </trkpt>
      <trkpt lat="44.21468" lon="5.26376">
        <ele>421.0</ele>
      </trkpt>
      <trkpt lat="44.21471" lon="5.26361">
        <ele>421.0</ele>
      </trkpt>
      <trkpt lat="44.21476" lon="5.26347">
        <ele>423.0</ele>
      </trkpt>
      <trkpt lat="44.215" lon="5.26309">
        <ele>426.0</ele>
      </trkpt>
      <trkpt lat="44.21522" lon="5.26269">
        <ele>428.0</ele>
      </trkpt>
      <trkpt lat="44.21531" lon="5.26256">
        <ele>430.0</ele>
      </trkpt>
      <trkpt lat="44.21554" lon="5.26227">
        <ele>438.0</ele>
      </trkpt>
      <trkpt lat="44.21558" lon="5.26216">
        <ele>439.0</ele>
      </trkpt>
      <trkpt lat="44.21558" lon="5.26203">
        <ele>438.0</ele>
      </trkpt>
      <trkpt lat="44.21553" lon="5.26174">
        <ele>434.0</ele>
      </trkpt>
      <trkpt lat="44.21552" lon="5.26157">
        <ele>432.0</ele>
      </trkpt>
      <trkpt lat="44.21553" lon="5.26139">
        <ele>432.0</ele>
      </trkpt>
      <trkpt lat="44.21557" lon="5.26121">
        <ele>433.0</ele>
      </trkpt>
      <trkpt lat="44.21561" lon="5.26102">
        <ele>434.0</ele>
      </trkpt>
      <trkpt lat="44.21567" lon="5.26083">
        <ele>437.0</ele>
      </trkpt>
      <trkpt lat="44.21596" lon="5.26013">
        <ele>443.0</ele>
      </trkpt>
      <trkpt lat="44.21614" lon="5.25953">
        <ele>444.0</ele>
      </trkpt>
      <trkpt lat="44.21617" lon="5.25937">
        <ele>444.0</ele>
      </trkpt>
      <trkpt lat="44.21618" lon="5.25918">
        <ele>442.0</ele>
      </trkpt>
      <trkpt lat="44.21617" lon="5.25876">
        <ele>442.0</ele>
      </trkpt>
      <trkpt lat="44.21617" lon="5.25855">
        <ele>443.0</ele>
      </trkpt>
      <trkpt lat="44.21618" lon="5.25835">
        <ele>443.0</ele>
      </trkpt>
      <trkpt lat="44.21623" lon="5.25794">
        <ele>446.0</ele>
      </trkpt>
      <trkpt lat="44.21624" lon="5.25774">
        <ele>446.0</ele>
      </trkpt>
      <trkpt lat="44.21623" lon="5.25713">
        <ele>446.0</ele>
      </trkpt>
      <trkpt lat="44.21624" lon="5.25693">
        <ele>447.0</ele>
      </trkpt>
      <trkpt lat="44.21627" lon="5.25675">
        <ele>448.0</ele>
      </trkpt>
      <trkpt lat="44.21632" lon="5.25657">
        <ele>449.0</ele>
      </trkpt>
      <trkpt lat="44.21647" lon="5.25624">
        <ele>454.0</ele>
      </trkpt>
      <trkpt lat="44.21653" lon="5.25607">
        <ele>455.0</ele>
      </trkpt>
      <trkpt lat="44.21656" lon="5.25588">
        <ele>456.0</ele>
      </trkpt>
      <trkpt lat="44.21659" lon="5.25543">
        <ele>458.0</ele>
      </trkpt>
      <trkpt lat="44.21669" lon="5.25498">
        <ele>462.0</ele>
      </trkpt>
      <trkpt lat="44.2167" lon="5.25481">
        <ele>462.0</ele>
      </trkpt>
      <trkpt lat="44.21659" lon="5.25426">
        <ele>461.0</ele>
      </trkpt>
      <trkpt lat="44.21656" lon="5.25407">
        <ele>460.0</ele>
      </trkpt>
      <trkpt lat="44.21654" lon="5.25388">
        <ele>460.0</ele>
      </trkpt>
      <trkpt lat="44.21654" lon="5.25348">
        <ele>462.0</ele>
      </trkpt>
      <trkpt lat="44.21655" lon="5.2533">
        <ele>462.0</ele>
      </trkpt>
      <trkpt lat="44.21658" lon="5.25313">
        <ele>463.0</ele>
      </trkpt>
      <trkpt lat="44.21661" lon="5.25299">
        <ele>464.0</ele>
      </trkpt>
      <trkpt lat="44.21666" lon="5.25288">
        <ele>465.0</ele>
      </trkpt>
      <trkpt lat="44.21674" lon="5.2528">
        <ele>467.0</ele>
      </trkpt>
      <trkpt lat="44.21684" lon="5.25272">
        <ele>469.0</ele>
      </trkpt>
      <trkpt lat="44.21696" lon="5.2526">
        <ele>471.0</ele>
      </trkpt>
      <trkpt lat="44.21701" lon="5.25249">
        <ele>472.0</ele>
      </trkpt>
      <trkpt lat="44.21706" lon="5.25233">
        <ele>473.0</ele>
      </trkpt>
      <trkpt lat="44.21709" lon="5.25215">
        <ele>473.0</ele>
      </trkpt>
      <trkpt lat="44.21708" lon="5.25197">
        <ele>473.0</ele>
      </trkpt>
      <trkpt lat="44.21699" lon="5.25145">
        <ele>470.0</ele>
      </trkpt>
      <trkpt lat="44.217" lon="5.25127">
        <ele>470.0</ele>
      </trkpt>
      <trkpt lat="44.21704" lon="5.25111">
        <ele>470.0</ele>
      </trkpt>
      <trkpt lat="44.21711" lon="5.25097">
        <ele>471.0</ele>
      </trkpt>
      <trkpt lat="44.21721" lon="5.25087">
        <ele>473.0</ele>
      </trkpt>
      <trkpt lat="44.21755" lon="5.25063">
        <ele>479.0</ele>
      </trkpt>
      <trkpt lat="44.21765" lon="5.25053">
        <ele>481.0</ele>
      </trkpt>
      <trkpt lat="44.21772" lon="5.2504">
        <ele>482.0</ele>
      </trkpt>
      <trkpt lat="44.21777" lon="5.25025">
        <ele>483.0</ele>
      </trkpt>
      <trkpt lat="44.21779" lon="5.25008">
        <ele>483.0</ele>
      </trkpt>
      <trkpt lat="44.21778" lon="5.24992">
        <ele>482.0</ele>
      </trkpt>
      <trkpt lat="44.21773" lon="5.24965">
        <ele>480.0</ele>
      </trkpt>
      <trkpt lat="44.2177" lon="5.24947">
        <ele>480.0</ele>
      </trkpt>
      <trkpt lat="44.21772" lon="5.24933">
        <ele>480.0</ele>
      </trkpt>
      <trkpt lat="44.21775" lon="5.24924">
        <ele>481.0</ele>
      </trkpt>
      <trkpt lat="44.2178" lon="5.24916">
        <ele>482.0</ele>
      </trkpt>
      <trkpt lat="44.21787" lon="5.2491">
        <ele>484.0</ele>
      </trkpt>
      <trkpt lat="44.2182" lon="5.24898">
        <ele>491.0</ele>
      </trkpt>
      <trkpt lat="44.2183" lon="5.24893">
        <ele>494.0</ele>
      </trkpt>
      <trkpt lat="44.21838" lon="5.24886">
        <ele>496.0</ele>
      </trkpt>
      <trkpt lat="44.21844" lon="5.24876">
        <ele>497.0</ele>
      </trkpt>
      <trkpt lat="44.21845" lon="5.24864">
        <ele>498.0</ele>
      </trkpt>
      <trkpt lat="44.21843" lon="5.24851">
        <ele>497.0</ele>
      </trkpt>
      <trkpt lat="44.21838" lon="5.2484">
        <ele>496.0</ele>
      </trkpt>
      <trkpt lat="44.2183" lon="5.2483">
        <ele>495.0</ele>
      </trkpt>
      <trkpt lat="44.2182" lon="5.24821">
        <ele>495.0</ele>
      </trkpt>
      <trkpt lat="44.21787" lon="5.24793">
        <ele>494.0</ele>
      </trkpt>
      <trkpt lat="44.21777" lon="5.24783">
        <ele>493.0</ele>
      </trkpt>
      <trkpt lat="44.2177" lon="5.24772">
        <ele>494.0</ele>
      </trkpt>
      <trkpt lat="44.21765" lon="5.24757">
        <ele>495.0</ele>
      </trkpt>
      <trkpt lat="44.21759" lon="5.24729">
        <ele>498.0</ele>
      </trkpt>
      <trkpt lat="44.21754" lon="5.24714">
        <ele>499.0</ele>
      </trkpt>
      <trkpt lat="44.21727" lon="5.2466">
        <ele>502.0</ele>
      </trkpt>
      <trkpt lat="44.21711" lon="5.24622">
        <ele>501.0</ele>
      </trkpt>
      <trkpt lat="44.21708" lon="5.24607">
        <ele>501.0</ele>
      </trkpt>
      <trkpt lat="44.21705" lon="5.24589">
        <ele>501.0</ele>
      </trkpt>
      <trkpt lat="44.21705" lon="5.24573">
        <ele>499.0</ele>
      </trkpt>
      <trkpt lat="44.21708" lon="5.24557">
        <ele>497.0</ele>
      </trkpt>
      <trkpt lat="44.21711" lon="5.24544">
        <ele>495.0</ele>
      </trkpt>
      <trkpt lat="44.21715" lon="5.24534">
        <ele>495.0</ele>
      </trkpt>
      <trkpt lat="44.2172" lon="5.24525">
        <ele>495.0</ele>
      </trkpt>
      <trkpt lat="44.21726" lon="5.24518">
        <ele>497.0</ele>
      </trkpt>
      <trkpt lat="44.21733" lon="5.24512">
        <ele>499.0</ele>
      </trkpt>
      <trkpt lat="44.21761" lon="5.24493">
        <ele>509.0</ele>
      </trkpt>
      <trkpt lat="44.21772" lon="5.24481">
        <ele>511.0</ele>
      </trkpt>
      <trkpt lat="44.21834" lon="5.24377">
        <ele>525.0</ele>
      </trkpt>
      <trkpt lat="44.21843" lon="5.24359">
        <ele>527.0</ele>
      </trkpt>
      <trkpt lat="44.21844" lon="5.24354">
        <ele>527.0</ele>
      </trkpt>
      <trkpt lat="44.21845" lon="5.24347">
        <ele>527.0</ele>
      </trkpt>
      <trkpt lat="44.21844" lon="5.2434">
        <ele>527.0</ele>
      </trkpt>
      <trkpt lat="44.21842" lon="5.24335">
        <ele>526.0</ele>
      </trkpt>
      <trkpt lat="44.21839" lon="5.24331">
        <ele>526.0</ele>
      </trkpt>
      <trkpt lat="44.21833" lon="5.24328">
        <ele>526.0</ele>
      </trkpt>
      <trkpt lat="44.21827" lon="5.24328">
        <ele>526.0</ele>
      </trkpt>
      <trkpt lat="44.21807" lon="5.24331">
        <ele>523.0</ele>
      </trkpt>
      <trkpt lat="44.21796" lon="5.24332">
        <ele>522.0</ele>
      </trkpt>
      <trkpt lat="44.21753" lon="5.24328">
        <ele>519.0</ele>
      </trkpt>
      <trkpt lat="44.21742" lon="5.24326">
        <ele>517.0</ele>
      </trkpt>
      <trkpt lat="44.21736" lon="5.24322">
        <ele>517.0</ele>
      </trkpt>
      <trkpt lat="44.2173" lon="5.24316">
        <ele>517.0</ele>
      </trkpt>
      <trkpt lat="44.21726" lon="5.24307">
        <ele>517.0</ele>
      </trkpt>
      <trkpt lat="44.21722" lon="5.24297">
        <ele>518.0</ele>
      </trkpt>
      <trkpt lat="44.21714" lon="5.2426">
        <ele>523.0</ele>
      </trkpt>
      <trkpt lat="44.21706" lon="5.24238">
        <ele>525.0</ele>
      </trkpt>
      <trkpt lat="44.21676" lon="5.24175">
        <ele>526.0</ele>
      </trkpt>
      <trkpt lat="44.2167" lon="5.24158">
        <ele>526.0</ele>
      </trkpt>
      <trkpt lat="44.21666" lon="5.24141">
        <ele>525.0</ele>
      </trkpt>
      <trkpt lat="44.21664" lon="5.24124">
        <ele>523.0</ele>
      </trkpt>
      <trkpt lat="44.21663" lon="5.24106">
        <ele>522.0</ele>
      </trkpt>
      <trkpt lat="44.21664" lon="5.24086">
        <ele>523.0</ele>
      </trkpt>
      <trkpt lat="44.21666" lon="5.24048">
        <ele>524.0</ele>
      </trkpt>
      <trkpt lat="44.21673" lon="5.24005">
        <ele>527.0</ele>
      </trkpt>
      <trkpt lat="44.21683" lon="5.23961">
        <ele>522.0</ele>
      </trkpt>
      <trkpt lat="44.2169" lon="5.23942">
        <ele>521.0</ele>
      </trkpt>
      <trkpt lat="44.21698" lon="5.23924">
        <ele>522.0</ele>
      </trkpt>
      <trkpt lat="44.21707" lon="5.23908">
        <ele>522.0</ele>
      </trkpt>
      <trkpt lat="44.21718" lon="5.23893">
        <ele>522.0</ele>
      </trkpt>
      <trkpt lat="44.2173" lon="5.23879">
        <ele>524.0</ele>
      </trkpt>
      <trkpt lat="44.21743" lon="5.23867">
        <ele>527.0</ele>
      </trkpt>
      <trkpt lat="44.21751" lon="5.23862">
        <ele>530.0</ele>
      </trkpt>
      <trkpt lat="44.21769" lon="5.23855">
        <ele>533.0</ele>
      </trkpt>
      <trkpt lat="44.21797" lon="5.23847">
        <ele>541.0</ele>
      </trkpt>
      <trkpt lat="44.21811" lon="5.23841">
        <ele>545.0</ele>
      </trkpt>
      <trkpt lat="44.21843" lon="5.23822">
        <ele>551.0</ele>
      </trkpt>
      <trkpt lat="44.21853" lon="5.23817">
        <ele>552.0</ele>
      </trkpt>
      <trkpt lat="44.21862" lon="5.23814">
        <ele>553.0</ele>
      </trkpt>
      <trkpt lat="44.21875" lon="5.2381">
        <ele>554.0</ele>
      </trkpt>
      <trkpt lat="44.21939" lon="5.23801">
        <ele>567.0</ele>
      </trkpt>
      <trkpt lat="44.21951" lon="5.23797">
        <ele>570.0</ele>
      </trkpt>
      <trkpt lat="44.21966" lon="5.23788">
        <ele>572.0</ele>
      </trkpt>
      <trkpt lat="44.2198" lon="5.23779">
        <ele>575.0</ele>
      </trkpt>
      <trkpt lat="44.21983" lon="5.23775">
        <ele>575.0</ele>
      </trkpt>
      <trkpt lat="44.21985" lon="5.2377">
        <ele>575.0</ele>
      </trkpt>
      <trkpt lat="44.21987" lon="5.23764">
        <ele>574.0</ele>
      </trkpt>
      <trkpt lat="44.21988" lon="5.23759">
        <ele>574.0</ele>
      </trkpt>
      <trkpt lat="44.21987" lon="5.23752">
        <ele>573.0</ele>
      </trkpt>
      <trkpt lat="44.21986" lon="5.23746">
        <ele>573.0</ele>
      </trkpt>
      <trkpt lat="44.21983" lon="5.23741">
        <ele>572.0</ele>
      </trkpt>
      <trkpt lat="44.21979" lon="5.23737">
        <ele>571.0</ele>
      </trkpt>
      <trkpt lat="44.2196" lon="5.23723">
        <ele>567.0</ele>
      </trkpt>
      <trkpt lat="44.21956" lon="5.23719">
        <ele>566.0</ele>
      </trkpt>
      <trkpt lat="44.21948" lon="5.23704">
        <ele>565.0</ele>
      </trkpt>
      <trkpt lat="44.21946" lon="5.23698">
        <ele>565.0</ele>
      </trkpt>
      <trkpt lat="44.21945" lon="5.23689">
        <ele>565.0</ele>
      </trkpt>
      <trkpt lat="44.21946" lon="5.23679">
        <ele>566.0</ele>
      </trkpt>
      <trkpt lat="44.2195" lon="5.2366">
        <ele>568.0</ele>
      </trkpt>
      <trkpt lat="44.21965" lon="5.23623">
        <ele>574.0</ele>
      </trkpt>
      <trkpt lat="44.21969" lon="5.23608">
        <ele>576.0</ele>
      </trkpt>
      <trkpt lat="44.21967" lon="5.23595">
        <ele>576.0</ele>
      </trkpt>
      <trkpt lat="44.21961" lon="5.23585">
        <ele>576.0</ele>
      </trkpt>
      <trkpt lat="44.21951" lon="5.23578">
        <ele>575.0</ele>
      </trkpt>
      <trkpt lat="44.21938" lon="5.23574">
        <ele>573.0</ele>
      </trkpt>
      <trkpt lat="44.21926" lon="5.23568">
        <ele>572.0</ele>
      </trkpt>
      <trkpt lat="44.21915" lon="5.23559">
        <ele>571.0</ele>
      </trkpt>
      <trkpt lat="44.219" lon="5.2355">
        <ele>571.0</ele>
      </trkpt>
      <trkpt lat="44.21877" lon="5.23539">
        <ele>569.0</ele>
      </trkpt>
      <trkpt lat="44.21866" lon="5.23533">
        <ele>568.0</ele>
      </trkpt>
      <trkpt lat="44.21856" lon="5.23519">
        <ele>568.0</ele>
      </trkpt>
      <trkpt lat="44.21852" lon="5.23508">
        <ele>568.0</ele>
      </trkpt>
      <trkpt lat="44.2185" lon="5.23497">
        <ele>569.0</ele>
      </trkpt>
      <trkpt lat="44.21849" lon="5.23479">
        <ele>569.0</ele>
      </trkpt>
      <trkpt lat="44.21851" lon="5.2343">
        <ele>571.0</ele>
      </trkpt>
      <trkpt lat="44.21854" lon="5.23396">
        <ele>573.0</ele>
      </trkpt>
      <trkpt lat="44.21861" lon="5.23361">
        <ele>575.0</ele>
      </trkpt>
      <trkpt lat="44.21863" lon="5.23348">
        <ele>576.0</ele>
      </trkpt>
      <trkpt lat="44.21864" lon="5.23337">
        <ele>576.0</ele>
      </trkpt>
      <trkpt lat="44.21861" lon="5.23302">
        <ele>576.0</ele>
      </trkpt>
      <trkpt lat="44.21862" lon="5.23286">
        <ele>577.0</ele>
      </trkpt>
      <trkpt lat="44.21865" lon="5.23254">
        <ele>578.0</ele>
      </trkpt>
      <trkpt lat="44.21865" lon="5.23236">
        <ele>579.0</ele>
      </trkpt>
      <trkpt lat="44.21863" lon="5.23224">
        <ele>579.0</ele>
      </trkpt>
      <trkpt lat="44.21859" lon="5.23214">
        <ele>579.0</ele>
      </trkpt>
      <trkpt lat="44.21851" lon="5.23206">
        <ele>578.0</ele>
      </trkpt>
      <trkpt lat="44.21835" lon="5.23194">
        <ele>576.0</ele>
      </trkpt>
      <trkpt lat="44.21824" lon="5.2318">
        <ele>576.0</ele>
      </trkpt>
      <trkpt lat="44.21819" lon="5.23168">
        <ele>577.0</ele>
      </trkpt>
      <trkpt lat="44.21817" lon="5.23151">
        <ele>577.0</ele>
      </trkpt>
      <trkpt lat="44.21819" lon="5.23129">
        <ele>577.0</ele>
      </trkpt>
      <trkpt lat="44.21827" lon="5.23083">
        <ele>579.0</ele>
      </trkpt>
      <trkpt lat="44.21874" lon="5.2286">
        <ele>576.0</ele>
      </trkpt>
      <trkpt lat="44.21879" lon="5.22844">
        <ele>575.0</ele>
      </trkpt>
      <trkpt lat="44.21882" lon="5.22841">
        <ele>575.0</ele>
      </trkpt>
      <trkpt lat="44.21885" lon="5.22836">
        <ele>575.0</ele>
      </trkpt>
      <trkpt lat="44.21894" lon="5.22829">
        <ele>575.0</ele>
      </trkpt>
      <trkpt lat="44.21904" lon="5.22829">
        <ele>576.0</ele>
      </trkpt>
      <trkpt lat="44.21953" lon="5.22849">
        <ele>584.0</ele>
      </trkpt>
      <trkpt lat="44.21958" lon="5.22849">
        <ele>584.0</ele>
      </trkpt>
      <trkpt lat="44.21967" lon="5.22847">
        <ele>585.0</ele>
      </trkpt>
      <trkpt lat="44.21971" lon="5.22842">
        <ele>584.0</ele>
      </trkpt>
      <trkpt lat="44.21973" lon="5.22837">
        <ele>584.0</ele>
      </trkpt>
      <trkpt lat="44.21974" lon="5.22829">
        <ele>583.0</ele>
      </trkpt>
      <trkpt lat="44.21974" lon="5.2282">
        <ele>583.0</ele>
      </trkpt>
      <trkpt lat="44.21963" lon="5.22781">
        <ele>578.0</ele>
      </trkpt>
      <trkpt lat="44.21957" lon="5.22747">
        <ele>574.0</ele>
      </trkpt>
      <trkpt lat="44.21955" lon="5.22729">
        <ele>571.0</ele>
      </trkpt>
      <trkpt lat="44.21955" lon="5.2265">
        <ele>561.0</ele>
      </trkpt>
      <trkpt lat="44.21952" lon="5.22544">
        <ele>548.0</ele>
      </trkpt>
      <trkpt lat="44.21954" lon="5.22523">
        <ele>546.0</ele>
      </trkpt>
      <trkpt lat="44.21971" lon="5.22454">
        <ele>545.0</ele>
      </trkpt>
      <trkpt lat="44.2199" lon="5.22359">
        <ele>541.0</ele>
      </trkpt>
      <trkpt lat="44.21996" lon="5.22337">
        <ele>539.0</ele>
      </trkpt>
      <trkpt lat="44.22002" lon="5.22316">
        <ele>538.0</ele>
      </trkpt>
      <trkpt lat="44.2201" lon="5.22297">
        <ele>537.0</ele>
      </trkpt>
      <trkpt lat="44.2204" lon="5.22244">
        <ele>537.0</ele>
      </trkpt>
      <trkpt lat="44.22051" lon="5.22224">
        <ele>537.0</ele>
      </trkpt>
      <trkpt lat="44.22059" lon="5.22202">
        <ele>536.0</ele>
      </trkpt>
      <trkpt lat="44.22065" lon="5.22178">
        <ele>534.0</ele>
      </trkpt>
      <trkpt lat="44.2207" lon="5.22154">
        <ele>532.0</ele>
      </trkpt>
      <trkpt lat="44.22073" lon="5.22129">
        <ele>531.0</ele>
      </trkpt>
      <trkpt lat="44.22076" lon="5.22053">
        <ele>524.0</ele>
      </trkpt>
      <trkpt lat="44.22078" lon="5.22027">
        <ele>521.0</ele>
      </trkpt>
      <trkpt lat="44.22081" lon="5.22001">
        <ele>519.0</ele>
      </trkpt>
      <trkpt lat="44.2209" lon="5.21952">
        <ele>517.0</ele>
      </trkpt>
      <trkpt lat="44.22101" lon="5.21907">
        <ele>517.0</ele>
      </trkpt>
      <trkpt lat="44.22108" lon="5.21878">
        <ele>517.0</ele>
      </trkpt>
      <trkpt lat="44.22111" lon="5.21856">
        <ele>517.0</ele>
      </trkpt>
      <trkpt lat="44.22112" lon="5.21834">
        <ele>515.0</ele>
      </trkpt>
      <trkpt lat="44.22108" lon="5.21801">
        <ele>510.0</ele>
      </trkpt>
      <trkpt lat="44.22108" lon="5.21779">
        <ele>507.0</ele>
      </trkpt>
      <trkpt lat="44.2211" lon="5.21758">
        <ele>506.0</ele>
      </trkpt>
      <trkpt lat="44.22121" lon="5.21707">
        <ele>507.0</ele>
      </trkpt>
      <trkpt lat="44.22123" lon="5.21689">
        <ele>507.0</ele>
      </trkpt>
      <trkpt lat="44.22121" lon="5.21612">
        <ele>500.0</ele>
      </trkpt>
      <trkpt lat="44.22122" lon="5.21587">
        <ele>499.0</ele>
      </trkpt>
      <trkpt lat="44.22124" lon="5.21563">
        <ele>497.0</ele>
      </trkpt>
      <trkpt lat="44.22135" lon="5.21491">
        <ele>493.0</ele>
      </trkpt>
      <trkpt lat="44.22138" lon="5.21438">
        <ele>487.0</ele>
      </trkpt>
      <trkpt lat="44.2214" lon="5.21415">
        <ele>485.0</ele>
      </trkpt>
      <trkpt lat="44.22144" lon="5.21394">
        <ele>484.0</ele>
      </trkpt>
      <trkpt lat="44.22158" lon="5.21349">
        <ele>484.0</ele>
      </trkpt>
      <trkpt lat="44.22164" lon="5.21323">
        <ele>484.0</ele>
      </trkpt>
      <trkpt lat="44.22167" lon="5.21297">
        <ele>484.0</ele>
      </trkpt>
      <trkpt lat="44.22168" lon="5.21271">
        <ele>483.0</ele>
      </trkpt>
      <trkpt lat="44.22163" lon="5.212">
        <ele>477.0</ele>
      </trkpt>
      <trkpt lat="44.22163" lon="5.21171">
        <ele>476.0</ele>
      </trkpt>
      <trkpt lat="44.22192" lon="5.20775">
        <ele>452.0</ele>
      </trkpt>
      <trkpt lat="44.22194" lon="5.20717">
        <ele>449.0</ele>
      </trkpt>
      <trkpt lat="44.22194" lon="5.20623">
        <ele>442.0</ele>
      </trkpt>
      <trkpt lat="44.22196" lon="5.20604">
        <ele>441.0</ele>
      </trkpt>
      <trkpt lat="44.22201" lon="5.20584">
        <ele>441.0</ele>
      </trkpt>
      <trkpt lat="44.22206" lon="5.20569">
        <ele>439.0</ele>
      </trkpt>
      <trkpt lat="44.22213" lon="5.20555">
        <ele>438.0</ele>
      </trkpt>
      <trkpt lat="44.22234" lon="5.20527">
        <ele>437.0</ele>
      </trkpt>
      <trkpt lat="44.22244" lon="5.20508">
        <ele>435.0</ele>
      </trkpt>
      <trkpt lat="44.22255" lon="5.20475">
        <ele>432.0</ele>
      </trkpt>
      <trkpt lat="44.22269" lon="5.2041">
        <ele>426.0</ele>
      </trkpt>
      <trkpt lat="44.22278" lon="5.20384">
        <ele>424.0</ele>
      </trkpt>
      <trkpt lat="44.22286" lon="5.2037">
        <ele>424.0</ele>
      </trkpt>
      <trkpt lat="44.22298" lon="5.20354">
        <ele>423.0</ele>
      </trkpt>
      <trkpt lat="44.22315" lon="5.20339">
        <ele>422.0</ele>
      </trkpt>
      <trkpt lat="44.22328" lon="5.20332">
        <ele>421.0</ele>
      </trkpt>
      <trkpt lat="44.2235" lon="5.20325">
        <ele>420.0</ele>
      </trkpt>
      <trkpt lat="44.22363" lon="5.20325">
        <ele>420.0</ele>
      </trkpt>
      <trkpt lat="44.22372" lon="5.20326">
        <ele>420.0</ele>
      </trkpt>
      <trkpt lat="44.22382" lon="5.2033">
        <ele>420.0</ele>
      </trkpt>
      <trkpt lat="44.22394" lon="5.20338">
        <ele>422.0</ele>
      </trkpt>
      <trkpt lat="44.22413" lon="5.20353">
        <ele>424.0</ele>
      </trkpt>
      <trkpt lat="44.22422" lon="5.20356">
        <ele>426.0</ele>
      </trkpt>
      <trkpt lat="44.22429" lon="5.20355">
        <ele>426.0</ele>
      </trkpt>
      <trkpt lat="44.22436" lon="5.20351">
        <ele>427.0</ele>
      </trkpt>
      <trkpt lat="44.22442" lon="5.20343">
        <ele>426.0</ele>
      </trkpt>
      <trkpt lat="44.22446" lon="5.20333">
        <ele>425.0</ele>
      </trkpt>
      <trkpt lat="44.22447" lon="5.20322">
        <ele>423.0</ele>
      </trkpt>
      <trkpt lat="44.22448" lon="5.20305">
        <ele>420.0</ele>
      </trkpt>
      <trkpt lat="44.22451" lon="5.20293">
        <ele>418.0</ele>
      </trkpt>
      <trkpt lat="44.22455" lon="5.20284">
        <ele>417.0</ele>
      </trkpt>
      <trkpt lat="44.22469" lon="5.20271">
        <ele>416.0</ele>
      </trkpt>
      <trkpt lat="44.22477" lon="5.20265">
        <ele>416.0</ele>
      </trkpt>
      <trkpt lat="44.22516" lon="5.20245">
        <ele>417.0</ele>
      </trkpt>
      <trkpt lat="44.22552" lon="5.20222">
        <ele>418.0</ele>
      </trkpt>
      <trkpt lat="44.22575" lon="5.20204">
        <ele>418.0</ele>
      </trkpt>
      <trkpt lat="44.22592" lon="5.20188">
        <ele>417.0</ele>
      </trkpt>
      <trkpt lat="44.22609" lon="5.2017">
        <ele>415.0</ele>
      </trkpt>
      <trkpt lat="44.22632" lon="5.20138">
        <ele>415.0</ele>
      </trkpt>
      <trkpt lat="44.22642" lon="5.20121">
        <ele>414.0</ele>
      </trkpt>
      <trkpt lat="44.22652" lon="5.20094">
        <ele>413.0</ele>
      </trkpt>
      <trkpt lat="44.22661" lon="5.20075">
        <ele>412.0</ele>
      </trkpt>
      <trkpt lat="44.22677" lon="5.20051">
        <ele>412.0</ele>
      </trkpt>
      <trkpt lat="44.22712" lon="5.20017">
        <ele>413.0</ele>
      </trkpt>
      <trkpt lat="44.22742" lon="5.19971">
        <ele>410.0</ele>
      </trkpt>
      <trkpt lat="44.22755" lon="5.19957">
        <ele>410.0</ele>
      </trkpt>
      <trkpt lat="44.22796" lon="5.19924">
        <ele>410.0</ele>
      </trkpt>
      <trkpt lat="44.22808" lon="5.19905">
        <ele>410.0</ele>
      </trkpt>
      <trkpt lat="44.22814" lon="5.19886">
        <ele>409.0</ele>
      </trkpt>
      <trkpt lat="44.22816" lon="5.19868">
        <ele>407.0</ele>
      </trkpt>
      <trkpt lat="44.22817" lon="5.19843">
        <ele>405.0</ele>
      </trkpt>
      <trkpt lat="44.22818" lon="5.19832">
        <ele>404.0</ele>
      </trkpt>
      <trkpt lat="44.22824" lon="5.19817">
        <ele>403.0</ele>
      </trkpt>
      <trkpt lat="44.22832" lon="5.19807">
        <ele>403.0</ele>
      </trkpt>
      <trkpt lat="44.22846" lon="5.19802">
        <ele>404.0</ele>
      </trkpt>
      <trkpt lat="44.22857" lon="5.19802">
        <ele>405.0</ele>
      </trkpt>
      <trkpt lat="44.22886" lon="5.19805">
        <ele>408.0</ele>
      </trkpt>
      <trkpt lat="44.22894" lon="5.19802">
        <ele>409.0</ele>
      </trkpt>
      <trkpt lat="44.229" lon="5.19796">
        <ele>409.0</ele>
      </trkpt>
      <trkpt lat="44.22905" lon="5.19787">
        <ele>409.0</ele>
      </trkpt>
      <trkpt lat="44.22907" lon="5.19777">
        <ele>409.0</ele>
      </trkpt>
      <trkpt lat="44.22906" lon="5.19763">
        <ele>408.0</ele>
      </trkpt>
      <trkpt lat="44.229" lon="5.19746">
        <ele>407.0</ele>
      </trkpt>
      <trkpt lat="44.22892" lon="5.19735">
        <ele>406.0</ele>
      </trkpt>
      <trkpt lat="44.22872" lon="5.19717">
        <ele>403.0</ele>
      </trkpt>
      <trkpt lat="44.22861" lon="5.19705">
        <ele>402.0</ele>
      </trkpt>
      <trkpt lat="44.22847" lon="5.19677">
        <ele>399.0</ele>
      </trkpt>
      <trkpt lat="44.22839" lon="5.19656">
        <ele>398.0</ele>
      </trkpt>
      <trkpt lat="44.22832" lon="5.19632">
        <ele>397.0</ele>
      </trkpt>
      <trkpt lat="44.22821" lon="5.19588">
        <ele>397.0</ele>
      </trkpt>
      <trkpt lat="44.22816" lon="5.19566">
        <ele>398.0</ele>
      </trkpt>
      <trkpt lat="44.22812" lon="5.19546">
        <ele>398.0</ele>
      </trkpt>
      <trkpt lat="44.22802" lon="5.19487">
        <ele>398.0</ele>
      </trkpt>
      <trkpt lat="44.22785" lon="5.19415">
        <ele>397.0</ele>
      </trkpt>
      <trkpt lat="44.22784" lon="5.19387">
        <ele>396.0</ele>
      </trkpt>
      <trkpt lat="44.22786" lon="5.1932">
        <ele>395.0</ele>
      </trkpt>
      <trkpt lat="44.2279" lon="5.19285">
        <ele>394.0</ele>
      </trkpt>
      <trkpt lat="44.22797" lon="5.19258">
        <ele>394.0</ele>
      </trkpt>
      <trkpt lat="44.22811" lon="5.19227">
        <ele>395.0</ele>
      </trkpt>
      <trkpt lat="44.2282" lon="5.19205">
        <ele>395.0</ele>
      </trkpt>
      <trkpt lat="44.22827" lon="5.19176">
        <ele>394.0</ele>
      </trkpt>
      <trkpt lat="44.22833" lon="5.19125">
        <ele>392.0</ele>
      </trkpt>
      <trkpt lat="44.22845" lon="5.19051">
        <ele>391.0</ele>
      </trkpt>
      <trkpt lat="44.22859" lon="5.18982">
        <ele>390.0</ele>
      </trkpt>
      <trkpt lat="44.22847" lon="5.18975">
        <ele>389.0</ele>
      </trkpt>
      <trkpt lat="44.22841" lon="5.18973">
        <ele>389.0</ele>
      </trkpt>
      <trkpt lat="44.22837" lon="5.18973">
        <ele>389.0</ele>
      </trkpt>
      <trkpt lat="44.22833" lon="5.18974">
        <ele>389.0</ele>
      </trkpt>
      <trkpt lat="44.22823" lon="5.18982">
        <ele>389.0</ele>
      </trkpt>
      <trkpt lat="44.22789" lon="5.19015">
        <ele>387.0</ele>
      </trkpt>
      <trkpt lat="44.22773" lon="5.19028">
        <ele>386.0</ele>
      </trkpt>
      <trkpt lat="44.22754" lon="5.19039">
        <ele>384.0</ele>
      </trkpt>
      <trkpt lat="44.22735" lon="5.19044">
        <ele>383.0</ele>
      </trkpt>
      <trkpt lat="44.22719" lon="5.19043">
        <ele>382.0</ele>
      </trkpt>
      <trkpt lat="44.22704" lon="5.19041">
        <ele>381.0</ele>
      </trkpt>
      <trkpt lat="44.22681" lon="5.19034">
        <ele>380.0</ele>
      </trkpt>
      <trkpt lat="44.22669" lon="5.19033">
        <ele>380.0</ele>
      </trkpt>
      <trkpt lat="44.22663" lon="5.19035">
        <ele>379.0</ele>
      </trkpt>
      <trkpt lat="44.22657" lon="5.1904">
        <ele>377.0</ele>
      </trkpt>
      <trkpt lat="44.22653" lon="5.19052">
        <ele>376.0</ele>
      </trkpt>
      <trkpt lat="44.22652" lon="5.19065">
        <ele>376.0</ele>
      </trkpt>
      <trkpt lat="44.22654" lon="5.19076">
        <ele>375.0</ele>
      </trkpt>
      <trkpt lat="44.22658" lon="5.19087">
        <ele>375.0</ele>
      </trkpt>
      <trkpt lat="44.2267" lon="5.19109">
        <ele>375.0</ele>
      </trkpt>
      <trkpt lat="44.2269" lon="5.1913">
        <ele>375.0</ele>
      </trkpt>
      <trkpt lat="44.22697" lon="5.19142">
        <ele>375.0</ele>
      </trkpt>
      <trkpt lat="44.227" lon="5.19152">
        <ele>374.0</ele>
      </trkpt>
      <trkpt lat="44.22701" lon="5.19162">
        <ele>374.0</ele>
      </trkpt>
      <trkpt lat="44.22699" lon="5.19171">
        <ele>373.0</ele>
      </trkpt>
      <trkpt lat="44.22694" lon="5.1918">
        <ele>373.0</ele>
      </trkpt>
      <trkpt lat="44.22678" lon="5.19198">
        <ele>372.0</ele>
      </trkpt>
      <trkpt lat="44.22635" lon="5.19224">
        <ele>367.0</ele>
      </trkpt>
      <trkpt lat="44.22604" lon="5.19256">
        <ele>363.0</ele>
      </trkpt>
      <trkpt lat="44.22589" lon="5.19271">
        <ele>361.0</ele>
      </trkpt>
      <trkpt lat="44.22576" lon="5.19281">
        <ele>359.0</ele>
      </trkpt>
      <trkpt lat="44.22567" lon="5.19294">
        <ele>358.0</ele>
      </trkpt>
      <trkpt lat="44.22564" lon="5.19302">
        <ele>358.0</ele>
      </trkpt>
      <trkpt lat="44.22563" lon="5.1931">
        <ele>358.0</ele>
      </trkpt>
      <trkpt lat="44.22561" lon="5.19316">
        <ele>358.0</ele>
      </trkpt>
      <trkpt lat="44.22544" lon="5.19343">
        <ele>357.0</ele>
      </trkpt>
      <trkpt lat="44.22528" lon="5.19359">
        <ele>356.0</ele>
      </trkpt>
      <trkpt lat="44.22515" lon="5.1937">
        <ele>355.0</ele>
      </trkpt>
      <trkpt lat="44.22501" lon="5.19385">
        <ele>354.0</ele>
      </trkpt>
      <trkpt lat="44.22492" lon="5.19403">
        <ele>354.0</ele>
      </trkpt>
      <trkpt lat="44.22476" lon="5.1944">
        <ele>352.0</ele>
      </trkpt>
      <trkpt lat="44.22466" lon="5.19459">
        <ele>351.0</ele>
      </trkpt>
      <trkpt lat="44.22458" lon="5.1947">
        <ele>350.0</ele>
      </trkpt>
      <trkpt lat="44.22437" lon="5.19495">
        <ele>348.0</ele>
      </trkpt>
      <trkpt lat="44.22414" lon="5.19517">
        <ele>347.0</ele>
      </trkpt>
      <trkpt lat="44.22403" lon="5.19525">
        <ele>347.0</ele>
      </trkpt>
      <trkpt lat="44.22377" lon="5.19537">
        <ele>347.0</ele>
      </trkpt>
      <trkpt lat="44.22359" lon="5.19548">
        <ele>347.0</ele>
      </trkpt>
      <trkpt lat="44.22341" lon="5.19563">
        <ele>347.0</ele>
      </trkpt>
      <trkpt lat="44.22324" lon="5.19578">
        <ele>348.0</ele>
      </trkpt>
      <trkpt lat="44.22314" lon="5.19593">
        <ele>348.0</ele>
      </trkpt>
      <trkpt lat="44.22306" lon="5.19614">
        <ele>347.0</ele>
      </trkpt>
      <trkpt lat="44.22286" lon="5.19708">
        <ele>347.0</ele>
      </trkpt>
      <trkpt lat="44.2228" lon="5.19723">
        <ele>347.0</ele>
      </trkpt>
      <trkpt lat="44.22274" lon="5.19731">
        <ele>347.0</ele>
      </trkpt>
      <trkpt lat="44.22265" lon="5.19737">
        <ele>346.0</ele>
      </trkpt>
      <trkpt lat="44.22245" lon="5.19744">
        <ele>346.0</ele>
      </trkpt>
      <trkpt lat="44.2222" lon="5.1975">
        <ele>345.0</ele>
      </trkpt>
      <trkpt lat="44.22195" lon="5.1976">
        <ele>346.0</ele>
      </trkpt>
      <trkpt lat="44.22184" lon="5.19766">
        <ele>347.0</ele>
      </trkpt>
      <trkpt lat="44.22166" lon="5.19773">
        <ele>347.0</ele>
      </trkpt>
      <trkpt lat="44.22155" lon="5.19775">
        <ele>348.0</ele>
      </trkpt>
      <trkpt lat="44.22144" lon="5.19774">
        <ele>348.0</ele>
      </trkpt>
      <trkpt lat="44.22129" lon="5.19766">
        <ele>348.0</ele>
      </trkpt>
      <trkpt lat="44.22116" lon="5.19757">
        <ele>347.0</ele>
      </trkpt>
      <trkpt lat="44.22108" lon="5.19753">
        <ele>347.0</ele>
      </trkpt>
      <trkpt lat="44.22103" lon="5.19752">
        <ele>347.0</ele>
      </trkpt>
      <trkpt lat="44.22099" lon="5.19752">
        <ele>347.0</ele>
      </trkpt>
      <trkpt lat="44.22095" lon="5.19753">
        <ele>348.0</ele>
      </trkpt>
      <trkpt lat="44.22092" lon="5.19756">
        <ele>348.0</ele>
      </trkpt>
      <trkpt lat="44.22089" lon="5.1976">
        <ele>348.0</ele>
      </trkpt>
      <trkpt lat="44.22086" lon="5.19768">
        <ele>349.0</ele>
      </trkpt>
      <trkpt lat="44.22077" lon="5.19798">
        <ele>351.0</ele>
      </trkpt>
      <trkpt lat="44.22073" lon="5.19808">
        <ele>351.0</ele>
      </trkpt>
      <trkpt lat="44.22068" lon="5.19816">
        <ele>351.0</ele>
      </trkpt>
      <trkpt lat="44.22058" lon="5.19827">
        <ele>351.0</ele>
      </trkpt>
      <trkpt lat="44.22025" lon="5.19862">
        <ele>350.0</ele>
      </trkpt>
      <trkpt lat="44.21983" lon="5.19903">
        <ele>349.0</ele>
      </trkpt>
      <trkpt lat="44.21978" lon="5.19907">
        <ele>349.0</ele>
      </trkpt>
      <trkpt lat="44.21972" lon="5.19908">
        <ele>348.0</ele>
      </trkpt>
      <trkpt lat="44.21965" lon="5.19905">
        <ele>348.0</ele>
      </trkpt>
      <trkpt lat="44.21951" lon="5.19894">
        <ele>346.0</ele>
      </trkpt>
      <trkpt lat="44.21937" lon="5.19889">
        <ele>345.0</ele>
      </trkpt>
      <trkpt lat="44.21926" lon="5.19888">
        <ele>345.0</ele>
      </trkpt>
      <trkpt lat="44.21918" lon="5.19891">
        <ele>344.0</ele>
      </trkpt>
      <trkpt lat="44.21909" lon="5.199">
        <ele>344.0</ele>
      </trkpt>
      <trkpt lat="44.21895" lon="5.19927">
        <ele>343.0</ele>
      </trkpt>
      <trkpt lat="44.21885" lon="5.1995">
        <ele>342.0</ele>
      </trkpt>
      <trkpt lat="44.21866" lon="5.19982">
        <ele>339.0</ele>
      </trkpt>
      <trkpt lat="44.21864" lon="5.1999">
        <ele>338.0</ele>
      </trkpt>
      <trkpt lat="44.21863" lon="5.19998">
        <ele>338.0</ele>
      </trkpt>
      <trkpt lat="44.21864" lon="5.20008">
        <ele>338.0</ele>
      </trkpt>
      <trkpt lat="44.21866" lon="5.20018">
        <ele>339.0</ele>
      </trkpt>
      <trkpt lat="44.21874" lon="5.2004">
        <ele>341.0</ele>
      </trkpt>
      <trkpt lat="44.21875" lon="5.20047">
        <ele>341.0</ele>
      </trkpt>
      <trkpt lat="44.21874" lon="5.20055">
        <ele>341.0</ele>
      </trkpt>
      <trkpt lat="44.21873" lon="5.2006">
        <ele>341.0</ele>
      </trkpt>
      <trkpt lat="44.21869" lon="5.20066">
        <ele>341.0</ele>
      </trkpt>
      <trkpt lat="44.21865" lon="5.20069">
        <ele>340.0</ele>
      </trkpt>
      <trkpt lat="44.21859" lon="5.2007">
        <ele>339.0</ele>
      </trkpt>
      <trkpt lat="44.21836" lon="5.2007">
        <ele>335.0</ele>
      </trkpt>
      <trkpt lat="44.21829" lon="5.20073">
        <ele>334.0</ele>
      </trkpt>
      <trkpt lat="44.21825" lon="5.20076">
        <ele>333.0</ele>
      </trkpt>
      <trkpt lat="44.21821" lon="5.20081">
        <ele>332.0</ele>
      </trkpt>
      <trkpt lat="44.21818" lon="5.20087">
        <ele>331.0</ele>
      </trkpt>
      <trkpt lat="44.21818" lon="5.20098">
        <ele>332.0</ele>
      </trkpt>
      <trkpt lat="44.2182" lon="5.20118">
        <ele>332.0</ele>
      </trkpt>
      <trkpt lat="44.2182" lon="5.2014">
        <ele>333.0</ele>
      </trkpt>
      <trkpt lat="44.21819" lon="5.20169">
        <ele>333.0</ele>
      </trkpt>
      <trkpt lat="44.21817" lon="5.20211">
        <ele>332.0</ele>
      </trkpt>
      <trkpt lat="44.21815" lon="5.20288">
        <ele>330.0</ele>
      </trkpt>
      <trkpt lat="44.21816" lon="5.20311">
        <ele>330.0</ele>
      </trkpt>
      <trkpt lat="44.21817" lon="5.20339">
        <ele>330.0</ele>
      </trkpt>
      <trkpt lat="44.21817" lon="5.20388">
        <ele>328.0</ele>
      </trkpt>
      <trkpt lat="44.21814" lon="5.20424">
        <ele>326.0</ele>
      </trkpt>
      <trkpt lat="44.21808" lon="5.20593">
        <ele>320.0</ele>
      </trkpt>
      <trkpt lat="44.21809" lon="5.20621">
        <ele>320.0</ele>
      </trkpt>
      <trkpt lat="44.21815" lon="5.20691">
        <ele>322.0</ele>
      </trkpt>
      <trkpt lat="44.21814" lon="5.20728">
        <ele>322.0</ele>
      </trkpt>
      <trkpt lat="44.21814" lon="5.2076">
        <ele>323.0</ele>
      </trkpt>
      <trkpt lat="44.21821" lon="5.208">
        <ele>325.0</ele>
      </trkpt>
      <trkpt lat="44.21825" lon="5.2085">
        <ele>326.0</ele>
      </trkpt>
      <trkpt lat="44.21825" lon="5.20872">
        <ele>326.0</ele>
      </trkpt>
      <trkpt lat="44.21821" lon="5.20919">
        <ele>326.0</ele>
      </trkpt>
      <trkpt lat="44.21812" lon="5.20982">
        <ele>327.0</ele>
      </trkpt>
      <trkpt lat="44.21807" lon="5.21007">
        <ele>328.0</ele>
      </trkpt>
      <trkpt lat="44.21801" lon="5.2103">
        <ele>328.0</ele>
      </trkpt>
      <trkpt lat="44.21797" lon="5.21046">
        <ele>328.0</ele>
      </trkpt>
      <trkpt lat="44.21787" lon="5.21077">
        <ele>328.0</ele>
      </trkpt>
      <trkpt lat="44.21778" lon="5.21098">
        <ele>328.0</ele>
      </trkpt>
      <trkpt lat="44.21774" lon="5.21106">
        <ele>327.0</ele>
      </trkpt>
      <trkpt lat="44.21758" lon="5.21115">
        <ele>326.0</ele>
      </trkpt>
      <trkpt lat="44.21721" lon="5.21131">
        <ele>323.0</ele>
      </trkpt>
      <trkpt lat="44.21695" lon="5.21151">
        <ele>322.0</ele>
      </trkpt>
      <trkpt lat="44.21675" lon="5.21169">
        <ele>322.0</ele>
      </trkpt>
      <trkpt lat="44.21627" lon="5.21202">
        <ele>320.0</ele>
      </trkpt>
      <trkpt lat="44.21595" lon="5.21223">
        <ele>320.0</ele>
      </trkpt>
      <trkpt lat="44.21579" lon="5.2124">
        <ele>320.0</ele>
      </trkpt>
      <trkpt lat="44.21542" lon="5.21299">
        <ele>320.0</ele>
      </trkpt>
      <trkpt lat="44.21531" lon="5.21326">
        <ele>321.0</ele>
      </trkpt>
      <trkpt lat="44.21524" lon="5.21347">
        <ele>321.0</ele>
      </trkpt>
      <trkpt lat="44.21518" lon="5.21363">
        <ele>322.0</ele>
      </trkpt>
      <trkpt lat="44.21514" lon="5.21376">
        <ele>322.0</ele>
      </trkpt>
      <trkpt lat="44.21512" lon="5.21382">
        <ele>322.0</ele>
      </trkpt>
      <trkpt lat="44.21508" lon="5.21386">
        <ele>322.0</ele>
      </trkpt>
      <trkpt lat="44.21506" lon="5.21385">
        <ele>322.0</ele>
      </trkpt>
      <trkpt lat="44.21497" lon="5.21384">
        <ele>322.0</ele>
      </trkpt>
      <trkpt lat="44.21493" lon="5.21382">
        <ele>323.0</ele>
      </trkpt>
      <trkpt lat="44.21489" lon="5.21379">
        <ele>323.0</ele>
      </trkpt>
      <trkpt lat="44.21484" lon="5.21373">
        <ele>324.0</ele>
      </trkpt>
      <trkpt lat="44.21477" lon="5.21357">
        <ele>323.0</ele>
      </trkpt>
      <trkpt lat="44.21469" lon="5.2133">
        <ele>323.0</ele>
      </trkpt>
      <trkpt lat="44.21458" lon="5.21286">
        <ele>321.0</ele>
      </trkpt>
      <trkpt lat="44.21451" lon="5.21266">
        <ele>320.0</ele>
      </trkpt>
      <trkpt lat="44.21442" lon="5.21249">
        <ele>319.0</ele>
      </trkpt>
      <trkpt lat="44.21346" lon="5.21092">
        <ele>319.0</ele>
      </trkpt>
      <trkpt lat="44.21335" lon="5.21074">
        <ele>319.0</ele>
      </trkpt>
      <trkpt lat="44.21326" lon="5.21055">
        <ele>320.0</ele>
      </trkpt>
      <trkpt lat="44.21318" lon="5.21035">
        <ele>321.0</ele>
      </trkpt>
      <trkpt lat="44.21314" lon="5.21012">
        <ele>321.0</ele>
      </trkpt>
      <trkpt lat="44.21311" lon="5.20989">
        <ele>321.0</ele>
      </trkpt>
      <trkpt lat="44.21307" lon="5.20968">
        <ele>322.0</ele>
      </trkpt>
      <trkpt lat="44.21298" lon="5.20943">
        <ele>323.0</ele>
      </trkpt>
      <trkpt lat="44.21265" lon="5.20871">
        <ele>328.0</ele>
      </trkpt>
      <trkpt lat="44.21262" lon="5.20863">
        <ele>328.0</ele>
      </trkpt>
      <trkpt lat="44.21252" lon="5.20839">
        <ele>329.0</ele>
      </trkpt>
      <trkpt lat="44.21235" lon="5.20795">
        <ele>329.0</ele>
      </trkpt>
      <trkpt lat="44.21222" lon="5.20756">
        <ele>330.0</ele>
      </trkpt>
      <trkpt lat="44.21217" lon="5.20725">
        <ele>331.0</ele>
      </trkpt>
      <trkpt lat="44.21217" lon="5.20704">
        <ele>332.0</ele>
      </trkpt>
      <trkpt lat="44.21219" lon="5.2068">
        <ele>332.0</ele>
      </trkpt>
      <trkpt lat="44.21224" lon="5.20655">
        <ele>332.0</ele>
      </trkpt>
      <trkpt lat="44.21237" lon="5.20603">
        <ele>330.0</ele>
      </trkpt>
      <trkpt lat="44.2124" lon="5.20585">
        <ele>330.0</ele>
      </trkpt>
      <trkpt lat="44.21242" lon="5.20563">
        <ele>330.0</ele>
      </trkpt>
      <trkpt lat="44.21243" lon="5.20487">
        <ele>334.0</ele>
      </trkpt>
      <trkpt lat="44.21245" lon="5.20462">
        <ele>336.0</ele>
      </trkpt>
      <trkpt lat="44.21248" lon="5.20453">
        <ele>337.0</ele>
      </trkpt>
      <trkpt lat="44.21255" lon="5.20435">
        <ele>338.0</ele>
      </trkpt>
      <trkpt lat="44.21341" lon="5.20266">
        <ele>335.0</ele>
      </trkpt>
      <trkpt lat="44.21356" lon="5.20239">
        <ele>334.0</ele>
      </trkpt>
      <trkpt lat="44.21372" lon="5.20218">
        <ele>333.0</ele>
      </trkpt>
      <trkpt lat="44.21396" lon="5.20191">
        <ele>331.0</ele>
      </trkpt>
      <trkpt lat="44.21407" lon="5.20173">
        <ele>331.0</ele>
      </trkpt>
      <trkpt lat="44.21414" lon="5.20157">
        <ele>331.0</ele>
      </trkpt>
      <trkpt lat="44.21418" lon="5.20135">
        <ele>331.0</ele>
      </trkpt>
      <trkpt lat="44.21423" lon="5.20102">
        <ele>332.0</ele>
      </trkpt>
      <trkpt lat="44.21425" lon="5.20076">
        <ele>332.0</ele>
      </trkpt>
      <trkpt lat="44.21425" lon="5.20054">
        <ele>332.0</ele>
      </trkpt>
      <trkpt lat="44.21424" lon="5.20037">
        <ele>332.0</ele>
      </trkpt>
      <trkpt lat="44.2142" lon="5.19985">
        <ele>333.0</ele>
      </trkpt>
      <trkpt lat="44.21422" lon="5.19965">
        <ele>335.0</ele>
      </trkpt>
      <trkpt lat="44.21426" lon="5.19951">
        <ele>335.0</ele>
      </trkpt>
      <trkpt lat="44.21433" lon="5.19939">
        <ele>336.0</ele>
      </trkpt>
      <trkpt lat="44.21447" lon="5.1992">
        <ele>336.0</ele>
      </trkpt>
      <trkpt lat="44.21453" lon="5.19909">
        <ele>336.0</ele>
      </trkpt>
      <trkpt lat="44.21459" lon="5.19892">
        <ele>337.0</ele>
      </trkpt>
      <trkpt lat="44.21463" lon="5.19873">
        <ele>338.0</ele>
      </trkpt>
      <trkpt lat="44.21467" lon="5.19836">
        <ele>342.0</ele>
      </trkpt>
      <trkpt lat="44.21476" lon="5.19736">
        <ele>349.0</ele>
      </trkpt>
      <trkpt lat="44.21477" lon="5.19705">
        <ele>349.0</ele>
      </trkpt>
      <trkpt lat="44.21474" lon="5.19687">
        <ele>350.0</ele>
      </trkpt>
      <trkpt lat="44.2147" lon="5.19672">
        <ele>351.0</ele>
      </trkpt>
      <trkpt lat="44.21465" lon="5.19661">
        <ele>351.0</ele>
      </trkpt>
      <trkpt lat="44.21457" lon="5.1965">
        <ele>352.0</ele>
      </trkpt>
      <trkpt lat="44.21442" lon="5.19636">
        <ele>353.0</ele>
      </trkpt>
      <trkpt lat="44.21414" lon="5.19614">
        <ele>355.0</ele>
      </trkpt>
      <trkpt lat="44.21406" lon="5.19609">
        <ele>356.0</ele>
      </trkpt>
      <trkpt lat="44.21394" lon="5.19604">
        <ele>357.0</ele>
      </trkpt>
      <trkpt lat="44.21379" lon="5.19599">
        <ele>358.0</ele>
      </trkpt>
      <trkpt lat="44.21373" lon="5.19596">
        <ele>358.0</ele>
      </trkpt>
      <trkpt lat="44.21369" lon="5.19591">
        <ele>358.0</ele>
      </trkpt>
      <trkpt lat="44.21367" lon="5.19583">
        <ele>358.0</ele>
      </trkpt>
      <trkpt lat="44.21367" lon="5.19575">
        <ele>359.0</ele>
      </trkpt>
      <trkpt lat="44.2137" lon="5.19569">
        <ele>359.0</ele>
      </trkpt>
      <trkpt lat="44.21374" lon="5.19561">
        <ele>360.0</ele>
      </trkpt>
      <trkpt lat="44.21386" lon="5.19546">
        <ele>361.0</ele>
      </trkpt>
      <trkpt lat="44.21392" lon="5.19543">
        <ele>361.0</ele>
      </trkpt>
      <trkpt lat="44.21397" lon="5.19539">
        <ele>362.0</ele>
      </trkpt>
      <trkpt lat="44.21445" lon="5.19523">
        <ele>361.0</ele>
      </trkpt>
      <trkpt lat="44.21475" lon="5.19505">
        <ele>363.0</ele>
      </trkpt>
      <trkpt lat="44.21532" lon="5.19461">
        <ele>362.0</ele>
      </trkpt>
      <trkpt lat="44.21536" lon="5.19457">
        <ele>362.0</ele>
      </trkpt>
      <trkpt lat="44.21538" lon="5.19452">
        <ele>361.0</ele>
      </trkpt>
      <trkpt lat="44.21539" lon="5.19446">
        <ele>361.0</ele>
      </trkpt>
      <trkpt lat="44.21538" lon="5.1944">
        <ele>362.0</ele>
      </trkpt>
      <trkpt lat="44.21535" lon="5.19435">
        <ele>363.0</ele>
      </trkpt>
      <trkpt lat="44.21531" lon="5.19433">
        <ele>364.0</ele>
      </trkpt>
      <trkpt lat="44.21516" lon="5.19433">
        <ele>367.0</ele>
      </trkpt>
      <trkpt lat="44.21499" lon="5.19436">
        <ele>371.0</ele>
      </trkpt>
      <trkpt lat="44.2148" lon="5.19433">
        <ele>372.0</ele>
      </trkpt>
      <trkpt lat="44.21452" lon="5.19422">
        <ele>376.0</ele>
      </trkpt>
      <trkpt lat="44.21383" lon="5.1938">
        <ele>386.0</ele>
      </trkpt>
      <trkpt lat="44.21366" lon="5.19371">
        <ele>388.0</ele>
      </trkpt>
      <trkpt lat="44.21351" lon="5.19367">
        <ele>390.0</ele>
      </trkpt>
      <trkpt lat="44.21318" lon="5.19362">
        <ele>394.0</ele>
      </trkpt>
      <trkpt lat="44.21302" lon="5.19361">
        <ele>396.0</ele>
      </trkpt>
      <trkpt lat="44.2129" lon="5.19362">
        <ele>396.0</ele>
      </trkpt>
      <trkpt lat="44.21273" lon="5.19366">
        <ele>397.0</ele>
      </trkpt>
      <trkpt lat="44.21259" lon="5.19371">
        <ele>398.0</ele>
      </trkpt>
      <trkpt lat="44.21247" lon="5.19374">
        <ele>399.0</ele>
      </trkpt>
      <trkpt lat="44.21238" lon="5.1937">
        <ele>401.0</ele>
      </trkpt>
      <trkpt lat="44.21234" lon="5.19364">
        <ele>402.0</ele>
      </trkpt>
      <trkpt lat="44.21233" lon="5.19353">
        <ele>403.0</ele>
      </trkpt>
      <trkpt lat="44.21234" lon="5.19341">
        <ele>404.0</ele>
      </trkpt>
      <trkpt lat="44.2126" lon="5.19249">
        <ele>403.0</ele>
      </trkpt>
      <trkpt lat="44.21269" lon="5.19217">
        <ele>399.0</ele>
      </trkpt>
      <trkpt lat="44.21271" lon="5.19204">
        <ele>398.0</ele>
      </trkpt>
      <trkpt lat="44.2127" lon="5.19193">
        <ele>398.0</ele>
      </trkpt>
      <trkpt lat="44.21266" lon="5.19183">
        <ele>398.0</ele>
      </trkpt>
      <trkpt lat="44.2126" lon="5.19178">
        <ele>398.0</ele>
      </trkpt>
      <trkpt lat="44.21249" lon="5.19173">
        <ele>399.0</ele>
      </trkpt>
      <trkpt lat="44.21236" lon="5.19172">
        <ele>400.0</ele>
      </trkpt>
      <trkpt lat="44.21222" lon="5.19174">
        <ele>401.0</ele>
      </trkpt>
      <trkpt lat="44.21201" lon="5.19181">
        <ele>403.0</ele>
      </trkpt>
      <trkpt lat="44.21182" lon="5.1919">
        <ele>405.0</ele>
      </trkpt>
      <trkpt lat="44.21173" lon="5.19191">
        <ele>405.0</ele>
      </trkpt>
      <trkpt lat="44.21165" lon="5.1919">
        <ele>406.0</ele>
      </trkpt>
      <trkpt lat="44.2116" lon="5.19184">
        <ele>406.0</ele>
      </trkpt>
      <trkpt lat="44.21156" lon="5.19175">
        <ele>405.0</ele>
      </trkpt>
      <trkpt lat="44.21156" lon="5.19175">
        <ele>405.0</ele>
      </trkpt>
      <trkpt lat="44.21156" lon="5.19165">
        <ele>405.0</ele>
      </trkpt>
      <trkpt lat="44.21159" lon="5.19156">
        <ele>406.0</ele>
      </trkpt>
      <trkpt lat="44.21186" lon="5.19098">
        <ele>409.0</ele>
      </trkpt>
      <trkpt lat="44.21203" lon="5.19077">
        <ele>408.0</ele>
      </trkpt>
      <trkpt lat="44.21212" lon="5.19071">
        <ele>408.0</ele>
      </trkpt>
      <trkpt lat="44.21224" lon="5.19063">
        <ele>408.0</ele>
      </trkpt>
      <trkpt lat="44.21275" lon="5.19035">
        <ele>408.0</ele>
      </trkpt>
      <trkpt lat="44.21304" lon="5.19011">
        <ele>412.0</ele>
      </trkpt>
      <trkpt lat="44.2133" lon="5.18987">
        <ele>414.0</ele>
      </trkpt>
      <trkpt lat="44.21347" lon="5.18967">
        <ele>415.0</ele>
      </trkpt>
      <trkpt lat="44.21353" lon="5.18955">
        <ele>415.0</ele>
      </trkpt>
      <trkpt lat="44.21356" lon="5.18944">
        <ele>415.0</ele>
      </trkpt>
      <trkpt lat="44.21357" lon="5.18933">
        <ele>415.0</ele>
      </trkpt>
      <trkpt lat="44.21352" lon="5.18916">
        <ele>415.0</ele>
      </trkpt>
      <trkpt lat="44.21345" lon="5.1891">
        <ele>413.0</ele>
      </trkpt>
      <trkpt lat="44.21337" lon="5.18908">
        <ele>413.0</ele>
      </trkpt>
      <trkpt lat="44.21326" lon="5.18908">
        <ele>413.0</ele>
      </trkpt>
      <trkpt lat="44.21223" lon="5.1894">
        <ele>417.0</ele>
      </trkpt>
      <trkpt lat="44.21174" lon="5.18952">
        <ele>418.0</ele>
      </trkpt>
      <trkpt lat="44.2115" lon="5.18958">
        <ele>420.0</ele>
      </trkpt>
      <trkpt lat="44.21085" lon="5.18962">
        <ele>423.0</ele>
      </trkpt>
      <trkpt lat="44.21062" lon="5.18964">
        <ele>426.0</ele>
      </trkpt>
      <trkpt lat="44.21037" lon="5.18965">
        <ele>430.0</ele>
      </trkpt>
      <trkpt lat="44.21019" lon="5.18961">
        <ele>431.0</ele>
      </trkpt>
      <trkpt lat="44.21001" lon="5.18953">
        <ele>433.0</ele>
      </trkpt>
      <trkpt lat="44.20988" lon="5.18944">
        <ele>433.0</ele>
      </trkpt>
      <trkpt lat="44.20977" lon="5.18932">
        <ele>434.0</ele>
      </trkpt>
      <trkpt lat="44.20965" lon="5.18914">
        <ele>434.0</ele>
      </trkpt>
      <trkpt lat="44.20947" lon="5.18874">
        <ele>434.0</ele>
      </trkpt>
      <trkpt lat="44.20936" lon="5.18863">
        <ele>434.0</ele>
      </trkpt>
      <trkpt lat="44.20925" lon="5.18857">
        <ele>435.0</ele>
      </trkpt>
      <trkpt lat="44.20912" lon="5.18852">
        <ele>436.0</ele>
      </trkpt>
      <trkpt lat="44.20899" lon="5.18851">
        <ele>437.0</ele>
      </trkpt>
      <trkpt lat="44.20879" lon="5.18853">
        <ele>440.0</ele>
      </trkpt>
      <trkpt lat="44.20871" lon="5.18851">
        <ele>441.0</ele>
      </trkpt>
      <trkpt lat="44.20867" lon="5.18847">
        <ele>442.0</ele>
      </trkpt>
      <trkpt lat="44.20864" lon="5.1884">
        <ele>442.0</ele>
      </trkpt>
      <trkpt lat="44.20862" lon="5.18833">
        <ele>442.0</ele>
      </trkpt>
      <trkpt lat="44.20863" lon="5.18825">
        <ele>443.0</ele>
      </trkpt>
      <trkpt lat="44.20865" lon="5.18817">
        <ele>443.0</ele>
      </trkpt>
      <trkpt lat="44.20868" lon="5.18808">
        <ele>444.0</ele>
      </trkpt>
      <trkpt lat="44.20899" lon="5.1878">
        <ele>443.0</ele>
      </trkpt>
      <trkpt lat="44.20934" lon="5.18756">
        <ele>442.0</ele>
      </trkpt>
      <trkpt lat="44.20958" lon="5.18741">
        <ele>443.0</ele>
      </trkpt>
      <trkpt lat="44.20978" lon="5.18732">
        <ele>443.0</ele>
      </trkpt>
      <trkpt lat="44.20998" lon="5.18729">
        <ele>442.0</ele>
      </trkpt>
      <trkpt lat="44.21009" lon="5.1872">
        <ele>443.0</ele>
      </trkpt>
      <trkpt lat="44.21017" lon="5.18703">
        <ele>444.0</ele>
      </trkpt>
      <trkpt lat="44.21021" lon="5.18676">
        <ele>447.0</ele>
      </trkpt>
      <trkpt lat="44.21023" lon="5.18648">
        <ele>448.0</ele>
      </trkpt>
      <trkpt lat="44.21023" lon="5.1863">
        <ele>448.0</ele>
      </trkpt>
      <trkpt lat="44.21023" lon="5.186">
        <ele>448.0</ele>
      </trkpt>
      <trkpt lat="44.21029" lon="5.18541">
        <ele>446.0</ele>
      </trkpt>
      <trkpt lat="44.21038" lon="5.18502">
        <ele>443.0</ele>
      </trkpt>
      <trkpt lat="44.21042" lon="5.18485">
        <ele>444.0</ele>
      </trkpt>
      <trkpt lat="44.21044" lon="5.18461">
        <ele>444.0</ele>
      </trkpt>
      <trkpt lat="44.21043" lon="5.18424">
        <ele>446.0</ele>
      </trkpt>
      <trkpt lat="44.21042" lon="5.18359">
        <ele>447.0</ele>
      </trkpt>
      <trkpt lat="44.21044" lon="5.18312">
        <ele>447.0</ele>
      </trkpt>
      <trkpt lat="44.21051" lon="5.18266">
        <ele>444.0</ele>
      </trkpt>
      <trkpt lat="44.21074" lon="5.18146">
        <ele>432.0</ele>
      </trkpt>
      <trkpt lat="44.21081" lon="5.18115">
        <ele>429.0</ele>
      </trkpt>
      <trkpt lat="44.21088" lon="5.18082">
        <ele>426.0</ele>
      </trkpt>
      <trkpt lat="44.21101" lon="5.18047">
        <ele>421.0</ele>
      </trkpt>
      <trkpt lat="44.21109" lon="5.1803">
        <ele>418.0</ele>
      </trkpt>
      <trkpt lat="44.21114" lon="5.18022">
        <ele>417.0</ele>
      </trkpt>
      <trkpt lat="44.21122" lon="5.18017">
        <ele>417.0</ele>
      </trkpt>
      <trkpt lat="44.21132" lon="5.18017">
        <ele>417.0</ele>
      </trkpt>
      <trkpt lat="44.21151" lon="5.18018">
        <ele>419.0</ele>
      </trkpt>
      <trkpt lat="44.21166" lon="5.18018">
        <ele>420.0</ele>
      </trkpt>
      <trkpt lat="44.21186" lon="5.1801">
        <ele>420.0</ele>
      </trkpt>
      <trkpt lat="44.21204" lon="5.17999">
        <ele>420.0</ele>
      </trkpt>
      <trkpt lat="44.21206" lon="5.17996">
        <ele>419.0</ele>
      </trkpt>
      <trkpt lat="44.21207" lon="5.1799">
        <ele>418.0</ele>
      </trkpt>
      <trkpt lat="44.21205" lon="5.17985">
        <ele>417.0</ele>
      </trkpt>
      <trkpt lat="44.21201" lon="5.17983">
        <ele>416.0</ele>
      </trkpt>
      <trkpt lat="44.21193" lon="5.17985">
        <ele>416.0</ele>
      </trkpt>
      <trkpt lat="44.2118" lon="5.17991">
        <ele>416.0</ele>
      </trkpt>
      <trkpt lat="44.21171" lon="5.17991">
        <ele>416.0</ele>
      </trkpt>
      <trkpt lat="44.21161" lon="5.17987">
        <ele>414.0</ele>
      </trkpt>
      <trkpt lat="44.21138" lon="5.17953">
        <ele>407.0</ele>
      </trkpt>
      <trkpt lat="44.21132" lon="5.17948">
        <ele>406.0</ele>
      </trkpt>
      <trkpt lat="44.21128" lon="5.17947">
        <ele>405.0</ele>
      </trkpt>
      <trkpt lat="44.21117" lon="5.17947">
        <ele>405.0</ele>
      </trkpt>
      <trkpt lat="44.2111" lon="5.1795">
        <ele>405.0</ele>
      </trkpt>
      <trkpt lat="44.21084" lon="5.17966">
        <ele>406.0</ele>
      </trkpt>
      <trkpt lat="44.21076" lon="5.17974">
        <ele>407.0</ele>
      </trkpt>
      <trkpt lat="44.21069" lon="5.17986">
        <ele>409.0</ele>
      </trkpt>
      <trkpt lat="44.21061" lon="5.18002">
        <ele>411.0</ele>
      </trkpt>
      <trkpt lat="44.21051" lon="5.18017">
        <ele>413.0</ele>
      </trkpt>
      <trkpt lat="44.2104" lon="5.18022">
        <ele>413.0</ele>
      </trkpt>
      <trkpt lat="44.21035" lon="5.18022">
        <ele>413.0</ele>
      </trkpt>
      <trkpt lat="44.21031" lon="5.18019">
        <ele>413.0</ele>
      </trkpt>
      <trkpt lat="44.21029" lon="5.18016">
        <ele>412.0</ele>
      </trkpt>
      <trkpt lat="44.21028" lon="5.18009">
        <ele>412.0</ele>
      </trkpt>
      <trkpt lat="44.21027" lon="5.18002">
        <ele>411.0</ele>
      </trkpt>
      <trkpt lat="44.21029" lon="5.17991">
        <ele>411.0</ele>
      </trkpt>
      <trkpt lat="44.21038" lon="5.17968">
        <ele>409.0</ele>
      </trkpt>
      <trkpt lat="44.21048" lon="5.17944">
        <ele>406.0</ele>
      </trkpt>
      <trkpt lat="44.21063" lon="5.17927">
        <ele>403.0</ele>
      </trkpt>
      <trkpt lat="44.21077" lon="5.17912">
        <ele>401.0</ele>
      </trkpt>
      <trkpt lat="44.21126" lon="5.17863">
        <ele>404.0</ele>
      </trkpt>
      <trkpt lat="44.21131" lon="5.17859">
        <ele>404.0</ele>
      </trkpt>
      <trkpt lat="44.21136" lon="5.17858">
        <ele>404.0</ele>
      </trkpt>
      <trkpt lat="44.21141" lon="5.17859">
        <ele>403.0</ele>
      </trkpt>
      <trkpt lat="44.21145" lon="5.17862">
        <ele>403.0</ele>
      </trkpt>
      <trkpt lat="44.21149" lon="5.17866">
        <ele>403.0</ele>
      </trkpt>
      <trkpt lat="44.21165" lon="5.17896">
        <ele>402.0</ele>
      </trkpt>
      <trkpt lat="44.21171" lon="5.17901">
        <ele>401.0</ele>
      </trkpt>
      <trkpt lat="44.21176" lon="5.17905">
        <ele>401.0</ele>
      </trkpt>
      <trkpt lat="44.21183" lon="5.17907">
        <ele>401.0</ele>
      </trkpt>
      <trkpt lat="44.2119" lon="5.17908">
        <ele>401.0</ele>
      </trkpt>
      <trkpt lat="44.21198" lon="5.17908">
        <ele>401.0</ele>
      </trkpt>
      <trkpt lat="44.21209" lon="5.17903">
        <ele>401.0</ele>
      </trkpt>
      <trkpt lat="44.21245" lon="5.17869">
        <ele>398.0</ele>
      </trkpt>
      <trkpt lat="44.21263" lon="5.17843">
        <ele>395.0</ele>
      </trkpt>
      <trkpt lat="44.21268" lon="5.17838">
        <ele>395.0</ele>
      </trkpt>
      <trkpt lat="44.21274" lon="5.17837">
        <ele>394.0</ele>
      </trkpt>
      <trkpt lat="44.21281" lon="5.17839">
        <ele>394.0</ele>
      </trkpt>
      <trkpt lat="44.21294" lon="5.1785">
        <ele>396.0</ele>
      </trkpt>
      <trkpt lat="44.2131" lon="5.17861">
        <ele>397.0</ele>
      </trkpt>
      <trkpt lat="44.21318" lon="5.17863">
        <ele>398.0</ele>
      </trkpt>
      <trkpt lat="44.21325" lon="5.1786">
        <ele>397.0</ele>
      </trkpt>
      <trkpt lat="44.21344" lon="5.17836">
        <ele>392.0</ele>
      </trkpt>
      <trkpt lat="44.21352" lon="5.17826">
        <ele>392.0</ele>
      </trkpt>
      <trkpt lat="44.21359" lon="5.17822">
        <ele>392.0</ele>
      </trkpt>
      <trkpt lat="44.21381" lon="5.17818">
        <ele>393.0</ele>
      </trkpt>
      <trkpt lat="44.21387" lon="5.17812">
        <ele>392.0</ele>
      </trkpt>
      <trkpt lat="44.21392" lon="5.17801">
        <ele>391.0</ele>
      </trkpt>
      <trkpt lat="44.21395" lon="5.1779">
        <ele>390.0</ele>
      </trkpt>
      <trkpt lat="44.21394" lon="5.17781">
        <ele>389.0</ele>
      </trkpt>
      <trkpt lat="44.21391" lon="5.17768">
        <ele>388.0</ele>
      </trkpt>
      <trkpt lat="44.21383" lon="5.17756">
        <ele>387.0</ele>
      </trkpt>
      <trkpt lat="44.21367" lon="5.17746">
        <ele>389.0</ele>
      </trkpt>
      <trkpt lat="44.21345" lon="5.17741">
        <ele>391.0</ele>
      </trkpt>
      <trkpt lat="44.21239" lon="5.17726">
        <ele>400.0</ele>
      </trkpt>
      <trkpt lat="44.21227" lon="5.17721">
        <ele>402.0</ele>
      </trkpt>
      <trkpt lat="44.21199" lon="5.177">
        <ele>405.0</ele>
      </trkpt>
      <trkpt lat="44.21146" lon="5.17642">
        <ele>411.0</ele>
      </trkpt>
      <trkpt lat="44.21095" lon="5.17584">
        <ele>411.0</ele>
      </trkpt>
      <trkpt lat="44.2107" lon="5.17563">
        <ele>414.0</ele>
      </trkpt>
      <trkpt lat="44.21038" lon="5.17543">
        <ele>416.0</ele>
      </trkpt>
      <trkpt lat="44.20997" lon="5.17525">
        <ele>416.0</ele>
      </trkpt>
      <trkpt lat="44.20968" lon="5.17516">
        <ele>417.0</ele>
      </trkpt>
      <trkpt lat="44.20948" lon="5.17514">
        <ele>417.0</ele>
      </trkpt>
      <trkpt lat="44.2089" lon="5.17514">
        <ele>421.0</ele>
      </trkpt>
      <trkpt lat="44.20798" lon="5.17511">
        <ele>429.0</ele>
      </trkpt>
      <trkpt lat="44.20778" lon="5.17508">
        <ele>430.0</ele>
      </trkpt>
      <trkpt lat="44.20769" lon="5.17503">
        <ele>430.0</ele>
      </trkpt>
      <trkpt lat="44.20763" lon="5.17496">
        <ele>430.0</ele>
      </trkpt>
      <trkpt lat="44.2076" lon="5.17487">
        <ele>431.0</ele>
      </trkpt>
      <trkpt lat="44.20759" lon="5.17476">
        <ele>432.0</ele>
      </trkpt>
      <trkpt lat="44.20761" lon="5.17468">
        <ele>433.0</ele>
      </trkpt>
      <trkpt lat="44.20768" lon="5.17456">
        <ele>434.0</ele>
      </trkpt>
      <trkpt lat="44.20778" lon="5.1745">
        <ele>434.0</ele>
      </trkpt>
      <trkpt lat="44.20803" lon="5.17442">
        <ele>433.0</ele>
      </trkpt>
      <trkpt lat="44.20849" lon="5.17432">
        <ele>431.0</ele>
      </trkpt>
      <trkpt lat="44.20859" lon="5.17426">
        <ele>431.0</ele>
      </trkpt>
      <trkpt lat="44.20865" lon="5.17421">
        <ele>431.0</ele>
      </trkpt>
      <trkpt lat="44.20871" lon="5.17416">
        <ele>431.0</ele>
      </trkpt>
      <trkpt lat="44.20876" lon="5.17405">
        <ele>432.0</ele>
      </trkpt>
      <trkpt lat="44.20882" lon="5.17391">
        <ele>434.0</ele>
      </trkpt>
      <trkpt lat="44.20886" lon="5.1737">
        <ele>437.0</ele>
      </trkpt>
      <trkpt lat="44.20908" lon="5.17276">
        <ele>445.0</ele>
      </trkpt>
      <trkpt lat="44.20913" lon="5.17266">
        <ele>445.0</ele>
      </trkpt>
      <trkpt lat="44.20917" lon="5.1726">
        <ele>445.0</ele>
      </trkpt>
      <trkpt lat="44.20925" lon="5.17254">
        <ele>446.0</ele>
      </trkpt>
      <trkpt lat="44.20928" lon="5.17253">
        <ele>446.0</ele>
      </trkpt>
      <trkpt lat="44.20935" lon="5.17253">
        <ele>447.0</ele>
      </trkpt>
      <trkpt lat="44.20939" lon="5.17256">
        <ele>447.0</ele>
      </trkpt>
      <trkpt lat="44.20944" lon="5.17262">
        <ele>446.0</ele>
      </trkpt>
      <trkpt lat="44.20975" lon="5.17331">
        <ele>442.0</ele>
      </trkpt>
      <trkpt lat="44.20984" lon="5.1734">
        <ele>441.0</ele>
      </trkpt>
      <trkpt lat="44.20991" lon="5.17343">
        <ele>441.0</ele>
      </trkpt>
      <trkpt lat="44.20998" lon="5.17342">
        <ele>441.0</ele>
      </trkpt>
      <trkpt lat="44.21004" lon="5.17339">
        <ele>442.0</ele>
      </trkpt>
      <trkpt lat="44.21009" lon="5.17332">
        <ele>444.0</ele>
      </trkpt>
      <trkpt lat="44.21013" lon="5.17322">
        <ele>445.0</ele>
      </trkpt>
      <trkpt lat="44.21014" lon="5.17311">
        <ele>446.0</ele>
      </trkpt>
      <trkpt lat="44.21013" lon="5.173">
        <ele>447.0</ele>
      </trkpt>
      <trkpt lat="44.20964" lon="5.1718">
        <ele>454.0</ele>
      </trkpt>
      <trkpt lat="44.20932" lon="5.17102">
        <ele>457.0</ele>
      </trkpt>
      <trkpt lat="44.20921" lon="5.17073">
        <ele>458.0</ele>
      </trkpt>
      <trkpt lat="44.20913" lon="5.17046">
        <ele>460.0</ele>
      </trkpt>
      <trkpt lat="44.20907" lon="5.17015">
        <ele>462.0</ele>
      </trkpt>
      <trkpt lat="44.20902" lon="5.16963">
        <ele>466.0</ele>
      </trkpt>
      <trkpt lat="44.20897" lon="5.16901">
        <ele>470.0</ele>
      </trkpt>
      <trkpt lat="44.20895" lon="5.16873">
        <ele>472.0</ele>
      </trkpt>
      <trkpt lat="44.20894" lon="5.16845">
        <ele>474.0</ele>
      </trkpt>
      <trkpt lat="44.20894" lon="5.16814">
        <ele>474.0</ele>
      </trkpt>
      <trkpt lat="44.20898" lon="5.16748">
        <ele>472.0</ele>
      </trkpt>
      <trkpt lat="44.20898" lon="5.16725">
        <ele>470.0</ele>
      </trkpt>
      <trkpt lat="44.20898" lon="5.16713">
        <ele>469.0</ele>
      </trkpt>
      <trkpt lat="44.20896" lon="5.16692">
        <ele>467.0</ele>
      </trkpt>
      <trkpt lat="44.2089" lon="5.16664">
        <ele>465.0</ele>
      </trkpt>
      <trkpt lat="44.20877" lon="5.1664">
        <ele>462.0</ele>
      </trkpt>
      <trkpt lat="44.20866" lon="5.16628">
        <ele>460.0</ele>
      </trkpt>
      <trkpt lat="44.20843" lon="5.16613">
        <ele>458.0</ele>
      </trkpt>
      <trkpt lat="44.208" lon="5.16593">
        <ele>453.0</ele>
      </trkpt>
      <trkpt lat="44.20778" lon="5.16586">
        <ele>451.0</ele>
      </trkpt>
      <trkpt lat="44.20758" lon="5.16584">
        <ele>450.0</ele>
      </trkpt>
      <trkpt lat="44.20735" lon="5.16585">
        <ele>450.0</ele>
      </trkpt>
      <trkpt lat="44.20652" lon="5.16601">
        <ele>448.0</ele>
      </trkpt>
      <trkpt lat="44.20632" lon="5.16606">
        <ele>448.0</ele>
      </trkpt>
      <trkpt lat="44.20583" lon="5.16622">
        <ele>448.0</ele>
      </trkpt>
      <trkpt lat="44.2057" lon="5.16624">
        <ele>449.0</ele>
      </trkpt>
      <trkpt lat="44.2056" lon="5.16623">
        <ele>449.0</ele>
      </trkpt>
      <trkpt lat="44.20548" lon="5.1662">
        <ele>449.0</ele>
      </trkpt>
      <trkpt lat="44.20539" lon="5.16613">
        <ele>448.0</ele>
      </trkpt>
      <trkpt lat="44.20531" lon="5.166">
        <ele>447.0</ele>
      </trkpt>
      <trkpt lat="44.20525" lon="5.16585">
        <ele>446.0</ele>
      </trkpt>
      <trkpt lat="44.2052" lon="5.16564">
        <ele>445.0</ele>
      </trkpt>
      <trkpt lat="44.20503" lon="5.16467">
        <ele>439.0</ele>
      </trkpt>
      <trkpt lat="44.205" lon="5.16435">
        <ele>437.0</ele>
      </trkpt>
      <trkpt lat="44.205" lon="5.16417">
        <ele>436.0</ele>
      </trkpt>
      <trkpt lat="44.20502" lon="5.16372">
        <ele>434.0</ele>
      </trkpt>
      <trkpt lat="44.20504" lon="5.16354">
        <ele>434.0</ele>
      </trkpt>
      <trkpt lat="44.20511" lon="5.16285">
        <ele>431.0</ele>
      </trkpt>
      <trkpt lat="44.20515" lon="5.16243">
        <ele>429.0</ele>
      </trkpt>
      <trkpt lat="44.20519" lon="5.16203">
        <ele>427.0</ele>
      </trkpt>
      <trkpt lat="44.20518" lon="5.16173">
        <ele>425.0</ele>
      </trkpt>
      <trkpt lat="44.20513" lon="5.16145">
        <ele>423.0</ele>
      </trkpt>
      <trkpt lat="44.20498" lon="5.16095">
        <ele>419.0</ele>
      </trkpt>
      <trkpt lat="44.20477" lon="5.16032">
        <ele>416.0</ele>
      </trkpt>
      <trkpt lat="44.2047" lon="5.16013">
        <ele>414.0</ele>
      </trkpt>
      <trkpt lat="44.20458" lon="5.15991">
        <ele>413.0</ele>
      </trkpt>
      <trkpt lat="44.20442" lon="5.15974">
        <ele>412.0</ele>
      </trkpt>
      <trkpt lat="44.20426" lon="5.15961">
        <ele>411.0</ele>
      </trkpt>
      <trkpt lat="44.20309" lon="5.15884">
        <ele>404.0</ele>
      </trkpt>
      <trkpt lat="44.20181" lon="5.15799">
        <ele>395.0</ele>
      </trkpt>
      <trkpt lat="44.20175" lon="5.15795">
        <ele>394.0</ele>
      </trkpt>
      <trkpt lat="44.20154" lon="5.15785">
        <ele>394.0</ele>
      </trkpt>
      <trkpt lat="44.20137" lon="5.15782">
        <ele>393.0</ele>
      </trkpt>
      <trkpt lat="44.20067" lon="5.15789">
        <ele>394.0</ele>
      </trkpt>
      <trkpt lat="44.20058" lon="5.15788">
        <ele>395.0</ele>
      </trkpt>
      <trkpt lat="44.20036" lon="5.15779">
        <ele>395.0</ele>
      </trkpt>
      <trkpt lat="44.19962" lon="5.15745">
        <ele>396.0</ele>
      </trkpt>
      <trkpt lat="44.19941" lon="5.15732">
        <ele>396.0</ele>
      </trkpt>
      <trkpt lat="44.19923" lon="5.15714">
        <ele>395.0</ele>
      </trkpt>
      <trkpt lat="44.19905" lon="5.1568">
        <ele>392.0</ele>
      </trkpt>
      <trkpt lat="44.19899" lon="5.15666">
        <ele>391.0</ele>
      </trkpt>
      <trkpt lat="44.19874" lon="5.15611">
        <ele>389.0</ele>
      </trkpt>
      <trkpt lat="44.19837" lon="5.15537">
        <ele>386.0</ele>
      </trkpt>
      <trkpt lat="44.1983" lon="5.15522">
        <ele>385.0</ele>
      </trkpt>
      <trkpt lat="44.1982" lon="5.155">
        <ele>384.0</ele>
      </trkpt>
      <trkpt lat="44.19812" lon="5.15476">
        <ele>382.0</ele>
      </trkpt>
      <trkpt lat="44.19809" lon="5.15457">
        <ele>381.0</ele>
      </trkpt>
      <trkpt lat="44.19808" lon="5.15435">
        <ele>379.0</ele>
      </trkpt>
      <trkpt lat="44.1981" lon="5.15413">
        <ele>377.0</ele>
      </trkpt>
      <trkpt lat="44.19812" lon="5.15396">
        <ele>376.0</ele>
      </trkpt>
      <trkpt lat="44.19814" lon="5.15362">
        <ele>374.0</ele>
      </trkpt>
      <trkpt lat="44.19814" lon="5.15347">
        <ele>373.0</ele>
      </trkpt>
      <trkpt lat="44.19808" lon="5.15323">
        <ele>373.0</ele>
      </trkpt>
      <trkpt lat="44.198" lon="5.15306">
        <ele>372.0</ele>
      </trkpt>
      <trkpt lat="44.19781" lon="5.15272">
        <ele>371.0</ele>
      </trkpt>
      <trkpt lat="44.19757" lon="5.15232">
        <ele>369.0</ele>
      </trkpt>
      <trkpt lat="44.19737" lon="5.15206">
        <ele>367.0</ele>
      </trkpt>
      <trkpt lat="44.19728" lon="5.15196">
        <ele>366.0</ele>
      </trkpt>
      <trkpt lat="44.19686" lon="5.1516">
        <ele>363.0</ele>
      </trkpt>
      <trkpt lat="44.19674" lon="5.15153">
        <ele>363.0</ele>
      </trkpt>
      <trkpt lat="44.19661" lon="5.15146">
        <ele>363.0</ele>
      </trkpt>
      <trkpt lat="44.19635" lon="5.15136">
        <ele>362.0</ele>
      </trkpt>
      <trkpt lat="44.19527" lon="5.15102">
        <ele>362.0</ele>
      </trkpt>
      <trkpt lat="44.19452" lon="5.1508">
        <ele>363.0</ele>
      </trkpt>
      <trkpt lat="44.19432" lon="5.15072">
        <ele>364.0</ele>
      </trkpt>
      <trkpt lat="44.19421" lon="5.15066">
        <ele>364.0</ele>
      </trkpt>
      <trkpt lat="44.1941" lon="5.15057">
        <ele>363.0</ele>
      </trkpt>
      <trkpt lat="44.19396" lon="5.15043">
        <ele>362.0</ele>
      </trkpt>
      <trkpt lat="44.19386" lon="5.15023">
        <ele>360.0</ele>
      </trkpt>
      <trkpt lat="44.19381" lon="5.15013">
        <ele>359.0</ele>
      </trkpt>
      <trkpt lat="44.19377" lon="5.15003">
        <ele>358.0</ele>
      </trkpt>
      <trkpt lat="44.19372" lon="5.1498">
        <ele>356.0</ele>
      </trkpt>
      <trkpt lat="44.1937" lon="5.14967">
        <ele>355.0</ele>
      </trkpt>
      <trkpt lat="44.19369" lon="5.14942">
        <ele>353.0</ele>
      </trkpt>
      <trkpt lat="44.19371" lon="5.1493">
        <ele>353.0</ele>
      </trkpt>
      <trkpt lat="44.19374" lon="5.1491">
        <ele>352.0</ele>
      </trkpt>
      <trkpt lat="44.1938" lon="5.14884">
        <ele>351.0</ele>
      </trkpt>
      <trkpt lat="44.19392" lon="5.14832">
        <ele>350.0</ele>
      </trkpt>
      <trkpt lat="44.19393" lon="5.14827">
        <ele>350.0</ele>
      </trkpt>
      <trkpt lat="44.19396" lon="5.1481">
        <ele>350.0</ele>
      </trkpt>
      <trkpt lat="44.19397" lon="5.14801">
        <ele>350.0</ele>
      </trkpt>
      <trkpt lat="44.19397" lon="5.14775">
        <ele>349.0</ele>
      </trkpt>
      <trkpt lat="44.19393" lon="5.14578">
        <ele>345.0</ele>
      </trkpt>
      <trkpt lat="44.19389" lon="5.14512">
        <ele>342.0</ele>
      </trkpt>
      <trkpt lat="44.19379" lon="5.14466">
        <ele>339.0</ele>
      </trkpt>
      <trkpt lat="44.19363" lon="5.14423">
        <ele>337.0</ele>
      </trkpt>
      <trkpt lat="44.19337" lon="5.14379">
        <ele>335.0</ele>
      </trkpt>
      <trkpt lat="44.19259" lon="5.14252">
        <ele>329.0</ele>
      </trkpt>
      <trkpt lat="44.19243" lon="5.14224">
        <ele>328.0</ele>
      </trkpt>
      <trkpt lat="44.1922" lon="5.14175">
        <ele>327.0</ele>
      </trkpt>
      <trkpt lat="44.19193" lon="5.14115">
        <ele>323.0</ele>
      </trkpt>
      <trkpt lat="44.19181" lon="5.14086">
        <ele>322.0</ele>
      </trkpt>
      <trkpt lat="44.1916" lon="5.14046">
        <ele>318.0</ele>
      </trkpt>
      <trkpt lat="44.19132" lon="5.13999">
        <ele>318.0</ele>
      </trkpt>
      <trkpt lat="44.19119" lon="5.13979">
        <ele>318.0</ele>
      </trkpt>
      <trkpt lat="44.19113" lon="5.13968">
        <ele>318.0</ele>
      </trkpt>
      <trkpt lat="44.19062" lon="5.13888">
        <ele>321.0</ele>
      </trkpt>
      <trkpt lat="44.1901" lon="5.13801">
        <ele>326.0</ele>
      </trkpt>
      <trkpt lat="44.19006" lon="5.13794">
        <ele>326.0</ele>
      </trkpt>
      <trkpt lat="44.1895" lon="5.13701">
        <ele>324.0</ele>
      </trkpt>
      <trkpt lat="44.18939" lon="5.13689">
        <ele>325.0</ele>
      </trkpt>
      <trkpt lat="44.18922" lon="5.13671">
        <ele>326.0</ele>
      </trkpt>
      <trkpt lat="44.18888" lon="5.13643">
        <ele>330.0</ele>
      </trkpt>
      <trkpt lat="44.18882" lon="5.13635">
        <ele>331.0</ele>
      </trkpt>
      <trkpt lat="44.18864" lon="5.13608">
        <ele>333.0</ele>
      </trkpt>
      <trkpt lat="44.18817" lon="5.13513">
        <ele>341.0</ele>
      </trkpt>
      <trkpt lat="44.18781" lon="5.13453">
        <ele>345.0</ele>
      </trkpt>
      <trkpt lat="44.18759" lon="5.13416">
        <ele>346.0</ele>
      </trkpt>
      <trkpt lat="44.18734" lon="5.13387">
        <ele>346.0</ele>
      </trkpt>
      <trkpt lat="44.18675" lon="5.13318">
        <ele>345.0</ele>
      </trkpt>
      <trkpt lat="44.18669" lon="5.1331">
        <ele>345.0</ele>
      </trkpt>
      <trkpt lat="44.18628" lon="5.1326">
        <ele>344.0</ele>
      </trkpt>
      <trkpt lat="44.18599" lon="5.13222">
        <ele>343.0</ele>
      </trkpt>
      <trkpt lat="44.18585" lon="5.13207">
        <ele>343.0</ele>
      </trkpt>
      <trkpt lat="44.18569" lon="5.13194">
        <ele>342.0</ele>
      </trkpt>
      <trkpt lat="44.18552" lon="5.13184">
        <ele>342.0</ele>
      </trkpt>
      <trkpt lat="44.18539" lon="5.13179">
        <ele>341.0</ele>
      </trkpt>
      <trkpt lat="44.18517" lon="5.13177">
        <ele>341.0</ele>
      </trkpt>
      <trkpt lat="44.18489" lon="5.13178">
        <ele>340.0</ele>
      </trkpt>
      <trkpt lat="44.18463" lon="5.13185">
        <ele>340.0</ele>
      </trkpt>
      <trkpt lat="44.1843" lon="5.13196">
        <ele>339.0</ele>
      </trkpt>
      <trkpt lat="44.1838" lon="5.13211">
        <ele>338.0</ele>
      </trkpt>
      <trkpt lat="44.18366" lon="5.13214">
        <ele>338.0</ele>
      </trkpt>
      <trkpt lat="44.18327" lon="5.13216">
        <ele>337.0</ele>
      </trkpt>
      <trkpt lat="44.18285" lon="5.13208">
        <ele>334.0</ele>
      </trkpt>
      <trkpt lat="44.18254" lon="5.13201">
        <ele>331.0</ele>
      </trkpt>
      <trkpt lat="44.18232" lon="5.13196">
        <ele>330.0</ele>
      </trkpt>
      <trkpt lat="44.18212" lon="5.1319">
        <ele>329.0</ele>
      </trkpt>
      <trkpt lat="44.18193" lon="5.13185">
        <ele>327.0</ele>
      </trkpt>
      <trkpt lat="44.18154" lon="5.13175">
        <ele>325.0</ele>
      </trkpt>
      <trkpt lat="44.18129" lon="5.13169">
        <ele>324.0</ele>
      </trkpt>
      <trkpt lat="44.18108" lon="5.13165">
        <ele>323.0</ele>
      </trkpt>
      <trkpt lat="44.18091" lon="5.13167">
        <ele>322.0</ele>
      </trkpt>
      <trkpt lat="44.1808" lon="5.13171">
        <ele>322.0</ele>
      </trkpt>
      <trkpt lat="44.18066" lon="5.1318">
        <ele>322.0</ele>
      </trkpt>
      <trkpt lat="44.18046" lon="5.13195">
        <ele>322.0</ele>
      </trkpt>
      <trkpt lat="44.18012" lon="5.13227">
        <ele>322.0</ele>
      </trkpt>
      <trkpt lat="44.17984" lon="5.13254">
        <ele>322.0</ele>
      </trkpt>
      <trkpt lat="44.17966" lon="5.13272">
        <ele>322.0</ele>
      </trkpt>
      <trkpt lat="44.17954" lon="5.13283">
        <ele>322.0</ele>
      </trkpt>
      <trkpt lat="44.17926" lon="5.13299">
        <ele>322.0</ele>
      </trkpt>
      <trkpt lat="44.17844" lon="5.13329">
        <ele>324.0</ele>
      </trkpt>
      <trkpt lat="44.17814" lon="5.13344">
        <ele>325.0</ele>
      </trkpt>
      <trkpt lat="44.17798" lon="5.13355">
        <ele>325.0</ele>
      </trkpt>
      <trkpt lat="44.17761" lon="5.1338">
        <ele>326.0</ele>
      </trkpt>
      <trkpt lat="44.17752" lon="5.13387">
        <ele>327.0</ele>
      </trkpt>
      <trkpt lat="44.17737" lon="5.13394">
        <ele>327.0</ele>
      </trkpt>
      <trkpt lat="44.1773" lon="5.13396">
        <ele>327.0</ele>
      </trkpt>
      <trkpt lat="44.17712" lon="5.13397">
        <ele>327.0</ele>
      </trkpt>
      <trkpt lat="44.17688" lon="5.13392">
        <ele>327.0</ele>
      </trkpt>
      <trkpt lat="44.17683" lon="5.13391">
        <ele>327.0</ele>
      </trkpt>
      <trkpt lat="44.1768" lon="5.13389">
        <ele>327.0</ele>
      </trkpt>
      <trkpt lat="44.17671" lon="5.13384">
        <ele>327.0</ele>
      </trkpt>
      <trkpt lat="44.17656" lon="5.13371">
        <ele>326.0</ele>
      </trkpt>
      <trkpt lat="44.17644" lon="5.13355">
        <ele>326.0</ele>
      </trkpt>
      <trkpt lat="44.17628" lon="5.13321">
        <ele>326.0</ele>
      </trkpt>
      <trkpt lat="44.17624" lon="5.13312">
        <ele>325.0</ele>
      </trkpt>
      <trkpt lat="44.17617" lon="5.13296">
        <ele>325.0</ele>
      </trkpt>
      <trkpt lat="44.17615" lon="5.13291">
        <ele>325.0</ele>
      </trkpt>
      <trkpt lat="44.17604" lon="5.13267">
        <ele>325.0</ele>
      </trkpt>
      <trkpt lat="44.17571" lon="5.13195">
        <ele>324.0</ele>
      </trkpt>
      <trkpt lat="44.17566" lon="5.13186">
        <ele>324.0</ele>
      </trkpt>
      <trkpt lat="44.1756" lon="5.13176">
        <ele>323.0</ele>
      </trkpt>
      <trkpt lat="44.17555" lon="5.13167">
        <ele>323.0</ele>
      </trkpt>
      <trkpt lat="44.1755" lon="5.13158">
        <ele>323.0</ele>
      </trkpt>
      <trkpt lat="44.17553" lon="5.1315">
        <ele>323.0</ele>
      </trkpt>
      <trkpt lat="44.17558" lon="5.13132">
        <ele>323.0</ele>
      </trkpt>
      <trkpt lat="44.17567" lon="5.13079">
        <ele>321.0</ele>
      </trkpt>
      <trkpt lat="44.17567" lon="5.13068">
        <ele>321.0</ele>
      </trkpt>
      <trkpt lat="44.17566" lon="5.13054">
        <ele>320.0</ele>
      </trkpt>
      <trkpt lat="44.17555" lon="5.1299">
        <ele>320.0</ele>
      </trkpt>
      <trkpt lat="44.17552" lon="5.1297">
        <ele>320.0</ele>
      </trkpt>
      <trkpt lat="44.17555" lon="5.12964">
        <ele>319.0</ele>
      </trkpt>
      <trkpt lat="44.17554" lon="5.12958">
        <ele>319.0</ele>
      </trkpt>
      <trkpt lat="44.17556" lon="5.12952">
        <ele>319.0</ele>
      </trkpt>
      <trkpt lat="44.1756" lon="5.12946">
        <ele>319.0</ele>
      </trkpt>
      <trkpt lat="44.17566" lon="5.12939">
        <ele>319.0</ele>
      </trkpt>
      <trkpt lat="44.17571" lon="5.12936">
        <ele>319.0</ele>
      </trkpt>
      <trkpt lat="44.1757" lon="5.12923">
        <ele>319.0</ele>
      </trkpt>
      <trkpt lat="44.17572" lon="5.12906">
        <ele>319.0</ele>
      </trkpt>
      <trkpt lat="44.1758" lon="5.12871">
        <ele>319.0</ele>
      </trkpt>
      <trkpt lat="44.17589" lon="5.12838">
        <ele>319.0</ele>
      </trkpt>
      <trkpt lat="44.176" lon="5.12785">
        <ele>322.0</ele>
      </trkpt>
      <trkpt lat="44.17622" lon="5.12684">
        <ele>329.0</ele>
      </trkpt>
      <trkpt lat="44.17631" lon="5.12655">
        <ele>330.0</ele>
      </trkpt>
      <trkpt lat="44.17642" lon="5.12632">
        <ele>331.0</ele>
      </trkpt>
      <trkpt lat="44.17653" lon="5.12614">
        <ele>332.0</ele>
      </trkpt>
      <trkpt lat="44.17663" lon="5.12603">
        <ele>332.0</ele>
      </trkpt>
      <trkpt lat="44.17673" lon="5.12596">
        <ele>332.0</ele>
      </trkpt>
      <trkpt lat="44.1771" lon="5.12585">
        <ele>333.0</ele>
      </trkpt>
      <trkpt lat="44.17725" lon="5.12575">
        <ele>334.0</ele>
      </trkpt>
      <trkpt lat="44.17747" lon="5.12559">
        <ele>336.0</ele>
      </trkpt>
      <trkpt lat="44.17769" lon="5.1254">
        <ele>338.0</ele>
      </trkpt>
      <trkpt lat="44.1778" lon="5.12524">
        <ele>340.0</ele>
      </trkpt>
      <trkpt lat="44.17786" lon="5.12501">
        <ele>342.0</ele>
      </trkpt>
      <trkpt lat="44.17788" lon="5.12482">
        <ele>341.0</ele>
      </trkpt>
      <trkpt lat="44.17787" lon="5.12465">
        <ele>340.0</ele>
      </trkpt>
      <trkpt lat="44.17785" lon="5.12455">
        <ele>339.0</ele>
      </trkpt>
      <trkpt lat="44.17781" lon="5.12446">
        <ele>339.0</ele>
      </trkpt>
      <trkpt lat="44.17778" lon="5.1244">
        <ele>338.0</ele>
      </trkpt>
      <trkpt lat="44.17738" lon="5.12392">
        <ele>336.0</ele>
      </trkpt>
      <trkpt lat="44.17719" lon="5.12364">
        <ele>334.0</ele>
      </trkpt>
      <trkpt lat="44.17669" lon="5.12274">
        <ele>326.0</ele>
      </trkpt>
      <trkpt lat="44.17653" lon="5.12249">
        <ele>323.0</ele>
      </trkpt>
      <trkpt lat="44.17637" lon="5.12233">
        <ele>322.0</ele>
      </trkpt>
      <trkpt lat="44.17617" lon="5.1222">
        <ele>322.0</ele>
      </trkpt>
      <trkpt lat="44.17592" lon="5.12212">
        <ele>324.0</ele>
      </trkpt>
      <trkpt lat="44.17569" lon="5.12203">
        <ele>325.0</ele>
      </trkpt>
      <trkpt lat="44.17561" lon="5.12198">
        <ele>325.0</ele>
      </trkpt>
      <trkpt lat="44.17556" lon="5.12191">
        <ele>324.0</ele>
      </trkpt>
      <trkpt lat="44.17553" lon="5.12179">
        <ele>322.0</ele>
      </trkpt>
      <trkpt lat="44.17553" lon="5.12169">
        <ele>320.0</ele>
      </trkpt>
      <trkpt lat="44.17558" lon="5.12159">
        <ele>318.0</ele>
      </trkpt>
      <trkpt lat="44.17567" lon="5.12151">
        <ele>316.0</ele>
      </trkpt>
      <trkpt lat="44.1758" lon="5.12151">
        <ele>314.0</ele>
      </trkpt>
      <trkpt lat="44.17601" lon="5.12158">
        <ele>314.0</ele>
      </trkpt>
      <trkpt lat="44.17645" lon="5.12169">
        <ele>311.0</ele>
      </trkpt>
      <trkpt lat="44.17664" lon="5.1217">
        <ele>310.0</ele>
      </trkpt>
      <trkpt lat="44.17678" lon="5.12166">
        <ele>308.0</ele>
      </trkpt>
      <trkpt lat="44.17693" lon="5.12156">
        <ele>306.0</ele>
      </trkpt>
      <trkpt lat="44.17703" lon="5.12145">
        <ele>305.0</ele>
      </trkpt>
      <trkpt lat="44.17713" lon="5.12128">
        <ele>303.0</ele>
      </trkpt>
      <trkpt lat="44.1772" lon="5.12116">
        <ele>302.0</ele>
      </trkpt>
      <trkpt lat="44.17724" lon="5.12103">
        <ele>301.0</ele>
      </trkpt>
      <trkpt lat="44.17726" lon="5.12084">
        <ele>300.0</ele>
      </trkpt>
      <trkpt lat="44.17727" lon="5.12062">
        <ele>300.0</ele>
      </trkpt>
      <trkpt lat="44.1771" lon="5.11854">
        <ele>300.0</ele>
      </trkpt>
      <trkpt lat="44.17696" lon="5.11686">
        <ele>304.0</ele>
      </trkpt>
      <trkpt lat="44.17676" lon="5.1146">
        <ele>312.0</ele>
      </trkpt>
      <trkpt lat="44.17673" lon="5.11431">
        <ele>314.0</ele>
      </trkpt>
      <trkpt lat="44.17631" lon="5.11189">
        <ele>323.0</ele>
      </trkpt>
      <trkpt lat="44.17609" lon="5.11097">
        <ele>329.0</ele>
      </trkpt>
      <trkpt lat="44.17586" lon="5.11019">
        <ele>334.0</ele>
      </trkpt>
      <trkpt lat="44.17543" lon="5.10917">
        <ele>344.0</ele>
      </trkpt>
      <trkpt lat="44.17502" lon="5.10821">
        <ele>349.0</ele>
      </trkpt>
      <trkpt lat="44.17483" lon="5.10777">
        <ele>353.0</ele>
      </trkpt>
      <trkpt lat="44.17472" lon="5.10756">
        <ele>354.0</ele>
      </trkpt>
      <trkpt lat="44.17463" lon="5.10744">
        <ele>356.0</ele>
      </trkpt>
      <trkpt lat="44.17455" lon="5.10734">
        <ele>357.0</ele>
      </trkpt>
      <trkpt lat="44.17445" lon="5.10725">
        <ele>358.0</ele>
      </trkpt>
      <trkpt lat="44.17386" lon="5.10673">
        <ele>365.0</ele>
      </trkpt>
      <trkpt lat="44.1733" lon="5.10626">
        <ele>370.0</ele>
      </trkpt>
      <trkpt lat="44.17322" lon="5.10621">
        <ele>371.0</ele>
      </trkpt>
      <trkpt lat="44.17313" lon="5.10619">
        <ele>372.0</ele>
      </trkpt>
      <trkpt lat="44.17302" lon="5.10621">
        <ele>373.0</ele>
      </trkpt>
      <trkpt lat="44.17279" lon="5.10633">
        <ele>375.0</ele>
      </trkpt>
      <trkpt lat="44.17245" lon="5.10659">
        <ele>376.0</ele>
      </trkpt>
      <trkpt lat="44.17238" lon="5.10661">
        <ele>377.0</ele>
      </trkpt>
      <trkpt lat="44.17232" lon="5.1066">
        <ele>378.0</ele>
      </trkpt>
      <trkpt lat="44.17227" lon="5.10657">
        <ele>378.0</ele>
      </trkpt>
      <trkpt lat="44.17223" lon="5.1065">
        <ele>380.0</ele>
      </trkpt>
      <trkpt lat="44.17222" lon="5.10642">
        <ele>381.0</ele>
      </trkpt>
      <trkpt lat="44.17222" lon="5.10634">
        <ele>382.0</ele>
      </trkpt>
      <trkpt lat="44.17225" lon="5.10621">
        <ele>383.0</ele>
      </trkpt>
      <trkpt lat="44.17251" lon="5.1057">
        <ele>383.0</ele>
      </trkpt>
      <trkpt lat="44.17278" lon="5.10515">
        <ele>387.0</ele>
      </trkpt>
      <trkpt lat="44.17281" lon="5.10502">
        <ele>389.0</ele>
      </trkpt>
      <trkpt lat="44.17282" lon="5.10489">
        <ele>390.0</ele>
      </trkpt>
      <trkpt lat="44.17279" lon="5.10475">
        <ele>391.0</ele>
      </trkpt>
      <trkpt lat="44.17277" lon="5.10464">
        <ele>392.0</ele>
      </trkpt>
      <trkpt lat="44.17271" lon="5.10454">
        <ele>393.0</ele>
      </trkpt>
      <trkpt lat="44.17251" lon="5.10427">
        <ele>396.0</ele>
      </trkpt>
      <trkpt lat="44.17247" lon="5.10418">
        <ele>397.0</ele>
      </trkpt>
      <trkpt lat="44.17245" lon="5.1041">
        <ele>399.0</ele>
      </trkpt>
      <trkpt lat="44.17246" lon="5.10402">
        <ele>400.0</ele>
      </trkpt>
      <trkpt lat="44.1725" lon="5.10395">
        <ele>401.0</ele>
      </trkpt>
      <trkpt lat="44.17255" lon="5.10391">
        <ele>401.0</ele>
      </trkpt>
      <trkpt lat="44.17262" lon="5.10391">
        <ele>401.0</ele>
      </trkpt>
      <trkpt lat="44.1727" lon="5.10393">
        <ele>400.0</ele>
      </trkpt>
      <trkpt lat="44.17285" lon="5.10403">
        <ele>398.0</ele>
      </trkpt>
      <trkpt lat="44.17294" lon="5.10406">
        <ele>397.0</ele>
      </trkpt>
      <trkpt lat="44.17303" lon="5.10408">
        <ele>396.0</ele>
      </trkpt>
      <trkpt lat="44.17309" lon="5.10406">
        <ele>396.0</ele>
      </trkpt>
      <trkpt lat="44.17318" lon="5.10401">
        <ele>397.0</ele>
      </trkpt>
      <trkpt lat="44.17326" lon="5.10395">
        <ele>397.0</ele>
      </trkpt>
      <trkpt lat="44.17333" lon="5.10385">
        <ele>398.0</ele>
      </trkpt>
      <trkpt lat="44.1734" lon="5.10374">
        <ele>398.0</ele>
      </trkpt>
      <trkpt lat="44.17345" lon="5.1036">
        <ele>399.0</ele>
      </trkpt>
      <trkpt lat="44.17347" lon="5.10346">
        <ele>400.0</ele>
      </trkpt>
      <trkpt lat="44.17346" lon="5.1033">
        <ele>402.0</ele>
      </trkpt>
      <trkpt lat="44.17342" lon="5.10314">
        <ele>403.0</ele>
      </trkpt>
      <trkpt lat="44.17324" lon="5.10275">
        <ele>408.0</ele>
      </trkpt>
      <trkpt lat="44.17283" lon="5.10186">
        <ele>422.0</ele>
      </trkpt>
      <trkpt lat="44.17281" lon="5.10174">
        <ele>423.0</ele>
      </trkpt>
      <trkpt lat="44.17283" lon="5.10161">
        <ele>424.0</ele>
      </trkpt>
      <trkpt lat="44.17287" lon="5.1015">
        <ele>425.0</ele>
      </trkpt>
      <trkpt lat="44.17293" lon="5.10142">
        <ele>424.0</ele>
      </trkpt>
      <trkpt lat="44.17302" lon="5.10134">
        <ele>424.0</ele>
      </trkpt>
      <trkpt lat="44.17326" lon="5.10119">
        <ele>421.0</ele>
      </trkpt>
      <trkpt lat="44.17338" lon="5.1011">
        <ele>420.0</ele>
      </trkpt>
      <trkpt lat="44.17349" lon="5.101">
        <ele>420.0</ele>
      </trkpt>
      <trkpt lat="44.17388" lon="5.10054">
        <ele>423.0</ele>
      </trkpt>
      <trkpt lat="44.17437" lon="5.09994">
        <ele>429.0</ele>
      </trkpt>
      <trkpt lat="44.17467" lon="5.0996">
        <ele>432.0</ele>
      </trkpt>
      <trkpt lat="44.17572" lon="5.09878">
        <ele>441.0</ele>
      </trkpt>
      <trkpt lat="44.17624" lon="5.09848">
        <ele>447.0</ele>
      </trkpt>
      <trkpt lat="44.17662" lon="5.0983">
        <ele>451.0</ele>
      </trkpt>
      <trkpt lat="44.17676" lon="5.09823">
        <ele>454.0</ele>
      </trkpt>
      <trkpt lat="44.17686" lon="5.0982">
        <ele>455.0</ele>
      </trkpt>
      <trkpt lat="44.17698" lon="5.09816">
        <ele>457.0</ele>
      </trkpt>
      <trkpt lat="44.17711" lon="5.09814">
        <ele>458.0</ele>
      </trkpt>
      <trkpt lat="44.17735" lon="5.09813">
        <ele>460.0</ele>
      </trkpt>
      <trkpt lat="44.17744" lon="5.09815">
        <ele>459.0</ele>
      </trkpt>
      <trkpt lat="44.17758" lon="5.0982">
        <ele>458.0</ele>
      </trkpt>
      <trkpt lat="44.17773" lon="5.0983">
        <ele>456.0</ele>
      </trkpt>
      <trkpt lat="44.1779" lon="5.09837">
        <ele>454.0</ele>
      </trkpt>
      <trkpt lat="44.17798" lon="5.09839">
        <ele>454.0</ele>
      </trkpt>
      <trkpt lat="44.17816" lon="5.09835">
        <ele>456.0</ele>
      </trkpt>
      <trkpt lat="44.17846" lon="5.09819">
        <ele>460.0</ele>
      </trkpt>
      <trkpt lat="44.17883" lon="5.09791">
        <ele>463.0</ele>
      </trkpt>
      <trkpt lat="44.17901" lon="5.09768">
        <ele>466.0</ele>
      </trkpt>
      <trkpt lat="44.17913" lon="5.09744">
        <ele>468.0</ele>
      </trkpt>
      <trkpt lat="44.17921" lon="5.09712">
        <ele>468.0</ele>
      </trkpt>
      <trkpt lat="44.17925" lon="5.09687">
        <ele>469.0</ele>
      </trkpt>
      <trkpt lat="44.17931" lon="5.09664">
        <ele>470.0</ele>
      </trkpt>
      <trkpt lat="44.17935" lon="5.09654">
        <ele>470.0</ele>
      </trkpt>
      <trkpt lat="44.17948" lon="5.09634">
        <ele>471.0</ele>
      </trkpt>
      <trkpt lat="44.17968" lon="5.09608">
        <ele>473.0</ele>
      </trkpt>
      <trkpt lat="44.17973" lon="5.096">
        <ele>473.0</ele>
      </trkpt>
      <trkpt lat="44.18019" lon="5.09535">
        <ele>480.0</ele>
      </trkpt>
      <trkpt lat="44.18025" lon="5.09526">
        <ele>481.0</ele>
      </trkpt>
      <trkpt lat="44.1803" lon="5.09515">
        <ele>482.0</ele>
      </trkpt>
      <trkpt lat="44.18035" lon="5.095">
        <ele>484.0</ele>
      </trkpt>
      <trkpt lat="44.1804" lon="5.09482">
        <ele>485.0</ele>
      </trkpt>
      <trkpt lat="44.18042" lon="5.09469">
        <ele>486.0</ele>
      </trkpt>
      <trkpt lat="44.18043" lon="5.09445">
        <ele>486.0</ele>
      </trkpt>
      <trkpt lat="44.18039" lon="5.09425">
        <ele>484.0</ele>
      </trkpt>
      <trkpt lat="44.18029" lon="5.09399">
        <ele>481.0</ele>
      </trkpt>
      <trkpt lat="44.18018" lon="5.0938">
        <ele>478.0</ele>
      </trkpt>
      <trkpt lat="44.17994" lon="5.09333">
        <ele>473.0</ele>
      </trkpt>
      <trkpt lat="44.17972" lon="5.09298">
        <ele>462.0</ele>
      </trkpt>
      <trkpt lat="44.1797" lon="5.09292">
        <ele>461.0</ele>
      </trkpt>
      <trkpt lat="44.17968" lon="5.09285">
        <ele>460.0</ele>
      </trkpt>
      <trkpt lat="44.17968" lon="5.09279">
        <ele>459.0</ele>
      </trkpt>
      <trkpt lat="44.17969" lon="5.09272">
        <ele>459.0</ele>
      </trkpt>
      <trkpt lat="44.17972" lon="5.09266">
        <ele>459.0</ele>
      </trkpt>
      <trkpt lat="44.17975" lon="5.0926">
        <ele>460.0</ele>
      </trkpt>
      <trkpt lat="44.18049" lon="5.09169">
        <ele>459.0</ele>
      </trkpt>
      <trkpt lat="44.18057" lon="5.09162">
        <ele>459.0</ele>
      </trkpt>
      <trkpt lat="44.18063" lon="5.09159">
        <ele>460.0</ele>
      </trkpt>
      <trkpt lat="44.1807" lon="5.09159">
        <ele>461.0</ele>
      </trkpt>
      <trkpt lat="44.18091" lon="5.09162">
        <ele>466.0</ele>
      </trkpt>
      <trkpt lat="44.18097" lon="5.09161">
        <ele>467.0</ele>
      </trkpt>
      <trkpt lat="44.18105" lon="5.09157">
        <ele>468.0</ele>
      </trkpt>
      <trkpt lat="44.18112" lon="5.09151">
        <ele>469.0</ele>
      </trkpt>
      <trkpt lat="44.18123" lon="5.09135">
        <ele>469.0</ele>
      </trkpt>
      <trkpt lat="44.18128" lon="5.09123">
        <ele>469.0</ele>
      </trkpt>
      <trkpt lat="44.1813" lon="5.09114">
        <ele>469.0</ele>
      </trkpt>
      <trkpt lat="44.18131" lon="5.09103">
        <ele>468.0</ele>
      </trkpt>
      <trkpt lat="44.18131" lon="5.09089">
        <ele>466.0</ele>
      </trkpt>
      <trkpt lat="44.18128" lon="5.09055">
        <ele>464.0</ele>
      </trkpt>
      <trkpt lat="44.18127" lon="5.09037">
        <ele>464.0</ele>
      </trkpt>
      <trkpt lat="44.18129" lon="5.09012">
        <ele>464.0</ele>
      </trkpt>
      <trkpt lat="44.18129" lon="5.08998">
        <ele>464.0</ele>
      </trkpt>
      <trkpt lat="44.18127" lon="5.08988">
        <ele>465.0</ele>
      </trkpt>
      <trkpt lat="44.18124" lon="5.08979">
        <ele>466.0</ele>
      </trkpt>
      <trkpt lat="44.1812" lon="5.08973">
        <ele>465.0</ele>
      </trkpt>
      <trkpt lat="44.18112" lon="5.08969">
        <ele>464.0</ele>
      </trkpt>
      <trkpt lat="44.18097" lon="5.08964">
        <ele>462.0</ele>
      </trkpt>
      <trkpt lat="44.18069" lon="5.08959">
        <ele>459.0</ele>
      </trkpt>
      <trkpt lat="44.1799" lon="5.08955">
        <ele>458.0</ele>
      </trkpt>
      <trkpt lat="44.1797" lon="5.08958">
        <ele>455.0</ele>
      </trkpt>
      <trkpt lat="44.1795" lon="5.08967">
        <ele>450.0</ele>
      </trkpt>
      <trkpt lat="44.17942" lon="5.08968">
        <ele>449.0</ele>
      </trkpt>
      <trkpt lat="44.17933" lon="5.08965">
        <ele>449.0</ele>
      </trkpt>
      <trkpt lat="44.17919" lon="5.08956">
        <ele>450.0</ele>
      </trkpt>
      <trkpt lat="44.1789" lon="5.08954">
        <ele>445.0</ele>
      </trkpt>
      <trkpt lat="44.17879" lon="5.08948">
        <ele>444.0</ele>
      </trkpt>
      <trkpt lat="44.17868" lon="5.08936">
        <ele>444.0</ele>
      </trkpt>
      <trkpt lat="44.17862" lon="5.08923">
        <ele>446.0</ele>
      </trkpt>
      <trkpt lat="44.17858" lon="5.08909">
        <ele>446.0</ele>
      </trkpt>
      <trkpt lat="44.17859" lon="5.08892">
        <ele>447.0</ele>
      </trkpt>
      <trkpt lat="44.17866" lon="5.08863">
        <ele>450.0</ele>
      </trkpt>
      <trkpt lat="44.17867" lon="5.08849">
        <ele>451.0</ele>
      </trkpt>
      <trkpt lat="44.17865" lon="5.08831">
        <ele>450.0</ele>
      </trkpt>
      <trkpt lat="44.17849" lon="5.08784">
        <ele>446.0</ele>
      </trkpt>
      <trkpt lat="44.17848" lon="5.08763">
        <ele>446.0</ele>
      </trkpt>
      <trkpt lat="44.1785" lon="5.08738">
        <ele>449.0</ele>
      </trkpt>
      <trkpt lat="44.17847" lon="5.0872">
        <ele>451.0</ele>
      </trkpt>
      <trkpt lat="44.1784" lon="5.08715">
        <ele>450.0</ele>
      </trkpt>
      <trkpt lat="44.17829" lon="5.08713">
        <ele>448.0</ele>
      </trkpt>
      <trkpt lat="44.17814" lon="5.08715">
        <ele>446.0</ele>
      </trkpt>
      <trkpt lat="44.17791" lon="5.08724">
        <ele>441.0</ele>
      </trkpt>
      <trkpt lat="44.17746" lon="5.08753">
        <ele>431.0</ele>
      </trkpt>
      <trkpt lat="44.17735" lon="5.08759">
        <ele>428.0</ele>
      </trkpt>
      <trkpt lat="44.17726" lon="5.08762">
        <ele>426.0</ele>
      </trkpt>
      <trkpt lat="44.17718" lon="5.0876">
        <ele>425.0</ele>
      </trkpt>
      <trkpt lat="44.1771" lon="5.08753">
        <ele>425.0</ele>
      </trkpt>
      <trkpt lat="44.17691" lon="5.08721">
        <ele>425.0</ele>
      </trkpt>
      <trkpt lat="44.17686" lon="5.08708">
        <ele>425.0</ele>
      </trkpt>
      <trkpt lat="44.17678" lon="5.08688">
        <ele>425.0</ele>
      </trkpt>
      <trkpt lat="44.17676" lon="5.08682">
        <ele>425.0</ele>
      </trkpt>
      <trkpt lat="44.17674" lon="5.0867">
        <ele>426.0</ele>
      </trkpt>
      <trkpt lat="44.17674" lon="5.08652">
        <ele>424.0</ele>
      </trkpt>
      <trkpt lat="44.17675" lon="5.08625">
        <ele>422.0</ele>
      </trkpt>
      <trkpt lat="44.17679" lon="5.08587">
        <ele>419.0</ele>
      </trkpt>
      <trkpt lat="44.17684" lon="5.08548">
        <ele>413.0</ele>
      </trkpt>
      <trkpt lat="44.17688" lon="5.08533">
        <ele>411.0</ele>
      </trkpt>
      <trkpt lat="44.17692" lon="5.08525">
        <ele>410.0</ele>
      </trkpt>
      <trkpt lat="44.17698" lon="5.08519">
        <ele>411.0</ele>
      </trkpt>
      <trkpt lat="44.17715" lon="5.08514">
        <ele>414.0</ele>
      </trkpt>
      <trkpt lat="44.1772" lon="5.0851">
        <ele>415.0</ele>
      </trkpt>
      <trkpt lat="44.17724" lon="5.08504">
        <ele>415.0</ele>
      </trkpt>
      <trkpt lat="44.17731" lon="5.08478">
        <ele>413.0</ele>
      </trkpt>
      <trkpt lat="44.17737" lon="5.0847">
        <ele>414.0</ele>
      </trkpt>
      <trkpt lat="44.17746" lon="5.08462">
        <ele>416.0</ele>
      </trkpt>
      <trkpt lat="44.17756" lon="5.0845">
        <ele>418.0</ele>
      </trkpt>
      <trkpt lat="44.17758" lon="5.08441">
        <ele>418.0</ele>
      </trkpt>
      <trkpt lat="44.17758" lon="5.08431">
        <ele>417.0</ele>
      </trkpt>
      <trkpt lat="44.17751" lon="5.08394">
        <ele>410.0</ele>
      </trkpt>
      <trkpt lat="44.1775" lon="5.08379">
        <ele>407.0</ele>
      </trkpt>
      <trkpt lat="44.17754" lon="5.08367">
        <ele>406.0</ele>
      </trkpt>
      <trkpt lat="44.1776" lon="5.08356">
        <ele>407.0</ele>
      </trkpt>
      <trkpt lat="44.17778" lon="5.08329">
        <ele>409.0</ele>
      </trkpt>
      <trkpt lat="44.17788" lon="5.08308">
        <ele>408.0</ele>
      </trkpt>
      <trkpt lat="44.17791" lon="5.08294">
        <ele>407.0</ele>
      </trkpt>
      <trkpt lat="44.17793" lon="5.08268">
        <ele>402.0</ele>
      </trkpt>
      <trkpt lat="44.17797" lon="5.08243">
        <ele>398.0</ele>
      </trkpt>
      <trkpt lat="44.178" lon="5.08233">
        <ele>398.0</ele>
      </trkpt>
      <trkpt lat="44.17804" lon="5.08224">
        <ele>397.0</ele>
      </trkpt>
      <trkpt lat="44.17816" lon="5.08214">
        <ele>398.0</ele>
      </trkpt>
      <trkpt lat="44.17863" lon="5.08182">
        <ele>404.0</ele>
      </trkpt>
      <trkpt lat="44.17878" lon="5.08166">
        <ele>405.0</ele>
      </trkpt>
      <trkpt lat="44.17882" lon="5.08155">
        <ele>406.0</ele>
      </trkpt>
      <trkpt lat="44.17884" lon="5.0814">
        <ele>406.0</ele>
      </trkpt>
      <trkpt lat="44.1788" lon="5.08124">
        <ele>403.0</ele>
      </trkpt>
      <trkpt lat="44.17871" lon="5.08098">
        <ele>397.0</ele>
      </trkpt>
      <trkpt lat="44.17859" lon="5.08049">
        <ele>390.0</ele>
      </trkpt>
      <trkpt lat="44.17849" lon="5.07984">
        <ele>385.0</ele>
      </trkpt>
      <trkpt lat="44.17834" lon="5.07906">
        <ele>377.0</ele>
      </trkpt>
      <trkpt lat="44.17833" lon="5.07885">
        <ele>375.0</ele>
      </trkpt>
      <trkpt lat="44.17834" lon="5.07864">
        <ele>374.0</ele>
      </trkpt>
      <trkpt lat="44.17837" lon="5.07843">
        <ele>375.0</ele>
      </trkpt>
      <trkpt lat="44.1785" lon="5.07788">
        <ele>381.0</ele>
      </trkpt>
      <trkpt lat="44.17855" lon="5.07765">
        <ele>382.0</ele>
      </trkpt>
      <trkpt lat="44.17857" lon="5.07745">
        <ele>383.0</ele>
      </trkpt>
      <trkpt lat="44.17858" lon="5.07711">
        <ele>387.0</ele>
      </trkpt>
      <trkpt lat="44.1786" lon="5.07701">
        <ele>388.0</ele>
      </trkpt>
      <trkpt lat="44.17863" lon="5.07695">
        <ele>390.0</ele>
      </trkpt>
      <trkpt lat="44.17871" lon="5.07683">
        <ele>395.0</ele>
      </trkpt>
      <trkpt lat="44.17873" lon="5.07677">
        <ele>396.0</ele>
      </trkpt>
      <trkpt lat="44.17872" lon="5.0767">
        <ele>396.0</ele>
      </trkpt>
      <trkpt lat="44.17869" lon="5.07664">
        <ele>395.0</ele>
      </trkpt>
      <trkpt lat="44.17861" lon="5.0766">
        <ele>393.0</ele>
      </trkpt>
      <trkpt lat="44.17838" lon="5.07649">
        <ele>387.0</ele>
      </trkpt>
      <trkpt lat="44.17794" lon="5.07612">
        <ele>385.0</ele>
      </trkpt>
      <trkpt lat="44.17785" lon="5.07609">
        <ele>384.0</ele>
      </trkpt>
      <trkpt lat="44.17728" lon="5.07616">
        <ele>376.0</ele>
      </trkpt>
      <trkpt lat="44.17717" lon="5.07614">
        <ele>378.0</ele>
      </trkpt>
      <trkpt lat="44.17705" lon="5.0761">
        <ele>380.0</ele>
      </trkpt>
      <trkpt lat="44.17687" lon="5.07595">
        <ele>385.0</ele>
      </trkpt>
      <trkpt lat="44.1768" lon="5.07594">
        <ele>386.0</ele>
      </trkpt>
      <trkpt lat="44.17675" lon="5.07596">
        <ele>386.0</ele>
      </trkpt>
      <trkpt lat="44.17672" lon="5.07602">
        <ele>385.0</ele>
      </trkpt>
      <trkpt lat="44.17663" lon="5.07638">
        <ele>378.0</ele>
      </trkpt>
      <trkpt lat="44.17656" lon="5.07651">
        <ele>376.0</ele>
      </trkpt>
      <trkpt lat="44.17648" lon="5.07657">
        <ele>375.0</ele>
      </trkpt>
      <trkpt lat="44.1764" lon="5.07659">
        <ele>374.0</ele>
      </trkpt>
      <trkpt lat="44.1763" lon="5.07655">
        <ele>375.0</ele>
      </trkpt>
      <trkpt lat="44.17612" lon="5.07641">
        <ele>379.0</ele>
      </trkpt>
      <trkpt lat="44.17574" lon="5.07601">
        <ele>387.0</ele>
      </trkpt>
      <trkpt lat="44.17559" lon="5.0758">
        <ele>390.0</ele>
      </trkpt>
      <trkpt lat="44.17544" lon="5.07552">
        <ele>394.0</ele>
      </trkpt>
      <trkpt lat="44.17538" lon="5.07544">
        <ele>395.0</ele>
      </trkpt>
      <trkpt lat="44.17527" lon="5.07537">
        <ele>395.0</ele>
      </trkpt>
      <trkpt lat="44.17515" lon="5.07534">
        <ele>395.0</ele>
      </trkpt>
      <trkpt lat="44.17505" lon="5.07535">
        <ele>394.0</ele>
      </trkpt>
      <trkpt lat="44.17459" lon="5.07548">
        <ele>389.0</ele>
      </trkpt>
      <trkpt lat="44.17446" lon="5.07547">
        <ele>389.0</ele>
      </trkpt>
      <trkpt lat="44.17436" lon="5.0754">
        <ele>389.0</ele>
      </trkpt>
      <trkpt lat="44.17424" lon="5.07516">
        <ele>393.0</ele>
      </trkpt>
      <trkpt lat="44.1741" lon="5.07482">
        <ele>398.0</ele>
      </trkpt>
      <trkpt lat="44.17399" lon="5.0746">
        <ele>400.0</ele>
      </trkpt>
      <trkpt lat="44.17393" lon="5.07454">
        <ele>400.0</ele>
      </trkpt>
      <trkpt lat="44.17379" lon="5.07448">
        <ele>400.0</ele>
      </trkpt>
      <trkpt lat="44.17355" lon="5.07439">
        <ele>399.0</ele>
      </trkpt>
      <trkpt lat="44.17343" lon="5.07431">
        <ele>398.0</ele>
      </trkpt>
      <trkpt lat="44.17328" lon="5.07411">
        <ele>399.0</ele>
      </trkpt>
      <trkpt lat="44.17303" lon="5.07369">
        <ele>401.0</ele>
      </trkpt>
      <trkpt lat="44.1729" lon="5.07349">
        <ele>401.0</ele>
      </trkpt>
      <trkpt lat="44.17279" lon="5.07335">
        <ele>401.0</ele>
      </trkpt>
      <trkpt lat="44.1726" lon="5.07316">
        <ele>401.0</ele>
      </trkpt>
      <trkpt lat="44.17235" lon="5.07289">
        <ele>401.0</ele>
      </trkpt>
      <trkpt lat="44.17224" lon="5.07273">
        <ele>401.0</ele>
      </trkpt>
      <trkpt lat="44.17217" lon="5.0726">
        <ele>402.0</ele>
      </trkpt>
      <trkpt lat="44.17203" lon="5.0722">
        <ele>403.0</ele>
      </trkpt>
      <trkpt lat="44.17185" lon="5.07171">
        <ele>402.0</ele>
      </trkpt>
      <trkpt lat="44.17176" lon="5.07142">
        <ele>402.0</ele>
      </trkpt>
      <trkpt lat="44.17172" lon="5.07131">
        <ele>401.0</ele>
      </trkpt>
      <trkpt lat="44.1716" lon="5.07078">
        <ele>403.0</ele>
      </trkpt>
      <trkpt lat="44.17157" lon="5.07071">
        <ele>404.0</ele>
      </trkpt>
      <trkpt lat="44.17153" lon="5.07064">
        <ele>405.0</ele>
      </trkpt>
      <trkpt lat="44.17149" lon="5.0706">
        <ele>405.0</ele>
      </trkpt>
      <trkpt lat="44.17145" lon="5.07058">
        <ele>405.0</ele>
      </trkpt>
      <trkpt lat="44.17135" lon="5.07057">
        <ele>405.0</ele>
      </trkpt>
      <trkpt lat="44.1713" lon="5.07058">
        <ele>405.0</ele>
      </trkpt>
      <trkpt lat="44.17115" lon="5.07067">
        <ele>404.0</ele>
      </trkpt>
      <trkpt lat="44.17104" lon="5.07072">
        <ele>403.0</ele>
      </trkpt>
      <trkpt lat="44.17086" lon="5.07078">
        <ele>403.0</ele>
      </trkpt>
      <trkpt lat="44.1707" lon="5.07076">
        <ele>402.0</ele>
      </trkpt>
      <trkpt lat="44.17058" lon="5.07069">
        <ele>401.0</ele>
      </trkpt>
      <trkpt lat="44.17047" lon="5.07059">
        <ele>401.0</ele>
      </trkpt>
      <trkpt lat="44.17038" lon="5.07043">
        <ele>401.0</ele>
      </trkpt>
      <trkpt lat="44.17031" lon="5.07023">
        <ele>401.0</ele>
      </trkpt>
      <trkpt lat="44.17023" lon="5.0699">
        <ele>401.0</ele>
      </trkpt>
      <trkpt lat="44.17015" lon="5.06968">
        <ele>399.0</ele>
      </trkpt>
      <trkpt lat="44.17004" lon="5.06943">
        <ele>397.0</ele>
      </trkpt>
      <trkpt lat="44.1698" lon="5.06899">
        <ele>395.0</ele>
      </trkpt>
      <trkpt lat="44.16976" lon="5.06894">
        <ele>395.0</ele>
      </trkpt>
      <trkpt lat="44.1697" lon="5.06887">
        <ele>395.0</ele>
      </trkpt>
      <trkpt lat="44.16954" lon="5.06873">
        <ele>394.0</ele>
      </trkpt>
      <trkpt lat="44.16918" lon="5.06853">
        <ele>391.0</ele>
      </trkpt>
      <trkpt lat="44.16888" lon="5.06841">
        <ele>391.0</ele>
      </trkpt>
      <trkpt lat="44.16879" lon="5.06837">
        <ele>391.0</ele>
      </trkpt>
      <trkpt lat="44.16874" lon="5.06835">
        <ele>391.0</ele>
      </trkpt>
      <trkpt lat="44.1687" lon="5.06835">
        <ele>391.0</ele>
      </trkpt>
      <trkpt lat="44.16865" lon="5.06836">
        <ele>391.0</ele>
      </trkpt>
      <trkpt lat="44.16859" lon="5.0684">
        <ele>390.0</ele>
      </trkpt>
      <trkpt lat="44.16847" lon="5.06812">
        <ele>390.0</ele>
      </trkpt>
      <trkpt lat="44.16843" lon="5.068">
        <ele>390.0</ele>
      </trkpt>
      <trkpt lat="44.1682" lon="5.06743">
        <ele>387.0</ele>
      </trkpt>
      <trkpt lat="44.16815" lon="5.06725">
        <ele>386.0</ele>
      </trkpt>
      <trkpt lat="44.16805" lon="5.0668">
        <ele>382.0</ele>
      </trkpt>
      <trkpt lat="44.168" lon="5.06644">
        <ele>379.0</ele>
      </trkpt>
      <trkpt lat="44.168" lon="5.0663">
        <ele>378.0</ele>
      </trkpt>
      <trkpt lat="44.16803" lon="5.06612">
        <ele>378.0</ele>
      </trkpt>
      <trkpt lat="44.1681" lon="5.0659">
        <ele>377.0</ele>
      </trkpt>
      <trkpt lat="44.16816" lon="5.06573">
        <ele>376.0</ele>
      </trkpt>
      <trkpt lat="44.16833" lon="5.06549">
        <ele>376.0</ele>
      </trkpt>
      <trkpt lat="44.1684" lon="5.06539">
        <ele>377.0</ele>
      </trkpt>
      <trkpt lat="44.16845" lon="5.06528">
        <ele>377.0</ele>
      </trkpt>
      <trkpt lat="44.16847" lon="5.06518">
        <ele>376.0</ele>
      </trkpt>
      <trkpt lat="44.16847" lon="5.06509">
        <ele>376.0</ele>
      </trkpt>
      <trkpt lat="44.16843" lon="5.06499">
        <ele>374.0</ele>
      </trkpt>
      <trkpt lat="44.16835" lon="5.06494">
        <ele>373.0</ele>
      </trkpt>
      <trkpt lat="44.16827" lon="5.06493">
        <ele>372.0</ele>
      </trkpt>
      <trkpt lat="44.1682" lon="5.06494">
        <ele>371.0</ele>
      </trkpt>
      <trkpt lat="44.16816" lon="5.06498">
        <ele>371.0</ele>
      </trkpt>
      <trkpt lat="44.16806" lon="5.06514">
        <ele>371.0</ele>
      </trkpt>
      <trkpt lat="44.16795" lon="5.06523">
        <ele>370.0</ele>
      </trkpt>
      <trkpt lat="44.16787" lon="5.06526">
        <ele>369.0</ele>
      </trkpt>
      <trkpt lat="44.16779" lon="5.06526">
        <ele>369.0</ele>
      </trkpt>
      <trkpt lat="44.16756" lon="5.06524">
        <ele>366.0</ele>
      </trkpt>
      <trkpt lat="44.16736" lon="5.06525">
        <ele>364.0</ele>
      </trkpt>
      <trkpt lat="44.16719" lon="5.06532">
        <ele>363.0</ele>
      </trkpt>
      <trkpt lat="44.16705" lon="5.06542">
        <ele>362.0</ele>
      </trkpt>
      <trkpt lat="44.16688" lon="5.06558">
        <ele>361.0</ele>
      </trkpt>
      <trkpt lat="44.16678" lon="5.06565">
        <ele>360.0</ele>
      </trkpt>
      <trkpt lat="44.16669" lon="5.06564">
        <ele>359.0</ele>
      </trkpt>
      <trkpt lat="44.16662" lon="5.06558">
        <ele>358.0</ele>
      </trkpt>
      <trkpt lat="44.1666" lon="5.06545">
        <ele>357.0</ele>
      </trkpt>
      <trkpt lat="44.16666" lon="5.0653">
        <ele>357.0</ele>
      </trkpt>
      <trkpt lat="44.16676" lon="5.06518">
        <ele>358.0</ele>
      </trkpt>
      <trkpt lat="44.1668" lon="5.06506">
        <ele>357.0</ele>
      </trkpt>
      <trkpt lat="44.16681" lon="5.06496">
        <ele>357.0</ele>
      </trkpt>
      <trkpt lat="44.16674" lon="5.06485">
        <ele>357.0</ele>
      </trkpt>
      <trkpt lat="44.16666" lon="5.06478">
        <ele>356.0</ele>
      </trkpt>
      <trkpt lat="44.16652" lon="5.06479">
        <ele>354.0</ele>
      </trkpt>
      <trkpt lat="44.1664" lon="5.06486">
        <ele>352.0</ele>
      </trkpt>
      <trkpt lat="44.16628" lon="5.06499">
        <ele>350.0</ele>
      </trkpt>
      <trkpt lat="44.16621" lon="5.06517">
        <ele>350.0</ele>
      </trkpt>
      <trkpt lat="44.16618" lon="5.06545">
        <ele>350.0</ele>
      </trkpt>
      <trkpt lat="44.16611" lon="5.06565">
        <ele>350.0</ele>
      </trkpt>
      <trkpt lat="44.16604" lon="5.06573">
        <ele>349.0</ele>
      </trkpt>
      <trkpt lat="44.16595" lon="5.06577">
        <ele>348.0</ele>
      </trkpt>
      <trkpt lat="44.16551" lon="5.06581">
        <ele>342.0</ele>
      </trkpt>
      <trkpt lat="44.16529" lon="5.06587">
        <ele>340.0</ele>
      </trkpt>
      <trkpt lat="44.16509" lon="5.06598">
        <ele>339.0</ele>
      </trkpt>
      <trkpt lat="44.16477" lon="5.06628">
        <ele>340.0</ele>
      </trkpt>
      <trkpt lat="44.16466" lon="5.06633">
        <ele>340.0</ele>
      </trkpt>
      <trkpt lat="44.16456" lon="5.06631">
        <ele>339.0</ele>
      </trkpt>
      <trkpt lat="44.16449" lon="5.06624">
        <ele>337.0</ele>
      </trkpt>
      <trkpt lat="44.16447" lon="5.06614">
        <ele>336.0</ele>
      </trkpt>
      <trkpt lat="44.16448" lon="5.06599">
        <ele>333.0</ele>
      </trkpt>
      <trkpt lat="44.16458" lon="5.06575">
        <ele>331.0</ele>
      </trkpt>
      <trkpt lat="44.16463" lon="5.06554">
        <ele>330.0</ele>
      </trkpt>
      <trkpt lat="44.16462" lon="5.06536">
        <ele>328.0</ele>
      </trkpt>
      <trkpt lat="44.16456" lon="5.06517">
        <ele>326.0</ele>
      </trkpt>
      <trkpt lat="44.16447" lon="5.06504">
        <ele>324.0</ele>
      </trkpt>
      <trkpt lat="44.16434" lon="5.06497">
        <ele>321.0</ele>
      </trkpt>
      <trkpt lat="44.16421" lon="5.06499">
        <ele>319.0</ele>
      </trkpt>
      <trkpt lat="44.16411" lon="5.06505">
        <ele>319.0</ele>
      </trkpt>
      <trkpt lat="44.16389" lon="5.06518">
        <ele>318.0</ele>
      </trkpt>
      <trkpt lat="44.16368" lon="5.06521">
        <ele>317.0</ele>
      </trkpt>
      <trkpt lat="44.1635" lon="5.0652">
        <ele>315.0</ele>
      </trkpt>
      <trkpt lat="44.16323" lon="5.06521">
        <ele>314.0</ele>
      </trkpt>
      <trkpt lat="44.16281" lon="5.06524">
        <ele>311.0</ele>
      </trkpt>
      <trkpt lat="44.16249" lon="5.06529">
        <ele>311.0</ele>
      </trkpt>
      <trkpt lat="44.16222" lon="5.06531">
        <ele>310.0</ele>
      </trkpt>
      <trkpt lat="44.16136" lon="5.06522">
        <ele>308.0</ele>
      </trkpt>
      <trkpt lat="44.16124" lon="5.06515">
        <ele>308.0</ele>
      </trkpt>
      <trkpt lat="44.16116" lon="5.06509">
        <ele>307.0</ele>
      </trkpt>
      <trkpt lat="44.16107" lon="5.06497">
        <ele>304.0</ele>
      </trkpt>
      <trkpt lat="44.16096" lon="5.06478">
        <ele>300.0</ele>
      </trkpt>
      <trkpt lat="44.16081" lon="5.06459">
        <ele>296.0</ele>
      </trkpt>
      <trkpt lat="44.1606" lon="5.06443">
        <ele>293.0</ele>
      </trkpt>
      <trkpt lat="44.16028" lon="5.06423">
        <ele>291.0</ele>
      </trkpt>
      <trkpt lat="44.16003" lon="5.06402">
        <ele>289.0</ele>
      </trkpt>
      <trkpt lat="44.15988" lon="5.06385">
        <ele>287.0</ele>
      </trkpt>
      <trkpt lat="44.15975" lon="5.06368">
        <ele>284.0</ele>
      </trkpt>
      <trkpt lat="44.15963" lon="5.06358">
        <ele>282.0</ele>
      </trkpt>
      <trkpt lat="44.15885" lon="5.06316">
        <ele>279.0</ele>
      </trkpt>
      <trkpt lat="44.15869" lon="5.06304">
        <ele>279.0</ele>
      </trkpt>
      <trkpt lat="44.15852" lon="5.0628">
        <ele>276.0</ele>
      </trkpt>
      <trkpt lat="44.15838" lon="5.06256">
        <ele>273.0</ele>
      </trkpt>
      <trkpt lat="44.15828" lon="5.06241">
        <ele>270.0</ele>
      </trkpt>
      <trkpt lat="44.15807" lon="5.06223">
        <ele>267.0</ele>
      </trkpt>
      <trkpt lat="44.15783" lon="5.0621">
        <ele>265.0</ele>
      </trkpt>
      <trkpt lat="44.15723" lon="5.06196">
        <ele>265.0</ele>
      </trkpt>
      <trkpt lat="44.15705" lon="5.06187">
        <ele>264.0</ele>
      </trkpt>
      <trkpt lat="44.15686" lon="5.06172">
        <ele>262.0</ele>
      </trkpt>
      <trkpt lat="44.15642" lon="5.06109">
        <ele>256.0</ele>
      </trkpt>
      <trkpt lat="44.15621" lon="5.06077">
        <ele>252.0</ele>
      </trkpt>
      <trkpt lat="44.1561" lon="5.06064">
        <ele>250.0</ele>
      </trkpt>
      <trkpt lat="44.15592" lon="5.06048">
        <ele>248.0</ele>
      </trkpt>
      <trkpt lat="44.15574" lon="5.06034">
        <ele>247.0</ele>
      </trkpt>
      <trkpt lat="44.15547" lon="5.0601">
        <ele>245.0</ele>
      </trkpt>
      <trkpt lat="44.1553" lon="5.05989">
        <ele>243.0</ele>
      </trkpt>
      <trkpt lat="44.15519" lon="5.05966">
        <ele>241.0</ele>
      </trkpt>
      <trkpt lat="44.15511" lon="5.05939">
        <ele>238.0</ele>
      </trkpt>
      <trkpt lat="44.15502" lon="5.05915">
        <ele>235.0</ele>
      </trkpt>
      <trkpt lat="44.15491" lon="5.05895">
        <ele>233.0</ele>
      </trkpt>
      <trkpt lat="44.15461" lon="5.05846">
        <ele>228.0</ele>
      </trkpt>
      <trkpt lat="44.15454" lon="5.05838">
        <ele>227.0</ele>
      </trkpt>
      <trkpt lat="44.15448" lon="5.05834">
        <ele>227.0</ele>
      </trkpt>
      <trkpt lat="44.1544" lon="5.05833">
        <ele>228.0</ele>
      </trkpt>
      <trkpt lat="44.15431" lon="5.05834">
        <ele>229.0</ele>
      </trkpt>
      <trkpt lat="44.15417" lon="5.05838">
        <ele>231.0</ele>
      </trkpt>
      <trkpt lat="44.15411" lon="5.05838">
        <ele>232.0</ele>
      </trkpt>
      <trkpt lat="44.15403" lon="5.05836">
        <ele>233.0</ele>
      </trkpt>
      <trkpt lat="44.15395" lon="5.05831">
        <ele>234.0</ele>
      </trkpt>
      <trkpt lat="44.15389" lon="5.05822">
        <ele>233.0</ele>
      </trkpt>
      <trkpt lat="44.15368" lon="5.05774">
        <ele>226.0</ele>
      </trkpt>
      <trkpt lat="44.15355" lon="5.05749">
        <ele>223.0</ele>
      </trkpt>
      <trkpt lat="44.15341" lon="5.05728">
        <ele>222.0</ele>
      </trkpt>
      <trkpt lat="44.15319" lon="5.05698">
        <ele>220.0</ele>
      </trkpt>
      <trkpt lat="44.15289" lon="5.05657">
        <ele>219.0</ele>
      </trkpt>
      <trkpt lat="44.15276" lon="5.05637">
        <ele>219.0</ele>
      </trkpt>
      <trkpt lat="44.15263" lon="5.05608">
        <ele>217.0</ele>
      </trkpt>
      <trkpt lat="44.15252" lon="5.05577">
        <ele>213.0</ele>
      </trkpt>
      <trkpt lat="44.15243" lon="5.05553">
        <ele>210.0</ele>
      </trkpt>
      <trkpt lat="44.15235" lon="5.05537">
        <ele>208.0</ele>
      </trkpt>
      <trkpt lat="44.15215" lon="5.05514">
        <ele>207.0</ele>
      </trkpt>
      <trkpt lat="44.15205" lon="5.05504">
        <ele>207.0</ele>
      </trkpt>
      <trkpt lat="44.15182" lon="5.05481">
        <ele>206.0</ele>
      </trkpt>
      <trkpt lat="44.15148" lon="5.05444">
        <ele>202.0</ele>
      </trkpt>
      <trkpt lat="44.15116" lon="5.05411">
        <ele>200.0</ele>
      </trkpt>
      <trkpt lat="44.15089" lon="5.05383">
        <ele>198.0</ele>
      </trkpt>
      <trkpt lat="44.15073" lon="5.05371">
        <ele>196.0</ele>
      </trkpt>
      <trkpt lat="44.15061" lon="5.05367">
        <ele>197.0</ele>
      </trkpt>
      <trkpt lat="44.15048" lon="5.05366">
        <ele>198.0</ele>
      </trkpt>
      <trkpt lat="44.15034" lon="5.05367">
        <ele>200.0</ele>
      </trkpt>
      <trkpt lat="44.15023" lon="5.05366">
        <ele>201.0</ele>
      </trkpt>
      <trkpt lat="44.15013" lon="5.05358">
        <ele>199.0</ele>
      </trkpt>
      <trkpt lat="44.14995" lon="5.05328">
        <ele>192.0</ele>
      </trkpt>
      <trkpt lat="44.14941" lon="5.0524">
        <ele>181.0</ele>
      </trkpt>
      <trkpt lat="44.1493" lon="5.05226">
        <ele>180.0</ele>
      </trkpt>
      <trkpt lat="44.1492" lon="5.05218">
        <ele>179.0</ele>
      </trkpt>
      <trkpt lat="44.14906" lon="5.05212">
        <ele>179.0</ele>
      </trkpt>
      <trkpt lat="44.14863" lon="5.052">
        <ele>180.0</ele>
      </trkpt>
      <trkpt lat="44.14858" lon="5.05197">
        <ele>180.0</ele>
      </trkpt>
      <trkpt lat="44.14837" lon="5.05184">
        <ele>178.0</ele>
      </trkpt>
      <trkpt lat="44.14812" lon="5.05171">
        <ele>175.0</ele>
      </trkpt>
      <trkpt lat="44.1479" lon="5.0516">
        <ele>174.0</ele>
      </trkpt>
      <trkpt lat="44.14768" lon="5.05153">
        <ele>173.0</ele>
      </trkpt>
      <trkpt lat="44.14748" lon="5.05143">
        <ele>172.0</ele>
      </trkpt>
      <trkpt lat="44.14729" lon="5.0513">
        <ele>169.0</ele>
      </trkpt>
      <trkpt lat="44.14712" lon="5.05122">
        <ele>166.0</ele>
      </trkpt>
      <trkpt lat="44.14705" lon="5.0512">
        <ele>165.0</ele>
      </trkpt>
      <trkpt lat="44.14686" lon="5.0512">
        <ele>164.0</ele>
      </trkpt>
      <trkpt lat="44.14671" lon="5.05121">
        <ele>163.0</ele>
      </trkpt>
      <trkpt lat="44.14658" lon="5.05119">
        <ele>162.0</ele>
      </trkpt>
      <trkpt lat="44.14646" lon="5.05114">
        <ele>161.0</ele>
      </trkpt>
      <trkpt lat="44.14627" lon="5.05107">
        <ele>159.0</ele>
      </trkpt>
      <trkpt lat="44.146" lon="5.05096">
        <ele>157.0</ele>
      </trkpt>
      <trkpt lat="44.14473" lon="5.0505">
        <ele>151.0</ele>
      </trkpt>
      <trkpt lat="44.14465" lon="5.05047">
        <ele>151.0</ele>
      </trkpt>
      <trkpt lat="44.14455" lon="5.05044">
        <ele>152.0</ele>
      </trkpt>
      <trkpt lat="44.14449" lon="5.05042">
        <ele>152.0</ele>
      </trkpt>
      <trkpt lat="44.14432" lon="5.05035">
        <ele>153.0</ele>
      </trkpt>
      <trkpt lat="44.14428" lon="5.05033">
        <ele>153.0</ele>
      </trkpt>
      <trkpt lat="44.14423" lon="5.0503">
        <ele>154.0</ele>
      </trkpt>
      <trkpt lat="44.1442" lon="5.05025">
        <ele>154.0</ele>
      </trkpt>
      <trkpt lat="44.14416" lon="5.05017">
        <ele>154.0</ele>
      </trkpt>
      <trkpt lat="44.1441" lon="5.04986">
        <ele>154.0</ele>
      </trkpt>
      <trkpt lat="44.14403" lon="5.04962">
        <ele>155.0</ele>
      </trkpt>
      <trkpt lat="44.14398" lon="5.04954">
        <ele>155.0</ele>
      </trkpt>
      <trkpt lat="44.14393" lon="5.04949">
        <ele>155.0</ele>
      </trkpt>
      <trkpt lat="44.14387" lon="5.04946">
        <ele>155.0</ele>
      </trkpt>
      <trkpt lat="44.1437" lon="5.04944">
        <ele>155.0</ele>
      </trkpt>
      <trkpt lat="44.14309" lon="5.04949">
        <ele>156.0</ele>
      </trkpt>
      <trkpt lat="44.14289" lon="5.04944">
        <ele>157.0</ele>
      </trkpt>
      <trkpt lat="44.14276" lon="5.04936">
        <ele>157.0</ele>
      </trkpt>
      <trkpt lat="44.14265" lon="5.04925">
        <ele>157.0</ele>
      </trkpt>
      <trkpt lat="44.14235" lon="5.04868">
        <ele>151.0</ele>
      </trkpt>
      <trkpt lat="44.14226" lon="5.04859">
        <ele>150.0</ele>
      </trkpt>
      <trkpt lat="44.14218" lon="5.04855">
        <ele>149.0</ele>
      </trkpt>
      <trkpt lat="44.14207" lon="5.04854">
        <ele>149.0</ele>
      </trkpt>
      <trkpt lat="44.1417" lon="5.04854">
        <ele>148.0</ele>
      </trkpt>
      <trkpt lat="44.14162" lon="5.04852">
        <ele>148.0</ele>
      </trkpt>
      <trkpt lat="44.14158" lon="5.0485">
        <ele>148.0</ele>
      </trkpt>
      <trkpt lat="44.14148" lon="5.04842">
        <ele>149.0</ele>
      </trkpt>
      <trkpt lat="44.14076" lon="5.04734">
        <ele>145.0</ele>
      </trkpt>
      <trkpt lat="44.14059" lon="5.04709">
        <ele>146.0</ele>
      </trkpt>
      <trkpt lat="44.14047" lon="5.04695">
        <ele>145.0</ele>
      </trkpt>
      <trkpt lat="44.14024" lon="5.04674">
        <ele>144.0</ele>
      </trkpt>
      <trkpt lat="44.14" lon="5.04663">
        <ele>143.0</ele>
      </trkpt>
      <trkpt lat="44.13976" lon="5.04658">
        <ele>142.0</ele>
      </trkpt>
      <trkpt lat="44.13806" lon="5.04659">
        <ele>145.0</ele>
      </trkpt>
      <trkpt lat="44.13794" lon="5.04658">
        <ele>146.0</ele>
      </trkpt>
      <trkpt lat="44.13783" lon="5.04653">
        <ele>147.0</ele>
      </trkpt>
      <trkpt lat="44.13772" lon="5.04643">
        <ele>147.0</ele>
      </trkpt>
      <trkpt lat="44.13719" lon="5.04573">
        <ele>142.0</ele>
      </trkpt>
      <trkpt lat="44.1371" lon="5.04564">
        <ele>142.0</ele>
      </trkpt>
      <trkpt lat="44.13694" lon="5.04553">
        <ele>141.0</ele>
      </trkpt>
      <trkpt lat="44.13622" lon="5.04512">
        <ele>136.0</ele>
      </trkpt>
      <trkpt lat="44.13575" lon="5.04488">
        <ele>134.0</ele>
      </trkpt>
      <trkpt lat="44.13538" lon="5.04471">
        <ele>132.0</ele>
      </trkpt>
      <trkpt lat="44.13518" lon="5.04466">
        <ele>132.0</ele>
      </trkpt>
      <trkpt lat="44.13512" lon="5.04466">
        <ele>132.0</ele>
      </trkpt>
      <trkpt lat="44.13507" lon="5.04466">
        <ele>132.0</ele>
      </trkpt>
      <trkpt lat="44.13503" lon="5.04466">
        <ele>132.0</ele>
      </trkpt>
      <trkpt lat="44.13489" lon="5.04467">
        <ele>132.0</ele>
      </trkpt>
      <trkpt lat="44.13459" lon="5.04471">
        <ele>133.0</ele>
      </trkpt>
      <trkpt lat="44.13443" lon="5.04472">
        <ele>133.0</ele>
      </trkpt>
      <trkpt lat="44.13433" lon="5.04469">
        <ele>132.0</ele>
      </trkpt>
      <trkpt lat="44.13398" lon="5.04453">
        <ele>131.0</ele>
      </trkpt>
      <trkpt lat="44.13384" lon="5.04444">
        <ele>130.0</ele>
      </trkpt>
      <trkpt lat="44.13372" lon="5.04434">
        <ele>128.0</ele>
      </trkpt>
      <trkpt lat="44.13362" lon="5.0442">
        <ele>126.0</ele>
      </trkpt>
      <trkpt lat="44.13354" lon="5.04409">
        <ele>126.0</ele>
      </trkpt>
      <trkpt lat="44.13339" lon="5.04384">
        <ele>125.0</ele>
      </trkpt>
      <trkpt lat="44.13326" lon="5.04361">
        <ele>124.0</ele>
      </trkpt>
      <trkpt lat="44.1332" lon="5.04353">
        <ele>124.0</ele>
      </trkpt>
      <trkpt lat="44.13297" lon="5.04327">
        <ele>123.0</ele>
      </trkpt>
      <trkpt lat="44.1327" lon="5.04299">
        <ele>124.0</ele>
      </trkpt>
      <trkpt lat="44.13196" lon="5.04228">
        <ele>124.0</ele>
      </trkpt>
      <trkpt lat="44.13148" lon="5.04185">
        <ele>125.0</ele>
      </trkpt>
      <trkpt lat="44.1314" lon="5.04178">
        <ele>125.0</ele>
      </trkpt>
      <trkpt lat="44.13129" lon="5.04171">
        <ele>126.0</ele>
      </trkpt>
      <trkpt lat="44.13113" lon="5.04164">
        <ele>127.0</ele>
      </trkpt>
      <trkpt lat="44.13104" lon="5.04161">
        <ele>127.0</ele>
      </trkpt>
      <trkpt lat="44.1306" lon="5.04155">
        <ele>130.0</ele>
      </trkpt>
      <trkpt lat="44.13041" lon="5.04157">
        <ele>131.0</ele>
      </trkpt>
      <trkpt lat="44.13007" lon="5.04163">
        <ele>131.0</ele>
      </trkpt>
      <trkpt lat="44.1299" lon="5.04164">
        <ele>130.0</ele>
      </trkpt>
      <trkpt lat="44.12976" lon="5.04162">
        <ele>128.0</ele>
      </trkpt>
      <trkpt lat="44.1296" lon="5.04157">
        <ele>127.0</ele>
      </trkpt>
      <trkpt lat="44.12747" lon="5.0401">
        <ele>122.0</ele>
      </trkpt>
      <trkpt lat="44.12636" lon="5.03932">
        <ele>119.0</ele>
      </trkpt>
      <trkpt lat="44.12623" lon="5.0392">
        <ele>119.0</ele>
      </trkpt>
      <trkpt lat="44.12612" lon="5.0391">
        <ele>119.0</ele>
      </trkpt>
      <trkpt lat="44.12611" lon="5.03914">
        <ele>118.0</ele>
      </trkpt>
      <trkpt lat="44.12612" lon="5.03919">
        <ele>118.0</ele>
      </trkpt>
      <trkpt lat="44.1262" lon="5.03937">
        <ele>117.0</ele>
      </trkpt>
      <trkpt lat="44.12621" lon="5.03944">
        <ele>117.0</ele>
      </trkpt>
      <trkpt lat="44.12619" lon="5.03953">
        <ele>116.0</ele>
      </trkpt>
      <trkpt lat="44.12609" lon="5.03969">
        <ele>114.0</ele>
      </trkpt>
      <trkpt lat="44.12572" lon="5.03939">
        <ele>113.0</ele>
      </trkpt>
      <trkpt lat="44.12547" lon="5.03913">
        <ele>113.0</ele>
      </trkpt>
      <trkpt lat="44.12529" lon="5.03885">
        <ele>114.0</ele>
      </trkpt>
      <trkpt lat="44.12493" lon="5.03824">
        <ele>115.0</ele>
      </trkpt>
      <trkpt lat="44.12475" lon="5.03791">
        <ele>117.0</ele>
      </trkpt>
      <trkpt lat="44.12469" lon="5.03789">
        <ele>116.0</ele>
      </trkpt>
      <trkpt lat="44.12458" lon="5.03789">
        <ele>114.0</ele>
      </trkpt>
      <trkpt lat="44.12439" lon="5.03798">
        <ele>110.0</ele>
      </trkpt>
      <trkpt lat="44.12402" lon="5.03828">
        <ele>105.0</ele>
      </trkpt>
      <trkpt lat="44.12391" lon="5.03841">
        <ele>105.0</ele>
      </trkpt>
      <trkpt lat="44.12381" lon="5.03853">
        <ele>104.0</ele>
      </trkpt>
      <trkpt lat="44.12362" lon="5.03863">
        <ele>104.0</ele>
      </trkpt>
      <trkpt lat="44.12344" lon="5.03865">
        <ele>103.0</ele>
      </trkpt>
      <trkpt lat="44.12335" lon="5.03863">
        <ele>103.0</ele>
      </trkpt>
      <trkpt lat="44.12326" lon="5.03855">
        <ele>103.0</ele>
      </trkpt>
      <trkpt lat="44.12319" lon="5.03843">
        <ele>104.0</ele>
      </trkpt>
      <trkpt lat="44.12321" lon="5.03855">
        <ele>104.0</ele>
      </trkpt>
      <trkpt lat="44.12324" lon="5.03868">
        <ele>104.0</ele>
      </trkpt>
      <trkpt lat="44.12324" lon="5.03873">
        <ele>104.0</ele>
      </trkpt>
      <trkpt lat="44.12322" lon="5.03876">
        <ele>105.0</ele>
      </trkpt>
      <trkpt lat="44.12316" lon="5.0388">
        <ele>106.0</ele>
      </trkpt>
      <trkpt lat="44.12315" lon="5.03881">
        <ele>106.0</ele>
      </trkpt>
      <trkpt lat="44.12314" lon="5.03885">
        <ele>107.0</ele>
      </trkpt>
      <trkpt lat="44.12315" lon="5.03892">
        <ele>107.0</ele>
      </trkpt>
      <trkpt lat="44.12318" lon="5.03907">
        <ele>107.0</ele>
      </trkpt>
      <trkpt lat="44.12349" lon="5.03992">
        <ele>112.0</ele>
      </trkpt>
      <trkpt lat="44.12367" lon="5.04039">
        <ele>115.0</ele>
      </trkpt>
      <trkpt lat="44.12398" lon="5.04097">
        <ele>118.0</ele>
      </trkpt>
      <trkpt lat="44.12405" lon="5.04112">
        <ele>118.0</ele>
      </trkpt>
      <trkpt lat="44.12412" lon="5.04143">
        <ele>121.0</ele>
      </trkpt>
      <trkpt lat="44.12417" lon="5.04158">
        <ele>122.0</ele>
      </trkpt>
      <trkpt lat="44.12426" lon="5.04175">
        <ele>122.0</ele>
      </trkpt>
      <trkpt lat="44.12445" lon="5.04234">
        <ele>124.0</ele>
      </trkpt>
      <trkpt lat="44.1246" lon="5.04305">
        <ele>128.0</ele>
      </trkpt>
      <trkpt lat="44.12462" lon="5.0433">
        <ele>130.0</ele>
      </trkpt>
      <trkpt lat="44.12464" lon="5.04342">
        <ele>131.0</ele>
      </trkpt>
      <trkpt lat="44.12467" lon="5.04352">
        <ele>131.0</ele>
      </trkpt>
      <trkpt lat="44.12479" lon="5.04381">
        <ele>131.0</ele>
      </trkpt>
      <trkpt lat="44.12483" lon="5.04391">
        <ele>131.0</ele>
      </trkpt>
      <trkpt lat="44.12485" lon="5.044">
        <ele>132.0</ele>
      </trkpt>
      <trkpt lat="44.12485" lon="5.04409">
        <ele>132.0</ele>
      </trkpt>
      <trkpt lat="44.12483" lon="5.04417">
        <ele>133.0</ele>
      </trkpt>
      <trkpt lat="44.12478" lon="5.04428">
        <ele>135.0</ele>
      </trkpt>
      <trkpt lat="44.12472" lon="5.04438">
        <ele>136.0</ele>
      </trkpt>
      <trkpt lat="44.12456" lon="5.04456">
        <ele>139.0</ele>
      </trkpt>
      <trkpt lat="44.12444" lon="5.04474">
        <ele>140.0</ele>
      </trkpt>
      <trkpt lat="44.12434" lon="5.04493">
        <ele>141.0</ele>
      </trkpt>
      <trkpt lat="44.12423" lon="5.04517">
        <ele>142.0</ele>
      </trkpt>
      <trkpt lat="44.12416" lon="5.04529">
        <ele>142.0</ele>
      </trkpt>
      <trkpt lat="44.1241" lon="5.04538">
        <ele>142.0</ele>
      </trkpt>
      <trkpt lat="44.12392" lon="5.0456">
        <ele>144.0</ele>
      </trkpt>
      <trkpt lat="44.12386" lon="5.04565">
        <ele>144.0</ele>
      </trkpt>
      <trkpt lat="44.12379" lon="5.04567">
        <ele>145.0</ele>
      </trkpt>
      <trkpt lat="44.12365" lon="5.04569">
        <ele>147.0</ele>
      </trkpt>
      <trkpt lat="44.12358" lon="5.04572">
        <ele>147.0</ele>
      </trkpt>
      <trkpt lat="44.12353" lon="5.04575">
        <ele>148.0</ele>
      </trkpt>
      <trkpt lat="44.12349" lon="5.04581">
        <ele>148.0</ele>
      </trkpt>
      <trkpt lat="44.12344" lon="5.04591">
        <ele>149.0</ele>
      </trkpt>
      <trkpt lat="44.12342" lon="5.04606">
        <ele>149.0</ele>
      </trkpt>
      <trkpt lat="44.12348" lon="5.04644">
        <ele>148.0</ele>
      </trkpt>
      <trkpt lat="44.12348" lon="5.0466">
        <ele>148.0</ele>
      </trkpt>
      <trkpt lat="44.12343" lon="5.04676">
        <ele>149.0</ele>
      </trkpt>
      <trkpt lat="44.12328" lon="5.04695">
        <ele>149.0</ele>
      </trkpt>
      <trkpt lat="44.12323" lon="5.04704">
        <ele>149.0</ele>
      </trkpt>
      <trkpt lat="44.12321" lon="5.04714">
        <ele>150.0</ele>
      </trkpt>
      <trkpt lat="44.12318" lon="5.04721">
        <ele>150.0</ele>
      </trkpt>
      <trkpt lat="44.12273" lon="5.04766">
        <ele>149.0</ele>
      </trkpt>
      <trkpt lat="44.12263" lon="5.04771">
        <ele>149.0</ele>
      </trkpt>
      <trkpt lat="44.12249" lon="5.04774">
        <ele>148.0</ele>
      </trkpt>
      <trkpt lat="44.12232" lon="5.04777">
        <ele>147.0</ele>
      </trkpt>
      <trkpt lat="44.12241" lon="5.04808">
        <ele>147.0</ele>
      </trkpt>
      <trkpt lat="44.12247" lon="5.04839">
        <ele>147.0</ele>
      </trkpt>
      <trkpt lat="44.1225" lon="5.04865">
        <ele>148.0</ele>
      </trkpt>
      <trkpt lat="44.12252" lon="5.04885">
        <ele>148.0</ele>
      </trkpt>
      <trkpt lat="44.12252" lon="5.04906">
        <ele>149.0</ele>
      </trkpt>
      <trkpt lat="44.1225" lon="5.04957">
        <ele>150.0</ele>
      </trkpt>
      <trkpt lat="44.12247" lon="5.04977">
        <ele>151.0</ele>
      </trkpt>
      <trkpt lat="44.12238" lon="5.05022">
        <ele>151.0</ele>
      </trkpt>
      <trkpt lat="44.12233" lon="5.0506">
        <ele>152.0</ele>
      </trkpt>
      <trkpt lat="44.1223" lon="5.05101">
        <ele>153.0</ele>
      </trkpt>
      <trkpt lat="44.12229" lon="5.05128">
        <ele>154.0</ele>
      </trkpt>
      <trkpt lat="44.12225" lon="5.05216">
        <ele>156.0</ele>
      </trkpt>
      <trkpt lat="44.12229" lon="5.05315">
        <ele>158.0</ele>
      </trkpt>
      <trkpt lat="44.1223" lon="5.05331">
        <ele>159.0</ele>
      </trkpt>
      <trkpt lat="44.12233" lon="5.05352">
        <ele>159.0</ele>
      </trkpt>
      <trkpt lat="44.12237" lon="5.0538">
        <ele>160.0</ele>
      </trkpt>
      <trkpt lat="44.1225" lon="5.05427">
        <ele>160.0</ele>
      </trkpt>
      <trkpt lat="44.12279" lon="5.055">
        <ele>163.0</ele>
      </trkpt>
      <trkpt lat="44.1228" lon="5.05506">
        <ele>163.0</ele>
      </trkpt>
      <trkpt lat="44.1228" lon="5.05513">
        <ele>163.0</ele>
      </trkpt>
      <trkpt lat="44.12274" lon="5.05522">
        <ele>162.0</ele>
      </trkpt>
      <trkpt lat="44.12266" lon="5.05528">
        <ele>162.0</ele>
      </trkpt>
      <trkpt lat="44.12262" lon="5.05535">
        <ele>162.0</ele>
      </trkpt>
      <trkpt lat="44.12259" lon="5.0555">
        <ele>161.0</ele>
      </trkpt>
      <trkpt lat="44.12267" lon="5.05554">
        <ele>162.0</ele>
      </trkpt>
      <trkpt lat="44.12274" lon="5.05561">
        <ele>162.0</ele>
      </trkpt>
      <trkpt lat="44.12278" lon="5.05568">
        <ele>162.0</ele>
      </trkpt>
      <trkpt lat="44.1228" lon="5.05577">
        <ele>162.0</ele>
      </trkpt>
      <trkpt lat="44.12281" lon="5.05588">
        <ele>163.0</ele>
      </trkpt>
      <trkpt lat="44.12279" lon="5.05598">
        <ele>163.0</ele>
      </trkpt>
      <trkpt lat="44.12274" lon="5.05608">
        <ele>162.0</ele>
      </trkpt>
      <trkpt lat="44.12268" lon="5.05616">
        <ele>162.0</ele>
      </trkpt>
      <trkpt lat="44.12247" lon="5.05636">
        <ele>161.0</ele>
      </trkpt>
      <trkpt lat="44.1222" lon="5.05662">
        <ele>160.0</ele>
      </trkpt>
      <trkpt lat="44.12207" lon="5.05677">
        <ele>160.0</ele>
      </trkpt>
      <trkpt lat="44.12192" lon="5.05696">
        <ele>159.0</ele>
      </trkpt>
      <trkpt lat="44.12181" lon="5.05712">
        <ele>159.0</ele>
      </trkpt>
      <trkpt lat="44.12174" lon="5.05727">
        <ele>159.0</ele>
      </trkpt>
      <trkpt lat="44.12163" lon="5.05758">
        <ele>159.0</ele>
      </trkpt>
      <trkpt lat="44.12076" lon="5.06081">
        <ele>160.0</ele>
      </trkpt>
      <trkpt lat="44.12071" lon="5.06101">
        <ele>160.0</ele>
      </trkpt>
      <trkpt lat="44.12013" lon="5.06314">
        <ele>159.0</ele>
      </trkpt>
      <trkpt lat="44.12012" lon="5.06317">
        <ele>159.0</ele>
      </trkpt>
      <trkpt lat="44.11965" lon="5.06493">
        <ele>160.0</ele>
      </trkpt>
      <trkpt lat="44.11948" lon="5.06554">
        <ele>160.0</ele>
      </trkpt>
      <trkpt lat="44.11942" lon="5.06581">
        <ele>159.0</ele>
      </trkpt>
      <trkpt lat="44.11941" lon="5.06597">
        <ele>159.0</ele>
      </trkpt>
      <trkpt lat="44.11941" lon="5.06611">
        <ele>159.0</ele>
      </trkpt>
      <trkpt lat="44.11945" lon="5.06627">
        <ele>159.0</ele>
      </trkpt>
      <trkpt lat="44.11962" lon="5.06673">
        <ele>158.0</ele>
      </trkpt>
      <trkpt lat="44.11997" lon="5.06762">
        <ele>157.0</ele>
      </trkpt>
      <trkpt lat="44.12002" lon="5.06777">
        <ele>157.0</ele>
      </trkpt>
      <trkpt lat="44.12009" lon="5.06795">
        <ele>157.0</ele>
      </trkpt>
      <trkpt lat="44.12017" lon="5.06815">
        <ele>157.0</ele>
      </trkpt>
      <trkpt lat="44.12037" lon="5.06867">
        <ele>157.0</ele>
      </trkpt>
      <trkpt lat="44.12043" lon="5.06884">
        <ele>157.0</ele>
      </trkpt>
      <trkpt lat="44.12086" lon="5.06995">
        <ele>157.0</ele>
      </trkpt>
      <trkpt lat="44.12144" lon="5.07144">
        <ele>157.0</ele>
      </trkpt>
      <trkpt lat="44.12168" lon="5.07208">
        <ele>158.0</ele>
      </trkpt>
      <trkpt lat="44.1218" lon="5.0724">
        <ele>158.0</ele>
      </trkpt>
      <trkpt lat="44.12209" lon="5.07315">
        <ele>158.0</ele>
      </trkpt>
      <trkpt lat="44.12252" lon="5.07428">
        <ele>159.0</ele>
      </trkpt>
      <trkpt lat="44.12278" lon="5.07495">
        <ele>161.0</ele>
      </trkpt>
      <trkpt lat="44.12281" lon="5.07502">
        <ele>161.0</ele>
      </trkpt>
      <trkpt lat="44.12347" lon="5.07675">
        <ele>165.0</ele>
      </trkpt>
      <trkpt lat="44.12358" lon="5.07716">
        <ele>165.0</ele>
      </trkpt>
      <trkpt lat="44.12365" lon="5.07747">
        <ele>165.0</ele>
      </trkpt>
      <trkpt lat="44.12369" lon="5.07768">
        <ele>166.0</ele>
      </trkpt>
      <trkpt lat="44.12374" lon="5.07817">
        <ele>168.0</ele>
      </trkpt>
      <trkpt lat="44.12374" lon="5.07852">
        <ele>168.0</ele>
      </trkpt>
      <trkpt lat="44.12371" lon="5.07888">
        <ele>169.0</ele>
      </trkpt>
      <trkpt lat="44.12365" lon="5.07931">
        <ele>169.0</ele>
      </trkpt>
      <trkpt lat="44.12354" lon="5.07974">
        <ele>169.0</ele>
      </trkpt>
      <trkpt lat="44.12342" lon="5.08008">
        <ele>169.0</ele>
      </trkpt>
      <trkpt lat="44.12337" lon="5.08023">
        <ele>169.0</ele>
      </trkpt>
      <trkpt lat="44.12318" lon="5.08057">
        <ele>169.0</ele>
      </trkpt>
      <trkpt lat="44.12258" lon="5.08152">
        <ele>171.0</ele>
      </trkpt>
      <trkpt lat="44.12198" lon="5.08245">
        <ele>172.0</ele>
      </trkpt>
      <trkpt lat="44.12187" lon="5.08263">
        <ele>172.0</ele>
      </trkpt>
      <trkpt lat="44.12138" lon="5.08335">
        <ele>172.0</ele>
      </trkpt>
      <trkpt lat="44.12104" lon="5.08371">
        <ele>172.0</ele>
      </trkpt>
      <trkpt lat="44.12052" lon="5.08412">
        <ele>171.0</ele>
      </trkpt>
      <trkpt lat="44.12031" lon="5.08433">
        <ele>171.0</ele>
      </trkpt>
      <trkpt lat="44.12021" lon="5.08446">
        <ele>171.0</ele>
      </trkpt>
      <trkpt lat="44.12014" lon="5.08464">
        <ele>172.0</ele>
      </trkpt>
      <trkpt lat="44.12" lon="5.08501">
        <ele>172.0</ele>
      </trkpt>
      <trkpt lat="44.11966" lon="5.08597">
        <ele>172.0</ele>
      </trkpt>
      <trkpt lat="44.11952" lon="5.0862">
        <ele>172.0</ele>
      </trkpt>
      <trkpt lat="44.11949" lon="5.0862">
        <ele>172.0</ele>
      </trkpt>
      <trkpt lat="44.11943" lon="5.08623">
        <ele>171.0</ele>
      </trkpt>
      <trkpt lat="44.11939" lon="5.08627">
        <ele>171.0</ele>
      </trkpt>
      <trkpt lat="44.11937" lon="5.08634">
        <ele>171.0</ele>
      </trkpt>
      <trkpt lat="44.11936" lon="5.08641">
        <ele>171.0</ele>
      </trkpt>
      <trkpt lat="44.11938" lon="5.0865">
        <ele>171.0</ele>
      </trkpt>
      <trkpt lat="44.11931" lon="5.0868">
        <ele>172.0</ele>
      </trkpt>
      <trkpt lat="44.11922" lon="5.08707">
        <ele>172.0</ele>
      </trkpt>
      <trkpt lat="44.11911" lon="5.08748">
        <ele>172.0</ele>
      </trkpt>
      <trkpt lat="44.11876" lon="5.08906">
        <ele>172.0</ele>
      </trkpt>
      <trkpt lat="44.11857" lon="5.09005">
        <ele>174.0</ele>
      </trkpt>
      <trkpt lat="44.11845" lon="5.09059">
        <ele>174.0</ele>
      </trkpt>
      <trkpt lat="44.11834" lon="5.09134">
        <ele>172.0</ele>
      </trkpt>
      <trkpt lat="44.11828" lon="5.09177">
        <ele>171.0</ele>
      </trkpt>
      <trkpt lat="44.11819" lon="5.09203">
        <ele>171.0</ele>
      </trkpt>
      <trkpt lat="44.11804" lon="5.09233">
        <ele>171.0</ele>
      </trkpt>
      <trkpt lat="44.11783" lon="5.09259">
        <ele>171.0</ele>
      </trkpt>
      <trkpt lat="44.11762" lon="5.09281">
        <ele>170.0</ele>
      </trkpt>
      <trkpt lat="44.11756" lon="5.09286">
        <ele>170.0</ele>
      </trkpt>
      <trkpt lat="44.11721" lon="5.09316">
        <ele>169.0</ele>
      </trkpt>
      <trkpt lat="44.11676" lon="5.09346">
        <ele>167.0</ele>
      </trkpt>
      <trkpt lat="44.11674" lon="5.09348">
        <ele>167.0</ele>
      </trkpt>
      <trkpt lat="44.11629" lon="5.09399">
        <ele>167.0</ele>
      </trkpt>
      <trkpt lat="44.11613" lon="5.0942">
        <ele>166.0</ele>
      </trkpt>
      <trkpt lat="44.11594" lon="5.09446">
        <ele>167.0</ele>
      </trkpt>
      <trkpt lat="44.1156" lon="5.09508">
        <ele>169.0</ele>
      </trkpt>
      <trkpt lat="44.11534" lon="5.09557">
        <ele>171.0</ele>
      </trkpt>
      <trkpt lat="44.11531" lon="5.09565">
        <ele>172.0</ele>
      </trkpt>
      <trkpt lat="44.11513" lon="5.09606">
        <ele>173.0</ele>
      </trkpt>
      <trkpt lat="44.11507" lon="5.09623">
        <ele>173.0</ele>
      </trkpt>
      <trkpt lat="44.11501" lon="5.09644">
        <ele>173.0</ele>
      </trkpt>
      <trkpt lat="44.11499" lon="5.09655">
        <ele>173.0</ele>
      </trkpt>
      <trkpt lat="44.1149" lon="5.09698">
        <ele>174.0</ele>
      </trkpt>
      <trkpt lat="44.11487" lon="5.09734">
        <ele>175.0</ele>
      </trkpt>
      <trkpt lat="44.11487" lon="5.09801">
        <ele>178.0</ele>
      </trkpt>
      <trkpt lat="44.11489" lon="5.09896">
        <ele>187.0</ele>
      </trkpt>
      <trkpt lat="44.11491" lon="5.09931">
        <ele>190.0</ele>
      </trkpt>
      <trkpt lat="44.11501" lon="5.09993">
        <ele>196.0</ele>
      </trkpt>
      <trkpt lat="44.11501" lon="5.10005">
        <ele>197.0</ele>
      </trkpt>
      <trkpt lat="44.11498" lon="5.10016">
        <ele>197.0</ele>
      </trkpt>
      <trkpt lat="44.11424" lon="5.10173">
        <ele>192.0</ele>
      </trkpt>
      <trkpt lat="44.11416" lon="5.10185">
        <ele>192.0</ele>
      </trkpt>
      <trkpt lat="44.11408" lon="5.10195">
        <ele>191.0</ele>
      </trkpt>
      <trkpt lat="44.11395" lon="5.10207">
        <ele>190.0</ele>
      </trkpt>
      <trkpt lat="44.1133" lon="5.10247">
        <ele>187.0</ele>
      </trkpt>
      <trkpt lat="44.11322" lon="5.10252">
        <ele>187.0</ele>
      </trkpt>
      <trkpt lat="44.11315" lon="5.10261">
        <ele>187.0</ele>
      </trkpt>
      <trkpt lat="44.11313" lon="5.10263">
        <ele>187.0</ele>
      </trkpt>
      <trkpt lat="44.11306" lon="5.10278">
        <ele>187.0</ele>
      </trkpt>
      <trkpt lat="44.11296" lon="5.10304">
        <ele>187.0</ele>
      </trkpt>
      <trkpt lat="44.11276" lon="5.10353">
        <ele>189.0</ele>
      </trkpt>
      <trkpt lat="44.11268" lon="5.10378">
        <ele>190.0</ele>
      </trkpt>
      <trkpt lat="44.11266" lon="5.10391">
        <ele>190.0</ele>
      </trkpt>
      <trkpt lat="44.11265" lon="5.10397">
        <ele>190.0</ele>
      </trkpt>
      <trkpt lat="44.11263" lon="5.10406">
        <ele>191.0</ele>
      </trkpt>
      <trkpt lat="44.11258" lon="5.10436">
        <ele>192.0</ele>
      </trkpt>
      <trkpt lat="44.11252" lon="5.10452">
        <ele>193.0</ele>
      </trkpt>
      <trkpt lat="44.11239" lon="5.10477">
        <ele>194.0</ele>
      </trkpt>
      <trkpt lat="44.11225" lon="5.10506">
        <ele>195.0</ele>
      </trkpt>
      <trkpt lat="44.11217" lon="5.10524">
        <ele>196.0</ele>
      </trkpt>
      <trkpt lat="44.11213" lon="5.10536">
        <ele>196.0</ele>
      </trkpt>
      <trkpt lat="44.11208" lon="5.10553">
        <ele>197.0</ele>
      </trkpt>
      <trkpt lat="44.11204" lon="5.10577">
        <ele>198.0</ele>
      </trkpt>
      <trkpt lat="44.11199" lon="5.1063">
        <ele>201.0</ele>
      </trkpt>
      <trkpt lat="44.11193" lon="5.10657">
        <ele>202.0</ele>
      </trkpt>
      <trkpt lat="44.11184" lon="5.10689">
        <ele>203.0</ele>
      </trkpt>
      <trkpt lat="44.11183" lon="5.10699">
        <ele>203.0</ele>
      </trkpt>
      <trkpt lat="44.11181" lon="5.10707">
        <ele>203.0</ele>
      </trkpt>
      <trkpt lat="44.11182" lon="5.10714">
        <ele>203.0</ele>
      </trkpt>
      <trkpt lat="44.11183" lon="5.10717">
        <ele>204.0</ele>
      </trkpt>
      <trkpt lat="44.11186" lon="5.10718">
        <ele>204.0</ele>
      </trkpt>
      <trkpt lat="44.11178" lon="5.10781">
        <ele>204.0</ele>
      </trkpt>
      <trkpt lat="44.11175" lon="5.10819">
        <ele>202.0</ele>
      </trkpt>
      <trkpt lat="44.11161" lon="5.10885">
        <ele>198.0</ele>
      </trkpt>
      <trkpt lat="44.11161" lon="5.10902">
        <ele>197.0</ele>
      </trkpt>
      <trkpt lat="44.11161" lon="5.10923">
        <ele>195.0</ele>
      </trkpt>
      <trkpt lat="44.11154" lon="5.10927">
        <ele>195.0</ele>
      </trkpt>
      <trkpt lat="44.11125" lon="5.10936">
        <ele>194.0</ele>
      </trkpt>
      <trkpt lat="44.1112" lon="5.10937">
        <ele>194.0</ele>
      </trkpt>
      <trkpt lat="44.11109" lon="5.10938">
        <ele>194.0</ele>
      </trkpt>
      <trkpt lat="44.11085" lon="5.10936">
        <ele>193.0</ele>
      </trkpt>
      <trkpt lat="44.11068" lon="5.10928">
        <ele>193.0</ele>
      </trkpt>
      <trkpt lat="44.11051" lon="5.10916">
        <ele>192.0</ele>
      </trkpt>
      <trkpt lat="44.11033" lon="5.10974">
        <ele>187.0</ele>
      </trkpt>
      <trkpt lat="44.11022" lon="5.11011">
        <ele>185.0</ele>
      </trkpt>
      <trkpt lat="44.11019" lon="5.11019">
        <ele>185.0</ele>
      </trkpt>
      <trkpt lat="44.11015" lon="5.11033">
        <ele>185.0</ele>
      </trkpt>
      <trkpt lat="44.11005" lon="5.11069">
        <ele>184.0</ele>
      </trkpt>
      <trkpt lat="44.10998" lon="5.11094">
        <ele>184.0</ele>
      </trkpt>
      <trkpt lat="44.10996" lon="5.111">
        <ele>184.0</ele>
      </trkpt>
      <trkpt lat="44.10979" lon="5.11157">
        <ele>183.0</ele>
      </trkpt>
      <trkpt lat="44.10971" lon="5.11182">
        <ele>183.0</ele>
      </trkpt>
      <trkpt lat="44.10962" lon="5.11205">
        <ele>183.0</ele>
      </trkpt>
      <trkpt lat="44.10948" lon="5.11228">
        <ele>182.0</ele>
      </trkpt>
      <trkpt lat="44.1094" lon="5.11242">
        <ele>182.0</ele>
      </trkpt>
      <trkpt lat="44.10871" lon="5.1135">
        <ele>182.0</ele>
      </trkpt>
      <trkpt lat="44.10867" lon="5.11347">
        <ele>182.0</ele>
      </trkpt>
      <trkpt lat="44.10861" lon="5.11345">
        <ele>182.0</ele>
      </trkpt>
      <trkpt lat="44.1085" lon="5.11344">
        <ele>182.0</ele>
      </trkpt>
      <trkpt lat="44.10765" lon="5.11331">
        <ele>179.0</ele>
      </trkpt>
      <trkpt lat="44.10733" lon="5.11323">
        <ele>178.0</ele>
      </trkpt>
      <trkpt lat="44.10713" lon="5.11318">
        <ele>178.0</ele>
      </trkpt>
      <trkpt lat="44.10689" lon="5.11312">
        <ele>177.0</ele>
      </trkpt>
      <trkpt lat="44.10684" lon="5.11311">
        <ele>177.0</ele>
      </trkpt>
      <trkpt lat="44.10662" lon="5.11305">
        <ele>177.0</ele>
      </trkpt>
      <trkpt lat="44.10651" lon="5.11303">
        <ele>176.0</ele>
      </trkpt>
      <trkpt lat="44.10624" lon="5.11303">
        <ele>176.0</ele>
      </trkpt>
      <trkpt lat="44.10594" lon="5.11307">
        <ele>175.0</ele>
      </trkpt>
      <trkpt lat="44.10547" lon="5.11313">
        <ele>174.0</ele>
      </trkpt>
      <trkpt lat="44.10486" lon="5.11321">
        <ele>173.0</ele>
      </trkpt>
      <trkpt lat="44.10405" lon="5.1133">
        <ele>173.0</ele>
      </trkpt>
      <trkpt lat="44.10394" lon="5.11331">
        <ele>172.0</ele>
      </trkpt>
      <trkpt lat="44.10264" lon="5.11347">
        <ele>170.0</ele>
      </trkpt>
      <trkpt lat="44.10127" lon="5.1136">
        <ele>167.0</ele>
      </trkpt>
      <trkpt lat="44.10109" lon="5.11361">
        <ele>166.0</ele>
      </trkpt>
      <trkpt lat="44.10053" lon="5.1136">
        <ele>165.0</ele>
      </trkpt>
      <trkpt lat="44.09958" lon="5.11341">
        <ele>163.0</ele>
      </trkpt>
      <trkpt lat="44.09903" lon="5.11334">
        <ele>161.0</ele>
      </trkpt>
      <trkpt lat="44.09851" lon="5.11327">
        <ele>162.0</ele>
      </trkpt>
      <trkpt lat="44.09808" lon="5.11317">
        <ele>162.0</ele>
      </trkpt>
      <trkpt lat="44.09729" lon="5.11292">
        <ele>161.0</ele>
      </trkpt>
      <trkpt lat="44.09683" lon="5.11285">
        <ele>160.0</ele>
      </trkpt>
      <trkpt lat="44.09669" lon="5.11285">
        <ele>160.0</ele>
      </trkpt>
      <trkpt lat="44.09634" lon="5.11282">
        <ele>160.0</ele>
      </trkpt>
      <trkpt lat="44.09596" lon="5.11282">
        <ele>160.0</ele>
      </trkpt>
      <trkpt lat="44.09571" lon="5.11286">
        <ele>159.0</ele>
      </trkpt>
      <trkpt lat="44.09543" lon="5.11291">
        <ele>159.0</ele>
      </trkpt>
      <trkpt lat="44.09525" lon="5.11296">
        <ele>159.0</ele>
      </trkpt>
      <trkpt lat="44.0948" lon="5.11305">
        <ele>159.0</ele>
      </trkpt>
      <trkpt lat="44.09444" lon="5.1132">
        <ele>160.0</ele>
      </trkpt>
      <trkpt lat="44.09421" lon="5.11333">
        <ele>161.0</ele>
      </trkpt>
      <trkpt lat="44.09359" lon="5.11373">
        <ele>160.0</ele>
      </trkpt>
      <trkpt lat="44.09257" lon="5.11443">
        <ele>162.0</ele>
      </trkpt>
      <trkpt lat="44.0924" lon="5.11453">
        <ele>161.0</ele>
      </trkpt>
      <trkpt lat="44.0915" lon="5.11505">
        <ele>161.0</ele>
      </trkpt>
      <trkpt lat="44.09037" lon="5.11564">
        <ele>162.0</ele>
      </trkpt>
      <trkpt lat="44.09023" lon="5.11569">
        <ele>163.0</ele>
      </trkpt>
      <trkpt lat="44.09006" lon="5.11571">
        <ele>163.0</ele>
      </trkpt>
      <trkpt lat="44.0897" lon="5.11567">
        <ele>164.0</ele>
      </trkpt>
      <trkpt lat="44.0895" lon="5.11564">
        <ele>164.0</ele>
      </trkpt>
      <trkpt lat="44.08887" lon="5.1156">
        <ele>164.0</ele>
      </trkpt>
      <trkpt lat="44.08834" lon="5.11559">
        <ele>163.0</ele>
      </trkpt>
      <trkpt lat="44.08808" lon="5.11556">
        <ele>164.0</ele>
      </trkpt>
      <trkpt lat="44.08775" lon="5.11545">
        <ele>165.0</ele>
      </trkpt>
      <trkpt lat="44.08759" lon="5.11541">
        <ele>165.0</ele>
      </trkpt>
      <trkpt lat="44.08704" lon="5.11523">
        <ele>166.0</ele>
      </trkpt>
      <trkpt lat="44.08697" lon="5.11521">
        <ele>166.0</ele>
      </trkpt>
      <trkpt lat="44.08666" lon="5.11519">
        <ele>166.0</ele>
      </trkpt>
      <trkpt lat="44.08642" lon="5.11522">
        <ele>165.0</ele>
      </trkpt>
      <trkpt lat="44.08622" lon="5.11527">
        <ele>164.0</ele>
      </trkpt>
      <trkpt lat="44.08552" lon="5.11553">
        <ele>162.0</ele>
      </trkpt>
      <trkpt lat="44.08484" lon="5.11581">
        <ele>163.0</ele>
      </trkpt>
      <trkpt lat="44.08456" lon="5.11586">
        <ele>162.0</ele>
      </trkpt>
      <trkpt lat="44.08449" lon="5.11586">
        <ele>162.0</ele>
      </trkpt>
      <trkpt lat="44.08446" lon="5.11582">
        <ele>162.0</ele>
      </trkpt>
      <trkpt lat="44.08441" lon="5.1158">
        <ele>162.0</ele>
      </trkpt>
      <trkpt lat="44.08436" lon="5.1158">
        <ele>162.0</ele>
      </trkpt>
      <trkpt lat="44.08432" lon="5.11582">
        <ele>162.0</ele>
      </trkpt>
      <trkpt lat="44.08428" lon="5.11585">
        <ele>162.0</ele>
      </trkpt>
      <trkpt lat="44.08424" lon="5.11592">
        <ele>162.0</ele>
      </trkpt>
      <trkpt lat="44.08423" lon="5.11601">
        <ele>162.0</ele>
      </trkpt>
      <trkpt lat="44.08418" lon="5.11608">
        <ele>162.0</ele>
      </trkpt>
      <trkpt lat="44.0841" lon="5.11618">
        <ele>161.0</ele>
      </trkpt>
      <trkpt lat="44.08393" lon="5.11634">
        <ele>161.0</ele>
      </trkpt>
      <trkpt lat="44.08319" lon="5.1169">
        <ele>160.0</ele>
      </trkpt>
      <trkpt lat="44.08296" lon="5.11706">
        <ele>160.0</ele>
      </trkpt>
      <trkpt lat="44.08274" lon="5.11719">
        <ele>160.0</ele>
      </trkpt>
      <trkpt lat="44.0826" lon="5.11725">
        <ele>160.0</ele>
      </trkpt>
      <trkpt lat="44.08247" lon="5.11729">
        <ele>160.0</ele>
      </trkpt>
      <trkpt lat="44.08227" lon="5.11733">
        <ele>160.0</ele>
      </trkpt>
      <trkpt lat="44.08096" lon="5.1176">
        <ele>165.0</ele>
      </trkpt>
      <trkpt lat="44.08053" lon="5.1177">
        <ele>166.0</ele>
      </trkpt>
      <trkpt lat="44.07999" lon="5.1179">
        <ele>165.0</ele>
      </trkpt>
      <trkpt lat="44.07861" lon="5.11854">
        <ele>164.0</ele>
      </trkpt>
      <trkpt lat="44.07792" lon="5.11885">
        <ele>166.0</ele>
      </trkpt>
      <trkpt lat="44.07748" lon="5.11907">
        <ele>168.0</ele>
      </trkpt>
      <trkpt lat="44.07715" lon="5.11916">
        <ele>169.0</ele>
      </trkpt>
      <trkpt lat="44.07699" lon="5.11922">
        <ele>170.0</ele>
      </trkpt>
      <trkpt lat="44.07669" lon="5.1193">
        <ele>171.0</ele>
      </trkpt>
      <trkpt lat="44.07619" lon="5.11945">
        <ele>172.0</ele>
      </trkpt>
      <trkpt lat="44.07591" lon="5.11952">
        <ele>173.0</ele>
      </trkpt>
      <trkpt lat="44.07581" lon="5.11954">
        <ele>173.0</ele>
      </trkpt>
      <trkpt lat="44.07521" lon="5.11958">
        <ele>174.0</ele>
      </trkpt>
      <trkpt lat="44.07468" lon="5.11964">
        <ele>174.0</ele>
      </trkpt>
      <trkpt lat="44.07389" lon="5.1197">
        <ele>172.0</ele>
      </trkpt>
      <trkpt lat="44.07351" lon="5.11972">
        <ele>171.0</ele>
      </trkpt>
      <trkpt lat="44.07333" lon="5.11975">
        <ele>171.0</ele>
      </trkpt>
      <trkpt lat="44.07318" lon="5.11982">
        <ele>171.0</ele>
      </trkpt>
      <trkpt lat="44.07302" lon="5.11992">
        <ele>171.0</ele>
      </trkpt>
      <trkpt lat="44.07289" lon="5.12005">
        <ele>171.0</ele>
      </trkpt>
      <trkpt lat="44.07279" lon="5.12017">
        <ele>171.0</ele>
      </trkpt>
      <trkpt lat="44.0727" lon="5.12034">
        <ele>171.0</ele>
      </trkpt>
      <trkpt lat="44.07218" lon="5.12136">
        <ele>172.0</ele>
      </trkpt>
      <trkpt lat="44.07203" lon="5.12156">
        <ele>171.0</ele>
      </trkpt>
      <trkpt lat="44.07189" lon="5.1217">
        <ele>170.0</ele>
      </trkpt>
      <trkpt lat="44.07172" lon="5.12183">
        <ele>170.0</ele>
      </trkpt>
      <trkpt lat="44.07073" lon="5.12251">
        <ele>170.0</ele>
      </trkpt>
      <trkpt lat="44.07064" lon="5.12258">
        <ele>170.0</ele>
      </trkpt>
      <trkpt lat="44.07048" lon="5.12269">
        <ele>169.0</ele>
      </trkpt>
      <trkpt lat="44.06964" lon="5.12338">
        <ele>169.0</ele>
      </trkpt>
      <trkpt lat="44.06884" lon="5.12406">
        <ele>169.0</ele>
      </trkpt>
      <trkpt lat="44.06838" lon="5.12447">
        <ele>168.0</ele>
      </trkpt>
      <trkpt lat="44.06807" lon="5.12474">
        <ele>167.0</ele>
      </trkpt>
      <trkpt lat="44.06779" lon="5.12504">
        <ele>166.0</ele>
      </trkpt>
      <trkpt lat="44.06643" lon="5.1269">
        <ele>162.0</ele>
      </trkpt>
      <trkpt lat="44.06612" lon="5.12727">
        <ele>162.0</ele>
      </trkpt>
      <trkpt lat="44.06595" lon="5.12743">
        <ele>162.0</ele>
      </trkpt>
      <trkpt lat="44.06574" lon="5.12761">
        <ele>162.0</ele>
      </trkpt>
      <trkpt lat="44.06561" lon="5.12771">
        <ele>161.0</ele>
      </trkpt>
      <trkpt lat="44.06551" lon="5.12777">
        <ele>161.0</ele>
      </trkpt>
      <trkpt lat="44.06533" lon="5.12788">
        <ele>160.0</ele>
      </trkpt>
      <trkpt lat="44.06522" lon="5.12794">
        <ele>160.0</ele>
      </trkpt>
      <trkpt lat="44.06493" lon="5.12806">
        <ele>160.0</ele>
      </trkpt>
      <trkpt lat="44.06445" lon="5.12822">
        <ele>159.0</ele>
      </trkpt>
      <trkpt lat="44.06413" lon="5.12832">
        <ele>158.0</ele>
      </trkpt>
      <trkpt lat="44.06344" lon="5.12854">
        <ele>157.0</ele>
      </trkpt>
      <trkpt lat="44.06337" lon="5.12857">
        <ele>156.0</ele>
      </trkpt>
      <trkpt lat="44.06337" lon="5.12857">
        <ele>156.0</ele>
      </trkpt>
      <trkpt lat="44.0633" lon="5.12859">
        <ele>156.0</ele>
      </trkpt>
      <trkpt lat="44.0628" lon="5.12876">
        <ele>158.0</ele>
      </trkpt>
      <trkpt lat="44.06253" lon="5.12881">
        <ele>159.0</ele>
      </trkpt>
      <trkpt lat="44.06214" lon="5.12883">
        <ele>161.0</ele>
      </trkpt>
      <trkpt lat="44.06206" lon="5.12884">
        <ele>162.0</ele>
      </trkpt>
      <trkpt lat="44.06173" lon="5.12881">
        <ele>163.0</ele>
      </trkpt>
      <trkpt lat="44.06151" lon="5.12877">
        <ele>163.0</ele>
      </trkpt>
      <trkpt lat="44.06085" lon="5.12859">
        <ele>163.0</ele>
      </trkpt>
      <trkpt lat="44.06062" lon="5.12852">
        <ele>163.0</ele>
      </trkpt>
      <trkpt lat="44.06001" lon="5.12841">
        <ele>160.0</ele>
      </trkpt>
      <trkpt lat="44.05987" lon="5.12837">
        <ele>160.0</ele>
      </trkpt>
      <trkpt lat="44.05974" lon="5.12833">
        <ele>159.0</ele>
      </trkpt>
      <trkpt lat="44.05961" lon="5.12828">
        <ele>159.0</ele>
      </trkpt>
      <trkpt lat="44.0595" lon="5.12822">
        <ele>158.0</ele>
      </trkpt>
      <trkpt lat="44.05926" lon="5.12806">
        <ele>157.0</ele>
      </trkpt>
      <trkpt lat="44.05906" lon="5.12795">
        <ele>156.0</ele>
      </trkpt>
      <trkpt lat="44.05896" lon="5.12793">
        <ele>156.0</ele>
      </trkpt>
      <trkpt lat="44.05871" lon="5.1279">
        <ele>155.0</ele>
      </trkpt>
      <trkpt lat="44.05842" lon="5.12786">
        <ele>153.0</ele>
      </trkpt>
      <trkpt lat="44.05822" lon="5.12784">
        <ele>153.0</ele>
      </trkpt>
      <trkpt lat="44.05808" lon="5.12782">
        <ele>153.0</ele>
      </trkpt>
      <trkpt lat="44.05799" lon="5.12781">
        <ele>153.0</ele>
      </trkpt>
      <trkpt lat="44.05771" lon="5.12778">
        <ele>154.0</ele>
      </trkpt>
      <trkpt lat="44.05772" lon="5.12791">
        <ele>154.0</ele>
      </trkpt>
      <trkpt lat="44.05771" lon="5.12809">
        <ele>154.0</ele>
      </trkpt>
      <trkpt lat="44.05769" lon="5.12833">
        <ele>155.0</ele>
      </trkpt>
      <trkpt lat="44.05766" lon="5.12849">
        <ele>155.0</ele>
      </trkpt>
      <trkpt lat="44.05764" lon="5.12857">
        <ele>155.0</ele>
      </trkpt>
      <trkpt lat="44.0574" lon="5.12921">
        <ele>155.0</ele>
      </trkpt>
      <trkpt lat="44.05724" lon="5.1296">
        <ele>155.0</ele>
      </trkpt>
      <trkpt lat="44.05718" lon="5.12974">
        <ele>155.0</ele>
      </trkpt>
      <trkpt lat="44.05706" lon="5.13">
        <ele>155.0</ele>
      </trkpt>
      <trkpt lat="44.05699" lon="5.13011">
        <ele>155.0</ele>
      </trkpt>
      <trkpt lat="44.05694" lon="5.13017">
        <ele>156.0</ele>
      </trkpt>
      <trkpt lat="44.0569" lon="5.13019">
        <ele>156.0</ele>
      </trkpt>
      <trkpt lat="44.05685" lon="5.13021">
        <ele>156.0</ele>
      </trkpt>
      <trkpt lat="44.05655" lon="5.13026">
        <ele>156.0</ele>
      </trkpt>
      <trkpt lat="44.05644" lon="5.13029">
        <ele>155.0</ele>
      </trkpt>
      <trkpt lat="44.05631" lon="5.13035">
        <ele>154.0</ele>
      </trkpt>
      <trkpt lat="44.05627" lon="5.13026">
        <ele>154.0</ele>
      </trkpt>
      <trkpt lat="44.05625" lon="5.13025">
        <ele>154.0</ele>
      </trkpt>
      <trkpt lat="44.05604" lon="5.13022">
        <ele>152.0</ele>
      </trkpt>
      <trkpt lat="44.05583" lon="5.13017">
        <ele>151.0</ele>
      </trkpt>
      <trkpt lat="44.05569" lon="5.1301">
        <ele>150.0</ele>
      </trkpt>
      <trkpt lat="44.05561" lon="5.13003">
        <ele>149.0</ele>
      </trkpt>
      <trkpt lat="44.05533" lon="5.12966">
        <ele>147.0</ele>
      </trkpt>
      <trkpt lat="44.05518" lon="5.1295">
        <ele>147.0</ele>
      </trkpt>
      <trkpt lat="44.05508" lon="5.12942">
        <ele>146.0</ele>
      </trkpt>
      <trkpt lat="44.05501" lon="5.12941">
        <ele>145.0</ele>
      </trkpt>
      <trkpt lat="44.05486" lon="5.12939">
        <ele>146.0</ele>
      </trkpt>
      <trkpt lat="44.05473" lon="5.12939">
        <ele>146.0</ele>
      </trkpt>
      <trkpt lat="44.05464" lon="5.12937">
        <ele>146.0</ele>
      </trkpt>
      <trkpt lat="44.05451" lon="5.12932">
        <ele>147.0</ele>
      </trkpt>
      <trkpt lat="44.05445" lon="5.12928">
        <ele>147.0</ele>
      </trkpt>
      <trkpt lat="44.05407" lon="5.12897">
        <ele>148.0</ele>
      </trkpt>
      <trkpt lat="44.05397" lon="5.12889">
        <ele>148.0</ele>
      </trkpt>
      <trkpt lat="44.0535" lon="5.12851">
        <ele>149.0</ele>
      </trkpt>
      <trkpt lat="44.05333" lon="5.12838">
        <ele>149.0</ele>
      </trkpt>
      <trkpt lat="44.05323" lon="5.1283">
        <ele>149.0</ele>
      </trkpt>
      <trkpt lat="44.05294" lon="5.12812">
        <ele>149.0</ele>
      </trkpt>
      <trkpt lat="44.05241" lon="5.1278">
        <ele>150.0</ele>
      </trkpt>
      <trkpt lat="44.05218" lon="5.12763">
        <ele>151.0</ele>
      </trkpt>
      <trkpt lat="44.05203" lon="5.12751">
        <ele>152.0</ele>
      </trkpt>
      <trkpt lat="44.05199" lon="5.12748">
        <ele>152.0</ele>
      </trkpt>
      <trkpt lat="44.05189" lon="5.12739">
        <ele>153.0</ele>
      </trkpt>
      <trkpt lat="44.05184" lon="5.12728">
        <ele>153.0</ele>
      </trkpt>
      <trkpt lat="44.0518" lon="5.12719">
        <ele>153.0</ele>
      </trkpt>
      <trkpt lat="44.0518" lon="5.12715">
        <ele>153.0</ele>
      </trkpt>
      <trkpt lat="44.05185" lon="5.12702">
        <ele>152.0</ele>
      </trkpt>
      <trkpt lat="44.05191" lon="5.12691">
        <ele>152.0</ele>
      </trkpt>
      <trkpt lat="44.05203" lon="5.12682">
        <ele>151.0</ele>
      </trkpt>
      <trkpt lat="44.05212" lon="5.12672">
        <ele>151.0</ele>
      </trkpt>
      <trkpt lat="44.05217" lon="5.12665">
        <ele>151.0</ele>
      </trkpt>
      <trkpt lat="44.05225" lon="5.12625">
        <ele>150.0</ele>
      </trkpt>
      <trkpt lat="44.05226" lon="5.12623">
        <ele>150.0</ele>
      </trkpt>
      <trkpt lat="44.05225" lon="5.12621">
        <ele>150.0</ele>
      </trkpt>
    </trkseg>
  </trk>
</gpx>